inline,crossline,este_m,norte_m,tope_hugin_tvdss_m
9975,2475,432110.9,6477035.2,3169.3
9978,2475,432120.0,6477071.6,3169.9
9981,2475,432129.1,6477107.9,3173.9
9984,2475,432138.1,6477144.3,3174.6
9987,2475,432147.2,6477180.7,3173.6
9990,2475,432156.3,6477217.1,3175.9
9993,2475,432165.4,6477253.5,3175.3
9996,2475,432174.4,6477289.9,3175.1
9999,2475,432183.5,6477326.3,3175.5
10002,2475,432192.6,6477362.6,3179.3
10005,2475,432201.6,6477399.0,3184.3
10008,2475,432210.7,6477435.4,3182.7
10011,2475,432219.8,6477471.8,3179.0
9972,2472,432138.2,6476989.7,3163.7
9975,2472,432147.3,6477026.1,3162.6
9978,2472,432156.4,6477062.5,3163.4
9981,2472,432165.4,6477098.9,3166.7
9984,2472,432174.5,6477135.3,3168.3
9987,2472,432183.6,6477171.6,3169.5
9990,2472,432192.7,6477208.0,3171.8
9993,2472,432201.7,6477244.4,3173.2
9996,2472,432210.8,6477280.8,3173.4
9999,2472,432219.9,6477317.2,3173.3
10002,2472,432229.0,6477353.6,3174.9
10005,2472,432238.0,6477390.0,3176.2
10008,2472,432247.1,6477426.3,3174.1
10011,2472,432256.2,6477462.7,3168.3
10014,2472,432265.3,6477499.1,3163.5
10017,2472,432274.3,6477535.5,3155.8
10020,2472,432283.4,6477571.9,3153.9
10023,2472,432292.5,6477608.3,3153.8
10026,2472,432301.5,6477644.7,3152.6
10029,2472,432310.6,6477681.0,3152.3
9969,2469,432165.5,6476944.3,3162.1
9972,2469,432174.6,6476980.6,3159.8
9975,2469,432183.7,6477017.0,3159.0
9978,2469,432192.8,6477053.4,3161.4
9981,2469,432201.8,6477089.8,3164.4
9984,2469,432210.9,6477126.2,3166.8
9987,2469,432220.0,6477162.6,3168.8
9990,2469,432229.1,6477199.0,3171.7
9993,2469,432238.1,6477235.3,3173.1
9996,2469,432247.2,6477271.7,3173.4
9999,2469,432256.3,6477308.1,3174.4
10002,2469,432265.3,6477344.5,3174.7
10005,2469,432274.4,6477380.9,3174.9
10008,2469,432283.5,6477417.3,3172.0
10011,2469,432292.6,6477453.7,3167.3
10014,2469,432301.6,6477490.0,3160.6
10017,2469,432310.7,6477526.4,3154.4
10020,2469,432319.8,6477562.8,3152.2
10023,2469,432328.9,6477599.2,3151.4
10026,2469,432337.9,6477635.6,3150.5
10029,2469,432347.0,6477672.0,3149.5
10032,2469,432356.1,6477708.4,3149.3
10035,2469,432365.2,6477744.7,3148.4
10038,2469,432374.2,6477781.1,3148.8
10041,2469,432383.3,6477817.5,3148.2
10044,2469,432392.4,6477853.9,3152.1
9969,2466,432201.9,6476935.2,3158.0
9972,2466,432211.0,6476971.6,3158.4
9975,2466,432220.1,6477008.0,3157.7
9978,2466,432229.1,6477044.3,3159.4
9981,2466,432238.2,6477080.7,3161.3
9984,2466,432247.3,6477117.1,3164.6
9987,2466,432256.4,6477153.5,3167.9
9990,2466,432265.4,6477189.9,3171.8
9993,2466,432274.5,6477226.3,3174.4
9996,2466,432283.6,6477262.7,3176.0
9999,2466,432292.7,6477299.0,3176.3
10002,2466,432301.7,6477335.4,3176.9
10005,2466,432310.8,6477371.8,3176.2
10008,2466,432319.9,6477408.2,3172.4
10011,2466,432329.0,6477444.6,3166.1
10014,2466,432338.0,6477481.0,3161.9
10017,2466,432347.1,6477517.4,3155.3
10020,2466,432356.2,6477553.7,3152.5
10023,2466,432365.2,6477590.1,3152.2
10026,2466,432374.3,6477626.5,3151.8
10029,2466,432383.4,6477662.9,3150.5
10032,2466,432392.5,6477699.3,3148.8
10035,2466,432401.5,6477735.7,3148.5
10038,2466,432410.6,6477772.1,3148.1
10041,2466,432419.7,6477808.4,3147.7
10044,2466,432428.8,6477844.8,3149.6
10047,2466,432437.8,6477881.2,3150.4
10050,2466,432446.9,6477917.6,3150.2
10053,2466,432456.0,6477954.0,3148.7
10056,2466,432465.0,6477990.4,3147.5
10059,2466,432474.1,6478026.8,3137.9
9969,2463,432238.3,6476926.1,3159.6
9972,2463,432247.4,6476962.5,3158.8
9975,2463,432256.5,6476998.9,3158.8
9978,2463,432265.5,6477035.3,3158.7
9981,2463,432274.6,6477071.7,3161.8
9984,2463,432283.7,6477108.0,3165.8
9990,2463,432301.8,6477180.8,3173.1
9993,2463,432310.9,6477217.2,3177.5
9996,2463,432320.0,6477253.6,3180.5
9999,2463,432329.0,6477290.0,3180.7
10002,2463,432338.1,6477326.4,3181.3
10005,2463,432347.2,6477362.7,3180.4
10008,2463,432356.3,6477399.1,3177.0
10011,2463,432365.3,6477435.5,3169.8
10014,2463,432374.4,6477471.9,3162.5
10017,2463,432383.5,6477508.3,3156.2
10020,2463,432392.6,6477544.7,3153.3
10023,2463,432401.6,6477581.1,3153.0
10026,2463,432410.7,6477617.4,3152.6
10029,2463,432419.8,6477653.8,3151.3
10032,2463,432428.8,6477690.2,3149.1
10035,2463,432437.9,6477726.6,3149.3
10038,2463,432447.0,6477763.0,3147.8
10041,2463,432456.1,6477799.4,3146.6
10044,2463,432465.1,6477835.8,3146.8
10047,2463,432474.2,6477872.1,3147.7
10050,2463,432483.3,6477908.5,3146.8
10053,2463,432492.4,6477944.9,3143.7
10056,2463,432501.4,6477981.3,3137.6
10059,2463,432510.5,6478017.7,3133.7
10062,2463,432519.6,6478054.1,3129.3
10065,2463,432528.7,6478090.5,3127.7
10068,2463,432537.7,6478126.8,3126.2
10071,2463,432546.8,6478163.2,3127.2
10074,2463,432555.9,6478199.6,3127.9
9969,2460,432274.7,6476917.0,3162.2
9972,2460,432283.8,6476953.4,3161.1
9975,2460,432292.8,6476989.8,3160.7
9978,2460,432301.9,6477026.2,3161.1
9981,2460,432311.0,6477062.6,3163.9
9984,2460,432320.1,6477099.0,3168.0
9987,2460,432329.1,6477135.4,3171.5
9990,2460,432338.2,6477171.7,3177.1
9993,2460,432347.3,6477208.1,3181.8
9996,2460,432356.4,6477244.5,3184.1
9999,2460,432365.4,6477280.9,3185.1
10002,2460,432374.5,6477317.3,3185.6
10005,2460,432383.6,6477353.7,3184.4
10008,2460,432392.7,6477390.1,3180.8
10011,2460,432401.7,6477426.4,3174.3
10014,2460,432410.8,6477462.8,3166.0
10017,2460,432419.9,6477499.2,3158.6
10020,2460,432428.9,6477535.6,3154.6
10023,2460,432438.0,6477572.0,3153.0
10026,2460,432447.1,6477608.4,3151.7
10029,2460,432456.2,6477644.8,3150.1
10032,2460,432465.2,6477681.1,3148.3
10035,2460,432474.3,6477717.5,3148.0
10038,2460,432483.4,6477753.9,3146.5
10041,2460,432492.5,6477790.3,3145.3
10044,2460,432501.5,6477826.7,3143.9
10047,2460,432510.6,6477863.1,3144.4
10050,2460,432519.7,6477899.5,3143.3
10053,2460,432528.7,6477935.8,3140.7
10056,2460,432537.8,6477972.2,3133.2
10059,2460,432546.9,6478008.6,3129.0
10062,2460,432556.0,6478045.0,3126.4
10065,2460,432565.0,6478081.4,3124.3
10068,2460,432574.1,6478117.8,3122.7
10071,2460,432583.2,6478154.2,3123.3
10074,2460,432592.3,6478190.5,3125.0
10077,2460,432601.3,6478226.9,3125.4
10080,2460,432610.4,6478263.3,3123.9
10083,2460,432619.5,6478299.7,3121.1
10086,2460,432628.6,6478336.1,3121.2
10089,2460,432637.6,6478372.5,3110.7
10092,2460,432646.7,6478408.9,3111.9
9969,2457,432311.1,6476908.0,3162.7
9975,2457,432329.2,6476980.7,3162.5
9978,2457,432338.3,6477017.1,3163.0
9981,2457,432347.4,6477053.5,3165.5
9984,2457,432356.5,6477089.9,3168.8
9987,2457,432365.5,6477126.3,3173.8
9990,2457,432374.6,6477162.7,3179.4
9993,2457,432383.7,6477199.0,3183.8
9996,2457,432392.7,6477235.4,3186.4
9999,2457,432401.8,6477271.8,3187.5
10002,2457,432410.9,6477308.2,3188.1
10005,2457,432420.0,6477344.6,3186.1
10008,2457,432429.0,6477381.0,3181.3
10011,2457,432438.1,6477417.4,3176.3
10014,2457,432447.2,6477453.8,3167.1
10017,2457,432456.3,6477490.1,3160.1
10020,2457,432465.3,6477526.5,3155.7
10023,2457,432474.4,6477562.9,3153.6
10026,2457,432483.5,6477599.3,3150.3
10029,2457,432492.5,6477635.7,3147.8
10032,2457,432501.6,6477672.1,3145.6
10035,2457,432510.7,6477708.5,3144.2
10038,2457,432519.8,6477744.8,3143.5
10041,2457,432528.8,6477781.2,3141.9
10044,2457,432537.9,6477817.6,3139.9
10047,2457,432547.0,6477854.0,3138.0
10050,2457,432556.1,6477890.4,3138.3
10053,2457,432565.1,6477926.8,3134.2
10056,2457,432574.2,6477963.2,3128.3
10059,2457,432583.3,6477999.5,3122.2
10062,2457,432592.4,6478035.9,3120.8
10065,2457,432601.4,6478072.3,3119.4
10068,2457,432610.5,6478108.7,3120.1
10071,2457,432619.6,6478145.1,3120.6
10074,2457,432628.6,6478181.5,3120.7
10077,2457,432637.7,6478217.9,3119.9
10080,2457,432646.8,6478254.2,3117.6
10083,2457,432655.9,6478290.6,3115.0
10086,2457,432664.9,6478327.0,3108.7
10089,2457,432674.0,6478363.4,3102.4
10092,2457,432683.1,6478399.8,3099.2
10095,2457,432692.2,6478436.2,3102.2
10098,2457,432701.2,6478472.6,3105.7
10101,2457,432710.3,6478508.9,3112.6
9969,2454,432347.5,6476898.9,3161.5
9972,2454,432356.5,6476935.3,3162.8
9975,2454,432365.6,6476971.7,3163.2
9978,2454,432374.7,6477008.0,3164.2
9981,2454,432383.8,6477044.4,3165.9
9984,2454,432392.8,6477080.8,3169.8
9987,2454,432401.9,6477117.2,3173.9
9990,2454,432411.0,6477153.6,3179.2
9993,2454,432420.1,6477190.0,3183.7
9996,2454,432429.1,6477226.4,3186.7
9999,2454,432438.2,6477262.7,3188.1
10002,2454,432447.3,6477299.1,3187.8
10005,2454,432456.3,6477335.5,3182.6
10008,2454,432465.4,6477371.9,3177.6
10011,2454,432474.5,6477408.3,3168.5
10014,2454,432483.6,6477444.7,3160.5
10017,2454,432492.6,6477481.1,3154.8
10020,2454,432501.7,6477517.4,3152.9
10023,2454,432510.8,6477553.8,3150.8
10026,2454,432519.9,6477590.2,3146.9
10029,2454,432528.9,6477626.6,3143.5
10032,2454,432538.0,6477663.0,3140.4
10035,2454,432547.1,6477699.4,3138.6
10038,2454,432556.2,6477735.8,3137.1
10041,2454,432565.2,6477772.2,3136.6
10044,2454,432574.3,6477808.5,3134.6
10047,2454,432583.4,6477844.9,3131.7
10050,2454,432592.4,6477881.3,3128.5
10053,2454,432601.5,6477917.7,3126.4
10056,2454,432610.6,6477954.1,3122.5
10059,2454,432619.7,6477990.5,3117.4
10062,2454,432628.7,6478026.8,3114.9
10065,2454,432637.8,6478063.2,3114.2
10068,2454,432646.9,6478099.6,3116.2
10071,2454,432656.0,6478136.0,3117.7
10074,2454,432665.0,6478172.4,3116.4
10077,2454,432674.1,6478208.8,3115.3
10080,2454,432683.2,6478245.2,3111.6
10083,2454,432692.3,6478281.6,3107.5
10086,2454,432701.3,6478317.9,3102.1
10089,2454,432710.4,6478354.3,3096.4
10092,2454,432719.5,6478390.7,3091.7
10095,2454,432728.5,6478427.1,3089.9
10098,2454,432737.6,6478463.5,3090.1
10101,2454,432746.7,6478499.9,3095.2
10104,2454,432755.8,6478536.3,3096.8
10107,2454,432764.8,6478572.6,3103.3
10110,2454,432773.9,6478609.0,3110.7
10113,2454,432783.0,6478645.4,3114.2
9969,2451,432383.9,6476889.8,3159.9
9972,2451,432392.9,6476926.2,3162.0
9975,2451,432402.0,6476962.6,3162.7
9978,2451,432411.1,6476999.0,3163.7
9981,2451,432420.2,6477035.4,3166.5
9984,2451,432429.2,6477071.7,3169.9
9987,2451,432438.3,6477108.1,3174.5
9990,2451,432447.4,6477144.5,3177.7
9993,2451,432456.4,6477180.9,3182.7
9996,2451,432465.5,6477217.3,3185.3
9999,2451,432474.6,6477253.7,3186.1
10002,2451,432483.7,6477290.1,3181.3
10005,2451,432492.7,6477326.4,3176.7
10008,2451,432501.8,6477362.8,3164.1
10011,2451,432510.9,6477399.2,3154.2
10014,2451,432520.0,6477435.6,3147.2
10017,2451,432529.0,6477472.0,3146.8
10020,2451,432538.1,6477508.4,3145.1
10023,2451,432547.2,6477544.8,3144.1
10026,2451,432556.2,6477581.1,3142.2
10029,2451,432565.3,6477617.5,3138.7
10032,2451,432574.4,6477653.9,3135.0
10035,2451,432583.5,6477690.3,3133.3
10038,2451,432592.5,6477726.7,3132.8
10041,2451,432601.6,6477763.1,3131.2
10044,2451,432610.7,6477799.5,3130.5
10047,2451,432619.8,6477835.8,3126.3
10050,2451,432628.8,6477872.2,3123.2
10053,2451,432637.9,6477908.6,3119.5
10056,2451,432647.0,6477945.0,3116.1
10059,2451,432656.1,6477981.4,3113.7
10062,2451,432665.1,6478017.8,3109.7
10065,2451,432674.2,6478054.2,3107.4
10068,2451,432683.3,6478090.5,3109.4
10071,2451,432692.3,6478126.9,3114.9
10074,2451,432701.4,6478163.3,3113.4
10077,2451,432710.5,6478199.7,3110.9
10080,2451,432719.6,6478236.1,3105.6
10083,2451,432728.6,6478272.5,3101.3
10086,2451,432737.7,6478308.9,3095.5
10089,2451,432746.8,6478345.2,3090.1
10092,2451,432755.9,6478381.6,3086.0
10095,2451,432764.9,6478418.0,3082.7
10098,2451,432774.0,6478454.4,3081.9
10101,2451,432783.1,6478490.8,3086.0
10104,2451,432792.1,6478527.2,3090.5
10107,2451,432801.2,6478563.6,3092.4
10110,2451,432810.3,6478600.0,3095.1
10113,2451,432819.4,6478636.3,3098.2
10116,2451,432828.4,6478672.7,3104.1
10119,2451,432837.5,6478709.1,3104.8
10122,2451,432846.6,6478745.5,3108.3
10125,2451,432855.7,6478781.9,3112.6
9969,2448,432420.2,6476880.7,3157.8
9972,2448,432429.3,6476917.1,3159.9
9975,2448,432438.4,6476953.5,3160.7
9978,2448,432447.5,6476989.9,3162.5
9981,2448,432456.5,6477026.3,3165.8
9984,2448,432465.6,6477062.7,3168.9
9987,2448,432474.7,6477099.1,3171.8
9990,2448,432483.8,6477135.4,3175.0
9993,2448,432492.8,6477171.8,3177.5
9996,2448,432501.9,6477208.2,3180.2
9999,2448,432511.0,6477244.6,3175.7
10002,2448,432520.0,6477281.0,3167.5
10005,2448,432529.1,6477317.4,3160.7
10008,2448,432538.2,6477353.8,3149.9
10011,2448,432547.3,6477390.1,3141.0
10014,2448,432556.3,6477426.5,3138.5
10017,2448,432565.4,6477462.9,3134.5
10020,2448,432574.5,6477499.3,3133.8
10023,2448,432583.6,6477535.7,3133.8
10026,2448,432592.6,6477572.1,3135.3
10029,2448,432601.7,6477608.5,3132.4
10032,2448,432610.8,6477644.8,3130.2
10035,2448,432619.9,6477681.2,3129.5
10038,2448,432628.9,6477717.6,3129.3
10041,2448,432638.0,6477754.0,3128.1
10044,2448,432647.1,6477790.4,3127.5
10047,2448,432656.1,6477826.8,3125.5
10050,2448,432665.2,6477863.2,3120.5
10053,2448,432674.3,6477899.5,3114.4
10056,2448,432683.4,6477935.9,3109.7
10059,2448,432692.4,6477972.3,3107.7
10062,2448,432701.5,6478008.7,3104.0
10065,2448,432710.6,6478045.1,3103.8
10068,2448,432719.7,6478081.5,3106.1
10071,2448,432728.7,6478117.9,3109.9
10074,2448,432737.8,6478154.2,3109.4
10077,2448,432746.9,6478190.6,3106.1
10080,2448,432755.9,6478227.0,3100.9
10083,2448,432765.0,6478263.4,3093.9
10086,2448,432774.1,6478299.8,3088.4
10089,2448,432783.2,6478336.2,3081.6
10092,2448,432792.2,6478372.6,3079.5
10095,2448,432801.3,6478408.9,3076.0
10098,2448,432810.4,6478445.3,3076.4
10101,2448,432819.5,6478481.7,3081.8
10104,2448,432828.5,6478518.1,3083.8
10107,2448,432837.6,6478554.5,3083.7
10110,2448,432846.7,6478590.9,3083.7
10113,2448,432855.8,6478627.3,3088.6
10116,2448,432864.8,6478663.6,3090.3
10119,2448,432873.9,6478700.0,3093.1
10122,2448,432883.0,6478736.4,3096.2
10125,2448,432892.0,6478772.8,3104.5
10128,2448,432901.1,6478809.2,3108.8
10131,2448,432910.2,6478845.6,3108.6
10134,2448,432919.3,6478882.0,3108.5
9969,2445,432456.6,6476871.7,3154.5
9972,2445,432465.7,6476908.1,3157.8
9975,2445,432474.8,6476944.4,3158.5
9978,2445,432483.8,6476980.8,3159.9
9981,2445,432492.9,6477017.2,3164.2
9984,2445,432502.0,6477053.6,3168.0
9987,2445,432511.1,6477090.0,3170.0
9990,2445,432520.1,6477126.4,3170.8
9993,2445,432529.2,6477162.8,3172.2
9996,2445,432538.3,6477199.1,3170.7
9999,2445,432547.4,6477235.5,3164.2
10002,2445,432556.4,6477271.9,3154.9
10005,2445,432565.5,6477308.3,3148.1
10008,2445,432574.6,6477344.7,3139.0
10011,2445,432583.7,6477381.1,3132.4
10014,2445,432592.7,6477417.5,3128.3
10017,2445,432601.8,6477453.8,3124.4
10020,2445,432610.9,6477490.2,3124.0
10023,2445,432619.9,6477526.6,3124.5
10026,2445,432629.0,6477563.0,3128.1
10029,2445,432638.1,6477599.4,3128.5
10032,2445,432647.2,6477635.8,3126.6
10035,2445,432656.2,6477672.2,3125.1
10038,2445,432665.3,6477708.5,3126.5
10041,2445,432674.4,6477744.9,3124.3
10044,2445,432683.5,6477781.3,3122.8
10047,2445,432692.5,6477817.7,3122.5
10050,2445,432701.6,6477854.1,3119.3
10053,2445,432710.7,6477890.5,3112.0
10056,2445,432719.7,6477926.9,3104.2
10059,2445,432728.8,6477963.2,3099.9
10062,2445,432737.9,6477999.6,3098.3
10065,2445,432747.0,6478036.0,3100.1
10068,2445,432756.0,6478072.4,3102.9
10071,2445,432765.1,6478108.8,3106.2
10074,2445,432774.2,6478145.2,3104.6
10077,2445,432783.3,6478181.6,3101.7
10080,2445,432792.3,6478217.9,3093.5
10083,2445,432801.4,6478254.3,3085.3
10086,2445,432810.5,6478290.7,3079.7
10089,2445,432819.6,6478327.1,3074.3
10092,2445,432828.6,6478363.5,3071.7
10095,2445,432837.7,6478399.9,3069.1
10098,2445,432846.8,6478436.3,3070.5
10101,2445,432855.8,6478472.6,3076.4
10104,2445,432864.9,6478509.0,3078.5
10107,2445,432874.0,6478545.4,3078.5
10110,2445,432883.1,6478581.8,3078.7
10113,2445,432892.1,6478618.2,3082.5
10116,2445,432901.2,6478654.6,3084.4
10119,2445,432910.3,6478691.0,3087.7
10122,2445,432919.4,6478727.3,3091.1
10125,2445,432928.4,6478763.7,3095.0
10128,2445,432937.5,6478800.1,3097.2
10131,2445,432946.6,6478836.5,3097.4
10134,2445,432955.7,6478872.9,3096.6
10137,2445,432964.7,6478909.3,3098.1
10140,2445,432973.8,6478945.7,3101.8
10143,2445,432982.9,6478982.0,3103.6
10146,2445,432991.9,6479018.4,3105.8
9969,2442,432493.0,6476862.6,3151.8
9972,2442,432502.1,6476899.0,3154.6
9975,2442,432511.2,6476935.4,3155.8
9978,2442,432520.2,6476971.8,3158.2
9981,2442,432529.3,6477008.1,3162.2
9984,2442,432538.4,6477044.5,3164.9
9987,2442,432547.5,6477080.9,3166.4
9990,2442,432556.5,6477117.3,3168.6
9993,2442,432565.6,6477153.7,3168.6
9996,2442,432574.7,6477190.1,3166.0
9999,2442,432583.7,6477226.5,3160.3
10002,2442,432592.8,6477262.8,3153.1
10005,2442,432601.9,6477299.2,3143.6
10008,2442,432611.0,6477335.6,3134.4
10011,2442,432620.0,6477372.0,3125.3
10014,2442,432629.1,6477408.4,3120.6
10017,2442,432638.2,6477444.8,3117.3
10020,2442,432647.3,6477481.2,3115.9
10023,2442,432656.3,6477517.5,3116.6
10026,2442,432665.4,6477553.9,3118.2
10029,2442,432674.5,6477590.3,3119.6
10032,2442,432683.6,6477626.7,3118.6
10035,2442,432692.6,6477663.1,3120.4
10038,2442,432701.7,6477699.5,3119.8
10041,2442,432710.8,6477735.9,3116.5
10044,2442,432719.8,6477772.2,3116.0
10047,2442,432728.9,6477808.6,3117.9
10050,2442,432738.0,6477845.0,3114.2
10053,2442,432747.1,6477881.4,3109.9
10056,2442,432756.1,6477917.8,3102.5
10059,2442,432765.2,6477954.2,3099.0
10062,2442,432774.3,6477990.6,3095.6
10065,2442,432783.4,6478026.9,3095.7
10068,2442,432792.4,6478063.3,3098.4
10071,2442,432801.5,6478099.7,3098.6
10074,2442,432810.6,6478136.1,3098.6
10077,2442,432819.6,6478172.5,3096.0
10080,2442,432828.7,6478208.9,3090.4
10083,2442,432837.8,6478245.3,3081.3
10086,2442,432846.9,6478281.6,3075.3
10089,2442,432855.9,6478318.0,3068.4
10092,2442,432865.0,6478354.4,3065.7
10095,2442,432874.1,6478390.8,3063.7
10098,2442,432883.2,6478427.2,3065.7
10101,2442,432892.2,6478463.6,3071.7
10104,2442,432901.3,6478500.0,3073.4
10107,2442,432910.4,6478536.3,3074.3
10110,2442,432919.5,6478572.7,3075.9
10113,2442,432928.5,6478609.1,3078.8
10116,2442,432937.6,6478645.5,3081.3
10119,2442,432946.7,6478681.9,3083.3
10122,2442,432955.7,6478718.3,3088.3
10125,2442,432964.8,6478754.7,3091.8
10128,2442,432973.9,6478791.0,3093.6
10131,2442,432983.0,6478827.4,3094.4
10134,2442,432992.0,6478863.8,3095.3
10137,2442,433001.1,6478900.2,3096.7
10140,2442,433010.2,6478936.6,3100.3
10143,2442,433019.3,6478973.0,3104.2
10146,2442,433028.3,6479009.4,3106.5
10149,2442,433037.4,6479045.7,3109.6
10152,2442,433046.5,6479082.1,3112.3
10155,2442,433055.5,6479118.5,3117.7
10158,2442,433064.6,6479154.9,3123.5
9969,2439,432529.4,6476853.5,3149.6
9972,2439,432538.5,6476889.9,3152.2
9975,2439,432547.5,6476926.3,3153.8
9978,2439,432556.6,6476962.7,3155.8
9981,2439,432565.7,6476999.1,3158.8
9984,2439,432574.8,6477035.5,3161.1
9987,2439,432583.8,6477071.8,3163.9
9990,2439,432592.9,6477108.2,3165.5
9993,2439,432602.0,6477144.6,3165.8
9996,2439,432611.1,6477181.0,3163.5
9999,2439,432620.1,6477217.4,3159.1
10002,2439,432629.2,6477253.8,3151.9
10005,2439,432638.3,6477290.2,3141.2
10008,2439,432647.4,6477326.5,3130.1
10011,2439,432656.4,6477362.9,3119.7
10014,2439,432665.5,6477399.3,3114.0
10017,2439,432674.6,6477435.7,3108.9
10020,2439,432683.6,6477472.1,3105.3
10023,2439,432692.7,6477508.5,3104.4
10026,2439,432701.8,6477544.9,3108.2
10029,2439,432710.9,6477581.2,3109.1
10032,2439,432719.9,6477617.6,3110.5
10035,2439,432729.0,6477654.0,3112.9
10038,2439,432738.1,6477690.4,3111.0
10041,2439,432747.2,6477726.8,3109.9
10044,2439,432756.2,6477763.2,3109.9
10047,2439,432765.3,6477799.6,3111.8
10050,2439,432774.4,6477835.9,3110.3
10053,2439,432783.4,6477872.3,3106.3
10056,2439,432792.5,6477908.7,3100.9
10059,2439,432801.6,6477945.1,3096.2
10062,2439,432810.7,6477981.5,3094.3
10065,2439,432819.7,6478017.9,3093.0
10068,2439,432828.8,6478054.3,3092.7
10071,2439,432837.9,6478090.6,3092.0
10074,2439,432847.0,6478127.0,3092.2
10077,2439,432856.0,6478163.4,3092.7
10080,2439,432865.1,6478199.8,3087.6
10083,2439,432874.2,6478236.2,3079.2
10086,2439,432883.3,6478272.6,3069.5
10089,2439,432892.3,6478309.0,3063.5
10092,2439,432901.4,6478345.3,3059.9
10095,2439,432910.5,6478381.7,3058.4
10098,2439,432919.5,6478418.1,3061.5
10101,2439,432928.6,6478454.5,3064.8
10104,2439,432937.7,6478490.9,3068.0
10107,2439,432946.8,6478527.3,3069.6
10110,2439,432955.8,6478563.7,3072.5
10113,2439,432964.9,6478600.0,3074.4
10116,2439,432974.0,6478636.4,3076.7
10119,2439,432983.1,6478672.8,3079.2
10122,2439,432992.1,6478709.2,3084.8
10125,2439,433001.2,6478745.6,3089.0
10128,2439,433010.3,6478782.0,3090.4
10131,2439,433019.3,6478818.4,3092.6
10134,2439,433028.4,6478854.7,3094.0
10137,2439,433037.5,6478891.1,3096.4
10140,2439,433046.6,6478927.5,3100.2
10143,2439,433055.6,6478963.9,3103.7
10146,2439,433064.7,6479000.3,3106.5
10149,2439,433073.8,6479036.7,3110.1
10152,2439,433082.9,6479073.1,3113.8
10155,2439,433091.9,6479109.4,3118.6
10158,2439,433101.0,6479145.8,3123.2
10161,2439,433110.1,6479182.2,3128.6
10164,2439,433119.2,6479218.6,3134.2
10167,2439,433128.2,6479255.0,3137.7
10170,2439,433137.3,6479291.4,3148.2
9969,2436,432565.8,6476844.5,3147.8
9972,2436,432574.9,6476880.8,3150.1
9975,2436,432583.9,6476917.2,3152.0
9978,2436,432593.0,6476953.6,3154.2
9981,2436,432602.1,6476990.0,3156.1
9984,2436,432611.2,6477026.4,3158.0
9987,2436,432620.2,6477062.8,3160.5
9990,2436,432629.3,6477099.2,3162.4
9993,2436,432638.4,6477135.5,3162.2
9996,2436,432647.4,6477171.9,3160.2
9999,2436,432656.5,6477208.3,3155.0
10002,2436,432665.6,6477244.7,3146.9
10005,2436,432674.7,6477281.1,3137.4
10008,2436,432683.7,6477317.5,3124.2
10011,2436,432692.8,6477353.9,3116.1
10014,2436,432701.9,6477390.2,3107.1
10017,2436,432711.0,6477426.6,3099.6
10020,2436,432720.0,6477463.0,3094.4
10023,2436,432729.1,6477499.4,3096.4
10026,2436,432738.2,6477535.8,3099.2
10029,2436,432747.2,6477572.2,3105.8
10032,2436,432756.3,6477608.6,3107.1
10035,2436,432765.4,6477644.9,3107.7
10038,2436,432774.5,6477681.3,3106.7
10041,2436,432783.5,6477717.7,3106.4
10044,2436,432792.6,6477754.1,3107.3
10047,2436,432801.7,6477790.5,3107.0
10050,2436,432810.8,6477826.9,3106.7
10053,2436,432819.8,6477863.3,3103.8
10056,2436,432828.9,6477899.6,3099.9
10059,2436,432838.0,6477936.0,3094.1
10062,2436,432847.1,6477972.4,3091.1
10065,2436,432856.1,6478008.8,3089.2
10068,2436,432865.2,6478045.2,3088.7
10071,2436,432874.3,6478081.6,3087.8
10074,2436,432883.3,6478118.0,3087.2
10077,2436,432892.4,6478154.3,3087.4
10080,2436,432901.5,6478190.7,3083.1
10083,2436,432910.6,6478227.1,3074.9
10086,2436,432919.6,6478263.5,3066.5
10089,2436,432928.7,6478299.9,3061.4
10092,2436,432937.8,6478336.3,3056.8
10095,2436,432946.9,6478372.7,3055.0
10098,2436,432955.9,6478409.0,3055.3
10101,2436,432965.0,6478445.4,3058.3
10104,2436,432974.1,6478481.8,3062.0
10107,2436,432983.2,6478518.2,3064.0
10110,2436,432992.2,6478554.6,3067.2
10113,2436,433001.3,6478591.0,3068.7
10116,2436,433010.4,6478627.4,3071.1
10119,2436,433019.4,6478663.7,3073.6
10122,2436,433028.5,6478700.1,3079.8
10125,2436,433037.6,6478736.5,3085.6
10128,2436,433046.7,6478772.9,3089.4
10131,2436,433055.7,6478809.3,3092.8
10134,2436,433064.8,6478845.7,3095.0
10137,2436,433073.9,6478882.1,3098.5
10140,2436,433083.0,6478918.4,3101.5
10143,2436,433092.0,6478954.8,3103.9
10146,2436,433101.1,6478991.2,3106.2
10149,2436,433110.2,6479027.6,3109.5
10152,2436,433119.2,6479064.0,3113.7
10155,2436,433128.3,6479100.4,3118.3
10158,2436,433137.4,6479136.8,3122.4
10161,2436,433146.5,6479173.1,3128.4
10164,2436,433155.5,6479209.5,3136.9
10167,2436,433164.6,6479245.9,3143.1
10170,2436,433173.7,6479282.3,3146.5
10173,2436,433182.8,6479318.7,3146.8
10176,2436,433191.8,6479355.1,3146.7
10179,2436,433200.9,6479391.5,3143.4
10182,2436,433210.0,6479427.8,3140.6
9969,2433,432602.2,6476835.4,3144.0
9972,2433,432611.2,6476871.8,3147.9
9975,2433,432620.3,6476908.1,3148.9
9978,2433,432629.4,6476944.5,3151.5
9981,2433,432638.5,6476980.9,3152.3
9984,2433,432647.5,6477017.3,3154.6
9987,2433,432656.6,6477053.7,3157.9
9990,2433,432665.7,6477090.1,3159.3
9993,2433,432674.8,6477126.5,3158.7
9996,2433,432683.8,6477162.8,3156.7
9999,2433,432692.9,6477199.2,3153.0
10002,2433,432702.0,6477235.6,3143.1
10005,2433,432711.0,6477272.0,3129.3
10008,2433,432720.1,6477308.4,3115.3
10011,2433,432729.2,6477344.8,3107.1
10014,2433,432738.3,6477381.2,3099.9
10017,2433,432747.3,6477417.6,3091.7
10020,2433,432756.4,6477453.9,3088.9
10023,2433,432765.5,6477490.3,3088.5
10026,2433,432774.6,6477526.7,3092.2
10029,2433,432783.6,6477563.1,3100.5
10032,2433,432792.7,6477599.5,3104.9
10035,2433,432801.8,6477635.9,3104.9
10038,2433,432810.9,6477672.3,3105.9
10041,2433,432819.9,6477708.6,3106.1
10044,2433,432829.0,6477745.0,3105.8
10047,2433,432838.1,6477781.4,3105.0
10050,2433,432847.1,6477817.8,3104.7
10053,2433,432856.2,6477854.2,3103.5
10056,2433,432865.3,6477890.6,3100.3
10059,2433,432874.4,6477927.0,3095.2
10062,2433,432883.4,6477963.3,3090.7
10065,2433,432892.5,6477999.7,3088.0
10068,2433,432901.6,6478036.1,3085.9
10071,2433,432910.7,6478072.5,3084.4
10074,2433,432919.7,6478108.9,3082.1
10077,2433,432928.8,6478145.3,3081.1
10080,2433,432937.9,6478181.7,3075.5
10083,2433,432947.0,6478218.0,3069.6
10086,2433,432956.0,6478254.4,3064.3
10089,2433,432965.1,6478290.8,3057.3
10092,2433,432974.2,6478327.2,3052.1
10095,2433,432983.2,6478363.6,3049.9
10098,2433,432992.3,6478400.0,3050.7
10101,2433,433001.4,6478436.4,3051.4
10104,2433,433010.5,6478472.7,3055.1
10107,2433,433019.5,6478509.1,3059.6
10110,2433,433028.6,6478545.5,3063.5
10113,2433,433037.7,6478581.9,3065.5
10116,2433,433046.8,6478618.3,3067.5
10119,2433,433055.8,6478654.7,3072.0
10122,2433,433064.9,6478691.1,3077.9
10125,2433,433074.0,6478727.4,3084.2
10128,2433,433083.0,6478763.8,3089.2
10131,2433,433092.1,6478800.2,3093.9
10134,2433,433101.2,6478836.6,3098.5
10137,2433,433110.3,6478873.0,3102.5
10140,2433,433119.3,6478909.4,3105.8
10143,2433,433128.4,6478945.8,3106.5
10146,2433,433137.5,6478982.1,3106.7
10149,2433,433146.6,6479018.5,3107.6
10152,2433,433155.6,6479054.9,3111.7
10155,2433,433164.7,6479091.3,3117.3
10158,2433,433173.8,6479127.7,3122.0
10161,2433,433182.9,6479164.1,3128.8
10164,2433,433191.9,6479200.5,3136.3
10167,2433,433201.0,6479236.8,3143.0
10170,2433,433210.1,6479273.2,3145.0
10173,2433,433219.1,6479309.6,3145.2
10176,2433,433228.2,6479346.0,3143.6
10179,2433,433237.3,6479382.4,3139.6
10182,2433,433246.4,6479418.8,3136.1
10185,2433,433255.4,6479455.2,3130.9
10188,2433,433264.5,6479491.5,3128.3
10191,2433,433273.6,6479527.9,3126.2
9969,2430,432638.6,6476826.3,3138.3
9972,2430,432647.6,6476862.7,3143.0
9975,2430,432656.7,6476899.1,3143.3
9978,2430,432665.8,6476935.5,3145.9
9981,2430,432674.9,6476971.8,3148.4
9984,2430,432683.9,6477008.2,3151.7
9987,2430,432693.0,6477044.6,3154.2
9990,2430,432702.1,6477081.0,3156.1
9993,2430,432711.1,6477117.4,3154.6
9996,2430,432720.2,6477153.8,3151.5
9999,2430,432729.3,6477190.2,3147.6
10002,2430,432738.4,6477226.5,3136.9
10005,2430,432747.4,6477262.9,3123.7
10008,2430,432756.5,6477299.3,3110.0
10011,2430,432765.6,6477335.7,3101.1
10014,2430,432774.7,6477372.1,3092.5
10017,2430,432783.7,6477408.5,3085.4
10020,2430,432792.8,6477444.9,3083.0
10023,2430,432801.9,6477481.2,3085.1
10026,2430,432810.9,6477517.6,3087.6
10029,2430,432820.0,6477554.0,3095.1
10032,2430,432829.1,6477590.4,3101.5
10035,2430,432838.2,6477626.8,3102.7
10038,2430,432847.2,6477663.2,3106.0
10041,2430,432856.3,6477699.6,3106.4
10044,2430,432865.4,6477736.0,3105.9
10047,2430,432874.5,6477772.3,3103.6
10050,2430,432883.5,6477808.7,3102.7
10053,2430,432892.6,6477845.1,3101.1
10056,2430,432901.7,6477881.5,3098.1
10059,2430,432910.8,6477917.9,3094.7
10062,2430,432919.8,6477954.3,3089.8
10065,2430,432928.9,6477990.7,3086.4
10068,2430,432938.0,6478027.0,3082.1
10071,2430,432947.0,6478063.4,3079.6
10074,2430,432956.1,6478099.8,3077.0
10077,2430,432965.2,6478136.2,3074.5
10080,2430,432974.3,6478172.6,3069.9
10083,2430,432983.3,6478209.0,3062.7
10086,2430,432992.4,6478245.4,3057.4
10089,2430,433001.5,6478281.7,3051.0
10092,2430,433010.6,6478318.1,3047.3
10095,2430,433019.6,6478354.5,3046.7
10098,2430,433028.7,6478390.9,3045.3
10101,2430,433037.8,6478427.3,3045.7
10104,2430,433046.8,6478463.7,3048.7
10107,2430,433055.9,6478500.1,3055.0
10110,2430,433065.0,6478536.4,3059.3
10113,2430,433074.1,6478572.8,3061.2
10116,2430,433083.1,6478609.2,3065.9
10119,2430,433092.2,6478645.6,3072.5
10122,2430,433101.3,6478682.0,3078.2
10125,2430,433110.4,6478718.4,3080.9
10128,2430,433119.4,6478754.8,3086.7
10131,2430,433128.5,6478791.1,3093.1
10134,2430,433137.6,6478827.5,3099.6
10137,2430,433146.7,6478863.9,3103.5
10140,2430,433155.7,6478900.3,3106.2
10143,2430,433164.8,6478936.7,3107.2
10146,2430,433173.9,6478973.1,3105.1
10149,2430,433182.9,6479009.5,3104.7
10152,2430,433192.0,6479045.8,3110.1
10155,2430,433201.1,6479082.2,3116.0
10158,2430,433210.2,6479118.6,3120.0
10161,2430,433219.2,6479155.0,3129.0
10164,2430,433228.3,6479191.4,3137.3
10167,2430,433237.4,6479227.8,3143.1
10170,2430,433246.5,6479264.2,3144.5
10173,2430,433255.5,6479300.5,3144.6
10176,2430,433264.6,6479336.9,3142.2
10179,2430,433273.7,6479373.3,3137.1
10182,2430,433282.7,6479409.7,3133.2
10185,2430,433291.8,6479446.1,3129.6
10188,2430,433300.9,6479482.5,3127.1
10191,2430,433310.0,6479518.9,3127.1
10194,2430,433319.0,6479555.2,3128.3
10197,2430,433328.1,6479591.6,3129.2
10200,2430,433337.2,6479628.0,3128.5
10203,2430,433346.3,6479664.4,3126.6
9969,2427,432674.9,6476817.2,3126.2
9972,2427,432684.0,6476853.6,3133.6
9975,2427,432693.1,6476890.0,3137.3
9978,2427,432702.2,6476926.4,3137.7
9981,2427,432711.2,6476962.8,3140.1
9984,2427,432720.3,6476999.2,3142.9
9987,2427,432729.4,6477035.5,3148.8
9990,2427,432738.5,6477071.9,3149.3
9993,2427,432747.5,6477108.3,3146.2
9996,2427,432756.6,6477144.7,3143.3
9999,2427,432765.7,6477181.1,3136.6
10002,2427,432774.7,6477217.5,3128.1
10005,2427,432783.8,6477253.9,3116.9
10008,2427,432792.9,6477290.2,3107.4
10011,2427,432802.0,6477326.6,3096.8
10014,2427,432811.0,6477363.0,3088.8
10017,2427,432820.1,6477399.4,3082.4
10020,2427,432829.2,6477435.8,3080.6
10023,2427,432838.3,6477472.2,3082.1
10026,2427,432847.3,6477508.6,3087.7
10029,2427,432856.4,6477544.9,3094.0
10032,2427,432865.5,6477581.3,3101.2
10035,2427,432874.6,6477617.7,3102.3
10038,2427,432883.6,6477654.1,3105.4
10041,2427,432892.7,6477690.5,3105.4
10044,2427,432901.8,6477726.9,3103.8
10047,2427,432910.8,6477763.3,3102.9
10050,2427,432919.9,6477799.6,3099.4
10053,2427,432929.0,6477836.0,3097.4
10056,2427,432938.1,6477872.4,3094.1
10059,2427,432947.1,6477908.8,3089.9
10062,2427,432956.2,6477945.2,3085.3
10065,2427,432965.3,6477981.6,3082.2
10068,2427,432974.4,6478018.0,3079.3
10071,2427,432983.4,6478054.3,3075.4
10074,2427,432992.5,6478090.7,3074.7
10077,2427,433001.6,6478127.1,3072.0
10080,2427,433010.6,6478163.5,3067.2
10083,2427,433019.7,6478199.9,3059.6
10086,2427,433028.8,6478236.3,3052.4
10089,2427,433037.9,6478272.7,3045.8
10092,2427,433046.9,6478309.0,3041.1
10095,2427,433056.0,6478345.4,3038.5
10098,2427,433065.1,6478381.8,3040.3
10101,2427,433074.2,6478418.2,3041.3
10104,2427,433083.2,6478454.6,3044.1
10107,2427,433092.3,6478491.0,3049.0
10110,2427,433101.4,6478527.4,3053.3
10113,2427,433110.5,6478563.8,3055.9
10116,2427,433119.5,6478600.1,3060.2
10119,2427,433128.6,6478636.5,3067.0
10122,2427,433137.7,6478672.9,3072.2
10125,2427,433146.7,6478709.3,3076.4
10128,2427,433155.8,6478745.7,3082.2
10131,2427,433164.9,6478782.1,3090.3
10134,2427,433174.0,6478818.5,3094.3
10137,2427,433183.0,6478854.8,3097.9
10140,2427,433192.1,6478891.2,3100.8
10143,2427,433201.2,6478927.6,3102.7
10146,2427,433210.3,6478964.0,3101.5
10149,2427,433219.3,6479000.4,3100.8
10152,2427,433228.4,6479036.8,3105.0
10155,2427,433237.5,6479073.2,3110.2
10158,2427,433246.6,6479109.5,3117.4
10161,2427,433255.6,6479145.9,3128.4
10164,2427,433264.7,6479182.3,3138.2
10167,2427,433273.8,6479218.7,3141.7
10170,2427,433282.8,6479255.1,3142.0
10173,2427,433291.9,6479291.5,3141.5
10176,2427,433301.0,6479327.9,3138.8
10179,2427,433310.1,6479364.2,3135.1
10182,2427,433319.1,6479400.6,3130.7
10185,2427,433328.2,6479437.0,3129.6
10188,2427,433337.3,6479473.4,3128.0
10191,2427,433346.4,6479509.8,3128.6
10194,2427,433355.4,6479546.2,3129.6
10197,2427,433364.5,6479582.6,3129.6
10200,2427,433373.6,6479618.9,3128.7
10203,2427,433382.6,6479655.3,3126.5
10206,2427,433391.7,6479691.7,3124.5
10209,2427,433400.8,6479728.1,3122.7
10212,2427,433409.9,6479764.5,3125.3
9969,2424,432711.3,6476808.2,3118.7
9972,2424,432720.4,6476844.5,3121.7
9975,2424,432729.5,6476880.9,3127.5
9978,2424,432738.5,6476917.3,3126.2
9981,2424,432747.6,6476953.7,3126.8
9984,2424,432756.7,6476990.1,3132.4
9987,2424,432765.8,6477026.5,3134.3
9990,2424,432774.8,6477062.9,3135.0
9993,2424,432783.9,6477099.2,3130.7
9996,2424,432793.0,6477135.6,3131.7
9999,2424,432802.1,6477172.0,3125.7
10002,2424,432811.1,6477208.4,3118.5
10005,2424,432820.2,6477244.8,3109.2
10008,2424,432829.3,6477281.2,3100.6
10011,2424,432838.4,6477317.6,3093.9
10014,2424,432847.4,6477353.9,3086.9
10017,2424,432856.5,6477390.3,3081.8
10020,2424,432865.6,6477426.7,3078.8
10023,2424,432874.6,6477463.1,3080.4
10026,2424,432883.7,6477499.5,3086.7
10029,2424,432892.8,6477535.9,3093.8
10032,2424,432901.9,6477572.3,3099.8
10035,2424,432910.9,6477608.6,3102.6
10038,2424,432920.0,6477645.0,3104.0
10041,2424,432929.1,6477681.4,3103.2
10044,2424,432938.2,6477717.8,3102.1
10047,2424,432947.2,6477754.2,3102.3
10050,2424,432956.3,6477790.6,3098.5
10053,2424,432965.4,6477827.0,3094.5
10056,2424,432974.5,6477863.3,3091.1
10059,2424,432983.5,6477899.7,3087.0
10062,2424,432992.6,6477936.1,3084.0
10065,2424,433001.7,6477972.5,3080.0
10068,2424,433010.7,6478008.9,3076.5
10071,2424,433019.8,6478045.3,3072.9
10074,2424,433028.9,6478081.7,3072.6
10077,2424,433038.0,6478118.0,3071.0
10080,2424,433047.0,6478154.4,3066.0
10083,2424,433056.1,6478190.8,3059.1
10086,2424,433065.2,6478227.2,3049.3
10089,2424,433074.3,6478263.6,3041.4
10092,2424,433083.3,6478300.0,3038.1
10095,2424,433092.4,6478336.4,3036.2
10098,2424,433101.5,6478372.7,3037.6
10101,2424,433110.5,6478409.1,3040.0
10104,2424,433119.6,6478445.5,3043.1
10107,2424,433128.7,6478481.9,3046.6
10110,2424,433137.8,6478518.3,3048.8
10113,2424,433146.8,6478554.7,3052.6
10116,2424,433155.9,6478591.1,3057.5
10119,2424,433165.0,6478627.5,3062.9
10122,2424,433174.1,6478663.8,3068.9
10125,2424,433183.1,6478700.2,3071.9
10128,2424,433192.2,6478736.6,3076.2
10131,2424,433201.3,6478773.0,3084.5
10134,2424,433210.4,6478809.4,3091.4
10137,2424,433219.4,6478845.8,3093.1
10140,2424,433228.5,6478882.2,3095.7
10143,2424,433237.6,6478918.5,3095.2
10146,2424,433246.6,6478954.9,3094.2
10149,2424,433255.7,6478991.3,3096.1
10152,2424,433264.8,6479027.7,3097.5
10155,2424,433273.9,6479064.1,3101.1
10158,2424,433282.9,6479100.5,3108.6
10161,2424,433292.0,6479136.9,3122.5
10164,2424,433301.1,6479173.2,3133.5
10167,2424,433310.2,6479209.6,3138.4
10170,2424,433319.2,6479246.0,3137.1
10173,2424,433328.3,6479282.4,3136.1
10176,2424,433337.4,6479318.8,3134.2
10179,2424,433346.4,6479355.2,3129.3
10182,2424,433355.5,6479391.6,3127.8
10185,2424,433364.6,6479427.9,3127.3
10188,2424,433373.7,6479464.3,3129.5
10191,2424,433382.7,6479500.7,3130.2
10194,2424,433391.8,6479537.1,3130.2
10197,2424,433400.9,6479573.5,3129.9
10200,2424,433410.0,6479609.9,3128.4
10203,2424,433419.0,6479646.3,3126.2
10206,2424,433428.1,6479682.6,3124.3
10209,2424,433437.2,6479719.0,3123.8
10212,2424,433446.3,6479755.4,3126.2
10215,2424,433455.3,6479791.8,3130.5
10218,2424,433464.4,6479828.2,3133.5
10221,2424,433473.5,6479864.6,3138.5
10224,2424,433482.5,6479901.0,3142.7
9969,2421,432747.7,6476799.1,3101.7
9972,2421,432756.8,6476835.5,3111.0
9975,2421,432765.9,6476871.9,3114.6
9978,2421,432774.9,6476908.2,3113.1
9981,2421,432784.0,6476944.6,3111.8
9984,2421,432793.1,6476981.0,3114.8
9987,2421,432802.2,6477017.4,3116.0
9990,2421,432811.2,6477053.8,3115.5
9993,2421,432820.3,6477090.2,3114.6
9996,2421,432829.4,6477126.6,3117.8
9999,2421,432838.4,6477162.9,3116.3
10002,2421,432847.5,6477199.3,3112.2
10005,2421,432856.6,6477235.7,3104.3
10008,2421,432865.7,6477272.1,3097.6
10011,2421,432874.7,6477308.5,3090.2
10014,2421,432883.8,6477344.9,3084.2
10017,2421,432892.9,6477381.3,3080.3
10020,2421,432902.0,6477417.6,3078.3
10023,2421,432911.0,6477454.0,3080.2
10026,2421,432920.1,6477490.4,3086.2
10029,2421,432929.2,6477526.8,3092.6
10032,2421,432938.3,6477563.2,3098.8
10035,2421,432947.3,6477599.6,3102.5
10038,2421,432956.4,6477636.0,3103.9
10041,2421,432965.5,6477672.3,3102.8
10044,2421,432974.5,6477708.7,3101.8
10047,2421,432983.6,6477745.1,3101.0
10050,2421,432992.7,6477781.5,3097.2
10053,2421,433001.8,6477817.9,3094.2
10056,2421,433010.8,6477854.3,3090.5
10059,2421,433019.9,6477890.7,3086.3
10062,2421,433029.0,6477927.0,3083.3
10065,2421,433038.1,6477963.4,3078.7
10068,2421,433047.1,6477999.8,3075.2
10071,2421,433056.2,6478036.2,3072.3
10074,2421,433065.3,6478072.6,3070.5
10077,2421,433074.3,6478109.0,3067.4
10080,2421,433083.4,6478145.4,3061.2
10083,2421,433092.5,6478181.7,3054.5
10086,2421,433101.6,6478218.1,3046.8
10089,2421,433110.6,6478254.5,3039.3
10092,2421,433119.7,6478290.9,3036.4
10095,2421,433128.8,6478327.3,3035.5
10098,2421,433137.9,6478363.7,3037.0
10101,2421,433146.9,6478400.1,3039.7
10104,2421,433156.0,6478436.4,3043.0
10107,2421,433165.1,6478472.8,3045.2
10110,2421,433174.2,6478509.2,3048.5
10113,2421,433183.2,6478545.6,3053.8
10116,2421,433192.3,6478582.0,3058.9
10119,2421,433201.4,6478618.4,3062.0
10122,2421,433210.4,6478654.8,3066.1
10125,2421,433219.5,6478691.1,3070.1
10128,2421,433228.6,6478727.5,3073.7
10131,2421,433237.7,6478763.9,3080.0
10134,2421,433246.7,6478800.3,3085.5
10137,2421,433255.8,6478836.7,3089.1
10140,2421,433264.9,6478873.1,3088.9
10143,2421,433274.0,6478909.5,3087.5
10146,2421,433283.0,6478945.8,3085.1
10149,2421,433292.1,6478982.2,3087.8
10152,2421,433301.2,6479018.6,3088.8
10155,2421,433310.2,6479055.0,3093.1
10158,2421,433319.3,6479091.4,3100.9
10161,2421,433328.4,6479127.8,3113.1
10164,2421,433337.5,6479164.2,3128.1
10167,2421,433346.5,6479200.5,3133.8
10170,2421,433355.6,6479236.9,3134.5
10173,2421,433364.7,6479273.3,3132.7
10176,2421,433373.8,6479309.7,3127.8
10179,2421,433382.8,6479346.1,3121.9
10182,2421,433391.9,6479382.5,3120.6
10185,2421,433401.0,6479418.9,3122.6
10188,2421,433410.1,6479455.2,3126.9
10191,2421,433419.1,6479491.6,3130.8
10194,2421,433428.2,6479528.0,3130.4
10197,2421,433437.3,6479564.4,3129.2
10200,2421,433446.3,6479600.8,3127.8
10203,2421,433455.4,6479637.2,3126.4
10206,2421,433464.5,6479673.6,3127.0
10209,2421,433473.6,6479710.0,3123.1
10212,2421,433482.6,6479746.3,3127.5
10215,2421,433491.7,6479782.7,3132.5
10218,2421,433500.8,6479819.1,3136.3
10221,2421,433509.9,6479855.5,3139.3
10224,2421,433518.9,6479891.9,3142.9
10227,2421,433528.0,6479928.3,3147.6
10230,2421,433537.1,6479964.7,3149.5
10233,2421,433546.2,6480001.0,3158.0
9969,2418,432784.1,6476790.0,3096.9
9972,2418,432793.2,6476826.4,3104.4
9975,2418,432802.2,6476862.8,3104.2
9978,2418,432811.3,6476899.2,3103.2
9981,2418,432820.4,6476935.6,3104.3
9984,2418,432829.5,6476971.9,3106.7
9987,2418,432838.5,6477008.3,3106.6
9990,2418,432847.6,6477044.7,3106.0
9993,2418,432856.7,6477081.1,3106.2
9996,2418,432865.8,6477117.5,3106.9
9999,2418,432874.8,6477153.9,3106.8
10002,2418,432883.9,6477190.3,3103.1
10005,2418,432893.0,6477226.6,3099.9
10008,2418,432902.1,6477263.0,3092.8
10011,2418,432911.1,6477299.4,3087.0
10014,2418,432920.2,6477335.8,3082.6
10017,2418,432929.3,6477372.2,3079.8
10020,2418,432938.3,6477408.6,3079.2
10023,2418,432947.4,6477445.0,3082.3
10026,2418,432956.5,6477481.3,3087.1
10029,2418,432965.6,6477517.7,3092.5
10032,2418,432974.6,6477554.1,3098.5
10035,2418,432983.7,6477590.5,3102.0
10038,2418,432992.8,6477626.9,3104.0
10041,2418,433001.9,6477663.3,3103.4
10044,2418,433010.9,6477699.7,3101.9
10047,2418,433020.0,6477736.0,3100.7
10050,2418,433029.1,6477772.4,3096.7
10053,2418,433038.1,6477808.8,3093.0
10056,2418,433047.2,6477845.2,3089.6
10059,2418,433056.3,6477881.6,3085.7
10062,2418,433065.4,6477918.0,3083.1
10065,2418,433074.4,6477954.4,3078.4
10068,2418,433083.5,6477990.7,3075.1
10071,2418,433092.6,6478027.1,3072.9
10074,2418,433101.7,6478063.5,3069.3
10077,2418,433110.7,6478099.9,3064.5
10080,2418,433119.8,6478136.3,3058.7
10083,2418,433128.9,6478172.7,3052.4
10086,2418,433138.0,6478209.1,3042.1
10089,2418,433147.0,6478245.4,3036.1
10092,2418,433156.1,6478281.8,3035.5
10095,2418,433165.2,6478318.2,3035.2
10098,2418,433174.2,6478354.6,3037.1
10101,2418,433183.3,6478391.0,3039.9
10104,2418,433192.4,6478427.4,3042.3
10107,2418,433201.5,6478463.8,3044.9
10110,2418,433210.5,6478500.1,3048.2
10113,2418,433219.6,6478536.5,3053.0
10116,2418,433228.7,6478572.9,3057.8
10119,2418,433237.8,6478609.3,3060.8
10122,2418,433246.8,6478645.7,3066.0
10125,2418,433255.9,6478682.1,3070.3
10128,2418,433265.0,6478718.5,3074.8
10131,2418,433274.1,6478754.8,3078.3
10134,2418,433283.1,6478791.2,3082.8
10137,2418,433292.2,6478827.6,3085.2
10140,2418,433301.3,6478864.0,3086.0
10143,2418,433310.3,6478900.4,3083.6
10146,2418,433319.4,6478936.8,3082.6
10149,2418,433328.5,6478973.2,3084.9
10152,2418,433337.6,6479009.5,3087.1
10155,2418,433346.6,6479045.9,3092.2
10158,2418,433355.7,6479082.3,3098.7
10161,2418,433364.8,6479118.7,3112.7
10164,2418,433373.9,6479155.1,3122.3
10167,2418,433382.9,6479191.5,3129.9
10170,2418,433392.0,6479227.9,3132.1
10173,2418,433401.1,6479264.2,3128.5
10176,2418,433410.1,6479300.6,3122.9
10179,2418,433419.2,6479337.0,3118.1
10182,2418,433428.3,6479373.4,3115.8
10185,2418,433437.4,6479409.8,3116.2
10188,2418,433446.4,6479446.2,3119.7
10191,2418,433455.5,6479482.6,3122.7
10194,2418,433464.6,6479518.9,3125.5
10197,2418,433473.7,6479555.3,3125.4
10200,2418,433482.7,6479591.7,3123.6
10203,2418,433491.8,6479628.1,3125.1
10206,2418,433500.9,6479664.5,3126.4
10209,2418,433510.0,6479700.9,3128.3
10212,2418,433519.0,6479737.3,3128.0
10215,2418,433528.1,6479773.7,3133.4
10218,2418,433537.2,6479810.0,3137.8
10221,2418,433546.2,6479846.4,3142.0
10224,2418,433555.3,6479882.8,3145.2
10227,2418,433564.4,6479919.2,3149.9
10230,2418,433573.5,6479955.6,3153.2
10233,2418,433582.5,6479992.0,3159.4
10236,2418,433591.6,6480028.4,3163.5
10239,2418,433600.7,6480064.7,3165.9
10242,2418,433609.8,6480101.1,3167.3
10245,2418,433618.8,6480137.5,3168.3
9969,2415,432820.5,6476780.9,3096.4
9972,2415,432829.6,6476817.3,3099.9
9975,2415,432838.6,6476853.7,3100.0
9978,2415,432847.7,6476890.1,3099.8
9981,2415,432856.8,6476926.5,3100.7
9984,2415,432865.9,6476962.9,3101.5
9987,2415,432874.9,6476999.3,3101.0
9990,2415,432884.0,6477035.6,3100.2
9993,2415,432893.1,6477072.0,3098.6
9996,2415,432902.1,6477108.4,3098.7
9999,2415,432911.2,6477144.8,3096.5
10002,2415,432920.3,6477181.2,3093.5
10005,2415,432929.4,6477217.6,3092.3
10008,2415,432938.4,6477254.0,3087.0
10011,2415,432947.5,6477290.3,3083.2
10014,2415,432956.6,6477326.7,3080.6
10017,2415,432965.7,6477363.1,3079.6
10020,2415,432974.7,6477399.5,3079.8
10023,2415,432983.8,6477435.9,3083.2
10026,2415,432992.9,6477472.3,3087.8
10029,2415,433001.9,6477508.7,3094.1
10032,2415,433011.0,6477545.0,3099.8
10035,2415,433020.1,6477581.4,3102.1
10038,2415,433029.2,6477617.8,3104.0
10041,2415,433038.2,6477654.2,3103.8
10044,2415,433047.3,6477690.6,3101.2
10047,2415,433056.4,6477727.0,3100.1
10050,2415,433065.5,6477763.4,3095.8
10053,2415,433074.5,6477799.7,3092.1
10056,2415,433083.6,6477836.1,3089.2
10059,2415,433092.7,6477872.5,3086.1
10062,2415,433101.8,6477908.9,3081.6
10065,2415,433110.8,6477945.3,3076.4
10068,2415,433119.9,6477981.7,3073.2
10071,2415,433129.0,6478018.1,3070.3
10074,2415,433138.0,6478054.4,3066.2
10077,2415,433147.1,6478090.8,3060.3
10080,2415,433156.2,6478127.2,3057.2
10083,2415,433165.3,6478163.6,3050.9
10086,2415,433174.3,6478200.0,3041.9
10089,2415,433183.4,6478236.4,3037.5
10092,2415,433192.5,6478272.8,3035.3
10095,2415,433201.6,6478309.1,3035.8
10098,2415,433210.6,6478345.5,3038.1
10101,2415,433219.7,6478381.9,3040.5
10104,2415,433228.8,6478418.3,3043.2
10107,2415,433237.9,6478454.7,3044.8
10110,2415,433246.9,6478491.1,3048.1
10113,2415,433256.0,6478527.5,3051.9
10116,2415,433265.1,6478563.8,3056.3
10119,2415,433274.1,6478600.2,3059.5
10122,2415,433283.2,6478636.6,3066.4
10125,2415,433292.3,6478673.0,3072.4
10128,2415,433301.4,6478709.4,3076.9
10131,2415,433310.4,6478745.8,3080.3
10134,2415,433319.5,6478782.2,3082.9
10137,2415,433328.6,6478818.5,3085.0
10140,2415,433337.7,6478854.9,3084.9
10143,2415,433346.7,6478891.3,3083.1
10146,2415,433355.8,6478927.7,3082.9
10149,2415,433364.9,6478964.1,3086.7
10152,2415,433373.9,6479000.5,3089.1
10155,2415,433383.0,6479036.9,3092.4
10158,2415,433392.1,6479073.2,3098.1
10161,2415,433401.2,6479109.6,3107.5
10164,2415,433410.2,6479146.0,3118.9
10167,2415,433419.3,6479182.4,3125.3
10170,2415,433428.4,6479218.8,3126.9
10173,2415,433437.5,6479255.2,3124.0
10176,2415,433446.5,6479291.6,3120.2
10179,2415,433455.6,6479327.9,3117.3
10182,2415,433464.7,6479364.3,3114.8
10185,2415,433473.8,6479400.7,3113.3
10188,2415,433482.8,6479437.1,3112.8
10191,2415,433491.9,6479473.5,3113.1
10194,2415,433501.0,6479509.9,3113.8
10197,2415,433510.0,6479546.3,3113.9
10200,2415,433519.1,6479582.6,3115.6
10203,2415,433528.2,6479619.0,3121.2
10206,2415,433537.3,6479655.4,3123.3
10209,2415,433546.3,6479691.8,3125.3
10212,2415,433555.4,6479728.2,3127.8
10215,2415,433564.5,6479764.6,3133.3
10218,2415,433573.6,6479801.0,3138.4
10221,2415,433582.6,6479837.3,3143.9
10224,2415,433591.7,6479873.7,3147.3
10227,2415,433600.8,6479910.1,3151.8
10230,2415,433609.8,6479946.5,3157.5
10233,2415,433618.9,6479982.9,3161.9
10236,2415,433628.0,6480019.3,3164.8
10239,2415,433637.1,6480055.7,3166.7
10242,2415,433646.1,6480092.0,3167.0
10245,2415,433655.2,6480128.4,3168.0
10248,2415,433664.3,6480164.8,3168.2
10251,2415,433673.4,6480201.2,3167.1
10254,2415,433682.4,6480237.6,3165.2
9969,2412,432856.9,6476771.9,3094.2
9972,2412,432865.9,6476808.3,3098.1
9975,2412,432875.0,6476844.6,3098.6
9978,2412,432884.1,6476881.0,3099.0
9981,2412,432893.2,6476917.4,3100.4
9984,2412,432902.2,6476953.8,3100.8
9987,2412,432911.3,6476990.2,3100.5
9990,2412,432920.4,6477026.6,3099.6
9993,2412,432929.5,6477063.0,3097.2
9996,2412,432938.5,6477099.3,3093.8
9999,2412,432947.6,6477135.7,3090.1
10002,2412,432956.7,6477172.1,3086.7
10005,2412,432965.8,6477208.5,3085.5
10008,2412,432974.8,6477244.9,3081.8
10011,2412,432983.9,6477281.3,3079.7
10014,2412,432993.0,6477317.7,3079.1
10017,2412,433002.0,6477354.0,3079.1
10020,2412,433011.1,6477390.4,3080.7
10023,2412,433020.2,6477426.8,3085.3
10026,2412,433029.3,6477463.2,3088.7
10029,2412,433038.3,6477499.6,3093.7
10032,2412,433047.4,6477536.0,3099.7
10035,2412,433056.5,6477572.4,3103.0
10038,2412,433065.6,6477608.7,3104.1
10041,2412,433074.6,6477645.1,3102.6
10044,2412,433083.7,6477681.5,3100.9
10047,2412,433092.8,6477717.9,3098.7
10050,2412,433101.8,6477754.3,3095.6
10053,2412,433110.9,6477790.7,3092.4
10056,2412,433120.0,6477827.1,3089.2
10059,2412,433129.1,6477863.4,3086.7
10062,2412,433138.1,6477899.8,3082.0
10065,2412,433147.2,6477936.2,3074.9
10068,2412,433156.3,6477972.6,3067.2
10071,2412,433165.4,6478009.0,3064.9
10074,2412,433174.4,6478045.4,3057.7
10077,2412,433183.5,6478081.8,3052.8
10080,2412,433192.6,6478118.1,3049.8
10083,2412,433201.7,6478154.5,3046.2
10086,2412,433210.7,6478190.9,3041.5
10089,2412,433219.8,6478227.3,3038.1
10092,2412,433228.9,6478263.7,3034.6
10095,2412,433237.9,6478300.1,3034.0
10098,2412,433247.0,6478336.5,3036.3
10101,2412,433256.1,6478372.8,3040.8
10104,2412,433265.2,6478409.2,3044.0
10107,2412,433274.2,6478445.6,3046.3
10110,2412,433283.3,6478482.0,3048.5
10113,2412,433292.4,6478518.4,3052.5
10116,2412,433301.5,6478554.8,3055.3
10119,2412,433310.5,6478591.2,3059.0
10122,2412,433319.6,6478627.5,3065.4
10125,2412,433328.7,6478663.9,3073.1
10128,2412,433337.7,6478700.3,3079.5
10131,2412,433346.8,6478736.7,3082.3
10134,2412,433355.9,6478773.1,3082.6
10137,2412,433365.0,6478809.5,3083.1
10140,2412,433374.0,6478845.9,3083.0
10143,2412,433383.1,6478882.2,3081.2
10146,2412,433392.2,6478918.6,3083.4
10149,2412,433401.3,6478955.0,3086.0
10152,2412,433410.3,6478991.4,3089.0
10155,2412,433419.4,6479027.8,3091.6
10158,2412,433428.5,6479064.2,3094.4
10161,2412,433437.6,6479100.6,3099.0
10164,2412,433446.6,6479136.9,3107.9
10167,2412,433455.7,6479173.3,3115.4
10170,2412,433464.8,6479209.7,3120.5
10173,2412,433473.8,6479246.1,3120.6
10176,2412,433482.9,6479282.5,3117.3
10179,2412,433492.0,6479318.9,3115.0
10182,2412,433501.1,6479355.3,3114.4
10185,2412,433510.1,6479391.6,3113.7
10188,2412,433519.2,6479428.0,3112.6
10191,2412,433528.3,6479464.4,3111.0
10194,2412,433537.4,6479500.8,3111.7
10197,2412,433546.4,6479537.2,3112.6
10200,2412,433555.5,6479573.6,3113.9
10203,2412,433564.6,6479610.0,3116.8
10206,2412,433573.6,6479646.3,3121.0
10209,2412,433582.7,6479682.7,3122.5
10212,2412,433591.8,6479719.1,3126.6
10215,2412,433600.9,6479755.5,3131.2
10218,2412,433609.9,6479791.9,3138.0
10221,2412,433619.0,6479828.3,3143.7
10224,2412,433628.1,6479864.7,3147.8
10227,2412,433637.2,6479901.0,3152.1
10230,2412,433646.2,6479937.4,3158.0
10233,2412,433655.3,6479973.8,3162.0
10236,2412,433664.4,6480010.2,3165.2
10239,2412,433673.5,6480046.6,3166.7
10242,2412,433682.5,6480083.0,3166.6
10245,2412,433691.6,6480119.4,3167.7
10248,2412,433700.7,6480155.7,3167.6
10251,2412,433709.7,6480192.1,3167.1
10254,2412,433718.8,6480228.5,3165.2
10257,2412,433727.9,6480264.9,3163.3
10260,2412,433737.0,6480301.3,3164.2
10263,2412,433746.0,6480337.7,3169.2
10266,2412,433755.1,6480374.1,3175.3
9969,2409,432893.3,6476762.8,3089.3
9972,2409,432902.3,6476799.2,3094.2
9975,2409,432911.4,6476835.6,3095.5
9978,2409,432920.5,6476872.0,3097.2
9981,2409,432929.6,6476908.3,3099.4
9984,2409,432938.6,6476944.7,3099.8
9987,2409,432947.7,6476981.1,3099.2
9990,2409,432956.8,6477017.5,3098.4
9993,2409,432965.8,6477053.9,3096.2
9996,2409,432974.9,6477090.3,3092.1
9999,2409,432984.0,6477126.7,3087.9
10002,2409,432993.1,6477163.0,3085.0
10005,2409,433002.1,6477199.4,3082.6
10008,2409,433011.2,6477235.8,3080.7
10011,2409,433020.3,6477272.2,3079.0
10014,2409,433029.4,6477308.6,3079.2
10017,2409,433038.4,6477345.0,3080.6
10020,2409,433047.5,6477381.4,3082.9
10023,2409,433056.6,6477417.7,3087.7
10026,2409,433065.6,6477454.1,3090.9
10029,2409,433074.7,6477490.5,3096.8
10032,2409,433083.8,6477526.9,3101.3
10035,2409,433092.9,6477563.3,3104.0
10038,2409,433101.9,6477599.7,3105.0
10041,2409,433111.0,6477636.1,3103.1
10044,2409,433120.1,6477672.4,3101.1
10047,2409,433129.2,6477708.8,3098.5
10050,2409,433138.2,6477745.2,3095.7
10053,2409,433147.3,6477781.6,3093.1
10056,2409,433156.4,6477818.0,3089.1
10059,2409,433165.5,6477854.4,3086.2
10062,2409,433174.5,6477890.8,3081.8
10065,2409,433183.6,6477927.1,3072.0
10068,2409,433192.7,6477963.5,3061.8
10071,2409,433201.7,6477999.9,3051.5
10074,2409,433210.8,6478036.3,3044.3
10077,2409,433219.9,6478072.7,3039.8
10080,2409,433229.0,6478109.1,3040.8
10083,2409,433238.0,6478145.5,3038.5
10086,2409,433247.1,6478181.8,3036.8
10089,2409,433256.2,6478218.2,3035.4
10092,2409,433265.3,6478254.6,3033.1
10095,2409,433274.3,6478291.0,3032.2
10098,2409,433283.4,6478327.4,3034.6
10101,2409,433292.5,6478363.8,3040.2
10104,2409,433301.5,6478400.2,3045.1
10107,2409,433310.6,6478436.5,3047.0
10110,2409,433319.7,6478472.9,3050.9
10113,2409,433328.8,6478509.3,3053.3
10116,2409,433337.8,6478545.7,3056.7
10119,2409,433346.9,6478582.1,3059.5
10122,2409,433356.0,6478618.5,3066.1
10125,2409,433365.1,6478654.9,3073.4
10128,2409,433374.1,6478691.2,3080.8
10131,2409,433383.2,6478727.6,3083.8
10134,2409,433392.3,6478764.0,3082.5
10137,2409,433401.4,6478800.4,3081.8
10140,2409,433410.4,6478836.8,3082.0
10143,2409,433419.5,6478873.2,3081.3
10146,2409,433428.6,6478909.6,3083.2
10149,2409,433437.6,6478945.9,3086.9
10152,2409,433446.7,6478982.3,3090.2
10155,2409,433455.8,6479018.7,3091.7
10158,2409,433464.9,6479055.1,3092.3
10161,2409,433473.9,6479091.5,3096.1
10164,2409,433483.0,6479127.9,3104.2
10167,2409,433492.1,6479164.3,3111.9
10170,2409,433501.2,6479200.6,3118.1
10173,2409,433510.2,6479237.0,3120.4
10176,2409,433519.3,6479273.4,3117.2
10179,2409,433528.4,6479309.8,3115.1
10182,2409,433537.5,6479346.2,3114.9
10185,2409,433546.5,6479382.6,3114.0
10188,2409,433555.6,6479419.0,3112.2
10191,2409,433564.7,6479455.3,3110.5
10194,2409,433573.7,6479491.7,3111.7
10197,2409,433582.8,6479528.1,3113.4
10200,2409,433591.9,6479564.5,3114.7
10203,2409,433601.0,6479600.9,3117.1
10206,2409,433610.0,6479637.3,3120.4
10209,2409,433619.1,6479673.7,3122.5
10212,2409,433628.2,6479710.0,3125.3
10215,2409,433637.3,6479746.4,3131.9
10218,2409,433646.3,6479782.8,3138.5
10221,2409,433655.4,6479819.2,3143.4
10224,2409,433664.5,6479855.6,3147.0
10227,2409,433673.5,6479892.0,3152.1
10230,2409,433682.6,6479928.4,3157.4
10233,2409,433691.7,6479964.7,3161.6
10236,2409,433700.8,6480001.1,3164.0
10239,2409,433709.8,6480037.5,3164.8
10242,2409,433718.9,6480073.9,3164.8
10245,2409,433728.0,6480110.3,3166.3
10248,2409,433737.1,6480146.7,3166.7
10251,2409,433746.1,6480183.1,3165.9
10254,2409,433755.2,6480219.4,3164.4
10257,2409,433764.3,6480255.8,3163.7
10260,2409,433773.4,6480292.2,3165.4
10263,2409,433782.4,6480328.6,3169.7
10266,2409,433791.5,6480365.0,3175.3
10269,2409,433800.6,6480401.4,3183.9
10272,2409,433809.6,6480437.8,3191.4
10275,2409,433818.7,6480474.1,3199.6
9969,2406,432929.6,6476753.7,3083.2
9972,2406,432938.7,6476790.1,3087.4
9975,2406,432947.8,6476826.5,3089.3
9978,2406,432956.9,6476862.9,3091.7
9981,2406,432965.9,6476899.3,3094.7
9984,2406,432975.0,6476935.6,3095.3
9987,2406,432984.1,6476972.0,3095.7
9990,2406,432993.2,6477008.4,3095.3
9993,2406,433002.2,6477044.8,3094.1
9996,2406,433011.3,6477081.2,3092.4
9999,2406,433020.4,6477117.6,3089.8
10002,2406,433029.4,6477154.0,3086.0
10005,2406,433038.5,6477190.3,3083.0
10008,2406,433047.6,6477226.7,3081.3
10011,2406,433056.7,6477263.1,3080.6
10014,2406,433065.7,6477299.5,3081.4
10017,2406,433074.8,6477335.9,3083.7
10020,2406,433083.9,6477372.3,3087.4
10023,2406,433093.0,6477408.7,3092.1
10026,2406,433102.0,6477445.0,3095.9
10029,2406,433111.1,6477481.4,3100.8
10032,2406,433120.2,6477517.8,3105.4
10035,2406,433129.3,6477554.2,3107.9
10038,2406,433138.3,6477590.6,3108.7
10041,2406,433147.4,6477627.0,3106.1
10044,2406,433156.5,6477663.4,3103.6
10047,2406,433165.5,6477699.8,3100.0
10050,2406,433174.6,6477736.1,3097.4
10053,2406,433183.7,6477772.5,3093.1
10056,2406,433192.8,6477808.9,3089.3
10059,2406,433201.8,6477845.3,3085.0
10062,2406,433210.9,6477881.7,3081.4
10065,2406,433220.0,6477918.1,3070.9
10068,2406,433229.1,6477954.5,3056.3
10071,2406,433238.1,6477990.8,3041.2
10074,2406,433247.2,6478027.2,3032.0
10077,2406,433256.3,6478063.6,3031.0
10080,2406,433265.4,6478100.0,3028.2
10083,2406,433274.4,6478136.4,3027.0
10086,2406,433283.5,6478172.8,3026.7
10089,2406,433292.6,6478209.2,3029.2
10092,2406,433301.6,6478245.5,3028.8
10095,2406,433310.7,6478281.9,3029.3
10098,2406,433319.8,6478318.3,3032.6
10101,2406,433328.9,6478354.7,3038.4
10104,2406,433337.9,6478391.1,3043.9
10107,2406,433347.0,6478427.5,3046.4
10110,2406,433356.1,6478463.9,3051.0
10113,2406,433365.2,6478500.2,3055.0
10116,2406,433374.2,6478536.6,3058.8
10119,2406,433383.3,6478573.0,3062.5
10122,2406,433392.4,6478609.4,3067.2
10125,2406,433401.4,6478645.8,3075.4
10128,2406,433410.5,6478682.2,3081.8
10131,2406,433419.6,6478718.6,3083.6
10134,2406,433428.7,6478754.9,3082.6
10137,2406,433437.7,6478791.3,3081.3
10140,2406,433446.8,6478827.7,3081.0
10143,2406,433455.9,6478864.1,3082.5
10146,2406,433465.0,6478900.5,3084.4
10149,2406,433474.0,6478936.9,3087.6
10152,2406,433483.1,6478973.3,3091.2
10155,2406,433492.2,6479009.6,3092.7
10158,2406,433501.3,6479046.0,3095.2
10161,2406,433510.3,6479082.4,3100.8
10164,2406,433519.4,6479118.8,3107.6
10167,2406,433528.5,6479155.2,3114.3
10170,2406,433537.5,6479191.6,3119.6
10173,2406,433546.6,6479228.0,3120.5
10176,2406,433555.7,6479264.3,3118.1
10179,2406,433564.8,6479300.7,3116.2
10182,2406,433573.8,6479337.1,3115.8
10185,2406,433582.9,6479373.5,3115.1
10188,2406,433592.0,6479409.9,3112.3
10191,2406,433601.1,6479446.3,3110.6
10194,2406,433610.1,6479482.7,3112.1
10197,2406,433619.2,6479519.0,3113.9
10200,2406,433628.3,6479555.4,3115.9
10203,2406,433637.3,6479591.8,3118.9
10206,2406,433646.4,6479628.2,3121.4
10209,2406,433655.5,6479664.6,3123.4
10212,2406,433664.6,6479701.0,3127.0
10215,2406,433673.6,6479737.4,3131.9
10218,2406,433682.7,6479773.7,3135.9
10221,2406,433691.8,6479810.1,3141.3
10224,2406,433700.9,6479846.5,3146.2
10227,2406,433709.9,6479882.9,3152.5
10230,2406,433719.0,6479919.3,3156.4
10233,2406,433728.1,6479955.7,3159.4
10236,2406,433737.2,6479992.1,3161.1
10239,2406,433746.2,6480028.4,3161.6
10242,2406,433755.3,6480064.8,3162.6
10245,2406,433764.4,6480101.2,3163.0
10248,2406,433773.4,6480137.6,3163.8
10251,2406,433782.5,6480174.0,3163.8
10254,2406,433791.6,6480210.4,3163.3
10257,2406,433800.7,6480246.8,3163.2
10260,2406,433809.7,6480283.1,3166.3
10263,2406,433818.8,6480319.5,3170.0
10266,2406,433827.9,6480355.9,3177.2
10269,2406,433837.0,6480392.3,3182.9
10272,2406,433846.0,6480428.7,3191.7
10275,2406,433855.1,6480465.1,3200.1
10278,2406,433864.2,6480501.5,3209.2
10281,2406,433873.2,6480537.8,3217.0
10284,2406,433882.3,6480574.2,3225.8
10287,2406,433891.4,6480610.6,3232.1
9969,2403,432966.0,6476744.6,3081.0
9972,2403,432975.1,6476781.0,3082.3
9975,2403,432984.2,6476817.4,3083.8
9978,2403,432993.2,6476853.8,3087.0
9981,2403,433002.3,6476890.2,3088.9
9984,2403,433011.4,6476926.6,3090.4
9987,2403,433020.5,6476963.0,3091.6
9990,2403,433029.5,6476999.3,3092.9
9993,2403,433038.6,6477035.7,3091.6
9996,2403,433047.7,6477072.1,3090.0
9999,2403,433056.8,6477108.5,3088.2
10002,2403,433065.8,6477144.9,3085.2
10005,2403,433074.9,6477181.3,3083.1
10008,2403,433084.0,6477217.7,3081.7
10011,2403,433093.1,6477254.0,3081.4
10014,2403,433102.1,6477290.4,3083.0
10017,2403,433111.2,6477326.8,3085.6
10020,2403,433120.3,6477363.2,3089.3
10023,2403,433129.3,6477399.6,3092.5
10026,2403,433138.4,6477436.0,3097.3
10029,2403,433147.5,6477472.4,3103.4
10032,2403,433156.6,6477508.7,3108.6
10035,2403,433165.6,6477545.1,3111.8
10038,2403,433174.7,6477581.5,3112.9
10041,2403,433183.8,6477617.9,3111.9
10044,2403,433192.9,6477654.3,3107.3
10047,2403,433201.9,6477690.7,3104.0
10050,2403,433211.0,6477727.1,3099.4
10053,2403,433220.1,6477763.5,3094.6
10056,2403,433229.2,6477799.8,3090.4
10059,2403,433238.2,6477836.2,3086.0
10062,2403,433247.3,6477872.6,3078.7
10065,2403,433256.4,6477909.0,3065.2
10068,2403,433265.4,6477945.4,3049.0
10071,2403,433274.5,6477981.8,3032.8
10074,2403,433283.6,6478018.2,3023.4
10077,2403,433292.7,6478054.5,3020.5
10080,2403,433301.7,6478090.9,3017.3
10083,2403,433310.8,6478127.3,3015.5
10086,2403,433319.9,6478163.7,3015.4
10089,2403,433329.0,6478200.1,3018.2
10092,2403,433338.0,6478236.5,3020.4
10095,2403,433347.1,6478272.9,3022.6
10098,2403,433356.2,6478309.2,3026.2
10101,2403,433365.2,6478345.6,3034.9
10104,2403,433374.3,6478382.0,3040.3
10107,2403,433383.4,6478418.4,3042.6
10110,2403,433392.5,6478454.8,3050.0
10113,2403,433401.5,6478491.2,3055.8
10116,2403,433410.6,6478527.6,3061.1
10119,2403,433419.7,6478563.9,3065.2
10122,2403,433428.8,6478600.3,3068.4
10125,2403,433437.8,6478636.7,3074.9
10128,2403,433446.9,6478673.1,3080.2
10131,2403,433456.0,6478709.5,3081.8
10134,2403,433465.1,6478745.9,3081.2
10137,2403,433474.1,6478782.3,3079.9
10140,2403,433483.2,6478818.6,3079.2
10143,2403,433492.3,6478855.0,3081.3
10146,2403,433501.3,6478891.4,3083.2
10149,2403,433510.4,6478927.8,3086.1
10152,2403,433519.5,6478964.2,3088.9
10155,2403,433528.6,6479000.6,3092.8
10158,2403,433537.6,6479037.0,3096.9
10161,2403,433546.7,6479073.3,3104.5
10164,2403,433555.8,6479109.7,3112.9
10167,2403,433564.9,6479146.1,3118.6
10170,2403,433573.9,6479182.5,3121.2
10173,2403,433583.0,6479218.9,3120.0
10176,2403,433592.1,6479255.3,3117.5
10179,2403,433601.1,6479291.7,3115.0
10182,2403,433610.2,6479328.0,3114.1
10185,2403,433619.3,6479364.4,3114.2
10188,2403,433628.4,6479400.8,3112.7
10191,2403,433637.4,6479437.2,3111.8
10194,2403,433646.5,6479473.6,3112.6
10197,2403,433655.6,6479510.0,3115.7
10200,2403,433664.7,6479546.4,3118.6
10203,2403,433673.7,6479582.7,3121.8
10206,2403,433682.8,6479619.1,3124.3
10209,2403,433691.9,6479655.5,3126.6
10212,2403,433701.0,6479691.9,3129.8
10215,2403,433710.0,6479728.3,3133.6
10218,2403,433719.1,6479764.7,3135.9
10221,2403,433728.2,6479801.1,3140.3
10224,2403,433737.2,6479837.4,3145.1
10227,2403,433746.3,6479873.8,3150.4
10230,2403,433755.4,6479910.2,3154.7
10233,2403,433764.5,6479946.6,3157.0
10236,2403,433773.5,6479983.0,3158.6
10239,2403,433782.6,6480019.4,3159.3
10242,2403,433791.7,6480055.8,3159.6
10245,2403,433800.8,6480092.1,3159.6
10248,2403,433809.8,6480128.5,3160.5
10251,2403,433818.9,6480164.9,3161.6
10254,2403,433828.0,6480201.3,3161.2
10257,2403,433837.1,6480237.7,3161.7
10260,2403,433846.1,6480274.1,3165.8
10263,2403,433855.2,6480310.5,3170.5
10266,2403,433864.3,6480346.8,3177.4
10269,2403,433873.3,6480383.2,3185.0
10272,2403,433882.4,6480419.6,3192.6
10275,2403,433891.5,6480456.0,3203.2
10278,2403,433900.6,6480492.4,3209.7
10281,2403,433909.6,6480528.8,3218.9
10284,2403,433918.7,6480565.2,3226.2
10287,2403,433927.8,6480601.5,3233.3
10290,2403,433936.9,6480637.9,3238.5
10293,2403,433945.9,6480674.3,3240.5
10296,2403,433955.0,6480710.7,3239.7
10299,2403,433964.1,6480747.1,3238.9
9969,2400,433002.4,6476735.6,3077.5
9972,2400,433011.5,6476772.0,3080.1
9975,2400,433020.6,6476808.3,3080.2
9978,2400,433029.6,6476844.7,3082.2
9981,2400,433038.7,6476881.1,3083.3
9984,2400,433047.8,6476917.5,3085.9
9987,2400,433056.9,6476953.9,3088.6
9990,2400,433065.9,6476990.3,3089.0
9993,2400,433075.0,6477026.7,3088.5
9996,2400,433084.1,6477063.0,3087.6
9999,2400,433093.1,6477099.4,3086.9
10002,2400,433102.2,6477135.8,3084.5
10005,2400,433111.3,6477172.2,3082.2
10008,2400,433120.4,6477208.6,3081.6
10011,2400,433129.4,6477245.0,3082.4
10014,2400,433138.5,6477281.4,3084.5
10017,2400,433147.6,6477317.7,3086.8
10020,2400,433156.7,6477354.1,3089.8
10023,2400,433165.7,6477390.5,3093.3
10026,2400,433174.8,6477426.9,3097.8
10029,2400,433183.9,6477463.3,3103.9
10032,2400,433193.0,6477499.7,3109.4
10035,2400,433202.0,6477536.1,3114.7
10038,2400,433211.1,6477572.4,3118.5
10041,2400,433220.2,6477608.8,3117.4
10044,2400,433229.2,6477645.2,3113.3
10047,2400,433238.3,6477681.6,3108.7
10050,2400,433247.4,6477718.0,3104.7
10053,2400,433256.5,6477754.4,3097.1
10056,2400,433265.5,6477790.8,3091.8
10059,2400,433274.6,6477827.1,3086.1
10062,2400,433283.7,6477863.5,3077.1
10065,2400,433292.8,6477899.9,3064.4
10068,2400,433301.8,6477936.3,3045.5
10071,2400,433310.9,6477972.7,3027.5
10074,2400,433320.0,6478009.1,3014.6
10077,2400,433329.0,6478045.5,3012.3
10080,2400,433338.1,6478081.8,3009.4
10083,2400,433347.2,6478118.2,3007.7
10086,2400,433356.3,6478154.6,3009.6
10089,2400,433365.3,6478191.0,3010.4
10092,2400,433374.4,6478227.4,3013.5
10095,2400,433383.5,6478263.8,3016.8
10098,2400,433392.6,6478300.2,3021.3
10101,2400,433401.6,6478336.5,3026.6
10104,2400,433410.7,6478372.9,3031.9
10107,2400,433419.8,6478409.3,3038.2
10110,2400,433428.9,6478445.7,3047.7
10113,2400,433437.9,6478482.1,3055.9
10116,2400,433447.0,6478518.5,3061.4
10119,2400,433456.1,6478554.9,3065.5
10122,2400,433465.1,6478591.2,3068.4
10125,2400,433474.2,6478627.6,3073.0
10128,2400,433483.3,6478664.0,3076.3
10131,2400,433492.4,6478700.4,3079.0
10134,2400,433501.4,6478736.8,3077.9
10137,2400,433510.5,6478773.2,3076.2
10140,2400,433519.6,6478809.6,3074.7
10143,2400,433528.7,6478846.0,3077.6
10146,2400,433537.7,6478882.3,3079.6
10149,2400,433546.8,6478918.7,3080.4
10152,2400,433555.9,6478955.1,3084.6
10155,2400,433565.0,6478991.5,3089.8
10158,2400,433574.0,6479027.9,3095.7
10161,2400,433583.1,6479064.3,3102.8
10164,2400,433592.2,6479100.7,3111.1
10167,2400,433601.2,6479137.0,3118.5
10170,2400,433610.3,6479173.4,3120.6
10173,2400,433619.4,6479209.8,3117.9
10176,2400,433628.5,6479246.2,3115.0
10179,2400,433637.5,6479282.6,3111.6
10182,2400,433646.6,6479319.0,3110.9
10185,2400,433655.7,6479355.4,3112.0
10188,2400,433664.8,6479391.7,3111.4
10191,2400,433673.8,6479428.1,3111.6
10194,2400,433682.9,6479464.5,3113.0
10197,2400,433692.0,6479500.9,3116.2
10200,2400,433701.0,6479537.3,3120.8
10203,2400,433710.1,6479573.7,3124.8
10206,2400,433719.2,6479610.1,3128.6
10209,2400,433728.3,6479646.4,3130.3
10212,2400,433737.3,6479682.8,3133.7
10215,2400,433746.4,6479719.2,3135.9
10218,2400,433755.5,6479755.6,3138.2
10221,2400,433764.6,6479792.0,3140.8
10224,2400,433773.6,6479828.4,3144.3
10227,2400,433782.7,6479864.8,3147.8
10230,2400,433791.8,6479901.1,3151.2
10233,2400,433800.9,6479937.5,3152.7
10236,2400,433809.9,6479973.9,3155.2
10239,2400,433819.0,6480010.3,3155.9
10242,2400,433828.1,6480046.7,3156.3
10245,2400,433837.1,6480083.1,3156.8
10248,2400,433846.2,6480119.5,3156.5
10251,2400,433855.3,6480155.8,3157.5
10254,2400,433864.4,6480192.2,3158.1
10257,2400,433873.4,6480228.6,3159.4
10260,2400,433882.5,6480265.0,3164.4
10263,2400,433891.6,6480301.4,3170.2
10266,2400,433900.7,6480337.8,3177.9
10269,2400,433909.7,6480374.2,3186.1
10272,2400,433918.8,6480410.5,3195.3
10275,2400,433927.9,6480446.9,3203.2
10278,2400,433936.9,6480483.3,3211.9
10281,2400,433946.0,6480519.7,3218.9
10284,2400,433955.1,6480556.1,3228.3
10287,2400,433964.2,6480592.5,3233.8
10290,2400,433973.2,6480628.9,3238.5
10293,2400,433982.3,6480665.2,3240.5
10296,2400,433991.4,6480701.6,3241.1
10299,2400,434000.5,6480738.0,3240.9
10302,2400,434009.5,6480774.4,3240.7
10305,2400,434018.6,6480810.8,3240.9
10308,2400,434027.7,6480847.2,3241.7
9969,2397,433038.8,6476726.5,3076.5
9972,2397,433047.9,6476762.9,3078.1
9975,2397,433056.9,6476799.3,3077.5
9978,2397,433066.0,6476835.7,3078.0
9981,2397,433075.1,6476872.0,3080.8
9984,2397,433084.2,6476908.4,3083.5
9987,2397,433093.2,6476944.8,3085.1
9990,2397,433102.3,6476981.2,3085.7
9993,2397,433111.4,6477017.6,3085.0
9996,2397,433120.5,6477054.0,3084.5
9999,2397,433129.5,6477090.4,3084.2
10002,2397,433138.6,6477126.7,3083.2
10005,2397,433147.7,6477163.1,3081.6
10008,2397,433156.8,6477199.5,3081.2
10011,2397,433165.8,6477235.9,3082.3
10014,2397,433174.9,6477272.3,3084.7
10017,2397,433184.0,6477308.7,3087.9
10020,2397,433193.0,6477345.1,3090.9
10023,2397,433202.1,6477381.4,3095.6
10026,2397,433211.2,6477417.8,3099.1
10029,2397,433220.3,6477454.2,3105.2
10032,2397,433229.3,6477490.6,3111.3
10035,2397,433238.4,6477527.0,3117.8
10038,2397,433247.5,6477563.4,3122.2
10041,2397,433256.6,6477599.8,3122.8
10044,2397,433265.6,6477636.1,3119.7
10047,2397,433274.7,6477672.5,3116.6
10050,2397,433283.8,6477708.9,3111.7
10053,2397,433292.8,6477745.3,3104.6
10056,2397,433301.9,6477781.7,3093.6
10059,2397,433311.0,6477818.1,3086.8
10062,2397,433320.1,6477854.5,3075.0
10065,2397,433329.1,6477890.8,3060.1
10068,2397,433338.2,6477927.2,3037.5
10071,2397,433347.3,6477963.6,3019.2
10074,2397,433356.4,6478000.0,3008.4
10077,2397,433365.4,6478036.4,3006.8
10080,2397,433374.5,6478072.8,3005.1
10083,2397,433383.6,6478109.2,3006.2
10086,2397,433392.7,6478145.5,3007.1
10089,2397,433401.7,6478181.9,3007.9
10092,2397,433410.8,6478218.3,3010.0
10095,2397,433419.9,6478254.7,3012.7
10098,2397,433428.9,6478291.1,3016.1
10101,2397,433438.0,6478327.5,3019.4
10104,2397,433447.1,6478363.9,3024.2
10107,2397,433456.2,6478400.2,3031.4
10110,2397,433465.2,6478436.6,3042.2
10113,2397,433474.3,6478473.0,3052.6
10116,2397,433483.4,6478509.4,3060.0
10119,2397,433492.5,6478545.8,3064.2
10122,2397,433501.5,6478582.2,3066.7
10125,2397,433510.6,6478618.6,3068.1
10128,2397,433519.7,6478654.9,3070.0
10131,2397,433528.8,6478691.3,3071.6
10134,2397,433537.8,6478727.7,3070.5
10137,2397,433546.9,6478764.1,3068.7
10140,2397,433556.0,6478800.5,3069.6
10143,2397,433565.0,6478836.9,3070.4
10146,2397,433574.1,6478873.3,3072.2
10149,2397,433583.2,6478909.7,3074.8
10152,2397,433592.3,6478946.0,3080.0
10155,2397,433601.3,6478982.4,3085.2
10158,2397,433610.4,6479018.8,3088.2
10161,2397,433619.5,6479055.2,3096.5
10164,2397,433628.6,6479091.6,3104.0
10167,2397,433637.6,6479128.0,3111.8
10170,2397,433646.7,6479164.3,3115.8
10173,2397,433655.8,6479200.7,3116.0
10176,2397,433664.8,6479237.1,3112.2
10179,2397,433673.9,6479273.5,3108.9
10182,2397,433683.0,6479309.9,3109.4
10185,2397,433692.1,6479346.3,3110.7
10188,2397,433701.1,6479382.7,3110.3
10191,2397,433710.2,6479419.1,3110.9
10194,2397,433719.3,6479455.4,3114.4
10197,2397,433728.4,6479491.8,3117.9
10200,2397,433737.4,6479528.2,3122.4
10203,2397,433746.5,6479564.6,3127.3
10206,2397,433755.6,6479601.0,3131.0
10209,2397,433764.7,6479637.4,3134.5
10212,2397,433773.7,6479673.8,3136.6
10215,2397,433782.8,6479710.1,3138.7
10218,2397,433791.9,6479746.5,3139.9
10221,2397,433800.9,6479782.9,3142.0
10224,2397,433810.0,6479819.3,3142.9
10227,2397,433819.1,6479855.7,3145.4
10230,2397,433828.2,6479892.1,3147.7
10233,2397,433837.2,6479928.5,3148.8
10236,2397,433846.3,6479964.8,3150.3
10239,2397,433855.4,6480001.2,3152.7
10242,2397,433864.5,6480037.6,3152.5
10245,2397,433873.5,6480074.0,3153.1
10248,2397,433882.6,6480110.4,3152.2
10251,2397,433891.7,6480146.8,3153.4
10254,2397,433900.7,6480183.2,3154.2
10257,2397,433909.8,6480219.5,3155.8
10260,2397,433918.9,6480255.9,3163.6
10263,2397,433928.0,6480292.3,3170.2
10266,2397,433937.0,6480328.7,3178.7
10269,2397,433946.1,6480365.1,3187.3
10272,2397,433955.2,6480401.5,3195.9
10275,2397,433964.3,6480437.9,3205.9
10278,2397,433973.3,6480474.2,3213.8
10281,2397,433982.4,6480510.6,3222.5
10284,2397,433991.5,6480547.0,3229.3
10287,2397,434000.6,6480583.4,3234.7
10290,2397,434009.6,6480619.8,3237.4
10293,2397,434018.7,6480656.2,3238.9
10296,2397,434027.8,6480692.6,3239.8
10299,2397,434036.8,6480728.9,3240.4
10302,2397,434045.9,6480765.3,3240.6
10305,2397,434055.0,6480801.7,3241.2
10308,2397,434064.1,6480838.1,3243.1
10311,2397,434073.1,6480874.5,3245.9
10314,2397,434082.2,6480910.9,3250.2
10317,2397,434091.3,6480947.3,3253.4
10320,2397,434100.4,6480983.6,3268.4
9969,2394,433075.2,6476717.4,3077.3
9972,2394,433084.3,6476753.8,3077.1
9975,2394,433093.3,6476790.2,3076.8
9978,2394,433102.4,6476826.6,3076.7
9981,2394,433111.5,6476863.0,3079.7
9984,2394,433120.6,6476899.4,3082.8
9987,2394,433129.6,6476935.7,3084.2
9990,2394,433138.7,6476972.1,3084.0
9993,2394,433147.8,6477008.5,3083.3
9996,2394,433156.8,6477044.9,3083.0
9999,2394,433165.9,6477081.3,3083.1
10002,2394,433175.0,6477117.7,3082.3
10005,2394,433184.1,6477154.1,3081.4
10008,2394,433193.1,6477190.4,3081.3
10011,2394,433202.2,6477226.8,3082.9
10014,2394,433211.3,6477263.2,3085.8
10017,2394,433220.4,6477299.6,3089.4
10020,2394,433229.4,6477336.0,3092.2
10023,2394,433238.5,6477372.4,3096.7
10026,2394,433247.6,6477408.8,3101.8
10029,2394,433256.7,6477445.1,3108.7
10032,2394,433265.7,6477481.5,3115.6
10035,2394,433274.8,6477517.9,3121.1
10038,2394,433283.9,6477554.3,3126.6
10041,2394,433292.9,6477590.7,3126.8
10044,2394,433302.0,6477627.1,3126.1
10047,2394,433311.1,6477663.5,3124.1
10050,2394,433320.2,6477699.8,3120.9
10053,2394,433329.2,6477736.2,3112.2
10056,2394,433338.3,6477772.6,3100.6
10059,2394,433347.4,6477809.0,3085.7
10062,2394,433356.5,6477845.4,3067.3
10065,2394,433365.5,6477881.8,3047.3
10068,2394,433374.6,6477918.2,3029.6
10071,2394,433383.7,6477954.5,3012.7
10074,2394,433392.7,6477990.9,3005.2
10077,2394,433401.8,6478027.3,3002.4
10080,2394,433410.9,6478063.7,3003.4
10083,2394,433420.0,6478100.1,3005.4
10086,2394,433429.0,6478136.5,3006.6
10089,2394,433438.1,6478172.9,3006.6
10092,2394,433447.2,6478209.2,3008.6
10095,2394,433456.3,6478245.6,3010.3
10098,2394,433465.3,6478282.0,3012.7
10101,2394,433474.4,6478318.4,3014.4
10104,2394,433483.5,6478354.8,3018.9
10107,2394,433492.6,6478391.2,3026.5
10110,2394,433501.6,6478427.6,3034.8
10113,2394,433510.7,6478463.9,3043.7
10116,2394,433519.8,6478500.3,3050.7
10119,2394,433528.8,6478536.7,3056.1
10122,2394,433537.9,6478573.1,3058.9
10125,2394,433547.0,6478609.5,3060.4
10128,2394,433556.1,6478645.9,3060.7
10131,2394,433565.1,6478682.3,3062.3
10134,2394,433574.2,6478718.6,3061.7
10137,2394,433583.3,6478755.0,3062.6
10140,2394,433592.4,6478791.4,3064.5
10143,2394,433601.4,6478827.8,3065.2
10146,2394,433610.5,6478864.2,3066.7
10149,2394,433619.6,6478900.6,3068.6
10152,2394,433628.6,6478937.0,3072.8
10155,2394,433637.7,6478973.3,3076.1
10158,2394,433646.8,6479009.7,3080.2
10161,2394,433655.9,6479046.1,3086.1
10164,2394,433664.9,6479082.5,3095.4
10167,2394,433674.0,6479118.9,3098.9
10170,2394,433683.1,6479155.3,3104.7
10173,2394,433692.2,6479191.7,3109.9
10176,2394,433701.2,6479228.0,3107.4
10179,2394,433710.3,6479264.4,3105.6
10182,2394,433719.4,6479300.8,3106.1
10185,2394,433728.5,6479337.2,3108.4
10188,2394,433737.5,6479373.6,3109.2
10191,2394,433746.6,6479410.0,3111.6
10194,2394,433755.7,6479446.4,3116.8
10197,2394,433764.7,6479482.8,3120.8
10200,2394,433773.8,6479519.1,3123.4
10203,2394,433782.9,6479555.5,3128.2
10206,2394,433792.0,6479591.9,3133.7
10209,2394,433801.0,6479628.3,3137.6
10212,2394,433810.1,6479664.7,3138.9
10215,2394,433819.2,6479701.1,3140.4
10218,2394,433828.3,6479737.5,3141.5
10221,2394,433837.3,6479773.8,3142.6
10224,2394,433846.4,6479810.2,3142.1
10227,2394,433855.5,6479846.6,3143.0
10230,2394,433864.5,6479883.0,3145.5
10233,2394,433873.6,6479919.4,3146.0
10236,2394,433882.7,6479955.8,3146.7
10239,2394,433891.8,6479992.2,3148.6
10242,2394,433900.8,6480028.5,3150.1
10245,2394,433909.9,6480064.9,3151.5
10248,2394,433919.0,6480101.3,3151.2
10251,2394,433928.1,6480137.7,3150.8
10254,2394,433937.1,6480174.1,3151.8
10257,2394,433946.2,6480210.5,3156.1
10260,2394,433955.3,6480246.9,3163.8
10263,2394,433964.4,6480283.2,3171.9
10266,2394,433973.4,6480319.6,3180.7
10269,2394,433982.5,6480356.0,3188.8
10272,2394,433991.6,6480392.4,3197.0
10275,2394,434000.6,6480428.8,3207.3
10278,2394,434009.7,6480465.2,3215.8
10281,2394,434018.8,6480501.6,3222.7
10284,2394,434027.9,6480537.9,3231.1
10287,2394,434036.9,6480574.3,3236.1
10290,2394,434046.0,6480610.7,3237.2
10293,2394,434055.1,6480647.1,3238.0
10296,2394,434064.2,6480683.5,3239.0
10299,2394,434073.2,6480719.9,3239.7
10302,2394,434082.3,6480756.3,3240.3
10305,2394,434091.4,6480792.6,3241.2
10308,2394,434100.5,6480829.0,3244.4
10311,2394,434109.5,6480865.4,3248.7
10314,2394,434118.6,6480901.8,3253.9
10317,2394,434127.7,6480938.2,3265.5
10320,2394,434136.7,6480974.6,3280.7
10323,2394,434145.8,6481011.0,3299.8
10326,2394,434154.9,6481047.3,3315.2
10329,2394,434164.0,6481083.7,3336.6
9969,2391,433111.6,6476708.4,3076.2
9972,2391,433120.6,6476744.7,3076.2
9975,2391,433129.7,6476781.1,3076.8
9978,2391,433138.8,6476817.5,3077.4
9981,2391,433147.9,6476853.9,3080.9
9984,2391,433156.9,6476890.3,3084.9
9987,2391,433166.0,6476926.7,3085.6
9990,2391,433175.1,6476963.1,3085.2
9993,2391,433184.2,6476999.4,3084.2
9996,2391,433193.2,6477035.8,3083.8
9999,2391,433202.3,6477072.2,3083.1
10002,2391,433211.4,6477108.6,3082.5
10005,2391,433220.5,6477145.0,3082.6
10008,2391,433229.5,6477181.4,3082.7
10011,2391,433238.6,6477217.8,3084.3
10014,2391,433247.7,6477254.1,3087.8
10017,2391,433256.7,6477290.5,3090.6
10020,2391,433265.8,6477326.9,3094.1
10023,2391,433274.9,6477363.3,3098.4
10026,2391,433284.0,6477399.7,3103.0
10029,2391,433293.0,6477436.1,3108.7
10032,2391,433302.1,6477472.5,3118.0
10035,2391,433311.2,6477508.8,3126.1
10038,2391,433320.3,6477545.2,3131.6
10041,2391,433329.3,6477581.6,3132.1
10044,2391,433338.4,6477618.0,3132.6
10047,2391,433347.5,6477654.4,3129.6
10050,2391,433356.5,6477690.8,3125.1
10053,2391,433365.6,6477727.2,3120.6
10056,2391,433374.7,6477763.5,3108.8
10059,2391,433383.8,6477799.9,3092.3
10062,2391,433392.8,6477836.3,3068.7
10065,2391,433401.9,6477872.7,3041.5
10068,2391,433411.0,6477909.1,3020.0
10071,2391,433420.1,6477945.5,3006.4
10074,2391,433429.1,6477981.9,3000.2
10077,2391,433438.2,6478018.2,2998.8
10080,2391,433447.3,6478054.6,3001.2
10083,2391,433456.4,6478091.0,3004.4
10086,2391,433465.4,6478127.4,3005.7
10089,2391,433474.5,6478163.8,3006.0
10092,2391,433483.6,6478200.2,3006.4
10095,2391,433492.6,6478236.6,3007.9
10098,2391,433501.7,6478272.9,3008.8
10101,2391,433510.8,6478309.3,3011.6
10104,2391,433519.9,6478345.7,3016.3
10107,2391,433528.9,6478382.1,3023.2
10110,2391,433538.0,6478418.5,3027.4
10113,2391,433547.1,6478454.9,3033.8
10116,2391,433556.2,6478491.3,3041.9
10119,2391,433565.2,6478527.6,3045.0
10122,2391,433574.3,6478564.0,3048.7
10125,2391,433583.4,6478600.4,3051.9
10128,2391,433592.4,6478636.8,3055.6
10131,2391,433601.5,6478673.2,3055.5
10134,2391,433610.6,6478709.6,3057.0
10137,2391,433619.7,6478746.0,3059.8
10140,2391,433628.7,6478782.3,3062.4
10143,2391,433637.8,6478818.7,3062.3
10146,2391,433646.9,6478855.1,3062.8
10149,2391,433656.0,6478891.5,3065.6
10152,2391,433665.0,6478927.9,3068.2
10155,2391,433674.1,6478964.3,3070.5
10158,2391,433683.2,6479000.7,3072.7
10161,2391,433692.3,6479037.0,3078.6
10164,2391,433701.3,6479073.4,3083.5
10167,2391,433710.4,6479109.8,3088.4
10170,2391,433719.5,6479146.2,3093.6
10173,2391,433728.5,6479182.6,3099.6
10176,2391,433737.6,6479219.0,3098.3
10179,2391,433746.7,6479255.4,3096.8
10182,2391,433755.8,6479291.7,3100.9
10185,2391,433764.8,6479328.1,3103.6
10188,2391,433773.9,6479364.5,3107.7
10191,2391,433783.0,6479400.9,3111.5
10194,2391,433792.1,6479437.3,3116.5
10197,2391,433801.1,6479473.7,3122.3
10200,2391,433810.2,6479510.1,3125.7
10203,2391,433819.3,6479546.4,3129.1
10206,2391,433828.4,6479582.8,3136.3
10209,2391,433837.4,6479619.2,3139.2
10212,2391,433846.5,6479655.6,3139.8
10215,2391,433855.6,6479692.0,3140.8
10218,2391,433864.6,6479728.4,3142.4
10221,2391,433873.7,6479764.8,3142.6
10224,2391,433882.8,6479801.1,3140.8
10227,2391,433891.9,6479837.5,3141.1
10230,2391,433900.9,6479873.9,3143.0
10233,2391,433910.0,6479910.3,3143.7
10236,2391,433919.1,6479946.7,3144.5
10239,2391,433928.2,6479983.1,3147.1
10242,2391,433937.2,6480019.5,3148.9
10245,2391,433946.3,6480055.8,3150.0
10248,2391,433955.4,6480092.2,3151.2
10251,2391,433964.4,6480128.6,3150.9
10254,2391,433973.5,6480165.0,3152.0
10257,2391,433982.6,6480201.4,3155.5
10260,2391,433991.7,6480237.8,3161.9
10263,2391,434000.7,6480274.2,3170.0
10266,2391,434009.8,6480310.6,3179.2
10269,2391,434018.9,6480346.9,3190.0
10272,2391,434028.0,6480383.3,3199.7
10275,2391,434037.0,6480419.7,3209.1
10278,2391,434046.1,6480456.1,3215.0
10281,2391,434055.2,6480492.5,3223.1
10284,2391,434064.3,6480528.9,3232.9
10287,2391,434073.3,6480565.3,3238.2
10290,2391,434082.4,6480601.6,3238.7
10293,2391,434091.5,6480638.0,3239.0
10296,2391,434100.5,6480674.4,3240.5
10299,2391,434109.6,6480710.8,3240.9
10302,2391,434118.7,6480747.2,3241.3
10305,2391,434127.8,6480783.6,3242.2
10308,2391,434136.8,6480820.0,3246.2
10311,2391,434145.9,6480856.3,3250.6
10314,2391,434155.0,6480892.7,3258.3
10317,2391,434164.1,6480929.1,3269.3
10320,2391,434173.1,6480965.5,3286.9
10323,2391,434182.2,6481001.9,3307.8
10326,2391,434191.3,6481038.3,3324.4
10329,2391,434200.3,6481074.7,3338.8
10332,2391,434209.4,6481111.0,3345.8
10335,2391,434218.5,6481147.4,3350.4
10338,2391,434227.6,6481183.8,3353.0
10341,2391,434236.6,6481220.2,3361.6
9969,2388,433148.0,6476699.3,3075.5
9972,2388,433157.0,6476735.7,3076.0
9975,2388,433166.1,6476772.1,3077.4
9978,2388,433175.2,6476808.4,3079.9
9981,2388,433184.3,6476844.8,3084.9
9984,2388,433193.3,6476881.2,3088.1
9987,2388,433202.4,6476917.6,3088.9
9990,2388,433211.5,6476954.0,3088.7
9993,2388,433220.5,6476990.4,3087.8
9996,2388,433229.6,6477026.8,3086.2
9999,2388,433238.7,6477063.1,3085.8
10002,2388,433247.8,6477099.5,3085.2
10005,2388,433256.8,6477135.9,3085.2
10008,2388,433265.9,6477172.3,3084.9
10011,2388,433275.0,6477208.7,3087.7
10014,2388,433284.1,6477245.1,3091.3
10017,2388,433293.1,6477281.5,3093.7
10020,2388,433302.2,6477317.8,3096.1
10023,2388,433311.3,6477354.2,3100.3
10026,2388,433320.3,6477390.6,3104.6
10029,2388,433329.4,6477427.0,3110.6
10032,2388,433338.5,6477463.4,3121.3
10035,2388,433347.6,6477499.8,3130.0
10038,2388,433356.6,6477536.2,3135.6
10041,2388,433365.7,6477572.5,3137.2
10044,2388,433374.8,6477608.9,3137.6
10047,2388,433383.9,6477645.3,3134.8
10050,2388,433392.9,6477681.7,3131.6
10053,2388,433402.0,6477718.1,3128.1
10056,2388,433411.1,6477754.5,3119.2
10059,2388,433420.2,6477790.9,3100.9
10062,2388,433429.2,6477827.2,3072.2
10065,2388,433438.3,6477863.6,3039.3
10068,2388,433447.4,6477900.0,3017.6
10071,2388,433456.4,6477936.4,3006.5
10074,2388,433465.5,6477972.8,3000.8
10077,2388,433474.6,6478009.2,2999.8
10080,2388,433483.7,6478045.6,3002.2
10083,2388,433492.7,6478081.9,3003.8
10086,2388,433501.8,6478118.3,3004.5
10089,2388,433510.9,6478154.7,3004.4
10092,2388,433520.0,6478191.1,3004.2
10095,2388,433529.0,6478227.5,3004.6
10098,2388,433538.1,6478263.9,3005.8
10101,2388,433547.2,6478300.3,3008.2
10104,2388,433556.3,6478336.6,3013.1
10107,2388,433565.3,6478373.0,3018.6
10110,2388,433574.4,6478409.4,3024.0
10113,2388,433583.5,6478445.8,3029.4
10116,2388,433592.5,6478482.2,3034.8
10119,2388,433601.6,6478518.6,3038.5
10122,2388,433610.7,6478555.0,3041.0
10125,2388,433619.8,6478591.3,3046.5
10128,2388,433628.8,6478627.7,3051.8
10131,2388,433637.9,6478664.1,3053.7
10134,2388,433647.0,6478700.5,3055.9
10137,2388,433656.1,6478736.9,3059.0
10140,2388,433665.1,6478773.3,3061.3
10143,2388,433674.2,6478809.7,3061.3
10146,2388,433683.3,6478846.0,3061.8
10149,2388,433692.3,6478882.4,3064.1
10152,2388,433701.4,6478918.8,3065.9
10155,2388,433710.5,6478955.2,3066.9
10158,2388,433719.6,6478991.6,3069.6
10161,2388,433728.6,6479028.0,3072.6
10164,2388,433737.7,6479064.4,3076.4
10167,2388,433746.8,6479100.7,3079.0
10170,2388,433755.9,6479137.1,3084.5
10173,2388,433764.9,6479173.5,3085.8
10176,2388,433774.0,6479209.9,3085.3
10179,2388,433783.1,6479246.3,3084.9
10182,2388,433792.2,6479282.7,3091.3
10185,2388,433801.2,6479319.1,3097.1
10188,2388,433810.3,6479355.4,3102.0
10191,2388,433819.4,6479391.8,3109.7
10194,2388,433828.4,6479428.2,3115.8
10197,2388,433837.5,6479464.6,3122.2
10200,2388,433846.6,6479501.0,3125.5
10203,2388,433855.7,6479537.4,3127.6
10206,2388,433864.7,6479573.8,3134.1
10209,2388,433873.8,6479610.1,3137.0
10212,2388,433882.9,6479646.5,3138.1
10215,2388,433892.0,6479682.9,3139.8
10218,2388,433901.0,6479719.3,3140.8
10221,2388,433910.1,6479755.7,3139.2
10224,2388,433919.2,6479792.1,3138.6
10227,2388,433928.2,6479828.5,3137.1
10230,2388,433937.3,6479864.8,3137.6
10233,2388,433946.4,6479901.2,3138.0
10236,2388,433955.5,6479937.6,3140.4
10239,2388,433964.5,6479974.0,3141.7
10242,2388,433973.6,6480010.4,3143.7
10245,2388,433982.7,6480046.8,3146.4
10248,2388,433991.8,6480083.2,3148.7
10251,2388,434000.8,6480119.5,3149.8
10254,2388,434009.9,6480155.9,3150.8
10257,2388,434019.0,6480192.3,3153.9
10260,2388,434028.1,6480228.7,3159.0
10263,2388,434037.1,6480265.1,3166.8
10266,2388,434046.2,6480301.5,3176.3
10269,2388,434055.3,6480337.9,3187.5
10272,2388,434064.3,6480374.2,3198.5
10275,2388,434073.4,6480410.6,3207.9
10278,2388,434082.5,6480447.0,3216.8
10281,2388,434091.6,6480483.4,3226.0
10284,2388,434100.6,6480519.8,3236.3
10287,2388,434109.7,6480556.2,3240.1
10290,2388,434118.8,6480592.6,3240.5
10293,2388,434127.9,6480629.0,3241.0
10296,2388,434136.9,6480665.3,3242.8
10299,2388,434146.0,6480701.7,3243.6
10302,2388,434155.1,6480738.1,3243.2
10305,2388,434164.1,6480774.5,3244.8
10308,2388,434173.2,6480810.9,3248.1
10311,2388,434182.3,6480847.3,3253.9
10314,2388,434191.4,6480883.7,3261.0
10317,2388,434200.4,6480920.0,3276.0
10320,2388,434209.5,6480956.4,3290.5
10323,2388,434218.6,6480992.8,3313.8
10326,2388,434227.7,6481029.2,3328.7
10329,2388,434236.7,6481065.6,3341.2
10332,2388,434245.8,6481102.0,3348.4
10335,2388,434254.9,6481138.4,3352.9
10338,2388,434264.0,6481174.7,3359.2
10341,2388,434273.0,6481211.1,3364.1
10344,2388,434282.1,6481247.5,3365.4
10347,2388,434291.2,6481283.9,3365.2
10350,2388,434300.2,6481320.3,3362.1
10353,2388,434309.3,6481356.7,3359.5
9969,2385,433184.3,6476690.2,3071.9
9972,2385,433193.4,6476726.6,3074.1
9975,2385,433202.5,6476763.0,3075.7
9978,2385,433211.6,6476799.4,3078.9
9981,2385,433220.6,6476835.8,3085.1
9984,2385,433229.7,6476872.1,3090.2
9987,2385,433238.8,6476908.5,3091.2
9990,2385,433247.9,6476944.9,3091.0
9993,2385,433256.9,6476981.3,3090.7
9996,2385,433266.0,6477017.7,3090.1
9999,2385,433275.1,6477054.1,3089.4
10002,2385,433284.1,6477090.5,3088.7
10005,2385,433293.2,6477126.8,3087.4
10008,2385,433302.3,6477163.2,3087.7
10011,2385,433311.4,6477199.6,3090.3
10014,2385,433320.4,6477236.0,3093.9
10017,2385,433329.5,6477272.4,3095.7
10020,2385,433338.6,6477308.8,3099.1
10023,2385,433347.7,6477345.2,3103.2
10026,2385,433356.7,6477381.5,3107.0
10029,2385,433365.8,6477417.9,3113.4
10032,2385,433374.9,6477454.3,3124.9
10035,2385,433384.0,6477490.7,3134.1
10038,2385,433393.0,6477527.1,3137.9
10041,2385,433402.1,6477563.5,3141.6
10044,2385,433411.2,6477599.9,3143.4
10047,2385,433420.2,6477636.2,3141.6
10050,2385,433429.3,6477672.6,3135.7
10053,2385,433438.4,6477709.0,3130.5
10056,2385,433447.5,6477745.4,3122.1
10059,2385,433456.5,6477781.8,3106.7
10062,2385,433465.6,6477818.2,3068.0
10065,2385,433474.7,6477854.6,3042.3
10068,2385,433483.8,6477890.9,3017.4
10071,2385,433492.8,6477927.3,3007.8
10074,2385,433501.9,6477963.7,3002.6
10077,2385,433511.0,6478000.1,3001.5
10080,2385,433520.1,6478036.5,3002.7
10083,2385,433529.1,6478072.9,3003.4
10086,2385,433538.2,6478109.3,3003.4
10089,2385,433547.3,6478145.6,3003.1
10092,2385,433556.3,6478182.0,3002.6
10095,2385,433565.4,6478218.4,3002.0
10098,2385,433574.5,6478254.8,3002.5
10101,2385,433583.6,6478291.2,3005.4
10104,2385,433592.6,6478327.6,3010.9
10107,2385,433601.7,6478364.0,3015.3
10110,2385,433610.8,6478400.3,3020.3
10113,2385,433619.9,6478436.7,3024.9
10116,2385,433628.9,6478473.1,3029.1
10119,2385,433638.0,6478509.5,3033.4
10122,2385,433647.1,6478545.9,3038.2
10125,2385,433656.1,6478582.3,3044.4
10128,2385,433665.2,6478618.7,3051.4
10131,2385,433674.3,6478655.0,3053.8
10134,2385,433683.4,6478691.4,3056.3
10137,2385,433692.4,6478727.8,3058.5
10140,2385,433701.5,6478764.2,3060.7
10143,2385,433710.6,6478800.6,3060.3
10146,2385,433719.7,6478837.0,3060.4
10149,2385,433728.7,6478873.4,3062.4
10152,2385,433737.8,6478909.7,3063.5
10155,2385,433746.9,6478946.1,3064.9
10158,2385,433756.0,6478982.5,3067.1
10161,2385,433765.0,6479018.9,3070.6
10164,2385,433774.1,6479055.3,3072.4
10167,2385,433783.2,6479091.7,3074.2
10170,2385,433792.2,6479128.1,3076.0
10173,2385,433801.3,6479164.4,3076.4
10176,2385,433810.4,6479200.8,3075.8
10179,2385,433819.5,6479237.2,3073.7
10182,2385,433828.5,6479273.6,3078.1
10185,2385,433837.6,6479310.0,3085.2
10188,2385,433846.7,6479346.4,3096.5
10191,2385,433855.8,6479382.8,3105.6
10194,2385,433864.8,6479419.1,3114.0
10197,2385,433873.9,6479455.5,3117.8
10200,2385,433883.0,6479491.9,3120.5
10203,2385,433892.0,6479528.3,3124.2
10206,2385,433901.1,6479564.7,3126.8
10209,2385,433910.2,6479601.1,3128.8
10212,2385,433919.3,6479637.5,3129.9
10215,2385,433928.3,6479673.8,3133.3
10218,2385,433937.4,6479710.2,3132.9
10221,2385,433946.5,6479746.6,3130.7
10224,2385,433955.6,6479783.0,3128.2
10227,2385,433964.6,6479819.4,3130.0
10230,2385,433973.7,6479855.8,3128.8
10233,2385,433982.8,6479892.2,3128.9
10236,2385,433991.9,6479928.5,3132.1
10239,2385,434000.9,6479964.9,3133.6
10242,2385,434010.0,6480001.3,3136.2
10245,2385,434019.1,6480037.7,3139.8
10248,2385,434028.1,6480074.1,3144.1
10251,2385,434037.2,6480110.5,3146.4
10254,2385,434046.3,6480146.9,3149.0
10257,2385,434055.4,6480183.2,3152.1
10260,2385,434064.4,6480219.6,3158.1
10263,2385,434073.5,6480256.0,3163.6
10266,2385,434082.6,6480292.4,3173.4
10269,2385,434091.7,6480328.8,3184.6
10272,2385,434100.7,6480365.2,3197.2
10275,2385,434109.8,6480401.6,3208.2
10278,2385,434118.9,6480437.9,3218.2
10281,2385,434128.0,6480474.3,3227.4
10284,2385,434137.0,6480510.7,3238.5
10287,2385,434146.1,6480547.1,3243.3
10290,2385,434155.2,6480583.5,3244.2
10293,2385,434164.2,6480619.9,3244.3
10296,2385,434173.3,6480656.3,3245.6
10299,2385,434182.4,6480692.6,3247.1
10302,2385,434191.5,6480729.0,3247.9
10305,2385,434200.5,6480765.4,3250.2
10308,2385,434209.6,6480801.8,3253.1
10311,2385,434218.7,6480838.2,3255.9
10314,2385,434227.8,6480874.6,3264.2
10317,2385,434236.8,6480911.0,3278.9
10320,2385,434245.9,6480947.3,3300.4
10323,2385,434255.0,6480983.7,3319.6
10326,2385,434264.0,6481020.1,3337.2
10329,2385,434273.1,6481056.5,3344.5
10332,2385,434282.2,6481092.9,3351.0
10335,2385,434291.3,6481129.3,3355.6
10338,2385,434300.3,6481165.7,3361.0
10341,2385,434309.4,6481202.0,3364.6
10344,2385,434318.5,6481238.4,3365.0
10347,2385,434327.6,6481274.8,3363.4
10350,2385,434336.6,6481311.2,3360.5
10353,2385,434345.7,6481347.6,3356.9
10356,2385,434354.8,6481384.0,3355.7
9969,2382,433220.7,6476681.1,3065.9
9972,2382,433229.8,6476717.5,3069.4
9975,2382,433238.9,6476753.9,3073.3
9978,2382,433248.0,6476790.3,3076.7
9981,2382,433257.0,6476826.7,3082.1
9984,2382,433266.1,6476863.1,3088.9
9987,2382,433275.2,6476899.4,3091.0
9990,2382,433284.2,6476935.8,3091.9
9993,2382,433293.3,6476972.2,3092.2
9996,2382,433302.4,6477008.6,3091.8
9999,2382,433311.5,6477045.0,3090.7
10002,2382,433320.5,6477081.4,3090.6
10005,2382,433329.6,6477117.8,3090.4
10008,2382,433338.7,6477154.2,3091.4
10011,2382,433347.8,6477190.5,3093.8
10014,2382,433356.8,6477226.9,3096.8
10017,2382,433365.9,6477263.3,3098.0
10020,2382,433375.0,6477299.7,3100.5
10023,2382,433384.0,6477336.1,3104.7
10026,2382,433393.1,6477372.5,3111.7
10029,2382,433402.2,6477408.9,3120.6
10032,2382,433411.3,6477445.2,3132.1
10035,2382,433420.3,6477481.6,3138.7
10038,2382,433429.4,6477518.0,3143.7
10041,2382,433438.5,6477554.4,3146.9
10044,2382,433447.6,6477590.8,3148.6
10047,2382,433456.6,6477627.2,3147.4
10050,2382,433465.7,6477663.6,3141.8
10053,2382,433474.8,6477699.9,3137.0
10056,2382,433483.9,6477736.3,3129.7
10059,2382,433492.9,6477772.7,3112.8
10062,2382,433502.0,6477809.1,3076.5
10065,2382,433511.1,6477845.5,3036.6
10068,2382,433520.1,6477881.9,3017.2
10071,2382,433529.2,6477918.3,3006.1
10074,2382,433538.3,6477954.6,3002.4
10077,2382,433547.4,6477991.0,3000.5
10080,2382,433556.4,6478027.4,3002.0
10083,2382,433565.5,6478063.8,3002.1
10086,2382,433574.6,6478100.2,3001.8
10089,2382,433583.7,6478136.6,3001.0
10092,2382,433592.7,6478173.0,3001.8
10095,2382,433601.8,6478209.3,3000.7
10098,2382,433610.9,6478245.7,3001.1
10101,2382,433619.9,6478282.1,3004.3
10104,2382,433629.0,6478318.5,3010.7
10107,2382,433638.1,6478354.9,3013.3
10110,2382,433647.2,6478391.3,3017.8
10113,2382,433656.2,6478427.7,3022.7
10116,2382,433665.3,6478464.0,3025.9
10119,2382,433674.4,6478500.4,3029.6
10122,2382,433683.5,6478536.8,3036.6
10125,2382,433692.5,6478573.2,3044.0
10128,2382,433701.6,6478609.6,3049.9
10131,2382,433710.7,6478646.0,3053.6
10134,2382,433719.8,6478682.4,3056.4
10137,2382,433728.8,6478718.7,3059.2
10140,2382,433737.9,6478755.1,3060.2
10143,2382,433747.0,6478791.5,3060.1
10146,2382,433756.0,6478827.9,3059.8
10149,2382,433765.1,6478864.3,3060.4
10152,2382,433774.2,6478900.7,3061.1
10155,2382,433783.3,6478937.1,3062.9
10158,2382,433792.3,6478973.4,3065.7
10161,2382,433801.4,6479009.8,3069.1
10164,2382,433810.5,6479046.2,3072.7
10167,2382,433819.6,6479082.6,3073.7
10170,2382,433828.6,6479119.0,3073.9
10173,2382,433837.7,6479155.4,3074.1
10176,2382,433846.8,6479191.8,3072.2
10179,2382,433855.8,6479228.1,3069.9
10182,2382,433864.9,6479264.5,3069.3
10185,2382,433874.0,6479300.9,3075.6
10188,2382,433883.1,6479337.3,3088.1
10191,2382,433892.1,6479373.7,3099.4
10194,2382,433901.2,6479410.1,3106.4
10197,2382,433910.3,6479446.5,3111.2
10200,2382,433919.4,6479482.8,3111.6
10203,2382,433928.4,6479519.2,3114.7
10206,2382,433937.5,6479555.6,3114.1
10209,2382,433946.6,6479592.0,3115.2
10212,2382,433955.7,6479628.4,3120.0
10215,2382,433964.7,6479664.8,3119.9
10218,2382,433973.8,6479701.2,3118.8
10221,2382,433982.9,6479737.5,3118.1
10224,2382,433991.9,6479773.9,3120.5
10227,2382,434001.0,6479810.3,3120.3
10230,2382,434010.1,6479846.7,3119.9
10233,2382,434019.2,6479883.1,3120.4
10236,2382,434028.2,6479919.5,3123.9
10239,2382,434037.3,6479955.9,3124.0
10242,2382,434046.4,6479992.2,3127.4
10245,2382,434055.5,6480028.6,3134.1
10248,2382,434064.5,6480065.0,3138.1
10251,2382,434073.6,6480101.4,3141.4
10254,2382,434082.7,6480137.8,3144.8
10257,2382,434091.8,6480174.2,3149.1
10260,2382,434100.8,6480210.6,3154.9
10263,2382,434109.9,6480246.9,3164.0
10266,2382,434119.0,6480283.3,3176.2
10269,2382,434128.0,6480319.7,3187.9
10272,2382,434137.1,6480356.1,3197.7
10275,2382,434146.2,6480392.5,3211.0
10278,2382,434155.3,6480428.9,3219.9
10281,2382,434164.3,6480465.3,3231.4
10284,2382,434173.4,6480501.6,3242.8
10287,2382,434182.5,6480538.0,3247.2
10290,2382,434191.6,6480574.4,3245.8
10293,2382,434200.6,6480610.8,3246.1
10296,2382,434209.7,6480647.2,3248.0
10299,2382,434218.8,6480683.6,3251.0
10302,2382,434227.8,6480720.0,3252.9
10305,2382,434236.9,6480756.3,3255.6
10308,2382,434246.0,6480792.7,3260.0
10311,2382,434255.1,6480829.1,3263.2
10314,2382,434264.1,6480865.5,3271.6
10317,2382,434273.2,6480901.9,3285.2
10320,2382,434282.3,6480938.3,3304.2
10323,2382,434291.4,6480974.7,3323.0
10326,2382,434300.4,6481011.0,3340.5
10329,2382,434309.5,6481047.4,3349.1
10332,2382,434318.6,6481083.8,3353.9
10335,2382,434327.7,6481120.2,3358.6
10338,2382,434336.7,6481156.6,3362.1
10341,2382,434345.8,6481193.0,3364.0
10344,2382,434354.9,6481229.4,3362.8
10347,2382,434363.9,6481265.7,3359.8
10350,2382,434373.0,6481302.1,3356.1
10353,2382,434382.1,6481338.5,3353.3
10356,2382,434391.2,6481374.9,3354.1
9969,2379,433257.1,6476672.1,3060.2
9972,2379,433266.2,6476708.4,3065.2
9975,2379,433275.3,6476744.8,3069.7
9978,2379,433284.3,6476781.2,3072.0
9981,2379,433293.4,6476817.6,3078.7
9984,2379,433302.5,6476854.0,3085.5
9987,2379,433311.6,6476890.4,3088.7
9990,2379,433320.6,6476926.8,3090.8
9993,2379,433329.7,6476963.1,3091.8
9996,2379,433338.8,6476999.5,3092.0
9999,2379,433347.8,6477035.9,3091.7
10002,2379,433356.9,6477072.3,3091.5
10005,2379,433366.0,6477108.7,3092.3
10008,2379,433375.1,6477145.1,3094.3
10011,2379,433384.1,6477181.5,3096.4
10014,2379,433393.2,6477217.8,3099.2
10017,2379,433402.3,6477254.2,3100.5
10020,2379,433411.4,6477290.6,3102.5
10023,2379,433420.4,6477327.0,3106.7
10026,2379,433429.5,6477363.4,3113.0
10029,2379,433438.6,6477399.8,3125.1
10032,2379,433447.7,6477436.2,3136.5
10035,2379,433456.7,6477472.5,3145.1
10038,2379,433465.8,6477508.9,3149.1
10041,2379,433474.9,6477545.3,3152.2
10044,2379,433483.9,6477581.7,3153.6
10047,2379,433493.0,6477618.1,3152.0
10050,2379,433502.1,6477654.5,3149.6
10053,2379,433511.2,6477690.9,3144.2
10056,2379,433520.2,6477727.2,3136.9
10059,2379,433529.3,6477763.6,3119.3
10062,2379,433538.4,6477800.0,3081.8
10065,2379,433547.5,6477836.4,3038.2
10068,2379,433556.5,6477872.8,3016.1
10071,2379,433565.6,6477909.2,3007.1
10074,2379,433574.7,6477945.6,3001.0
10077,2379,433583.7,6477982.0,2998.9
10080,2379,433592.8,6478018.3,2999.3
10083,2379,433601.9,6478054.7,2999.2
10086,2379,433611.0,6478091.1,2998.5
10089,2379,433620.0,6478127.5,2998.7
10092,2379,433629.1,6478163.9,2999.4
10095,2379,433638.2,6478200.3,2998.4
10098,2379,433647.3,6478236.7,2999.9
10101,2379,433656.3,6478273.0,3002.8
10104,2379,433665.4,6478309.4,3008.4
10107,2379,433674.5,6478345.8,3012.9
10110,2379,433683.6,6478382.2,3016.2
10113,2379,433692.6,6478418.6,3021.5
10116,2379,433701.7,6478455.0,3024.0
10119,2379,433710.8,6478491.4,3029.5
10122,2379,433719.8,6478527.7,3035.0
10125,2379,433728.9,6478564.1,3042.1
10128,2379,433738.0,6478600.5,3047.1
10131,2379,433747.1,6478636.9,3051.5
10134,2379,433756.1,6478673.3,3055.5
10137,2379,433765.2,6478709.7,3058.1
10140,2379,433774.3,6478746.1,3058.9
10143,2379,433783.4,6478782.4,3058.7
10146,2379,433792.4,6478818.8,3058.9
10149,2379,433801.5,6478855.2,3058.4
10152,2379,433810.6,6478891.6,3059.2
10155,2379,433819.7,6478928.0,3062.3
10158,2379,433828.7,6478964.4,3065.4
10161,2379,433837.8,6479000.8,3070.2
10164,2379,433846.9,6479037.1,3074.7
10167,2379,433855.9,6479073.5,3075.9
10170,2379,433865.0,6479109.9,3074.7
10173,2379,433874.1,6479146.3,3075.3
10176,2379,433883.2,6479182.7,3072.8
10179,2379,433892.2,6479219.1,3068.3
10182,2379,433901.3,6479255.5,3067.9
10185,2379,433910.4,6479291.8,3073.0
10188,2379,433919.5,6479328.2,3084.3
10191,2379,433928.5,6479364.6,3093.8
10194,2379,433937.6,6479401.0,3099.9
10197,2379,433946.7,6479437.4,3103.5
10200,2379,433955.7,6479473.8,3105.3
10203,2379,433964.8,6479510.2,3103.4
10206,2379,433973.9,6479546.5,3104.3
10209,2379,433983.0,6479582.9,3105.8
10212,2379,433992.0,6479619.3,3109.8
10215,2379,434001.1,6479655.7,3109.6
10218,2379,434010.2,6479692.1,3109.5
10221,2379,434019.3,6479728.5,3111.4
10224,2379,434028.3,6479764.9,3111.6
10227,2379,434037.4,6479801.2,3112.8
10230,2379,434046.5,6479837.6,3112.7
10233,2379,434055.6,6479874.0,3115.0
10236,2379,434064.6,6479910.4,3116.2
10239,2379,434073.7,6479946.8,3117.9
10242,2379,434082.8,6479983.2,3121.7
10245,2379,434091.8,6480019.6,3128.5
10248,2379,434100.9,6480055.9,3130.6
10251,2379,434110.0,6480092.3,3134.8
10254,2379,434119.1,6480128.7,3140.7
10257,2379,434128.1,6480165.1,3145.2
10260,2379,434137.2,6480201.5,3152.6
10263,2379,434146.3,6480237.9,3163.7
10266,2379,434155.4,6480274.3,3176.5
10269,2379,434164.4,6480310.6,3190.7
10272,2379,434173.5,6480347.0,3204.9
10275,2379,434182.6,6480383.4,3218.3
10278,2379,434191.6,6480419.8,3227.4
10281,2379,434200.7,6480456.2,3235.0
10284,2379,434209.8,6480492.6,3244.7
10287,2379,434218.9,6480529.0,3248.6
10290,2379,434227.9,6480565.3,3247.2
10293,2379,434237.0,6480601.7,3246.1
10296,2379,434246.1,6480638.1,3247.4
10299,2379,434255.2,6480674.5,3251.3
10302,2379,434264.2,6480710.9,3254.6
10305,2379,434273.3,6480747.3,3258.5
10308,2379,434282.4,6480783.7,3265.1
10311,2379,434291.5,6480820.0,3271.7
10314,2379,434300.5,6480856.4,3282.0
10317,2379,434309.6,6480892.8,3291.7
10320,2379,434318.7,6480929.2,3305.7
10323,2379,434327.7,6480965.6,3327.1
10326,2379,434336.8,6481002.0,3343.9
10329,2379,434345.9,6481038.4,3351.8
10332,2379,434355.0,6481074.7,3355.2
10335,2379,434364.0,6481111.1,3360.5
10338,2379,434373.1,6481147.5,3364.3
10341,2379,434382.2,6481183.9,3363.4
10344,2379,434391.3,6481220.3,3360.3
10347,2379,434400.3,6481256.7,3356.1
10350,2379,434409.4,6481293.1,3353.6
10353,2379,434418.5,6481329.4,3351.2
10356,2379,434427.5,6481365.8,3351.9
10359,2379,434436.6,6481402.2,3355.8
9969,2376,433293.5,6476663.0,3057.5
9972,2376,433302.6,6476699.4,3061.0
9975,2376,433311.6,6476735.8,3064.4
9978,2376,433320.7,6476772.1,3068.3
9981,2376,433329.8,6476808.5,3076.6
9984,2376,433338.9,6476844.9,3084.1
9987,2376,433347.9,6476881.3,3085.8
9990,2376,433357.0,6476917.7,3088.5
9993,2376,433366.1,6476954.1,3089.7
9996,2376,433375.2,6476990.5,3090.6
9999,2376,433384.2,6477026.8,3091.1
10002,2376,433393.3,6477063.2,3091.9
10005,2376,433402.4,6477099.6,3093.8
10008,2376,433411.5,6477136.0,3096.3
10011,2376,433420.5,6477172.4,3099.6
10014,2376,433429.6,6477208.8,3101.8
10017,2376,433438.7,6477245.2,3103.0
10020,2376,433447.7,6477281.5,3104.9
10023,2376,433456.8,6477317.9,3110.0
10026,2376,433465.9,6477354.3,3116.5
10029,2376,433475.0,6477390.7,3129.1
10032,2376,433484.0,6477427.1,3140.2
10035,2376,433493.1,6477463.5,3147.6
10038,2376,433502.2,6477499.9,3153.1
10041,2376,433511.3,6477536.2,3156.0
10044,2376,433520.3,6477572.6,3158.0
10047,2376,433529.4,6477609.0,3156.5
10050,2376,433538.5,6477645.4,3155.3
10053,2376,433547.6,6477681.8,3153.6
10056,2376,433556.6,6477718.2,3142.8
10059,2376,433565.7,6477754.6,3125.5
10062,2376,433574.8,6477790.9,3083.1
10065,2376,433583.8,6477827.3,3039.2
10068,2376,433592.9,6477863.7,3018.4
10071,2376,433602.0,6477900.1,3008.2
10074,2376,433611.1,6477936.5,3000.5
10077,2376,433620.1,6477972.9,2995.7
10080,2376,433629.2,6478009.3,2995.8
10083,2376,433638.3,6478045.7,2995.5
10086,2376,433647.4,6478082.0,2994.8
10089,2376,433656.4,6478118.4,2995.5
10092,2376,433665.5,6478154.8,2996.2
10095,2376,433674.6,6478191.2,2996.7
10098,2376,433683.6,6478227.6,2997.3
10101,2376,433692.7,6478264.0,3000.7
10104,2376,433701.8,6478300.3,3006.1
10107,2376,433710.9,6478336.7,3011.4
10110,2376,433719.9,6478373.1,3017.5
10113,2376,433729.0,6478409.5,3021.2
10116,2376,433738.1,6478445.9,3024.1
10119,2376,433747.2,6478482.3,3029.3
10122,2376,433756.2,6478518.7,3034.2
10125,2376,433765.3,6478555.1,3039.4
10128,2376,433774.4,6478591.4,3043.5
10131,2376,433783.5,6478627.8,3048.6
10134,2376,433792.5,6478664.2,3053.4
10137,2376,433801.6,6478700.6,3055.3
10140,2376,433810.7,6478737.0,3056.2
10143,2376,433819.7,6478773.4,3057.5
10146,2376,433828.8,6478809.8,3058.8
10149,2376,433837.9,6478846.1,3057.2
10152,2376,433847.0,6478882.5,3059.4
10155,2376,433856.0,6478918.9,3063.3
10158,2376,433865.1,6478955.3,3067.7
10161,2376,433874.2,6478991.7,3074.0
10164,2376,433883.3,6479028.1,3079.2
10167,2376,433892.3,6479064.5,3078.9
10170,2376,433901.4,6479100.8,3076.8
10173,2376,433910.5,6479137.2,3080.1
10176,2376,433919.5,6479173.6,3078.7
10179,2376,433928.6,6479210.0,3073.8
10182,2376,433937.7,6479246.4,3073.2
10185,2376,433946.8,6479282.8,3078.2
10188,2376,433955.8,6479319.2,3086.0
10191,2376,433964.9,6479355.5,3092.5
10194,2376,433974.0,6479391.9,3097.4
10197,2376,433983.1,6479428.3,3099.7
10200,2376,433992.1,6479464.7,3099.4
10203,2376,434001.2,6479501.1,3097.5
10206,2376,434010.3,6479537.5,3098.3
10209,2376,434019.4,6479573.9,3100.6
10212,2376,434028.4,6479610.2,3104.5
10215,2376,434037.5,6479646.6,3106.7
10218,2376,434046.6,6479683.0,3107.4
10221,2376,434055.6,6479719.4,3108.3
10224,2376,434064.7,6479755.8,3109.3
10227,2376,434073.8,6479792.2,3110.2
10230,2376,434082.9,6479828.6,3109.7
10233,2376,434091.9,6479864.9,3110.6
10236,2376,434101.0,6479901.3,3112.2
10239,2376,434110.1,6479937.7,3113.7
10242,2376,434119.2,6479974.1,3116.4
10245,2376,434128.2,6480010.5,3121.5
10248,2376,434137.3,6480046.9,3125.8
10251,2376,434146.4,6480083.3,3131.2
10254,2376,434155.4,6480119.6,3136.7
10257,2376,434164.5,6480156.0,3144.8
10260,2376,434173.6,6480192.4,3151.8
10263,2376,434182.7,6480228.8,3166.3
10266,2376,434191.7,6480265.2,3181.6
10269,2376,434200.8,6480301.6,3197.5
10272,2376,434209.9,6480338.0,3209.8
10275,2376,434219.0,6480374.3,3220.3
10278,2376,434228.0,6480410.7,3228.4
10281,2376,434237.1,6480447.1,3237.1
10284,2376,434246.2,6480483.5,3243.0
10287,2376,434255.3,6480519.9,3243.9
10290,2376,434264.3,6480556.3,3243.0
10293,2376,434273.4,6480592.7,3241.8
10296,2376,434282.5,6480629.0,3242.6
10299,2376,434291.5,6480665.4,3247.4
10302,2376,434300.6,6480701.8,3250.3
10305,2376,434309.7,6480738.2,3254.0
10308,2376,434318.8,6480774.6,3260.8
10311,2376,434327.8,6480811.0,3271.2
10314,2376,434336.9,6480847.4,3283.4
10317,2376,434346.0,6480883.7,3297.2
10320,2376,434355.1,6480920.1,3313.8
10323,2376,434364.1,6480956.5,3334.7
10326,2376,434373.2,6480992.9,3346.3
10329,2376,434382.3,6481029.3,3354.5
10332,2376,434391.4,6481065.7,3357.7
10335,2376,434400.4,6481102.1,3362.2
10338,2376,434409.5,6481138.4,3365.0
10341,2376,434418.6,6481174.8,3363.4
10344,2376,434427.6,6481211.2,3359.6
10347,2376,434436.7,6481247.6,3354.9
10350,2376,434445.8,6481284.0,3351.8
10353,2376,434454.9,6481320.4,3350.1
10356,2376,434463.9,6481356.8,3352.2
10359,2376,434473.0,6481393.1,3355.1
9969,2373,433329.9,6476653.9,3056.1
9972,2373,433339.0,6476690.3,3058.7
9975,2373,433348.0,6476726.7,3062.1
9978,2373,433357.1,6476763.1,3064.3
9981,2373,433366.2,6476799.5,3071.1
9984,2373,433375.3,6476835.8,3080.0
9987,2373,433384.3,6476872.2,3082.8
9990,2373,433393.4,6476908.6,3085.2
9993,2373,433402.5,6476945.0,3088.0
9996,2373,433411.5,6476981.4,3089.1
9999,2373,433420.6,6477017.8,3091.2
10002,2373,433429.7,6477054.2,3092.7
10005,2373,433438.8,6477090.5,3095.9
10008,2373,433447.8,6477126.9,3098.6
10011,2373,433456.9,6477163.3,3101.1
10014,2373,433466.0,6477199.7,3104.1
10017,2373,433475.1,6477236.1,3106.2
10020,2373,433484.1,6477272.5,3109.0
10023,2373,433493.2,6477308.9,3115.2
10026,2373,433502.3,6477345.2,3123.5
10029,2373,433511.4,6477381.6,3132.6
10032,2373,433520.4,6477418.0,3143.2
10035,2373,433529.5,6477454.4,3150.7
10038,2373,433538.6,6477490.8,3156.4
10041,2373,433547.6,6477527.2,3160.2
10044,2373,433556.7,6477563.6,3161.7
10047,2373,433565.8,6477599.9,3160.0
10050,2373,433574.9,6477636.3,3161.5
10053,2373,433583.9,6477672.7,3159.0
10056,2373,433593.0,6477709.1,3149.1
10059,2373,433602.1,6477745.5,3121.8
10062,2373,433611.2,6477781.9,3070.8
10065,2373,433620.2,6477818.3,3041.4
10068,2373,433629.3,6477854.6,3019.7
10071,2373,433638.4,6477891.0,3008.5
10074,2373,433647.4,6477927.4,2998.0
10077,2373,433656.5,6477963.8,2988.7
10080,2373,433665.6,6478000.2,2987.3
10083,2373,433674.7,6478036.6,2987.0
10086,2373,433683.7,6478073.0,2987.2
10089,2373,433692.8,6478109.3,2988.7
10092,2373,433701.9,6478145.7,2992.4
10095,2373,433711.0,6478182.1,2994.2
10098,2373,433720.0,6478218.5,2994.9
10101,2373,433729.1,6478254.9,2997.9
10104,2373,433738.2,6478291.3,3002.9
10107,2373,433747.3,6478327.7,3008.7
10110,2373,433756.3,6478364.0,3014.8
10113,2373,433765.4,6478400.4,3019.3
10116,2373,433774.5,6478436.8,3022.5
10119,2373,433783.5,6478473.2,3026.7
10122,2373,433792.6,6478509.6,3032.9
10125,2373,433801.7,6478546.0,3037.4
10128,2373,433810.8,6478582.4,3041.6
10131,2373,433819.8,6478618.8,3045.9
10134,2373,433828.9,6478655.1,3049.9
10137,2373,433838.0,6478691.5,3052.1
10140,2373,433847.1,6478727.9,3053.7
10143,2373,433856.1,6478764.3,3055.9
10146,2373,433865.2,6478800.7,3057.8
10149,2373,433874.3,6478837.1,3058.8
10152,2373,433883.3,6478873.5,3061.1
10155,2373,433892.4,6478909.8,3065.8
10158,2373,433901.5,6478946.2,3072.9
10161,2373,433910.6,6478982.6,3078.4
10164,2373,433919.6,6479019.0,3080.6
10167,2373,433928.7,6479055.4,3081.2
10170,2373,433937.8,6479091.8,3079.5
10173,2373,433946.9,6479128.2,3082.7
10176,2373,433955.9,6479164.5,3081.7
10179,2373,433965.0,6479200.9,3081.4
10182,2373,433974.1,6479237.3,3081.8
10185,2373,433983.2,6479273.7,3086.6
10188,2373,433992.2,6479310.1,3090.2
10191,2373,434001.3,6479346.5,3095.7
10194,2373,434010.4,6479382.9,3098.9
10197,2373,434019.4,6479419.2,3099.5
10200,2373,434028.5,6479455.6,3097.6
10203,2373,434037.6,6479492.0,3097.0
10206,2373,434046.7,6479528.4,3097.4
10209,2373,434055.7,6479564.8,3099.5
10212,2373,434064.8,6479601.2,3103.5
10215,2373,434073.9,6479637.6,3107.0
10218,2373,434083.0,6479673.9,3108.5
10221,2373,434092.0,6479710.3,3109.2
10224,2373,434101.1,6479746.7,3110.4
10227,2373,434110.2,6479783.1,3110.4
10230,2373,434119.3,6479819.5,3109.6
10233,2373,434128.3,6479855.9,3110.0
10236,2373,434137.4,6479892.3,3111.2
10239,2373,434146.5,6479928.6,3112.4
10242,2373,434155.5,6479965.0,3114.6
10245,2373,434164.6,6480001.4,3118.4
10248,2373,434173.7,6480037.8,3122.5
10251,2373,434182.8,6480074.2,3128.2
10254,2373,434191.8,6480110.6,3134.9
10257,2373,434200.9,6480147.0,3143.5
10260,2373,434210.0,6480183.3,3157.4
10263,2373,434219.1,6480219.7,3173.0
10266,2373,434228.1,6480256.1,3193.0
10269,2373,434237.2,6480292.5,3203.1
10272,2373,434246.3,6480328.9,3212.1
10275,2373,434255.3,6480365.3,3219.5
10278,2373,434264.4,6480401.7,3226.7
10281,2373,434273.5,6480438.0,3232.4
10284,2373,434282.6,6480474.4,3236.1
10287,2373,434291.6,6480510.8,3238.2
10290,2373,434300.7,6480547.2,3236.3
10293,2373,434309.8,6480583.6,3236.4
10296,2373,434318.9,6480620.0,3237.9
10299,2373,434327.9,6480656.4,3242.1
10302,2373,434337.0,6480692.7,3243.6
10305,2373,434346.1,6480729.1,3246.8
10308,2373,434355.2,6480765.5,3254.6
10311,2373,434364.2,6480801.9,3264.6
10314,2373,434373.3,6480838.3,3277.1
10317,2373,434382.4,6480874.7,3291.5
10320,2373,434391.4,6480911.1,3310.7
10323,2373,434400.5,6480947.4,3333.9
10326,2373,434409.6,6480983.8,3350.6
10329,2373,434418.7,6481020.2,3357.5
10332,2373,434427.7,6481056.6,3361.0
10335,2373,434436.8,6481093.0,3363.9
10338,2373,434445.9,6481129.4,3365.8
10341,2373,434455.0,6481165.8,3364.0
10344,2373,434464.0,6481202.1,3360.1
10347,2373,434473.1,6481238.5,3355.9
10350,2373,434482.2,6481274.9,3353.9
10353,2373,434491.2,6481311.3,3351.1
10356,2373,434500.3,6481347.7,3351.8
10359,2373,434509.4,6481384.1,3353.8
9969,2370,433366.3,6476644.8,3053.4
9972,2370,433375.3,6476681.2,3055.7
9975,2370,433384.4,6476717.6,3059.6
9978,2370,433393.5,6476754.0,3061.3
9981,2370,433402.6,6476790.4,3064.5
9984,2370,433411.6,6476826.8,3074.5
9987,2370,433420.7,6476863.2,3077.4
9990,2370,433429.8,6476899.5,3081.6
9993,2370,433438.9,6476935.9,3084.6
9996,2370,433447.9,6476972.3,3087.9
9999,2370,433457.0,6477008.7,3091.3
10002,2370,433466.1,6477045.1,3094.7
10005,2370,433475.2,6477081.5,3099.2
10008,2370,433484.2,6477117.9,3101.2
10011,2370,433493.3,6477154.2,3101.8
10014,2370,433502.4,6477190.6,3105.6
10017,2370,433511.4,6477227.0,3108.8
10020,2370,433520.5,6477263.4,3111.5
10023,2370,433529.6,6477299.8,3116.6
10026,2370,433538.7,6477336.2,3127.1
10029,2370,433547.7,6477372.6,3138.6
10032,2370,433556.8,6477408.9,3147.6
10035,2370,433565.9,6477445.3,3154.2
10038,2370,433575.0,6477481.7,3160.6
10041,2370,433584.0,6477518.1,3164.4
10044,2370,433593.1,6477554.5,3164.5
10047,2370,433602.2,6477590.9,3162.3
10050,2370,433611.2,6477627.3,3166.0
10053,2370,433620.3,6477663.6,3165.3
10056,2370,433629.4,6477700.0,3155.8
10059,2370,433638.5,6477736.4,3129.9
10062,2370,433647.5,6477772.8,3077.8
10065,2370,433656.6,6477809.2,3034.9
10068,2370,433665.7,6477845.6,3016.2
10071,2370,433674.8,6477882.0,3003.7
10074,2370,433683.8,6477918.3,2993.0
10077,2370,433692.9,6477954.7,2982.5
10080,2370,433702.0,6477991.1,2973.3
10083,2370,433711.1,6478027.5,2970.2
10086,2370,433720.1,6478063.9,2971.0
10089,2370,433729.2,6478100.3,2979.8
10092,2370,433738.3,6478136.7,2984.2
10095,2370,433747.3,6478173.0,2988.6
10098,2370,433756.4,6478209.4,2991.6
10101,2370,433765.5,6478245.8,2996.7
10104,2370,433774.6,6478282.2,3002.1
10107,2370,433783.6,6478318.6,3006.4
10110,2370,433792.7,6478355.0,3012.6
10113,2370,433801.8,6478391.4,3017.2
10116,2370,433810.9,6478427.7,3021.3
10119,2370,433819.9,6478464.1,3027.6
10122,2370,433829.0,6478500.5,3030.3
10125,2370,433838.1,6478536.9,3033.5
10128,2370,433847.2,6478573.3,3037.9
10131,2370,433856.2,6478609.7,3042.5
10134,2370,433865.3,6478646.1,3046.9
10137,2370,433874.4,6478682.4,3049.1
10140,2370,433883.4,6478718.8,3050.3
10143,2370,433892.5,6478755.2,3053.4
10146,2370,433901.6,6478791.6,3056.1
10149,2370,433910.7,6478828.0,3059.4
10152,2370,433919.7,6478864.4,3063.5
10155,2370,433928.8,6478900.8,3068.8
10158,2370,433937.9,6478937.1,3076.9
10161,2370,433947.0,6478973.5,3079.3
10164,2370,433956.0,6479009.9,3079.3
10167,2370,433965.1,6479046.3,3080.9
10170,2370,433974.2,6479082.7,3081.7
10173,2370,433983.2,6479119.1,3082.9
10176,2370,433992.3,6479155.5,3084.3
10179,2370,434001.4,6479191.8,3085.8
10182,2370,434010.5,6479228.2,3090.2
10185,2370,434019.5,6479264.6,3095.3
10188,2370,434028.6,6479301.0,3096.1
10191,2370,434037.7,6479337.4,3098.8
10194,2370,434046.8,6479373.8,3101.1
10197,2370,434055.8,6479410.2,3102.1
10200,2370,434064.9,6479446.5,3100.0
10203,2370,434074.0,6479482.9,3099.4
10206,2370,434083.1,6479519.3,3099.8
10209,2370,434092.1,6479555.7,3101.2
10212,2370,434101.2,6479592.1,3104.5
10215,2370,434110.3,6479628.5,3108.2
10218,2370,434119.3,6479664.9,3110.5
10221,2370,434128.4,6479701.3,3111.1
10224,2370,434137.5,6479737.6,3112.0
10227,2370,434146.6,6479774.0,3111.1
10230,2370,434155.6,6479810.4,3110.8
10233,2370,434164.7,6479846.8,3110.6
10236,2370,434173.8,6479883.2,3112.0
10239,2370,434182.9,6479919.6,3112.6
10242,2370,434191.9,6479956.0,3114.9
10245,2370,434201.0,6479992.3,3117.7
10248,2370,434210.1,6480028.7,3122.3
10251,2370,434219.1,6480065.1,3127.1
10254,2370,434228.2,6480101.5,3133.7
10257,2370,434237.3,6480137.9,3143.6
10260,2370,434246.4,6480174.3,3162.1
10263,2370,434255.4,6480210.7,3181.8
10266,2370,434264.5,6480247.0,3198.7
10269,2370,434273.6,6480283.4,3207.4
10272,2370,434282.7,6480319.8,3213.7
10275,2370,434291.7,6480356.2,3219.4
10278,2370,434300.8,6480392.6,3222.1
10281,2370,434309.9,6480429.0,3225.6
10284,2370,434319.0,6480465.4,3230.4
10287,2370,434328.0,6480501.7,3230.6
10290,2370,434337.1,6480538.1,3230.1
10293,2370,434346.2,6480574.5,3230.8
10296,2370,434355.2,6480610.9,3234.1
10299,2370,434364.3,6480647.3,3236.9
10302,2370,434373.4,6480683.7,3239.8
10305,2370,434382.5,6480720.1,3243.1
10308,2370,434391.5,6480756.4,3250.2
10311,2370,434400.6,6480792.8,3255.6
10314,2370,434409.7,6480829.2,3267.3
10317,2370,434418.8,6480865.6,3283.5
10320,2370,434427.8,6480902.0,3303.9
10323,2370,434436.9,6480938.4,3330.8
10326,2370,434446.0,6480974.8,3351.1
10329,2370,434455.0,6481011.1,3358.7
10332,2370,434464.1,6481047.5,3362.8
10335,2370,434473.2,6481083.9,3366.0
10338,2370,434482.3,6481120.3,3366.8
10341,2370,434491.3,6481156.7,3364.1
10344,2370,434500.4,6481193.1,3362.0
10347,2370,434509.5,6481229.5,3358.9
10350,2370,434518.6,6481265.8,3357.2
10353,2370,434527.6,6481302.2,3354.7
10356,2370,434536.7,6481338.6,3352.9
10359,2370,434545.8,6481375.0,3353.9
9969,2367,433402.7,6476635.8,3045.3
9972,2367,433411.7,6476672.2,3051.4
9975,2367,433420.8,6476708.5,3054.7
9978,2367,433429.9,6476744.9,3058.4
9981,2367,433439.0,6476781.3,3064.6
9984,2367,433448.0,6476817.7,3068.4
9987,2367,433457.1,6476854.1,3071.3
9990,2367,433466.2,6476890.5,3075.7
9993,2367,433475.2,6476926.9,3080.3
9996,2367,433484.3,6476963.2,3086.0
9999,2367,433493.4,6476999.6,3090.7
10002,2367,433502.5,6477036.0,3096.7
10005,2367,433511.5,6477072.4,3101.8
10008,2367,433520.6,6477108.8,3102.8
10011,2367,433529.7,6477145.2,3104.4
10014,2367,433538.8,6477181.6,3107.7
10017,2367,433547.8,6477217.9,3109.7
10020,2367,433556.9,6477254.3,3112.5
10023,2367,433566.0,6477290.7,3119.5
10026,2367,433575.0,6477327.1,3130.9
10029,2367,433584.1,6477363.5,3142.0
10032,2367,433593.2,6477399.9,3148.4
10035,2367,433602.3,6477436.3,3156.0
10038,2367,433611.3,6477472.6,3162.9
10041,2367,433620.4,6477509.0,3168.6
10044,2367,433629.5,6477545.4,3169.9
10047,2367,433638.6,6477581.8,3171.0
10050,2367,433647.6,6477618.2,3174.6
10053,2367,433656.7,6477654.6,3170.0
10056,2367,433665.8,6477691.0,3161.3
10059,2367,433674.9,6477727.3,3134.7
10062,2367,433683.9,6477763.7,3084.1
10065,2367,433693.0,6477800.1,3040.0
10068,2367,433702.1,6477836.5,3013.5
10071,2367,433711.1,6477872.9,2997.8
10074,2367,433720.2,6477909.3,2980.6
10077,2367,433729.3,6477945.7,2969.5
10080,2367,433738.4,6477982.0,2959.9
10083,2367,433747.4,6478018.4,2955.5
10086,2367,433756.5,6478054.8,2957.1
10089,2367,433765.6,6478091.2,2959.2
10092,2367,433774.7,6478127.6,2969.0
10095,2367,433783.7,6478164.0,2978.6
10098,2367,433792.8,6478200.4,2987.0
10101,2367,433801.9,6478236.7,2993.1
10104,2367,433811.0,6478273.1,3000.2
10107,2367,433820.0,6478309.5,3007.8
10110,2367,433829.1,6478345.9,3013.9
10113,2367,433838.2,6478382.3,3018.5
10116,2367,433847.2,6478418.7,3021.1
10119,2367,433856.3,6478455.1,3025.6
10122,2367,433865.4,6478491.4,3027.7
10125,2367,433874.5,6478527.8,3029.9
10128,2367,433883.5,6478564.2,3033.0
10131,2367,433892.6,6478600.6,3037.9
10134,2367,433901.7,6478637.0,3041.9
10137,2367,433910.8,6478673.4,3045.1
10140,2367,433919.8,6478709.8,3049.4
10143,2367,433928.9,6478746.1,3052.9
10146,2367,433938.0,6478782.5,3055.7
10149,2367,433947.0,6478818.9,3058.7
10152,2367,433956.1,6478855.3,3064.3
10155,2367,433965.2,6478891.7,3069.3
10158,2367,433974.3,6478928.1,3074.4
10161,2367,433983.3,6478964.5,3075.7
10164,2367,433992.4,6479000.8,3076.9
10167,2367,434001.5,6479037.2,3077.6
10170,2367,434010.6,6479073.6,3079.0
10173,2367,434019.6,6479110.0,3080.7
10176,2367,434028.7,6479146.4,3084.0
10179,2367,434037.8,6479182.8,3089.1
10182,2367,434046.9,6479219.2,3094.6
10185,2367,434055.9,6479255.5,3100.1
10188,2367,434065.0,6479291.9,3101.5
10191,2367,434074.1,6479328.3,3102.8
10194,2367,434083.1,6479364.7,3104.5
10197,2367,434092.2,6479401.1,3104.7
10200,2367,434101.3,6479437.5,3104.4
10203,2367,434110.4,6479473.9,3104.2
10206,2367,434119.4,6479510.2,3103.7
10209,2367,434128.5,6479546.6,3103.6
10212,2367,434137.6,6479583.0,3107.9
10215,2367,434146.7,6479619.4,3110.7
10218,2367,434155.7,6479655.8,3113.0
10221,2367,434164.8,6479692.2,3113.7
10224,2367,434173.9,6479728.6,3114.3
10227,2367,434182.9,6479765.0,3113.4
10230,2367,434192.0,6479801.3,3112.5
10233,2367,434201.1,6479837.7,3113.2
10236,2367,434210.2,6479874.1,3113.7
10239,2367,434219.2,6479910.5,3113.8
10242,2367,434228.3,6479946.9,3115.2
10245,2367,434237.4,6479983.3,3119.3
10248,2367,434246.5,6480019.7,3122.8
10251,2367,434255.5,6480056.0,3128.7
10254,2367,434264.6,6480092.4,3133.9
10257,2367,434273.7,6480128.8,3145.8
10260,2367,434282.8,6480165.2,3168.2
10263,2367,434291.8,6480201.6,3187.7
10266,2367,434300.9,6480238.0,3201.2
10269,2367,434310.0,6480274.4,3206.6
10272,2367,434319.0,6480310.7,3210.7
10275,2367,434328.1,6480347.1,3214.9
10278,2367,434337.2,6480383.5,3217.7
10281,2367,434346.3,6480419.9,3220.3
10284,2367,434355.3,6480456.3,3222.5
10287,2367,434364.4,6480492.7,3224.0
10290,2367,434373.5,6480529.1,3224.3
10293,2367,434382.6,6480565.4,3225.8
10296,2367,434391.6,6480601.8,3229.4
10299,2367,434400.7,6480638.2,3232.8
10302,2367,434409.8,6480674.6,3236.0
10305,2367,434418.9,6480711.0,3239.0
10308,2367,434427.9,6480747.4,3244.3
10311,2367,434437.0,6480783.8,3252.2
10314,2367,434446.1,6480820.1,3263.7
10317,2367,434455.1,6480856.5,3277.6
10320,2367,434464.2,6480892.9,3296.8
10323,2367,434473.3,6480929.3,3327.1
10326,2367,434482.4,6480965.7,3352.1
10329,2367,434491.4,6481002.1,3361.2
10332,2367,434500.5,6481038.5,3364.8
10335,2367,434509.6,6481074.8,3366.8
10338,2367,434518.7,6481111.2,3367.1
10341,2367,434527.7,6481147.6,3365.3
10344,2367,434536.8,6481184.0,3362.0
10347,2367,434545.9,6481220.4,3360.9
10350,2367,434554.9,6481256.8,3360.0
10353,2367,434564.0,6481293.2,3359.0
10356,2367,434573.1,6481329.5,3356.9
10359,2367,434582.2,6481365.9,3357.6
9969,2364,433439.0,6476626.7,3034.8
9972,2364,433448.1,6476663.1,3042.6
9975,2364,433457.2,6476699.5,3046.0
9978,2364,433466.3,6476735.9,3052.9
9981,2364,433475.3,6476772.2,3059.2
9984,2364,433484.4,6476808.6,3063.2
9987,2364,433493.5,6476845.0,3066.8
9990,2364,433502.6,6476881.4,3072.4
9993,2364,433511.6,6476917.8,3076.3
9996,2364,433520.7,6476954.2,3084.5
9999,2364,433529.8,6476990.6,3091.4
10002,2364,433538.9,6477026.9,3097.9
10005,2364,433547.9,6477063.3,3103.2
10008,2364,433557.0,6477099.7,3105.1
10011,2364,433566.1,6477136.1,3105.8
10014,2364,433575.1,6477172.5,3108.6
10017,2364,433584.2,6477208.9,3111.9
10020,2364,433593.3,6477245.3,3117.9
10023,2364,433602.4,6477281.6,3125.1
10026,2364,433611.4,6477318.0,3134.2
10029,2364,433620.5,6477354.4,3145.7
10032,2364,433629.6,6477390.8,3151.3
10035,2364,433638.7,6477427.2,3158.0
10038,2364,433647.7,6477463.6,3165.0
10041,2364,433656.8,6477500.0,3172.2
10044,2364,433665.9,6477536.3,3176.0
10047,2364,433674.9,6477572.7,3178.4
10050,2364,433684.0,6477609.1,3180.6
10053,2364,433693.1,6477645.5,3176.7
10056,2364,433702.2,6477681.9,3160.1
10059,2364,433711.2,6477718.3,3137.5
10062,2364,433720.3,6477754.7,3084.2
10065,2364,433729.4,6477791.0,3038.6
10068,2364,433738.5,6477827.4,3007.1
10071,2364,433747.5,6477863.8,2988.8
10074,2364,433756.6,6477900.2,2972.6
10077,2364,433765.7,6477936.6,2962.0
10080,2364,433774.8,6477973.0,2952.7
10083,2364,433783.8,6478009.4,2948.1
10086,2364,433792.9,6478045.7,2945.0
10089,2364,433802.0,6478082.1,2947.9
10092,2364,433811.0,6478118.5,2951.3
10095,2364,433820.1,6478154.9,2961.7
10098,2364,433829.2,6478191.3,2977.1
10101,2364,433838.3,6478227.7,2986.7
10104,2364,433847.3,6478264.1,2996.0
10107,2364,433856.4,6478300.4,3004.8
10110,2364,433865.5,6478336.8,3013.0
10113,2364,433874.6,6478373.2,3017.3
10116,2364,433883.6,6478409.6,3020.1
10119,2364,433892.7,6478446.0,3021.4
10122,2364,433901.8,6478482.4,3023.9
10125,2364,433910.8,6478518.8,3023.5
10128,2364,433919.9,6478555.1,3024.0
10131,2364,433929.0,6478591.5,3028.6
10134,2364,433938.1,6478627.9,3031.6
10137,2364,433947.1,6478664.3,3034.6
10140,2364,433956.2,6478700.7,3044.1
10143,2364,433965.3,6478737.1,3050.5
10146,2364,433974.4,6478773.5,3055.6
10149,2364,433983.4,6478809.8,3059.7
10152,2364,433992.5,6478846.2,3064.8
10155,2364,434001.6,6478882.6,3069.6
10158,2364,434010.7,6478919.0,3070.9
10161,2364,434019.7,6478955.4,3072.0
10164,2364,434028.8,6478991.8,3072.7
10167,2364,434037.9,6479028.2,3072.8
10170,2364,434046.9,6479064.5,3074.0
10173,2364,434056.0,6479100.9,3077.5
10176,2364,434065.1,6479137.3,3082.3
10179,2364,434074.2,6479173.7,3091.5
10182,2364,434083.2,6479210.1,3100.5
10185,2364,434092.3,6479246.5,3104.6
10188,2364,434101.4,6479282.9,3106.6
10191,2364,434110.5,6479319.2,3107.8
10194,2364,434119.5,6479355.6,3108.0
10197,2364,434128.6,6479392.0,3108.9
10200,2364,434137.7,6479428.4,3109.6
10203,2364,434146.7,6479464.8,3110.1
10206,2364,434155.8,6479501.2,3107.6
10209,2364,434164.9,6479537.6,3108.6
10212,2364,434174.0,6479573.9,3112.0
10215,2364,434183.0,6479610.3,3114.5
10218,2364,434192.1,6479646.7,3115.6
10221,2364,434201.2,6479683.1,3116.3
10224,2364,434210.3,6479719.5,3116.9
10227,2364,434219.3,6479755.9,3116.0
10230,2364,434228.4,6479792.3,3116.2
10233,2364,434237.5,6479828.6,3116.1
10236,2364,434246.6,6479865.0,3115.5
10239,2364,434255.6,6479901.4,3114.7
10242,2364,434264.7,6479937.8,3115.9
10245,2364,434273.8,6479974.2,3119.6
10248,2364,434282.8,6480010.6,3124.4
10251,2364,434291.9,6480047.0,3129.6
10254,2364,434301.0,6480083.3,3137.3
10257,2364,434310.1,6480119.7,3155.4
10260,2364,434319.1,6480156.1,3176.5
10263,2364,434328.2,6480192.5,3192.7
10266,2364,434337.3,6480228.9,3203.1
10269,2364,434346.4,6480265.3,3207.6
10272,2364,434355.4,6480301.7,3209.4
10275,2364,434364.5,6480338.0,3211.5
10278,2364,434373.6,6480374.4,3213.3
10281,2364,434382.7,6480410.8,3215.2
10284,2364,434391.7,6480447.2,3218.0
10287,2364,434400.8,6480483.6,3219.6
10290,2364,434409.9,6480520.0,3220.8
10293,2364,434418.9,6480556.4,3222.7
10296,2364,434428.0,6480592.8,3225.3
10299,2364,434437.1,6480629.1,3229.2
10302,2364,434446.2,6480665.5,3232.8
10305,2364,434455.2,6480701.9,3236.2
10308,2364,434464.3,6480738.3,3239.6
10311,2364,434473.4,6480774.7,3245.1
10314,2364,434482.5,6480811.1,3253.5
10317,2364,434491.5,6480847.5,3270.5
10320,2364,434500.6,6480883.8,3296.3
10323,2364,434509.7,6480920.2,3332.0
10326,2364,434518.7,6480956.6,3354.1
10329,2364,434527.8,6480993.0,3364.5
10332,2364,434536.9,6481029.4,3368.4
10335,2364,434546.0,6481065.8,3370.0
10338,2364,434555.0,6481102.2,3369.4
10341,2364,434564.1,6481138.5,3368.7
10344,2364,434573.2,6481174.9,3365.6
10347,2364,434582.3,6481211.3,3364.0
10350,2364,434591.3,6481247.7,3363.7
10353,2364,434600.4,6481284.1,3363.6
10356,2364,434609.5,6481320.5,3362.2
10359,2364,434618.6,6481356.9,3361.1
9969,2361,433475.4,6476617.6,3030.9
9972,2361,433484.5,6476654.0,3035.7
9975,2361,433493.6,6476690.4,3040.3
9978,2361,433502.7,6476726.8,3043.7
9981,2361,433511.7,6476763.2,3050.2
9984,2361,433520.8,6476799.6,3056.3
9987,2361,433529.9,6476835.9,3062.6
9990,2361,433538.9,6476872.3,3067.9
9993,2361,433548.0,6476908.7,3075.0
9996,2361,433557.1,6476945.1,3084.4
9999,2361,433566.2,6476981.5,3092.8
10002,2361,433575.2,6477017.9,3098.0
10005,2361,433584.3,6477054.3,3103.8
10008,2361,433593.4,6477090.6,3106.0
10011,2361,433602.5,6477127.0,3107.6
10014,2361,433611.5,6477163.4,3109.8
10017,2361,433620.6,6477199.8,3113.4
10020,2361,433629.7,6477236.2,3119.4
10023,2361,433638.7,6477272.6,3129.1
10026,2361,433647.8,6477309.0,3141.7
10029,2361,433656.9,6477345.3,3151.5
10032,2361,433666.0,6477381.7,3156.3
10035,2361,433675.0,6477418.1,3160.2
10038,2361,433684.1,6477454.5,3167.1
10041,2361,433693.2,6477490.9,3173.7
10044,2361,433702.3,6477527.3,3179.8
10047,2361,433711.3,6477563.7,3181.9
10050,2361,433720.4,6477600.0,3184.9
10053,2361,433729.5,6477636.4,3181.4
10056,2361,433738.6,6477672.8,3163.1
10059,2361,433747.6,6477709.2,3120.5
10062,2361,433756.7,6477745.6,3061.5
10065,2361,433765.8,6477782.0,3019.8
10068,2361,433774.8,6477818.4,2996.6
10071,2361,433783.9,6477854.7,2978.1
10074,2361,433793.0,6477891.1,2968.6
10077,2361,433802.1,6477927.5,2957.7
10080,2361,433811.1,6477963.9,2949.8
10083,2361,433820.2,6478000.3,2945.9
10086,2361,433829.3,6478036.7,2944.0
10089,2361,433838.4,6478073.1,2942.8
10092,2361,433847.4,6478109.4,2943.6
10095,2361,433856.5,6478145.8,2948.9
10098,2361,433865.6,6478182.2,2964.8
10101,2361,433874.6,6478218.6,2972.2
10104,2361,433883.7,6478255.0,2984.9
10107,2361,433892.8,6478291.4,2997.6
10110,2361,433901.9,6478327.8,3006.8
10113,2361,433910.9,6478364.1,3011.2
10116,2361,433920.0,6478400.5,3011.4
10119,2361,433929.1,6478436.9,3014.5
10122,2361,433938.2,6478473.3,3012.7
10125,2361,433947.2,6478509.7,3010.5
10128,2361,433956.3,6478546.1,3007.3
10131,2361,433965.4,6478582.5,3011.9
10134,2361,433974.5,6478618.8,3009.4
10137,2361,433983.5,6478655.2,3011.0
10140,2361,433992.6,6478691.6,3028.1
10143,2361,434001.7,6478728.0,3042.0
10146,2361,434010.7,6478764.4,3054.7
10149,2361,434019.8,6478800.8,3061.5
10152,2361,434028.9,6478837.2,3064.3
10155,2361,434038.0,6478873.5,3066.6
10158,2361,434047.0,6478909.9,3066.8
10161,2361,434056.1,6478946.3,3066.3
10164,2361,434065.2,6478982.7,3068.3
10167,2361,434074.3,6479019.1,3068.3
10170,2361,434083.3,6479055.5,3070.2
10173,2361,434092.4,6479091.9,3074.4
10176,2361,434101.5,6479128.2,3081.3
10179,2361,434110.6,6479164.6,3093.5
10182,2361,434119.6,6479201.0,3103.5
10185,2361,434128.7,6479237.4,3108.3
10188,2361,434137.8,6479273.8,3111.4
10191,2361,434146.8,6479310.2,3112.6
10194,2361,434155.9,6479346.6,3112.9
10197,2361,434165.0,6479382.9,3112.4
10200,2361,434174.1,6479419.3,3113.7
10203,2361,434183.1,6479455.7,3115.3
10206,2361,434192.2,6479492.1,3114.4
10209,2361,434201.3,6479528.5,3115.2
10212,2361,434210.4,6479564.9,3117.0
10215,2361,434219.4,6479601.3,3117.8
10218,2361,434228.5,6479637.6,3118.2
10221,2361,434237.6,6479674.0,3119.0
10224,2361,434246.6,6479710.4,3119.6
10227,2361,434255.7,6479746.8,3120.2
10230,2361,434264.8,6479783.2,3119.6
10233,2361,434273.9,6479819.6,3117.9
10236,2361,434282.9,6479856.0,3117.0
10239,2361,434292.0,6479892.3,3116.3
10242,2361,434301.1,6479928.7,3117.0
10245,2361,434310.2,6479965.1,3119.9
10248,2361,434319.2,6480001.5,3124.9
10251,2361,434328.3,6480037.9,3130.6
10254,2361,434337.4,6480074.3,3140.5
10257,2361,434346.5,6480110.7,3162.6
10260,2361,434355.5,6480147.0,3188.4
10263,2361,434364.6,6480183.4,3200.3
10266,2361,434373.7,6480219.8,3206.9
10269,2361,434382.7,6480256.2,3209.8
10272,2361,434391.8,6480292.6,3210.9
10275,2361,434400.9,6480329.0,3210.9
10278,2361,434410.0,6480365.4,3212.0
10281,2361,434419.0,6480401.7,3213.5
10284,2361,434428.1,6480438.1,3215.6
10287,2361,434437.2,6480474.5,3217.5
10290,2361,434446.3,6480510.9,3219.1
10293,2361,434455.3,6480547.3,3221.1
10296,2361,434464.4,6480583.7,3224.1
10299,2361,434473.5,6480620.1,3228.1
10302,2361,434482.5,6480656.4,3230.9
10305,2361,434491.6,6480692.8,3232.7
10308,2361,434500.7,6480729.2,3234.5
10311,2361,434509.8,6480765.6,3237.7
10314,2361,434518.8,6480802.0,3244.8
10317,2361,434527.9,6480838.4,3256.4
10320,2361,434537.0,6480874.8,3280.7
10323,2361,434546.1,6480911.2,3324.6
10326,2361,434555.1,6480947.5,3356.4
10329,2361,434564.2,6480983.9,3369.8
10332,2361,434573.3,6481020.3,3373.7
10335,2361,434582.4,6481056.7,3375.0
10338,2361,434591.4,6481093.1,3373.8
10341,2361,434600.5,6481129.5,3373.7
10344,2361,434609.6,6481165.9,3370.8
10347,2361,434618.6,6481202.2,3367.5
10350,2361,434627.7,6481238.6,3368.6
10353,2361,434636.8,6481275.0,3370.5
10356,2361,434645.9,6481311.4,3369.6
10359,2361,434654.9,6481347.8,3365.3
9969,2358,433511.8,6476608.5,3027.9
9972,2358,433520.9,6476644.9,3030.9
9975,2358,433530.0,6476681.3,3035.5
9978,2358,433539.0,6476717.7,3038.2
9981,2358,433548.1,6476754.1,3044.3
9984,2358,433557.2,6476790.5,3050.6
9987,2358,433566.3,6476826.9,3056.7
9990,2358,433575.3,6476863.2,3062.3
9993,2358,433584.4,6476899.6,3067.6
9996,2358,433593.5,6476936.0,3076.0
9999,2358,433602.5,6476972.4,3089.5
10002,2358,433611.6,6477008.8,3096.8
10005,2358,433620.7,6477045.2,3103.9
10008,2358,433629.8,6477081.6,3106.6
10011,2358,433638.8,6477118.0,3107.7
10014,2358,433647.9,6477154.3,3110.0
10017,2358,433657.0,6477190.7,3114.0
10020,2358,433666.1,6477227.1,3121.8
10023,2358,433675.1,6477263.5,3134.5
10026,2358,433684.2,6477299.9,3147.6
10029,2358,433693.3,6477336.3,3155.3
10032,2358,433702.4,6477372.7,3159.4
10035,2358,433711.4,6477409.0,3164.2
10038,2358,433720.5,6477445.4,3171.9
10041,2358,433729.6,6477481.8,3177.8
10044,2358,433738.6,6477518.2,3180.7
10047,2358,433747.7,6477554.6,3183.3
10050,2358,433756.8,6477591.0,3185.9
10053,2358,433765.9,6477627.4,3183.6
10056,2358,433774.9,6477663.7,3160.8
10059,2358,433784.0,6477700.1,3110.3
10062,2358,433793.1,6477736.5,3060.5
10065,2358,433802.2,6477772.9,3009.6
10068,2358,433811.2,6477809.3,2980.7
10071,2358,433820.3,6477845.7,2967.1
10074,2358,433829.4,6477882.1,2960.5
10077,2358,433838.5,6477918.4,2955.2
10080,2358,433847.5,6477954.8,2948.9
10083,2358,433856.6,6477991.2,2946.4
10086,2358,433865.7,6478027.6,2945.3
10089,2358,433874.7,6478064.0,2943.2
10092,2358,433883.8,6478100.4,2940.1
10095,2358,433892.9,6478136.8,2941.6
10098,2358,433902.0,6478173.1,2947.4
10101,2358,433911.0,6478209.5,2958.0
10104,2358,433920.1,6478245.9,2969.6
10107,2358,433929.2,6478282.3,2985.8
10110,2358,433938.3,6478318.7,2989.8
10113,2358,433947.3,6478355.1,2992.4
10116,2358,433956.4,6478391.5,2997.5
10119,2358,433965.5,6478427.8,2993.3
10122,2358,433974.5,6478464.2,2990.1
10125,2358,433983.6,6478500.6,2986.6
10128,2358,433992.7,6478537.0,2989.5
10131,2358,434001.8,6478573.4,2985.8
10134,2358,434010.8,6478609.8,2986.6
10137,2358,434019.9,6478646.2,2991.2
10140,2358,434029.0,6478682.5,3008.5
10143,2358,434038.1,6478718.9,3027.1
10146,2358,434047.1,6478755.3,3038.8
10149,2358,434056.2,6478791.7,3057.0
10152,2358,434065.3,6478828.1,3059.3
10155,2358,434074.4,6478864.5,3059.0
10158,2358,434083.4,6478900.9,3056.7
10161,2358,434092.5,6478937.2,3059.0
10164,2358,434101.6,6478973.6,3059.9
10167,2358,434110.6,6479010.0,3063.3
10170,2358,434119.7,6479046.4,3067.2
10173,2358,434128.8,6479082.8,3074.0
10176,2358,434137.9,6479119.2,3083.6
10179,2358,434146.9,6479155.6,3091.6
10182,2358,434156.0,6479191.9,3101.9
10185,2358,434165.1,6479228.3,3107.9
10188,2358,434174.2,6479264.7,3111.6
10191,2358,434183.2,6479301.1,3113.6
10194,2358,434192.3,6479337.5,3113.5
10197,2358,434201.4,6479373.9,3114.2
10200,2358,434210.4,6479410.3,3116.4
10203,2358,434219.5,6479446.6,3118.7
10206,2358,434228.6,6479483.0,3118.7
10209,2358,434237.7,6479519.4,3119.1
10212,2358,434246.7,6479555.8,3119.8
10215,2358,434255.8,6479592.2,3119.5
10218,2358,434264.9,6479628.6,3120.2
10221,2358,434274.0,6479665.0,3121.3
10224,2358,434283.0,6479701.3,3122.2
10227,2358,434292.1,6479737.7,3121.7
10230,2358,434301.2,6479774.1,3121.8
10233,2358,434310.3,6479810.5,3119.2
10236,2358,434319.3,6479846.9,3117.5
10239,2358,434328.4,6479883.3,3117.2
10242,2358,434337.5,6479919.7,3118.4
10245,2358,434346.5,6479956.0,3120.8
10248,2358,434355.6,6479992.4,3125.0
10251,2358,434364.7,6480028.8,3132.3
10254,2358,434373.8,6480065.2,3146.4
10257,2358,434382.8,6480101.6,3172.1
10260,2358,434391.9,6480138.0,3190.1
10263,2358,434401.0,6480174.4,3203.1
10266,2358,434410.1,6480210.7,3209.2
10269,2358,434419.1,6480247.1,3213.2
10272,2358,434428.2,6480283.5,3213.5
10275,2358,434437.3,6480319.9,3212.9
10278,2358,434446.3,6480356.3,3214.0
10281,2358,434455.4,6480392.7,3214.8
10284,2358,434464.5,6480429.1,3216.0
10287,2358,434473.6,6480465.4,3217.9
10290,2358,434482.6,6480501.8,3219.1
10293,2358,434491.7,6480538.2,3220.0
10296,2358,434500.8,6480574.6,3222.8
10299,2358,434509.9,6480611.0,3226.3
10302,2358,434518.9,6480647.4,3230.1
10305,2358,434528.0,6480683.8,3231.7
10308,2358,434537.1,6480720.1,3232.9
10311,2358,434546.2,6480756.5,3234.7
10314,2358,434555.2,6480792.9,3238.9
10317,2358,434564.3,6480829.3,3247.8
10320,2358,434573.4,6480865.7,3272.5
10323,2358,434582.4,6480902.1,3320.4
10326,2358,434591.5,6480938.5,3357.1
10329,2358,434600.6,6480974.8,3373.8
10332,2358,434609.7,6481011.2,3378.8
10335,2358,434618.7,6481047.6,3381.1
10338,2358,434627.8,6481084.0,3379.8
10341,2358,434636.9,6481120.4,3378.6
10344,2358,434646.0,6481156.8,3377.3
10347,2358,434655.0,6481193.2,3373.6
10350,2358,434664.1,6481229.5,3373.4
10353,2358,434673.2,6481265.9,3376.0
10356,2358,434682.3,6481302.3,3374.8
10359,2358,434691.3,6481338.7,3366.4
9969,2355,433548.2,6476599.5,3017.0
9972,2355,433557.3,6476635.9,3027.3
9975,2355,433566.4,6476672.2,3031.2
9978,2355,433575.4,6476708.6,3034.9
9981,2355,433584.5,6476745.0,3041.5
9984,2355,433593.6,6476781.4,3046.4
9987,2355,433602.6,6476817.8,3050.4
9990,2355,433611.7,6476854.2,3054.6
9993,2355,433620.8,6476890.6,3058.1
9996,2355,433629.9,6476926.9,3067.0
9999,2355,433638.9,6476963.3,3075.9
10002,2355,433648.0,6476999.7,3086.4
10005,2355,433657.1,6477036.1,3096.5
10008,2355,433666.2,6477072.5,3104.9
10011,2355,433675.2,6477108.9,3107.0
10014,2355,433684.3,6477145.3,3110.4
10017,2355,433693.4,6477181.7,3114.5
10020,2355,433702.4,6477218.0,3122.6
10023,2355,433711.5,6477254.4,3138.1
10026,2355,433720.6,6477290.8,3150.8
10029,2355,433729.7,6477327.2,3157.3
10032,2355,433738.7,6477363.6,3160.8
10035,2355,433747.8,6477400.0,3165.3
10038,2355,433756.9,6477436.3,3173.4
10041,2355,433766.0,6477472.7,3178.3
10044,2355,433775.0,6477509.1,3180.2
10047,2355,433784.1,6477545.5,3184.1
10050,2355,433793.2,6477581.9,3187.4
10053,2355,433802.3,6477618.3,3184.0
10056,2355,433811.3,6477654.7,3157.7
10059,2355,433820.4,6477691.1,3103.6
10062,2355,433829.5,6477727.4,3052.9
10065,2355,433838.5,6477763.8,3002.0
10068,2355,433847.6,6477800.2,2975.2
10071,2355,433856.7,6477836.6,2963.1
10074,2355,433865.8,6477873.0,2957.7
10077,2355,433874.8,6477909.4,2952.1
10080,2355,433883.9,6477945.8,2947.5
10083,2355,433893.0,6477982.1,2946.6
10086,2355,433902.1,6478018.5,2946.3
10089,2355,433911.1,6478054.9,2944.3
10092,2355,433920.2,6478091.3,2940.7
10095,2355,433929.3,6478127.7,2939.3
10098,2355,433938.3,6478164.1,2940.8
10101,2355,433947.4,6478200.5,2944.6
10104,2355,433956.5,6478236.8,2948.8
10107,2355,433965.6,6478273.2,2959.3
10110,2355,433974.6,6478309.6,2964.4
10113,2355,433983.7,6478346.0,2965.0
10116,2355,433992.8,6478382.4,2965.9
10119,2355,434001.9,6478418.8,2968.4
10122,2355,434010.9,6478455.2,2967.0
10125,2355,434020.0,6478491.5,2966.7
10128,2355,434029.1,6478527.9,2969.6
10131,2355,434038.2,6478564.3,2968.6
10134,2355,434047.2,6478600.7,2970.8
10137,2355,434056.3,6478637.1,2975.6
10140,2355,434065.4,6478673.5,2987.5
10143,2355,434074.4,6478709.9,3001.9
10146,2355,434083.5,6478746.2,3019.3
10149,2355,434092.6,6478782.6,3040.9
10152,2355,434101.7,6478819.0,3043.7
10155,2355,434110.7,6478855.4,3038.7
10158,2355,434119.8,6478891.8,3033.9
10161,2355,434128.9,6478928.2,3040.1
10164,2355,434138.0,6478964.6,3043.6
10167,2355,434147.0,6479000.9,3051.6
10170,2355,434156.1,6479037.3,3059.8
10173,2355,434165.2,6479073.7,3070.8
10176,2355,434174.2,6479110.1,3080.5
10179,2355,434183.3,6479146.5,3089.2
10182,2355,434192.4,6479182.9,3099.0
10185,2355,434201.5,6479219.3,3104.7
10188,2355,434210.5,6479255.6,3107.2
10191,2355,434219.6,6479292.0,3111.7
10194,2355,434228.7,6479328.4,3111.5
10197,2355,434237.8,6479364.8,3113.4
10200,2355,434246.8,6479401.2,3117.3
10203,2355,434255.9,6479437.6,3119.9
10206,2355,434265.0,6479474.0,3121.0
10209,2355,434274.1,6479510.3,3120.8
10212,2355,434283.1,6479546.7,3121.3
10215,2355,434292.2,6479583.1,3120.8
10218,2355,434301.3,6479619.5,3121.6
10221,2355,434310.3,6479655.9,3122.4
10224,2355,434319.4,6479692.3,3123.2
10227,2355,434328.5,6479728.7,3122.9
10230,2355,434337.6,6479765.0,3122.5
10233,2355,434346.6,6479801.4,3120.0
10236,2355,434355.7,6479837.8,3117.8
10239,2355,434364.8,6479874.2,3117.4
10242,2355,434373.9,6479910.6,3119.2
10245,2355,434382.9,6479947.0,3123.1
10248,2355,434392.0,6479983.4,3128.2
10251,2355,434401.1,6480019.7,3138.8
10254,2355,434410.2,6480056.1,3153.9
10257,2355,434419.2,6480092.5,3178.7
10260,2355,434428.3,6480128.9,3193.3
10263,2355,434437.4,6480165.3,3204.5
10266,2355,434446.4,6480201.7,3211.8
10269,2355,434455.5,6480238.1,3215.5
10272,2355,434464.6,6480274.4,3217.4
10275,2355,434473.7,6480310.8,3217.2
10278,2355,434482.7,6480347.2,3218.1
10281,2355,434491.8,6480383.6,3217.7
10284,2355,434500.9,6480420.0,3219.2
10287,2355,434510.0,6480456.4,3220.4
10290,2355,434519.0,6480492.8,3220.5
10293,2355,434528.1,6480529.1,3221.2
10296,2355,434537.2,6480565.5,3224.1
10299,2355,434546.2,6480601.9,3228.0
10302,2355,434555.3,6480638.3,3230.5
10305,2355,434564.4,6480674.7,3233.2
10308,2355,434573.5,6480711.1,3234.8
10311,2355,434582.5,6480747.5,3237.2
10314,2355,434591.6,6480783.8,3240.0
10317,2355,434600.7,6480820.2,3253.6
10320,2355,434609.8,6480856.6,3275.4
10323,2355,434618.8,6480893.0,3327.5
10326,2355,434627.9,6480929.4,3359.6
10329,2355,434637.0,6480965.8,3377.9
10332,2355,434646.1,6481002.2,3383.7
10335,2355,434655.1,6481038.5,3384.8
10338,2355,434664.2,6481074.9,3386.0
10341,2355,434673.3,6481111.3,3384.9
10344,2355,434682.3,6481147.7,3382.0
10347,2355,434691.4,6481184.1,3378.1
10350,2355,434700.5,6481220.5,3378.8
10353,2355,434709.6,6481256.9,3380.9
10356,2355,434718.6,6481293.2,3378.1
10359,2355,434727.7,6481329.6,3372.2
9969,2352,433584.6,6476590.4,3009.3
9972,2352,433593.7,6476626.8,3026.8
9975,2352,433602.7,6476663.2,3027.5
9978,2352,433611.8,6476699.6,3027.6
9981,2352,433620.9,6476735.9,3033.2
9984,2352,433630.0,6476772.3,3039.6
9987,2352,433639.0,6476808.7,3041.5
9990,2352,433648.1,6476845.1,3043.1
9993,2352,433657.2,6476881.5,3045.5
9996,2352,433666.2,6476917.9,3048.6
9999,2352,433675.3,6476954.3,3050.3
10002,2352,433684.4,6476990.6,3057.5
10005,2352,433693.5,6477027.0,3079.5
10008,2352,433702.5,6477063.4,3091.5
10011,2352,433711.6,6477099.8,3099.7
10014,2352,433720.7,6477136.2,3108.0
10017,2352,433729.8,6477172.6,3114.7
10020,2352,433738.8,6477209.0,3127.1
10023,2352,433747.9,6477245.3,3142.9
10026,2352,433757.0,6477281.7,3151.6
10029,2352,433766.1,6477318.1,3157.9
10032,2352,433775.1,6477354.5,3159.2
10035,2352,433784.2,6477390.9,3164.1
10038,2352,433793.3,6477427.3,3171.9
10041,2352,433802.3,6477463.7,3177.6
10044,2352,433811.4,6477500.0,3179.9
10047,2352,433820.5,6477536.4,3184.3
10050,2352,433829.6,6477572.8,3187.6
10053,2352,433838.6,6477609.2,3179.0
10056,2352,433847.7,6477645.6,3142.1
10059,2352,433856.8,6477682.0,3094.6
10062,2352,433865.9,6477718.4,3030.3
10065,2352,433874.9,6477754.8,2997.2
10068,2352,433884.0,6477791.1,2971.9
10071,2352,433893.1,6477827.5,2962.5
10074,2352,433902.1,6477863.9,2956.1
10077,2352,433911.2,6477900.3,2951.1
10080,2352,433920.3,6477936.7,2948.0
10083,2352,433929.4,6477973.1,2946.0
10086,2352,433938.4,6478009.5,2945.2
10089,2352,433947.5,6478045.8,2942.6
10092,2352,433956.6,6478082.2,2941.2
10095,2352,433965.7,6478118.6,2940.8
10098,2352,433974.7,6478155.0,2939.8
10101,2352,433983.8,6478191.4,2937.6
10104,2352,433992.9,6478227.8,2938.8
10107,2352,434002.0,6478264.2,2939.8
10110,2352,434011.0,6478300.5,2942.9
10113,2352,434020.1,6478336.9,2944.3
10116,2352,434029.2,6478373.3,2949.3
10119,2352,434038.2,6478409.7,2950.3
10122,2352,434047.3,6478446.1,2953.6
10125,2352,434056.4,6478482.5,2956.2
10128,2352,434065.5,6478518.9,2958.6
10131,2352,434074.5,6478555.2,2959.1
10134,2352,434083.6,6478591.6,2962.5
10137,2352,434092.7,6478628.0,2968.9
10140,2352,434101.8,6478664.4,2976.1
10143,2352,434110.8,6478700.8,2986.6
10146,2352,434119.9,6478737.2,2996.6
10149,2352,434129.0,6478773.6,3009.5
10152,2352,434138.0,6478809.9,3011.1
10155,2352,434147.1,6478846.3,3008.3
10158,2352,434156.2,6478882.7,3004.8
10161,2352,434165.3,6478919.1,3013.1
10164,2352,434174.3,6478955.5,3015.5
10167,2352,434183.4,6478991.9,3030.1
10170,2352,434192.5,6479028.3,3049.9
10173,2352,434201.6,6479064.6,3063.4
10176,2352,434210.6,6479101.0,3073.1
10179,2352,434219.7,6479137.4,3080.1
10182,2352,434228.8,6479173.8,3089.5
10185,2352,434237.9,6479210.2,3095.9
10188,2352,434246.9,6479246.6,3101.3
10191,2352,434256.0,6479283.0,3105.6
10194,2352,434265.1,6479319.3,3109.8
10197,2352,434274.1,6479355.7,3111.8
10200,2352,434283.2,6479392.1,3115.7
10203,2352,434292.3,6479428.5,3119.6
10206,2352,434301.4,6479464.9,3120.5
10209,2352,434310.4,6479501.3,3119.8
10212,2352,434319.5,6479537.7,3121.1
10215,2352,434328.6,6479574.0,3121.7
10218,2352,434337.7,6479610.4,3121.8
10221,2352,434346.7,6479646.8,3122.8
10224,2352,434355.8,6479683.2,3123.4
10227,2352,434364.9,6479719.6,3123.2
10230,2352,434374.0,6479756.0,3122.9
10233,2352,434383.0,6479792.4,3120.8
10236,2352,434392.1,6479828.7,3118.4
10239,2352,434401.2,6479865.1,3118.1
10242,2352,434410.2,6479901.5,3120.4
10245,2352,434419.3,6479937.9,3124.6
10248,2352,434428.4,6479974.3,3130.6
10251,2352,434437.5,6480010.7,3144.8
10254,2352,434446.5,6480047.1,3171.8
10257,2352,434455.6,6480083.4,3191.7
10260,2352,434464.7,6480119.8,3200.2
10263,2352,434473.8,6480156.2,3207.1
10266,2352,434482.8,6480192.6,3214.1
10269,2352,434491.9,6480229.0,3218.4
10272,2352,434501.0,6480265.4,3221.2
10275,2352,434510.0,6480301.8,3222.0
10278,2352,434519.1,6480338.1,3223.0
10281,2352,434528.2,6480374.5,3222.0
10284,2352,434537.3,6480410.9,3222.9
10287,2352,434546.3,6480447.3,3223.5
10290,2352,434555.4,6480483.7,3223.8
10293,2352,434564.5,6480520.1,3224.7
10296,2352,434573.6,6480556.5,3227.5
10299,2352,434582.6,6480592.8,3232.4
10302,2352,434591.7,6480629.2,3234.6
10305,2352,434600.8,6480665.6,3238.6
10308,2352,434609.9,6480702.0,3241.6
10311,2352,434618.9,6480738.4,3245.2
10314,2352,434628.0,6480774.8,3246.9
10317,2352,434637.1,6480811.2,3261.5
10320,2352,434646.1,6480847.5,3297.1
10323,2352,434655.2,6480883.9,3342.9
10326,2352,434664.3,6480920.3,3371.6
10329,2352,434673.4,6480956.7,3382.3
10332,2352,434682.4,6480993.1,3387.8
10335,2352,434691.5,6481029.5,3389.2
10338,2352,434700.6,6481065.9,3390.7
10341,2352,434709.7,6481102.2,3389.5
10344,2352,434718.7,6481138.6,3385.8
10347,2352,434727.8,6481175.0,3384.2
10350,2352,434736.9,6481211.4,3385.7
10353,2352,434745.9,6481247.8,3386.9
10356,2352,434755.0,6481284.2,3382.7
10359,2352,434764.1,6481320.6,3377.2
9969,2349,433621.0,6476581.3,3011.3
9972,2349,433630.0,6476617.7,3026.2
9975,2349,433639.1,6476654.1,3025.2
9978,2349,433648.2,6476690.5,3022.7
9981,2349,433657.3,6476726.9,3023.7
9984,2349,433666.3,6476763.3,3027.6
9987,2349,433675.4,6476799.6,3027.0
9990,2349,433684.5,6476836.0,3027.2
9993,2349,433693.6,6476872.4,3026.6
9996,2349,433702.6,6476908.8,3030.1
9999,2349,433711.7,6476945.2,3030.0
10002,2349,433720.8,6476981.6,3031.2
10005,2349,433729.9,6477018.0,3046.3
10008,2349,433738.9,6477054.3,3067.5
10011,2349,433748.0,6477090.7,3087.3
10014,2349,433757.1,6477127.1,3101.1
10017,2349,433766.1,6477163.5,3111.8
10020,2349,433775.2,6477199.9,3125.3
10023,2349,433784.3,6477236.3,3141.2
10026,2349,433793.4,6477272.7,3150.5
10029,2349,433802.4,6477309.0,3154.6
10032,2349,433811.5,6477345.4,3158.0
10035,2349,433820.6,6477381.8,3161.9
10038,2349,433829.7,6477418.2,3172.4
10041,2349,433838.7,6477454.6,3174.7
10044,2349,433847.8,6477491.0,3176.5
10047,2349,433856.9,6477527.4,3181.5
10050,2349,433865.9,6477563.7,3185.2
10053,2349,433875.0,6477600.1,3176.7
10056,2349,433884.1,6477636.5,3134.9
10059,2349,433893.2,6477672.9,3071.7
10062,2349,433902.2,6477709.3,3021.6
10065,2349,433911.3,6477745.7,2983.1
10068,2349,433920.4,6477782.1,2969.2
10071,2349,433929.5,6477818.4,2959.1
10074,2349,433938.5,6477854.8,2955.2
10077,2349,433947.6,6477891.2,2950.3
10080,2349,433956.7,6477927.6,2948.4
10083,2349,433965.8,6477964.0,2945.7
10086,2349,433974.8,6478000.4,2944.3
10089,2349,433983.9,6478036.8,2942.0
10092,2349,433993.0,6478073.1,2941.0
10095,2349,434002.0,6478109.5,2941.0
10098,2349,434011.1,6478145.9,2937.7
10101,2349,434020.2,6478182.3,2932.8
10104,2349,434029.3,6478218.7,2930.9
10107,2349,434038.3,6478255.1,2930.7
10110,2349,434047.4,6478291.5,2932.8
10113,2349,434056.5,6478327.8,2936.5
10116,2349,434065.6,6478364.2,2938.0
10119,2349,434074.6,6478400.6,2940.4
10122,2349,434083.7,6478437.0,2943.8
10125,2349,434092.8,6478473.4,2948.8
10128,2349,434101.9,6478509.8,2951.3
10131,2349,434110.9,6478546.2,2954.8
10134,2349,434120.0,6478582.5,2959.6
10137,2349,434129.1,6478618.9,2965.8
10140,2349,434138.1,6478655.3,2970.4
10143,2349,434147.2,6478691.7,2978.1
10146,2349,434156.3,6478728.1,2986.5
10149,2349,434165.4,6478764.5,2990.9
10152,2349,434174.4,6478800.9,2992.0
10155,2349,434183.5,6478837.3,2990.7
10158,2349,434192.6,6478873.6,2991.3
10161,2349,434201.7,6478910.0,2992.7
10164,2349,434210.7,6478946.4,3000.2
10167,2349,434219.8,6478982.8,3015.9
10170,2349,434228.9,6479019.2,3039.4
10173,2349,434237.9,6479055.6,3051.0
10176,2349,434247.0,6479092.0,3062.7
10179,2349,434256.1,6479128.3,3071.9
10182,2349,434265.2,6479164.7,3077.0
10185,2349,434274.2,6479201.1,3083.9
10188,2349,434283.3,6479237.5,3090.4
10191,2349,434292.4,6479273.9,3098.8
10194,2349,434301.5,6479310.3,3103.6
10197,2349,434310.5,6479346.7,3108.5
10200,2349,434319.6,6479383.0,3113.8
10203,2349,434328.7,6479419.4,3118.8
10206,2349,434337.8,6479455.8,3118.9
10209,2349,434346.8,6479492.2,3118.5
10212,2349,434355.9,6479528.6,3120.1
10215,2349,434365.0,6479565.0,3120.7
10218,2349,434374.0,6479601.4,3121.0
10221,2349,434383.1,6479637.7,3122.0
10224,2349,434392.2,6479674.1,3123.2
10227,2349,434401.3,6479710.5,3123.2
10230,2349,434410.3,6479746.9,3122.7
10233,2349,434419.4,6479783.3,3120.5
10236,2349,434428.5,6479819.7,3119.1
10239,2349,434437.6,6479856.1,3119.8
10242,2349,434446.6,6479892.4,3121.7
10245,2349,434455.7,6479928.8,3125.2
10248,2349,434464.8,6479965.2,3134.6
10251,2349,434473.8,6480001.6,3153.7
10254,2349,434482.9,6480038.0,3183.1
10257,2349,434492.0,6480074.4,3195.6
10260,2349,434501.1,6480110.8,3205.3
10263,2349,434510.1,6480147.1,3212.9
10266,2349,434519.2,6480183.5,3218.2
10269,2349,434528.3,6480219.9,3221.4
10272,2349,434537.4,6480256.3,3224.0
10275,2349,434546.4,6480292.7,3225.6
10278,2349,434555.5,6480329.1,3225.8
10281,2349,434564.6,6480365.5,3226.2
10284,2349,434573.7,6480401.8,3226.6
10287,2349,434582.7,6480438.2,3226.7
10290,2349,434591.8,6480474.6,3225.9
10293,2349,434600.9,6480511.0,3227.8
10296,2349,434609.9,6480547.4,3231.8
10299,2349,434619.0,6480583.8,3237.2
10302,2349,434628.1,6480620.2,3241.3
10305,2349,434637.2,6480656.5,3246.5
10308,2349,434646.2,6480692.9,3250.7
10311,2349,434655.3,6480729.3,3252.1
10314,2349,434664.4,6480765.7,3258.8
10317,2349,434673.5,6480802.1,3275.1
10320,2349,434682.5,6480838.5,3306.1
10323,2349,434691.6,6480874.9,3340.8
10326,2349,434700.7,6480911.2,3374.8
10329,2349,434709.8,6480947.6,3387.2
10332,2349,434718.8,6480984.0,3391.2
10335,2349,434727.9,6481020.4,3392.6
10338,2349,434737.0,6481056.8,3393.3
10341,2349,434746.0,6481093.2,3392.8
10344,2349,434755.1,6481129.6,3390.3
10347,2349,434764.2,6481165.9,3389.4
10350,2349,434773.3,6481202.3,3391.2
10353,2349,434782.3,6481238.7,3391.8
10356,2349,434791.4,6481275.1,3388.0
10359,2349,434800.5,6481311.5,3379.5
9969,2346,433657.4,6476572.3,3010.4
9972,2346,433666.4,6476608.6,3027.0
9975,2346,433675.5,6476645.0,3023.8
9978,2346,433684.6,6476681.4,3022.0
9981,2346,433693.7,6476717.8,3020.0
9984,2346,433702.7,6476754.2,3019.5
9987,2346,433711.8,6476790.6,3019.7
9990,2346,433720.9,6476827.0,3019.8
9993,2346,433729.9,6476863.3,3020.7
9996,2346,433739.0,6476899.7,3020.5
9999,2346,433748.1,6476936.1,3020.3
10002,2346,433757.2,6476972.5,3022.4
10005,2346,433766.2,6477008.9,3033.5
10008,2346,433775.3,6477045.3,3052.8
10011,2346,433784.4,6477081.7,3068.5
10014,2346,433793.5,6477118.0,3092.8
10017,2346,433802.5,6477154.4,3103.7
10020,2346,433811.6,6477190.8,3117.0
10023,2346,433820.7,6477227.2,3132.3
10026,2346,433829.8,6477263.6,3145.4
10029,2346,433838.8,6477300.0,3151.1
10032,2346,433847.9,6477336.4,3153.9
10035,2346,433857.0,6477372.7,3159.9
10038,2346,433866.0,6477409.1,3168.7
10041,2346,433875.1,6477445.5,3169.5
10044,2346,433884.2,6477481.9,3170.0
10047,2346,433893.3,6477518.3,3177.1
10050,2346,433902.3,6477554.7,3178.0
10053,2346,433911.4,6477591.1,3164.8
10056,2346,433920.5,6477627.4,3122.4
10059,2346,433929.6,6477663.8,3068.4
10062,2346,433938.6,6477700.2,3009.1
10065,2346,433947.7,6477736.6,2977.3
10068,2346,433956.8,6477773.0,2963.5
10071,2346,433965.8,6477809.4,2957.5
10074,2346,433974.9,6477845.8,2953.0
10077,2346,433984.0,6477882.1,2950.1
10080,2346,433993.1,6477918.5,2947.4
10083,2346,434002.1,6477954.9,2945.2
10086,2346,434011.2,6477991.3,2943.0
10089,2346,434020.3,6478027.7,2940.6
10092,2346,434029.4,6478064.1,2939.7
10095,2346,434038.4,6478100.5,2939.9
10098,2346,434047.5,6478136.8,2938.0
10101,2346,434056.6,6478173.2,2932.6
10104,2346,434065.7,6478209.6,2929.2
10107,2346,434074.7,6478246.0,2929.1
10110,2346,434083.8,6478282.4,2931.4
10113,2346,434092.9,6478318.8,2932.8
10116,2346,434101.9,6478355.2,2933.9
10119,2346,434111.0,6478391.5,2936.0
10122,2346,434120.1,6478427.9,2938.1
10125,2346,434129.2,6478464.3,2942.4
10128,2346,434138.2,6478500.7,2946.7
10131,2346,434147.3,6478537.1,2952.2
10134,2346,434156.4,6478573.5,2958.6
10137,2346,434165.5,6478609.9,2964.3
10140,2346,434174.5,6478646.2,2970.5
10143,2346,434183.6,6478682.6,2974.7
10146,2346,434192.7,6478719.0,2977.6
10149,2346,434201.7,6478755.4,2980.8
10152,2346,434210.8,6478791.8,2982.5
10155,2346,434219.9,6478828.2,2982.6
10158,2346,434229.0,6478864.6,2983.9
10161,2346,434238.0,6478901.0,2985.9
10164,2346,434247.1,6478937.3,2991.9
10167,2346,434256.2,6478973.7,3004.7
10170,2346,434265.3,6479010.1,3024.5
10173,2346,434274.3,6479046.5,3043.6
10176,2346,434283.4,6479082.9,3054.2
10179,2346,434292.5,6479119.3,3062.7
10182,2346,434301.6,6479155.7,3064.7
10185,2346,434310.6,6479192.0,3069.7
10188,2346,434319.7,6479228.4,3076.4
10191,2346,434328.8,6479264.8,3086.4
10194,2346,434337.8,6479301.2,3092.6
10197,2346,434346.9,6479337.6,3099.6
10200,2346,434356.0,6479374.0,3106.4
10203,2346,434365.1,6479410.4,3114.5
10206,2346,434374.1,6479446.7,3115.9
10209,2346,434383.2,6479483.1,3117.1
10212,2346,434392.3,6479519.5,3118.2
10215,2346,434401.4,6479555.9,3117.3
10218,2346,434410.4,6479592.3,3118.0
10221,2346,434419.5,6479628.7,3119.5
10224,2346,434428.6,6479665.1,3121.4
10227,2346,434437.6,6479701.4,3121.2
10230,2346,434446.7,6479737.8,3120.9
10233,2346,434455.8,6479774.2,3120.5
10236,2346,434464.9,6479810.6,3120.0
10239,2346,434473.9,6479847.0,3120.9
10242,2346,434483.0,6479883.4,3124.1
10245,2346,434492.1,6479919.8,3130.1
10248,2346,434501.2,6479956.1,3140.2
10251,2346,434510.2,6479992.5,3165.4
10254,2346,434519.3,6480028.9,3189.0
10257,2346,434528.4,6480065.3,3205.2
10260,2346,434537.5,6480101.7,3212.7
10263,2346,434546.5,6480138.1,3218.4
10266,2346,434555.6,6480174.5,3220.1
10269,2346,434564.7,6480210.8,3223.2
10272,2346,434573.7,6480247.2,3225.8
10275,2346,434582.8,6480283.6,3227.6
10278,2346,434591.9,6480320.0,3228.4
10281,2346,434601.0,6480356.4,3229.3
10284,2346,434610.0,6480392.8,3229.9
10287,2346,434619.1,6480429.2,3228.4
10290,2346,434628.2,6480465.5,3228.0
10293,2346,434637.3,6480501.9,3229.6
10296,2346,434646.3,6480538.3,3233.5
10299,2346,434655.4,6480574.7,3238.1
10302,2346,434664.5,6480611.1,3246.3
10305,2346,434673.6,6480647.5,3252.9
10308,2346,434682.6,6480683.9,3258.4
10311,2346,434691.7,6480720.2,3262.4
10314,2346,434700.8,6480756.6,3272.5
10317,2346,434709.8,6480793.0,3284.8
10320,2346,434718.9,6480829.4,3305.5
10323,2346,434728.0,6480865.8,3338.2
10326,2346,434737.1,6480902.2,3370.4
10329,2346,434746.1,6480938.6,3385.2
10332,2346,434755.2,6480974.9,3390.7
10335,2346,434764.3,6481011.3,3393.1
10338,2346,434773.4,6481047.7,3393.4
10341,2346,434782.4,6481084.1,3392.8
10344,2346,434791.5,6481120.5,3391.9
10347,2346,434800.6,6481156.9,3391.8
10350,2346,434809.6,6481193.3,3392.7
10353,2346,434818.7,6481229.6,3392.8
10356,2346,434827.8,6481266.0,3388.9
10359,2346,434836.9,6481302.4,3379.2
9969,2343,433693.7,6476563.2,3005.7
9972,2343,433702.8,6476599.6,3026.1
9975,2343,433711.9,6476636.0,3023.9
9978,2343,433721.0,6476672.3,3020.1
9981,2343,433730.0,6476708.7,3018.5
9984,2343,433739.1,6476745.1,3018.3
9987,2343,433748.2,6476781.5,3019.0
9990,2343,433757.3,6476817.9,3019.8
9993,2343,433766.3,6476854.3,3020.0
9996,2343,433775.4,6476890.7,3020.8
9999,2343,433784.5,6476927.0,3021.5
10002,2343,433793.6,6476963.4,3021.1
10005,2343,433802.6,6476999.8,3025.9
10008,2343,433811.7,6477036.2,3038.2
10011,2343,433820.8,6477072.6,3060.7
10014,2343,433829.8,6477109.0,3083.2
10017,2343,433838.9,6477145.4,3095.4
10020,2343,433848.0,6477181.7,3101.1
10023,2343,433857.1,6477218.1,3117.2
10026,2343,433866.1,6477254.5,3128.0
10029,2343,433875.2,6477290.9,3136.3
10032,2343,433884.3,6477327.3,3142.0
10035,2343,433893.4,6477363.7,3152.2
10038,2343,433902.4,6477400.1,3158.6
10041,2343,433911.5,6477436.4,3160.9
10044,2343,433920.6,6477472.8,3164.7
10047,2343,433929.6,6477509.2,3171.4
10050,2343,433938.7,6477545.6,3169.1
10053,2343,433947.8,6477582.0,3155.9
10056,2343,433956.9,6477618.4,3106.8
10059,2343,433965.9,6477654.8,3054.4
10062,2343,433975.0,6477691.1,3000.5
10065,2343,433984.1,6477727.5,2972.3
10068,2343,433993.2,6477763.9,2961.8
10071,2343,434002.2,6477800.3,2954.8
10074,2343,434011.3,6477836.7,2950.6
10077,2343,434020.4,6477873.1,2946.7
10080,2343,434029.5,6477909.5,2945.0
10083,2343,434038.5,6477945.8,2941.9
10086,2343,434047.6,6477982.2,2939.8
10089,2343,434056.7,6478018.6,2937.9
10092,2343,434065.7,6478055.0,2937.9
10095,2343,434074.8,6478091.4,2938.6
10098,2343,434083.9,6478127.8,2937.8
10101,2343,434093.0,6478164.2,2933.6
10104,2343,434102.0,6478200.5,2929.4
10107,2343,434111.1,6478236.9,2927.6
10110,2343,434120.2,6478273.3,2928.4
10113,2343,434129.3,6478309.7,2931.1
10116,2343,434138.3,6478346.1,2932.2
10119,2343,434147.4,6478382.5,2932.9
10122,2343,434156.5,6478418.9,2934.6
10125,2343,434165.5,6478455.2,2937.7
10128,2343,434174.6,6478491.6,2943.7
10131,2343,434183.7,6478528.0,2950.8
10134,2343,434192.8,6478564.4,2957.9
10137,2343,434201.8,6478600.8,2964.3
10140,2343,434210.9,6478637.2,2968.1
10143,2343,434220.0,6478673.6,2969.3
10146,2343,434229.1,6478709.9,2972.5
10149,2343,434238.1,6478746.3,2974.3
10152,2343,434247.2,6478782.7,2975.0
10155,2343,434256.3,6478819.1,2978.3
10158,2343,434265.4,6478855.5,2981.1
10161,2343,434274.4,6478891.9,2984.7
10164,2343,434283.5,6478928.3,2990.8
10167,2343,434292.6,6478964.6,3001.1
10170,2343,434301.6,6479001.0,3017.1
10173,2343,434310.7,6479037.4,3032.9
10176,2343,434319.8,6479073.8,3042.6
10179,2343,434328.9,6479110.2,3050.9
10182,2343,434337.9,6479146.6,3055.3
10185,2343,434347.0,6479183.0,3059.0
10188,2343,434356.1,6479219.3,3064.1
10191,2343,434365.2,6479255.7,3070.5
10194,2343,434374.2,6479292.1,3077.8
10197,2343,434383.3,6479328.5,3085.6
10200,2343,434392.4,6479364.9,3096.7
10203,2343,434401.5,6479401.3,3104.8
10206,2343,434410.5,6479437.7,3108.9
10209,2343,434419.6,6479474.0,3111.5
10212,2343,434428.7,6479510.4,3114.1
10215,2343,434437.7,6479546.8,3113.9
10218,2343,434446.8,6479583.2,3114.5
10221,2343,434455.9,6479619.6,3116.2
10224,2343,434465.0,6479656.0,3117.9
10227,2343,434474.0,6479692.4,3117.1
10230,2343,434483.1,6479728.8,3117.3
10233,2343,434492.2,6479765.1,3118.0
10236,2343,434501.3,6479801.5,3118.7
10239,2343,434510.3,6479837.9,3121.3
10242,2343,434519.4,6479874.3,3126.1
10245,2343,434528.5,6479910.7,3133.5
10248,2343,434537.5,6479947.1,3152.4
10251,2343,434546.6,6479983.5,3184.9
10254,2343,434555.7,6480019.8,3205.4
10257,2343,434564.8,6480056.2,3216.8
10260,2343,434573.8,6480092.6,3221.0
10263,2343,434582.9,6480129.0,3224.0
10266,2343,434592.0,6480165.4,3224.1
10269,2343,434601.1,6480201.8,3225.9
10272,2343,434610.1,6480238.2,3228.5
10275,2343,434619.2,6480274.5,3230.5
10278,2343,434628.3,6480310.9,3231.2
10281,2343,434637.4,6480347.3,3232.0
10284,2343,434646.4,6480383.7,3231.9
10287,2343,434655.5,6480420.1,3230.8
10290,2343,434664.6,6480456.5,3230.3
10293,2343,434673.6,6480492.9,3231.8
10296,2343,434682.7,6480529.2,3235.6
10299,2343,434691.8,6480565.6,3240.4
10302,2343,434700.9,6480602.0,3249.2
10305,2343,434709.9,6480638.4,3256.1
10308,2343,434719.0,6480674.8,3262.8
10311,2343,434728.1,6480711.2,3269.6
10314,2343,434737.2,6480747.6,3281.0
10317,2343,434746.2,6480783.9,3296.4
10320,2343,434755.3,6480820.3,3311.0
10323,2343,434764.4,6480856.7,3338.5
10326,2343,434773.4,6480893.1,3356.2
10329,2343,434782.5,6480929.5,3374.6
10332,2343,434791.6,6480965.9,3385.7
10335,2343,434800.7,6481002.3,3388.2
10338,2343,434809.7,6481038.6,3387.6
10341,2343,434818.8,6481075.0,3386.1
10344,2343,434827.9,6481111.4,3388.4
10347,2343,434837.0,6481147.8,3388.3
10350,2343,434846.0,6481184.2,3387.3
10353,2343,434855.1,6481220.6,3382.9
10356,2343,434864.2,6481257.0,3379.1
10359,2343,434873.3,6481293.3,3369.8
9969,2340,433730.1,6476554.1,3000.5
9972,2340,433739.2,6476590.5,3022.2
9975,2340,433748.3,6476626.9,3022.5
9978,2340,433757.4,6476663.3,3020.4
9981,2340,433766.4,6476699.7,3019.8
9984,2340,433775.5,6476736.0,3020.6
9987,2340,433784.6,6476772.4,3021.8
9990,2340,433793.6,6476808.8,3023.7
9993,2340,433802.7,6476845.2,3023.6
9996,2340,433811.8,6476881.6,3024.5
9999,2340,433820.9,6476918.0,3025.2
10002,2340,433829.9,6476954.4,3024.3
10005,2340,433839.0,6476990.7,3026.6
10008,2340,433848.1,6477027.1,3033.9
10011,2340,433857.2,6477063.5,3049.1
10014,2340,433866.2,6477099.9,3070.9
10017,2340,433875.3,6477136.3,3084.9
10020,2340,433884.4,6477172.7,3092.5
10023,2340,433893.4,6477209.1,3098.8
10026,2340,433902.5,6477245.4,3109.2
10029,2340,433911.6,6477281.8,3117.5
10032,2340,433920.7,6477318.2,3122.5
10035,2340,433929.7,6477354.6,3137.3
10038,2340,433938.8,6477391.0,3145.3
10041,2340,433947.9,6477427.4,3150.9
10044,2340,433957.0,6477463.8,3156.0
10047,2340,433966.0,6477500.1,3162.8
10050,2340,433975.1,6477536.5,3162.9
10053,2340,433984.2,6477572.9,3137.3
10056,2340,433993.3,6477609.3,3079.4
10059,2340,434002.3,6477645.7,3025.4
10062,2340,434011.4,6477682.1,2984.8
10065,2340,434020.5,6477718.5,2968.5
10068,2340,434029.5,6477754.8,2959.1
10071,2340,434038.6,6477791.2,2951.8
10074,2340,434047.7,6477827.6,2946.7
10077,2340,434056.8,6477864.0,2942.8
10080,2340,434065.8,6477900.4,2940.8
10083,2340,434074.9,6477936.8,2937.4
10086,2340,434084.0,6477973.2,2935.6
10089,2340,434093.1,6478009.5,2934.7
10092,2340,434102.1,6478045.9,2935.8
10095,2340,434111.2,6478082.3,2936.3
10098,2340,434120.3,6478118.7,2934.7
10101,2340,434129.4,6478155.1,2932.1
10104,2340,434138.4,6478191.5,2927.6
10107,2340,434147.5,6478227.9,2924.4
10110,2340,434156.6,6478264.2,2924.6
10113,2340,434165.6,6478300.6,2927.2
10116,2340,434174.7,6478337.0,2928.4
10119,2340,434183.8,6478373.4,2928.5
10122,2340,434192.9,6478409.8,2930.1
10125,2340,434201.9,6478446.2,2934.3
10128,2340,434211.0,6478482.6,2942.4
10131,2340,434220.1,6478518.9,2949.4
10134,2340,434229.2,6478555.3,2956.8
10137,2340,434238.2,6478591.7,2962.6
10140,2340,434247.3,6478628.1,2963.5
10143,2340,434256.4,6478664.5,2964.3
10146,2340,434265.4,6478700.9,2964.8
10149,2340,434274.5,6478737.3,2965.3
10152,2340,434283.6,6478773.6,2967.7
10155,2340,434292.7,6478810.0,2975.3
10158,2340,434301.7,6478846.4,2980.1
10161,2340,434310.8,6478882.8,2985.9
10164,2340,434319.9,6478919.2,2991.4
10167,2340,434329.0,6478955.6,3005.3
10170,2340,434338.0,6478992.0,3015.3
10173,2340,434347.1,6479028.3,3026.3
10176,2340,434356.2,6479064.7,3034.8
10179,2340,434365.3,6479101.1,3039.9
10182,2340,434374.3,6479137.5,3043.8
10185,2340,434383.4,6479173.9,3046.4
10188,2340,434392.5,6479210.3,3052.6
10191,2340,434401.5,6479246.7,3056.6
10194,2340,434410.6,6479283.0,3063.2
10197,2340,434419.7,6479319.4,3071.1
10200,2340,434428.8,6479355.8,3082.5
10203,2340,434437.8,6479392.2,3086.1
10206,2340,434446.9,6479428.6,3093.6
10209,2340,434456.0,6479465.0,3104.2
10212,2340,434465.1,6479501.4,3107.8
10215,2340,434474.1,6479537.7,3109.2
10218,2340,434483.2,6479574.1,3110.9
10221,2340,434492.3,6479610.5,3112.8
10224,2340,434501.3,6479646.9,3113.3
10227,2340,434510.4,6479683.3,3112.8
10230,2340,434519.5,6479719.7,3113.8
10233,2340,434528.6,6479756.1,3115.0
10236,2340,434537.6,6479792.4,3116.3
10239,2340,434546.7,6479828.8,3120.4
10242,2340,434555.8,6479865.2,3126.6
10245,2340,434564.9,6479901.6,3137.5
10248,2340,434573.9,6479938.0,3158.8
10251,2340,434583.0,6479974.4,3195.2
10254,2340,434592.1,6480010.8,3216.1
10257,2340,434601.2,6480047.2,3226.2
10260,2340,434610.2,6480083.5,3228.4
10263,2340,434619.3,6480119.9,3228.7
10266,2340,434628.4,6480156.3,3228.5
10269,2340,434637.4,6480192.7,3229.9
10272,2340,434646.5,6480229.1,3231.8
10275,2340,434655.6,6480265.5,3232.9
10278,2340,434664.7,6480301.9,3234.3
10281,2340,434673.7,6480338.2,3234.6
10284,2340,434682.8,6480374.6,3234.2
10287,2340,434691.9,6480411.0,3232.5
10290,2340,434701.0,6480447.4,3232.7
10293,2340,434710.0,6480483.8,3234.9
10296,2340,434719.1,6480520.2,3239.6
10299,2340,434728.2,6480556.6,3245.1
10302,2340,434737.2,6480592.9,3251.6
10305,2340,434746.3,6480629.3,3259.1
10308,2340,434755.4,6480665.7,3264.9
10311,2340,434764.5,6480702.1,3276.1
10314,2340,434773.5,6480738.5,3288.1
10317,2340,434782.6,6480774.9,3300.9
10320,2340,434791.7,6480811.3,3311.8
10323,2340,434800.8,6480847.6,3326.9
10326,2340,434809.8,6480884.0,3346.9
10329,2340,434818.9,6480920.4,3363.2
10332,2340,434828.0,6480956.8,3375.4
10335,2340,434837.1,6480993.2,3374.9
10338,2340,434846.1,6481029.6,3372.3
10341,2340,434855.2,6481066.0,3375.8
10344,2340,434864.3,6481102.3,3375.2
10347,2340,434873.3,6481138.7,3374.7
10350,2340,434882.4,6481175.1,3372.1
10353,2340,434891.5,6481211.5,3372.6
10356,2340,434900.6,6481247.9,3363.4
10359,2340,434909.6,6481284.3,3352.7
9969,2337,433766.5,6476545.0,2994.5
9972,2337,433775.6,6476581.4,3019.8
9975,2337,433784.7,6476617.8,3020.1
9978,2337,433793.7,6476654.2,3019.3
9981,2337,433802.8,6476690.6,3019.4
9984,2337,433811.9,6476727.0,3022.1
9987,2337,433821.0,6476763.4,3024.2
9990,2337,433830.0,6476799.7,3025.3
9993,2337,433839.1,6476836.1,3026.5
9996,2337,433848.2,6476872.5,3027.0
9999,2337,433857.2,6476908.9,3027.4
10002,2337,433866.3,6476945.3,3026.9
10005,2337,433875.4,6476981.7,3029.3
10008,2337,433884.5,6477018.1,3033.9
10011,2337,433893.5,6477054.4,3044.7
10014,2337,433902.6,6477090.8,3062.1
10017,2337,433911.7,6477127.2,3076.3
10020,2337,433920.8,6477163.6,3084.2
10023,2337,433929.8,6477200.0,3090.8
10026,2337,433938.9,6477236.4,3094.2
10029,2337,433948.0,6477272.8,3098.6
10032,2337,433957.1,6477309.1,3108.5
10035,2337,433966.1,6477345.5,3125.1
10038,2337,433975.2,6477381.9,3135.4
10041,2337,433984.3,6477418.3,3139.4
10044,2337,433993.3,6477454.7,3148.2
10047,2337,434002.4,6477491.1,3153.3
10050,2337,434011.5,6477527.5,3152.4
10053,2337,434020.6,6477563.8,3124.1
10056,2337,434029.6,6477600.2,3076.8
10059,2337,434038.7,6477636.6,3015.4
10062,2337,434047.8,6477673.0,2980.6
10065,2337,434056.9,6477709.4,2962.6
10068,2337,434065.9,6477745.8,2954.9
10071,2337,434075.0,6477782.2,2947.1
10074,2337,434084.1,6477818.5,2942.0
10077,2337,434093.2,6477854.9,2939.2
10080,2337,434102.2,6477891.3,2935.7
10083,2337,434111.3,6477927.7,2932.6
10086,2337,434120.4,6477964.1,2930.3
10089,2337,434129.4,6478000.5,2931.5
10092,2337,434138.5,6478036.9,2931.5
10095,2337,434147.6,6478073.2,2930.6
10098,2337,434156.7,6478109.6,2926.8
10101,2337,434165.7,6478146.0,2924.9
10104,2337,434174.8,6478182.4,2921.6
10107,2337,434183.9,6478218.8,2920.0
10110,2337,434193.0,6478255.2,2921.4
10113,2337,434202.0,6478291.6,2923.7
10116,2337,434211.1,6478327.9,2925.0
10119,2337,434220.2,6478364.3,2923.7
10122,2337,434229.2,6478400.7,2925.6
10125,2337,434238.3,6478437.1,2929.8
10128,2337,434247.4,6478473.5,2937.3
10131,2337,434256.5,6478509.9,2945.4
10134,2337,434265.5,6478546.3,2953.2
10137,2337,434274.6,6478582.6,2956.6
10140,2337,434283.7,6478619.0,2957.4
10143,2337,434292.8,6478655.4,2958.8
10146,2337,434301.8,6478691.8,2959.8
10149,2337,434310.9,6478728.2,2958.2
10152,2337,434320.0,6478764.6,2962.8
10155,2337,434329.1,6478801.0,2971.2
10158,2337,434338.1,6478837.3,2978.5
10161,2337,434347.2,6478873.7,2983.7
10164,2337,434356.3,6478910.1,2989.9
10167,2337,434365.3,6478946.5,3002.0
10170,2337,434374.4,6478982.9,3014.7
10173,2337,434383.5,6479019.3,3020.8
10176,2337,434392.6,6479055.7,3028.1
10179,2337,434401.6,6479092.0,3031.3
10182,2337,434410.7,6479128.4,3034.2
10185,2337,434419.8,6479164.8,3035.7
10188,2337,434428.9,6479201.2,3040.7
10191,2337,434437.9,6479237.6,3044.0
10194,2337,434447.0,6479274.0,3047.7
10197,2337,434456.1,6479310.4,3052.4
10200,2337,434465.1,6479346.7,3062.8
10203,2337,434474.2,6479383.1,3069.6
10206,2337,434483.3,6479419.5,3073.2
10209,2337,434492.4,6479455.9,3087.1
10212,2337,434501.4,6479492.3,3096.1
10215,2337,434510.5,6479528.7,3102.2
10218,2337,434519.6,6479565.1,3106.0
10221,2337,434528.7,6479601.4,3108.2
10224,2337,434537.7,6479637.8,3108.1
10227,2337,434546.8,6479674.2,3108.2
10230,2337,434555.9,6479710.6,3109.4
10233,2337,434565.0,6479747.0,3112.3
10236,2337,434574.0,6479783.4,3116.0
10239,2337,434583.1,6479819.8,3119.6
10242,2337,434592.2,6479856.1,3130.8
10245,2337,434601.2,6479892.5,3142.7
10248,2337,434610.3,6479928.9,3170.4
10251,2337,434619.4,6479965.3,3208.6
10254,2337,434628.5,6480001.7,3225.8
10257,2337,434637.5,6480038.1,3234.0
10260,2337,434646.6,6480074.5,3234.4
10263,2337,434655.7,6480110.8,3234.2
10266,2337,434664.8,6480147.2,3232.7
10269,2337,434673.8,6480183.6,3233.9
10272,2337,434682.9,6480220.0,3235.8
10275,2337,434692.0,6480256.4,3236.6
10278,2337,434701.1,6480292.8,3237.8
10281,2337,434710.1,6480329.2,3237.7
10284,2337,434719.2,6480365.5,3236.0
10287,2337,434728.3,6480401.9,3234.6
10290,2337,434737.3,6480438.3,3234.9
10293,2337,434746.4,6480474.7,3237.8
10296,2337,434755.5,6480511.1,3241.4
10299,2337,434764.6,6480547.5,3248.7
10302,2337,434773.6,6480583.9,3257.3
10305,2337,434782.7,6480620.2,3264.9
10308,2337,434791.8,6480656.6,3272.2
10311,2337,434800.9,6480693.0,3280.8
10314,2337,434809.9,6480729.4,3293.2
10317,2337,434819.0,6480765.8,3302.3
10320,2337,434828.1,6480802.2,3311.4
10323,2337,434837.1,6480838.6,3319.9
10326,2337,434846.2,6480875.0,3332.0
10329,2337,434855.3,6480911.3,3348.9
10332,2337,434864.4,6480947.7,3356.8
10335,2337,434873.4,6480984.1,3357.2
10338,2337,434882.5,6481020.5,3353.8
10341,2337,434891.6,6481056.9,3357.9
10344,2337,434900.7,6481093.3,3355.6
10347,2337,434909.7,6481129.7,3355.4
10350,2337,434918.8,6481166.0,3359.0
10353,2337,434927.9,6481202.4,3354.3
10356,2337,434937.0,6481238.8,3348.5
10359,2337,434946.0,6481275.2,3344.6
9969,2334,433802.9,6476536.0,3000.7
9972,2334,433812.0,6476572.3,3014.6
9975,2334,433821.1,6476608.7,3017.5
9978,2334,433830.1,6476645.1,3017.8
9981,2334,433839.2,6476681.5,3020.0
9984,2334,433848.3,6476717.9,3022.7
9987,2334,433857.3,6476754.3,3025.3
9990,2334,433866.4,6476790.7,3026.9
9993,2334,433875.5,6476827.1,3028.0
9996,2334,433884.6,6476863.4,3028.7
9999,2334,433893.6,6476899.8,3029.2
10002,2334,433902.7,6476936.2,3028.8
10005,2334,433911.8,6476972.6,3030.9
10008,2334,433920.9,6477009.0,3037.4
10011,2334,433929.9,6477045.4,3048.2
10014,2334,433939.0,6477081.8,3063.7
10017,2334,433948.1,6477118.1,3071.1
10020,2334,433957.1,6477154.5,3079.0
10023,2334,433966.2,6477190.9,3083.8
10026,2334,433975.3,6477227.3,3086.7
10029,2334,433984.4,6477263.7,3089.2
10032,2334,433993.4,6477300.1,3097.7
10035,2334,434002.5,6477336.5,3108.9
10038,2334,434011.6,6477372.8,3120.9
10041,2334,434020.7,6477409.2,3129.4
10044,2334,434029.7,6477445.6,3138.7
10047,2334,434038.8,6477482.0,3141.0
10050,2334,434047.9,6477518.4,3134.9
10053,2334,434057.0,6477554.8,3107.1
10056,2334,434066.0,6477591.2,3068.3
10059,2334,434075.1,6477627.5,3012.8
10062,2334,434084.2,6477663.9,2977.7
10065,2334,434093.2,6477700.3,2962.2
10068,2334,434102.3,6477736.7,2951.9
10071,2334,434111.4,6477773.1,2943.2
10074,2334,434120.5,6477809.5,2935.3
10077,2334,434129.5,6477845.9,2932.8
10080,2334,434138.6,6477882.2,2929.2
10083,2334,434147.7,6477918.6,2927.0
10086,2334,434156.8,6477955.0,2925.3
10089,2334,434165.8,6477991.4,2924.7
10092,2334,434174.9,6478027.8,2924.2
10095,2334,434184.0,6478064.2,2922.2
10098,2334,434193.0,6478100.6,2920.5
10101,2334,434202.1,6478136.9,2915.0
10104,2334,434211.2,6478173.3,2913.1
10107,2334,434220.3,6478209.7,2913.8
10110,2334,434229.3,6478246.1,2916.9
10113,2334,434238.4,6478282.5,2919.9
10116,2334,434247.5,6478318.9,2920.5
10119,2334,434256.6,6478355.3,2920.3
10122,2334,434265.6,6478391.6,2921.7
10125,2334,434274.7,6478428.0,2926.2
10128,2334,434283.8,6478464.4,2932.1
10131,2334,434292.9,6478500.8,2939.4
10134,2334,434301.9,6478537.2,2943.9
10137,2334,434311.0,6478573.6,2948.0
10140,2334,434320.1,6478610.0,2953.9
10143,2334,434329.1,6478646.3,2957.3
10146,2334,434338.2,6478682.7,2958.3
10149,2334,434347.3,6478719.1,2957.0
10152,2334,434356.4,6478755.5,2961.8
10155,2334,434365.4,6478791.9,2967.8
10158,2334,434374.5,6478828.3,2977.3
10161,2334,434383.6,6478864.7,2981.4
10164,2334,434392.7,6478901.0,2984.3
10167,2334,434401.7,6478937.4,2986.6
10170,2334,434410.8,6478973.8,3000.8
10173,2334,434419.9,6479010.2,3016.7
10176,2334,434429.0,6479046.6,3023.8
10179,2334,434438.0,6479083.0,3026.2
10182,2334,434447.1,6479119.4,3026.6
10185,2334,434456.2,6479155.7,3028.8
10188,2334,434465.2,6479192.1,3030.9
10191,2334,434474.3,6479228.5,3035.0
10194,2334,434483.4,6479264.9,3037.9
10197,2334,434492.5,6479301.3,3043.3
10200,2334,434501.5,6479337.7,3047.3
10203,2334,434510.6,6479374.1,3052.1
10206,2334,434519.7,6479410.4,3057.3
10209,2334,434528.8,6479446.8,3071.5
10212,2334,434537.8,6479483.2,3082.7
10215,2334,434546.9,6479519.6,3088.1
10218,2334,434556.0,6479556.0,3101.6
10221,2334,434565.0,6479592.4,3107.2
10224,2334,434574.1,6479628.8,3105.9
10227,2334,434583.2,6479665.1,3105.5
10230,2334,434592.3,6479701.5,3107.2
10233,2334,434601.3,6479737.9,3110.0
10236,2334,434610.4,6479774.3,3115.1
10239,2334,434619.5,6479810.7,3122.7
10242,2334,434628.6,6479847.1,3135.1
10245,2334,434637.6,6479883.5,3161.1
10248,2334,434646.7,6479919.8,3200.3
10251,2334,434655.8,6479956.2,3223.0
10254,2334,434664.9,6479992.6,3234.3
10257,2334,434673.9,6480029.0,3238.9
10260,2334,434683.0,6480065.4,3238.9
10263,2334,434692.1,6480101.8,3237.2
10266,2334,434701.1,6480138.2,3236.9
10269,2334,434710.2,6480174.5,3238.0
10272,2334,434719.3,6480210.9,3240.0
10275,2334,434728.4,6480247.3,3240.5
10278,2334,434737.4,6480283.7,3241.4
10281,2334,434746.5,6480320.1,3241.2
10284,2334,434755.6,6480356.5,3239.3
10287,2334,434764.7,6480392.9,3237.6
10290,2334,434773.7,6480429.2,3238.5
10293,2334,434782.8,6480465.6,3241.3
10296,2334,434791.9,6480502.0,3245.0
10299,2334,434800.9,6480538.4,3253.5
10302,2334,434810.0,6480574.8,3261.1
10305,2334,434819.1,6480611.2,3268.6
10308,2334,434828.2,6480647.6,3275.8
10311,2334,434837.2,6480683.9,3286.7
10314,2334,434846.3,6480720.3,3298.2
10317,2334,434855.4,6480756.7,3306.2
10320,2334,434864.5,6480793.1,3312.1
10323,2334,434873.5,6480829.5,3317.2
10326,2334,434882.6,6480865.9,3323.6
10329,2334,434891.7,6480902.3,3333.2
10332,2334,434900.8,6480938.6,3339.5
10335,2334,434909.8,6480975.0,3340.6
10338,2334,434918.9,6481011.4,3338.5
10341,2334,434928.0,6481047.8,3341.4
10344,2334,434937.0,6481084.2,3341.7
10347,2334,434946.1,6481120.6,3342.3
10350,2334,434955.2,6481157.0,3342.9
10353,2334,434964.3,6481193.3,3342.4
10356,2334,434973.3,6481229.7,3342.0
10359,2334,434982.4,6481266.1,3343.3
9969,2331,433839.3,6476526.9,3002.0
9972,2331,433848.4,6476563.3,3009.8
9975,2331,433857.4,6476599.7,3015.5
9978,2331,433866.5,6476636.0,3016.8
9981,2331,433875.6,6476672.4,3019.3
9984,2331,433884.7,6476708.8,3022.5
9987,2331,433893.7,6476745.2,3025.2
9990,2331,433902.8,6476781.6,3027.0
9993,2331,433911.9,6476818.0,3027.7
9996,2331,433920.9,6476854.4,3028.7
9999,2331,433930.0,6476890.7,3029.7
10002,2331,433939.1,6476927.1,3030.0
10005,2331,433948.2,6476963.5,3032.4
10008,2331,433957.2,6476999.9,3038.2
10011,2331,433966.3,6477036.3,3047.9
10014,2331,433975.4,6477072.7,3061.6
10017,2331,433984.5,6477109.1,3069.6
10020,2331,433993.5,6477145.5,3073.2
10023,2331,434002.6,6477181.8,3078.3
10026,2331,434011.7,6477218.2,3079.7
10029,2331,434020.8,6477254.6,3082.8
10032,2331,434029.8,6477291.0,3088.6
10035,2331,434038.9,6477327.4,3096.0
10038,2331,434048.0,6477363.8,3104.1
10041,2331,434057.0,6477400.2,3111.9
10044,2331,434066.1,6477436.5,3122.4
10047,2331,434075.2,6477472.9,3120.8
10050,2331,434084.3,6477509.3,3108.4
10053,2331,434093.3,6477545.7,3083.0
10056,2331,434102.4,6477582.1,3046.3
10059,2331,434111.5,6477618.5,3010.5
10062,2331,434120.6,6477654.9,2973.1
10065,2331,434129.6,6477691.2,2956.9
10068,2331,434138.7,6477727.6,2945.5
10071,2331,434147.8,6477764.0,2936.1
10074,2331,434156.8,6477800.4,2927.7
10077,2331,434165.9,6477836.8,2926.6
10080,2331,434175.0,6477873.2,2923.5
10083,2331,434184.1,6477909.6,2920.7
10086,2331,434193.1,6477945.9,2917.1
10089,2331,434202.2,6477982.3,2916.8
10092,2331,434211.3,6478018.7,2913.9
10095,2331,434220.4,6478055.1,2910.8
10098,2331,434229.4,6478091.5,2909.3
10101,2331,434238.5,6478127.9,2903.5
10104,2331,434247.6,6478164.3,2901.0
10107,2331,434256.7,6478200.6,2903.3
10110,2331,434265.7,6478237.0,2909.3
10113,2331,434274.8,6478273.4,2913.5
10116,2331,434283.9,6478309.8,2916.2
10119,2331,434292.9,6478346.2,2917.1
10122,2331,434302.0,6478382.6,2919.6
10125,2331,434311.1,6478419.0,2921.7
10128,2331,434320.2,6478455.3,2925.0
10131,2331,434329.2,6478491.7,2930.5
10134,2331,434338.3,6478528.1,2935.2
10137,2331,434347.4,6478564.5,2942.3
10140,2331,434356.5,6478600.9,2951.9
10143,2331,434365.5,6478637.3,2957.9
10146,2331,434374.6,6478673.7,2959.7
10149,2331,434383.7,6478710.0,2959.0
10152,2331,434392.8,6478746.4,2965.3
10155,2331,434401.8,6478782.8,2970.9
10158,2331,434410.9,6478819.2,2977.0
10161,2331,434420.0,6478855.6,2980.8
10164,2331,434429.0,6478892.0,2981.4
10167,2331,434438.1,6478928.4,2982.9
10170,2331,434447.2,6478964.7,2988.2
10173,2331,434456.3,6479001.1,3008.1
10176,2331,434465.3,6479037.5,3019.8
10179,2331,434474.4,6479073.9,3022.3
10182,2331,434483.5,6479110.3,3022.0
10185,2331,434492.6,6479146.7,3023.7
10188,2331,434501.6,6479183.1,3025.7
10191,2331,434510.7,6479219.4,3029.7
10194,2331,434519.8,6479255.8,3032.2
10197,2331,434528.8,6479292.2,3035.9
10200,2331,434537.9,6479328.6,3038.9
10203,2331,434547.0,6479365.0,3039.5
10206,2331,434556.1,6479401.4,3044.9
10209,2331,434565.1,6479437.8,3049.2
10212,2331,434574.2,6479474.1,3058.6
10215,2331,434583.3,6479510.5,3071.1
10218,2331,434592.4,6479546.9,3091.5
10221,2331,434601.4,6479583.3,3103.9
10224,2331,434610.5,6479619.7,3108.6
10227,2331,434619.6,6479656.1,3105.9
10230,2331,434628.7,6479692.5,3105.6
10233,2331,434637.7,6479728.8,3108.9
10236,2331,434646.8,6479765.2,3115.1
10239,2331,434655.9,6479801.6,3123.1
10242,2331,434664.9,6479838.0,3144.1
10245,2331,434674.0,6479874.4,3181.1
10248,2331,434683.1,6479910.8,3221.4
10251,2331,434692.2,6479947.2,3235.8
10254,2331,434701.2,6479983.5,3242.6
10257,2331,434710.3,6480019.9,3242.5
10260,2331,434719.4,6480056.3,3241.5
10263,2331,434728.5,6480092.7,3240.6
10266,2331,434737.5,6480129.1,3240.7
10269,2331,434746.6,6480165.5,3242.3
10272,2331,434755.7,6480201.9,3242.9
10275,2331,434764.7,6480238.2,3245.0
10278,2331,434773.8,6480274.6,3246.5
10281,2331,434782.9,6480311.0,3247.0
10284,2331,434792.0,6480347.4,3243.3
10287,2331,434801.0,6480383.8,3241.7
10290,2331,434810.1,6480420.2,3243.1
10293,2331,434819.2,6480456.6,3244.8
10296,2331,434828.3,6480492.9,3248.6
10299,2331,434837.3,6480529.3,3256.5
10302,2331,434846.4,6480565.7,3264.0
10305,2331,434855.5,6480602.1,3269.8
10308,2331,434864.6,6480638.5,3277.6
10311,2331,434873.6,6480674.9,3286.1
10314,2331,434882.7,6480711.3,3296.6
10317,2331,434891.8,6480747.6,3306.7
10320,2331,434900.8,6480784.0,3313.6
10323,2331,434909.9,6480820.4,3317.2
10326,2331,434919.0,6480856.8,3320.7
10329,2331,434928.1,6480893.2,3326.6
10332,2331,434937.1,6480929.6,3329.4
10335,2331,434946.2,6480966.0,3332.0
10338,2331,434955.3,6481002.3,3333.6
10341,2331,434964.4,6481038.7,3334.1
10344,2331,434973.4,6481075.1,3335.0
10347,2331,434982.5,6481111.5,3336.8
10350,2331,434991.6,6481147.9,3338.9
10353,2331,435000.6,6481184.3,3340.1
10356,2331,435009.7,6481220.7,3342.4
10359,2331,435018.8,6481257.0,3344.4
9969,2328,433875.7,6476517.8,2999.1
9972,2328,433884.7,6476554.2,3003.0
9975,2328,433893.8,6476590.6,3012.8
9978,2328,433902.9,6476627.0,3013.9
9981,2328,433912.0,6476663.4,3016.9
9984,2328,433921.0,6476699.7,3020.1
9987,2328,433930.1,6476736.1,3023.1
9990,2328,433939.2,6476772.5,3025.0
9993,2328,433948.3,6476808.9,3026.8
9996,2328,433957.3,6476845.3,3028.0
9999,2328,433966.4,6476881.7,3029.0
10002,2328,433975.5,6476918.1,3029.8
10005,2328,433984.6,6476954.4,3032.6
10008,2328,433993.6,6476990.8,3037.6
10011,2328,434002.7,6477027.2,3047.3
10014,2328,434011.8,6477063.6,3060.0
10017,2328,434020.8,6477100.0,3066.4
10020,2328,434029.9,6477136.4,3068.8
10023,2328,434039.0,6477172.8,3070.2
10026,2328,434048.1,6477209.1,3073.9
10029,2328,434057.1,6477245.5,3078.1
10032,2328,434066.2,6477281.9,3084.2
10035,2328,434075.3,6477318.3,3087.5
10038,2328,434084.4,6477354.7,3092.8
10041,2328,434093.4,6477391.1,3100.1
10044,2328,434102.5,6477427.5,3103.3
10047,2328,434111.6,6477463.8,3101.1
10050,2328,434120.7,6477500.2,3093.7
10053,2328,434129.7,6477536.6,3079.4
10056,2328,434138.8,6477573.0,3041.1
10059,2328,434147.9,6477609.4,2993.1
10062,2328,434156.9,6477645.8,2957.8
10065,2328,434166.0,6477682.2,2943.3
10068,2328,434175.1,6477718.5,2932.7
10071,2328,434184.2,6477754.9,2921.8
10074,2328,434193.2,6477791.3,2919.7
10077,2328,434202.3,6477827.7,2916.1
10080,2328,434211.4,6477864.1,2913.7
10083,2328,434220.5,6477900.5,2909.5
10086,2328,434229.5,6477936.9,2909.0
10089,2328,434238.6,6477973.3,2904.4
10092,2328,434247.7,6478009.6,2899.5
10095,2328,434256.7,6478046.0,2893.9
10098,2328,434265.8,6478082.4,2892.5
10101,2328,434274.9,6478118.8,2886.8
10104,2328,434284.0,6478155.2,2884.9
10107,2328,434293.0,6478191.6,2892.1
10110,2328,434302.1,6478228.0,2896.5
10113,2328,434311.2,6478264.3,2903.5
10116,2328,434320.3,6478300.7,2909.2
10119,2328,434329.3,6478337.1,2913.3
10122,2328,434338.4,6478373.5,2915.0
10125,2328,434347.5,6478409.9,2918.1
10128,2328,434356.6,6478446.3,2921.0
10131,2328,434365.6,6478482.7,2926.9
10134,2328,434374.7,6478519.0,2934.3
10137,2328,434383.8,6478555.4,2941.6
10140,2328,434392.8,6478591.8,2950.8
10143,2328,434401.9,6478628.2,2959.2
10146,2328,434411.0,6478664.6,2962.1
10149,2328,434420.1,6478701.0,2963.9
10152,2328,434429.1,6478737.4,2968.0
10155,2328,434438.2,6478773.7,2974.8
10158,2328,434447.3,6478810.1,2981.4
10161,2328,434456.4,6478846.5,2984.4
10164,2328,434465.4,6478882.9,2984.7
10167,2328,434474.5,6478919.3,2986.1
10170,2328,434483.6,6478955.7,2989.7
10173,2328,434492.6,6478992.1,3001.7
10176,2328,434501.7,6479028.4,3013.8
10179,2328,434510.8,6479064.8,3017.3
10182,2328,434519.9,6479101.2,3017.0
10185,2328,434528.9,6479137.6,3018.2
10188,2328,434538.0,6479174.0,3020.0
10191,2328,434547.1,6479210.4,3023.9
10194,2328,434556.2,6479246.8,3027.6
10197,2328,434565.2,6479283.1,3032.6
10200,2328,434574.3,6479319.5,3033.8
10203,2328,434583.4,6479355.9,3032.6
10206,2328,434592.5,6479392.3,3034.4
10209,2328,434601.5,6479428.7,3036.5
10212,2328,434610.6,6479465.1,3041.0
10215,2328,434619.7,6479501.5,3048.1
10218,2328,434628.7,6479537.8,3067.1
10221,2328,434637.8,6479574.2,3088.9
10224,2328,434646.9,6479610.6,3105.1
10227,2328,434656.0,6479647.0,3111.8
10230,2328,434665.0,6479683.4,3108.9
10233,2328,434674.1,6479719.8,3111.6
10236,2328,434683.2,6479756.2,3116.4
10239,2328,434692.3,6479792.5,3126.2
10242,2328,434701.3,6479828.9,3156.8
10245,2328,434710.4,6479865.3,3206.2
10248,2328,434719.5,6479901.7,3237.8
10251,2328,434728.5,6479938.1,3245.3
10254,2328,434737.6,6479974.5,3247.3
10257,2328,434746.7,6480010.9,3246.2
10260,2328,434755.8,6480047.2,3245.7
10263,2328,434764.8,6480083.6,3244.5
10266,2328,434773.9,6480120.0,3245.2
10269,2328,434783.0,6480156.4,3246.9
10272,2328,434792.1,6480192.8,3247.2
10275,2328,434801.1,6480229.2,3249.2
10278,2328,434810.2,6480265.6,3251.3
10281,2328,434819.3,6480301.9,3252.1
10284,2328,434828.4,6480338.3,3249.3
10287,2328,434837.4,6480374.7,3247.3
10290,2328,434846.5,6480411.1,3247.3
10293,2328,434855.6,6480447.5,3249.9
10296,2328,434864.6,6480483.9,3253.7
10299,2328,434873.7,6480520.3,3260.8
10302,2328,434882.8,6480556.6,3265.7
10305,2328,434891.9,6480593.0,3272.5
10308,2328,434900.9,6480629.4,3277.0
10311,2328,434910.0,6480665.8,3284.6
10314,2328,434919.1,6480702.2,3293.3
10317,2328,434928.2,6480738.6,3304.1
10320,2328,434937.2,6480775.0,3312.2
10323,2328,434946.3,6480811.3,3316.6
10326,2328,434955.4,6480847.7,3319.6
10329,2328,434964.5,6480884.1,3322.9
10332,2328,434973.5,6480920.5,3327.6
10335,2328,434982.6,6480956.9,3330.2
10338,2328,434991.7,6480993.3,3331.6
10341,2328,435000.7,6481029.7,3332.6
10344,2328,435009.8,6481066.0,3333.9
10347,2328,435018.9,6481102.4,3336.0
10350,2328,435028.0,6481138.8,3339.0
10353,2328,435037.0,6481175.2,3342.3
10356,2328,435046.1,6481211.6,3344.5
10359,2328,435055.2,6481248.0,3345.9
9969,2325,433912.1,6476508.7,2995.4
9972,2325,433921.1,6476545.1,2998.1
9975,2325,433930.2,6476581.5,3007.3
9978,2325,433939.3,6476617.9,3009.4
9981,2325,433948.4,6476654.3,3012.5
9984,2325,433957.4,6476690.7,3016.3
9987,2325,433966.5,6476727.1,3019.3
9990,2325,433975.6,6476763.4,3021.6
9993,2325,433984.6,6476799.8,3023.7
9996,2325,433993.7,6476836.2,3025.4
9999,2325,434002.8,6476872.6,3027.5
10002,2325,434011.9,6476909.0,3029.2
10005,2325,434020.9,6476945.4,3033.5
10008,2325,434030.0,6476981.8,3038.3
10011,2325,434039.1,6477018.1,3045.6
10014,2325,434048.2,6477054.5,3057.1
10017,2325,434057.2,6477090.9,3063.6
10020,2325,434066.3,6477127.3,3065.4
10023,2325,434075.4,6477163.7,3065.7
10026,2325,434084.5,6477200.1,3068.8
10029,2325,434093.5,6477236.5,3073.9
10032,2325,434102.6,6477272.8,3079.0
10035,2325,434111.7,6477309.2,3084.6
10038,2325,434120.7,6477345.6,3088.7
10041,2325,434129.8,6477382.0,3093.4
10044,2325,434138.9,6477418.4,3095.0
10047,2325,434148.0,6477454.8,3095.2
10050,2325,434157.0,6477491.2,3089.5
10053,2325,434166.1,6477527.5,3074.1
10056,2325,434175.2,6477563.9,3036.1
10059,2325,434184.3,6477600.3,2986.4
10062,2325,434193.3,6477636.7,2952.8
10065,2325,434202.4,6477673.1,2928.1
10068,2325,434211.5,6477709.5,2913.2
10071,2325,434220.5,6477745.9,2904.3
10074,2325,434229.6,6477782.2,2904.5
10077,2325,434238.7,6477818.6,2901.2
10080,2325,434247.8,6477855.0,2898.5
10083,2325,434256.8,6477891.4,2899.2
10086,2325,434265.9,6477927.8,2893.1
10089,2325,434275.0,6477964.2,2887.1
10092,2325,434284.1,6478000.6,2882.7
10095,2325,434293.1,6478037.0,2883.5
10098,2325,434302.2,6478073.3,2879.3
10101,2325,434311.3,6478109.7,2877.3
10104,2325,434320.4,6478146.1,2877.5
10107,2325,434329.4,6478182.5,2882.6
10110,2325,434338.5,6478218.9,2889.8
10113,2325,434347.6,6478255.3,2894.9
10116,2325,434356.6,6478291.7,2903.4
10119,2325,434365.7,6478328.0,2907.6
10122,2325,434374.8,6478364.4,2910.0
10125,2325,434383.9,6478400.8,2913.5
10128,2325,434392.9,6478437.2,2918.3
10131,2325,434402.0,6478473.6,2924.4
10134,2325,434411.1,6478510.0,2933.7
10137,2325,434420.2,6478546.4,2945.7
10140,2325,434429.2,6478582.7,2955.6
10143,2325,434438.3,6478619.1,2961.3
10146,2325,434447.4,6478655.5,2964.3
10149,2325,434456.4,6478691.9,2967.0
10152,2325,434465.5,6478728.3,2974.1
10155,2325,434474.6,6478764.7,2981.3
10158,2325,434483.7,6478801.1,2987.7
10161,2325,434492.7,6478837.4,2988.7
10164,2325,434501.8,6478873.8,2991.4
10167,2325,434510.9,6478910.2,2992.6
10170,2325,434520.0,6478946.6,2996.1
10173,2325,434529.0,6478983.0,2999.2
10176,2325,434538.1,6479019.4,3005.5
10179,2325,434547.2,6479055.8,3009.3
10182,2325,434556.3,6479092.1,3012.9
10185,2325,434565.3,6479128.5,3012.6
10188,2325,434574.4,6479164.9,3014.4
10191,2325,434583.5,6479201.3,3018.5
10194,2325,434592.5,6479237.7,3024.8
10197,2325,434601.6,6479274.1,3029.4
10200,2325,434610.7,6479310.5,3029.1
10203,2325,434619.8,6479346.8,3028.1
10206,2325,434628.8,6479383.2,3028.3
10209,2325,434637.9,6479419.6,3030.2
10212,2325,434647.0,6479456.0,3031.9
10215,2325,434656.1,6479492.4,3039.0
10218,2325,434665.1,6479528.8,3047.3
10221,2325,434674.2,6479565.2,3068.8
10224,2325,434683.3,6479601.5,3090.1
10227,2325,434692.4,6479637.9,3110.2
10230,2325,434701.4,6479674.3,3118.4
10233,2325,434710.5,6479710.7,3118.0
10236,2325,434719.6,6479747.1,3123.3
10239,2325,434728.6,6479783.5,3137.7
10242,2325,434737.7,6479819.9,3184.2
10245,2325,434746.8,6479856.2,3220.2
10248,2325,434755.9,6479892.6,3246.7
10251,2325,434764.9,6479929.0,3252.2
10254,2325,434774.0,6479965.4,3251.2
10257,2325,434783.1,6480001.8,3250.4
10260,2325,434792.2,6480038.2,3249.2
10263,2325,434801.2,6480074.6,3249.9
10266,2325,434810.3,6480110.9,3250.3
10269,2325,434819.4,6480147.3,3251.7
10272,2325,434828.4,6480183.7,3251.4
10275,2325,434837.5,6480220.1,3253.6
10278,2325,434846.6,6480256.5,3255.4
10281,2325,434855.7,6480292.9,3255.8
10284,2325,434864.7,6480329.3,3255.2
10287,2325,434873.8,6480365.6,3253.4
10290,2325,434882.9,6480402.0,3252.7
10293,2325,434892.0,6480438.4,3252.1
10296,2325,434901.0,6480474.8,3256.3
10299,2325,434910.1,6480511.2,3262.3
10302,2325,434919.2,6480547.6,3267.7
10305,2325,434928.3,6480584.0,3271.7
10308,2325,434937.3,6480620.3,3277.4
10311,2325,434946.4,6480656.7,3282.4
10314,2325,434955.5,6480693.1,3291.2
10317,2325,434964.5,6480729.5,3299.6
10320,2325,434973.6,6480765.9,3309.8
10323,2325,434982.7,6480802.3,3316.7
10326,2325,434991.8,6480838.7,3319.9
10329,2325,435000.8,6480875.0,3323.4
10332,2325,435009.9,6480911.4,3327.3
10335,2325,435019.0,6480947.8,3330.7
10338,2325,435028.1,6480984.2,3332.3
10341,2325,435037.1,6481020.6,3333.7
10344,2325,435046.2,6481057.0,3334.9
10347,2325,435055.3,6481093.4,3338.0
10350,2325,435064.3,6481129.7,3340.9
10353,2325,435073.4,6481166.1,3344.0
10356,2325,435082.5,6481202.5,3346.0
10359,2325,435091.6,6481238.9,3347.3
9969,2322,433948.4,6476499.7,2989.7
9972,2322,433957.5,6476536.1,2992.1
9975,2322,433966.6,6476572.4,3000.8
9978,2322,433975.7,6476608.8,3006.3
9981,2322,433984.7,6476645.2,3010.1
9984,2322,433993.8,6476681.6,3013.6
9987,2322,434002.9,6476718.0,3016.1
9990,2322,434012.0,6476754.4,3018.0
9993,2322,434021.0,6476790.8,3019.8
9996,2322,434030.1,6476827.1,3023.2
9999,2322,434039.2,6476863.5,3025.7
10002,2322,434048.3,6476899.9,3028.1
10005,2322,434057.3,6476936.3,3032.3
10008,2322,434066.4,6476972.7,3038.2
10011,2322,434075.5,6477009.1,3047.5
10014,2322,434084.5,6477045.5,3057.7
10017,2322,434093.6,6477081.8,3062.0
10020,2322,434102.7,6477118.2,3064.0
10023,2322,434111.8,6477154.6,3065.5
10026,2322,434120.8,6477191.0,3068.0
10029,2322,434129.9,6477227.4,3072.6
10032,2322,434139.0,6477263.8,3077.0
10035,2322,434148.1,6477300.2,3081.4
10038,2322,434157.1,6477336.5,3085.0
10041,2322,434166.2,6477372.9,3088.8
10044,2322,434175.3,6477409.3,3093.3
10047,2322,434184.3,6477445.7,3095.3
10050,2322,434193.4,6477482.1,3089.6
10053,2322,434202.5,6477518.5,3064.0
10056,2322,434211.6,6477554.9,3031.8
10059,2322,434220.6,6477591.2,2979.4
10062,2322,434229.7,6477627.6,2942.8
10065,2322,434238.8,6477664.0,2915.1
10068,2322,434247.9,6477700.4,2901.0
10071,2322,434256.9,6477736.8,2894.7
10074,2322,434266.0,6477773.2,2894.1
10077,2322,434275.1,6477809.6,2890.7
10080,2322,434284.2,6477845.9,2885.9
10083,2322,434293.2,6477882.3,2882.7
10086,2322,434302.3,6477918.7,2879.7
10089,2322,434311.4,6477955.1,2876.3
10092,2322,434320.4,6477991.5,2873.8
10095,2322,434329.5,6478027.9,2874.8
10098,2322,434338.6,6478064.3,2875.2
10101,2322,434347.7,6478100.6,2876.1
10104,2322,434356.7,6478137.0,2878.4
10107,2322,434365.8,6478173.4,2879.6
10110,2322,434374.9,6478209.8,2886.6
10113,2322,434384.0,6478246.2,2893.1
10116,2322,434393.0,6478282.6,2898.3
10119,2322,434402.1,6478319.0,2902.7
10122,2322,434411.2,6478355.3,2904.1
10125,2322,434420.3,6478391.7,2907.8
10128,2322,434429.3,6478428.1,2913.9
10131,2322,434438.4,6478464.5,2921.0
10134,2322,434447.5,6478500.9,2930.8
10137,2322,434456.5,6478537.3,2942.1
10140,2322,434465.6,6478573.7,2953.2
10143,2322,434474.7,6478610.0,2960.9
10146,2322,434483.8,6478646.4,2967.7
10149,2322,434492.8,6478682.8,2974.7
10152,2322,434501.9,6478719.2,2983.5
10155,2322,434511.0,6478755.6,2989.8
10158,2322,434520.1,6478792.0,2995.3
10161,2322,434529.1,6478828.4,2996.0
10164,2322,434538.2,6478864.8,2998.0
10167,2322,434547.3,6478901.1,2998.4
10170,2322,434556.3,6478937.5,3001.3
10173,2322,434565.4,6478973.9,2997.7
10176,2322,434574.5,6479010.3,2995.2
10179,2322,434583.6,6479046.7,3002.0
10182,2322,434592.6,6479083.1,3004.7
10185,2322,434601.7,6479119.5,3007.8
10188,2322,434610.8,6479155.8,3008.7
10191,2322,434619.9,6479192.2,3013.5
10194,2322,434628.9,6479228.6,3021.3
10197,2322,434638.0,6479265.0,3027.2
10200,2322,434647.1,6479301.4,3025.9
10203,2322,434656.2,6479337.8,3024.9
10206,2322,434665.2,6479374.2,3023.6
10209,2322,434674.3,6479410.5,3024.4
10212,2322,434683.4,6479446.9,3028.1
10215,2322,434692.4,6479483.3,3034.0
10218,2322,434701.5,6479519.7,3040.3
10221,2322,434710.6,6479556.1,3048.2
10224,2322,434719.7,6479592.5,3074.1
10227,2322,434728.7,6479628.9,3101.4
10230,2322,434737.8,6479665.2,3118.0
10233,2322,434746.9,6479701.6,3124.3
10236,2322,434756.0,6479738.0,3127.7
10239,2322,434765.0,6479774.4,3138.5
10242,2322,434774.1,6479810.8,3184.3
10245,2322,434783.2,6479847.2,3233.0
10248,2322,434792.2,6479883.6,3254.5
10251,2322,434801.3,6479919.9,3258.4
10254,2322,434810.4,6479956.3,3257.7
10257,2322,434819.5,6479992.7,3256.0
10260,2322,434828.5,6480029.1,3255.8
10263,2322,434837.6,6480065.5,3255.7
10266,2322,434846.7,6480101.9,3255.6
10269,2322,434855.8,6480138.3,3255.3
10272,2322,434864.8,6480174.6,3256.1
10275,2322,434873.9,6480211.0,3257.2
10278,2322,434883.0,6480247.4,3258.6
10281,2322,434892.1,6480283.8,3258.3
10284,2322,434901.1,6480320.2,3258.7
10287,2322,434910.2,6480356.6,3258.8
10290,2322,434919.3,6480393.0,3257.1
10293,2322,434928.3,6480429.3,3257.0
10296,2322,434937.4,6480465.7,3260.3
10299,2322,434946.5,6480502.1,3264.4
10302,2322,434955.6,6480538.5,3268.3
10305,2322,434964.6,6480574.9,3271.9
10308,2322,434973.7,6480611.3,3276.2
10311,2322,434982.8,6480647.7,3282.6
10314,2322,434991.9,6480684.0,3290.3
10317,2322,435000.9,6480720.4,3301.0
10320,2322,435010.0,6480756.8,3309.3
10323,2322,435019.1,6480793.2,3317.9
10326,2322,435028.1,6480829.6,3321.5
10329,2322,435037.2,6480866.0,3324.5
10332,2322,435046.3,6480902.4,3327.9
10335,2322,435055.4,6480938.7,3330.8
10338,2322,435064.4,6480975.1,3333.4
10341,2322,435073.5,6481011.5,3335.4
10344,2322,435082.6,6481047.9,3337.5
10347,2322,435091.7,6481084.3,3339.6
10350,2322,435100.7,6481120.7,3343.2
10353,2322,435109.8,6481157.1,3344.8
10356,2322,435118.9,6481193.4,3346.2
10359,2322,435128.0,6481229.8,3347.3
9969,2319,433984.8,6476490.6,2990.3
9972,2319,433993.9,6476527.0,2990.6
9975,2319,434003.0,6476563.4,2995.6
9978,2319,434012.1,6476599.8,3002.5
9981,2319,434021.1,6476636.1,3006.1
9984,2319,434030.2,6476672.5,3011.1
9987,2319,434039.3,6476708.9,3014.8
9990,2319,434048.3,6476745.3,3016.0
9993,2319,434057.4,6476781.7,3017.4
9996,2319,434066.5,6476818.1,3021.8
9999,2319,434075.6,6476854.5,3023.6
10002,2319,434084.6,6476890.8,3026.5
10005,2319,434093.7,6476927.2,3030.8
10008,2319,434102.8,6476963.6,3036.7
10011,2319,434111.9,6477000.0,3045.3
10014,2319,434120.9,6477036.4,3055.0
10017,2319,434130.0,6477072.8,3060.2
10020,2319,434139.1,6477109.2,3063.1
10023,2319,434148.1,6477145.5,3065.3
10026,2319,434157.2,6477181.9,3067.5
10029,2319,434166.3,6477218.3,3072.3
10032,2319,434175.4,6477254.7,3075.3
10035,2319,434184.4,6477291.1,3079.5
10038,2319,434193.5,6477327.5,3082.5
10041,2319,434202.6,6477363.9,3087.1
10044,2319,434211.7,6477400.2,3092.9
10047,2319,434220.7,6477436.6,3096.2
10050,2319,434229.8,6477473.0,3090.3
10053,2319,434238.9,6477509.4,3066.1
10056,2319,434248.0,6477545.8,3015.6
10059,2319,434257.0,6477582.2,2972.9
10062,2319,434266.1,6477618.6,2927.6
10065,2319,434275.2,6477654.9,2909.1
10068,2319,434284.2,6477691.3,2896.3
10071,2319,434293.3,6477727.7,2891.9
10074,2319,434302.4,6477764.1,2889.2
10077,2319,434311.5,6477800.5,2885.4
10080,2319,434320.5,6477836.9,2879.8
10083,2319,434329.6,6477873.3,2876.9
10086,2319,434338.7,6477909.6,2874.7
10089,2319,434347.8,6477946.0,2873.2
10092,2319,434356.8,6477982.4,2873.0
10095,2319,434365.9,6478018.8,2875.0
10098,2319,434375.0,6478055.2,2876.9
10101,2319,434384.1,6478091.6,2880.6
10104,2319,434393.1,6478128.0,2882.7
10107,2319,434402.2,6478164.3,2884.7
10110,2319,434411.3,6478200.7,2889.2
10113,2319,434420.3,6478237.1,2892.0
10116,2319,434429.4,6478273.5,2895.5
10119,2319,434438.5,6478309.9,2896.5
10122,2319,434447.6,6478346.3,2899.9
10125,2319,434456.6,6478382.7,2903.9
10128,2319,434465.7,6478419.0,2911.1
10131,2319,434474.8,6478455.4,2915.2
10134,2319,434483.9,6478491.8,2923.9
10137,2319,434492.9,6478528.2,2936.1
10140,2319,434502.0,6478564.6,2947.0
10143,2319,434511.1,6478601.0,2956.5
10146,2319,434520.1,6478637.4,2969.1
10149,2319,434529.2,6478673.7,2980.4
10152,2319,434538.3,6478710.1,2990.7
10155,2319,434547.4,6478746.5,2996.7
10158,2319,434556.4,6478782.9,3000.8
10161,2319,434565.5,6478819.3,3002.3
10164,2319,434574.6,6478855.7,3003.3
10167,2319,434583.7,6478892.1,3003.1
10170,2319,434592.7,6478928.4,3003.2
10173,2319,434601.8,6478964.8,2998.0
10176,2319,434610.9,6479001.2,2990.6
10179,2319,434620.0,6479037.6,2990.8
10182,2319,434629.0,6479074.0,2997.7
10185,2319,434638.1,6479110.4,2999.0
10188,2319,434647.2,6479146.8,3002.5
10191,2319,434656.2,6479183.2,3010.4
10194,2319,434665.3,6479219.5,3020.3
10197,2319,434674.4,6479255.9,3024.0
10200,2319,434683.5,6479292.3,3024.3
10203,2319,434692.5,6479328.7,3023.4
10206,2319,434701.6,6479365.1,3020.9
10209,2319,434710.7,6479401.5,3019.4
10212,2319,434719.8,6479437.8,3023.1
10215,2319,434728.8,6479474.2,3028.8
10218,2319,434737.9,6479510.6,3034.2
10221,2319,434747.0,6479547.0,3044.2
10224,2319,434756.0,6479583.4,3067.6
10227,2319,434765.1,6479619.8,3105.1
10230,2319,434774.2,6479656.2,3120.2
10233,2319,434783.3,6479692.6,3125.7
10236,2319,434792.3,6479728.9,3130.1
10239,2319,434801.4,6479765.3,3140.5
10242,2319,434810.5,6479801.7,3157.9
10245,2319,434819.6,6479838.1,3220.8
10248,2319,434828.6,6479874.5,3255.5
10251,2319,434837.7,6479910.9,3263.6
10254,2319,434846.8,6479947.3,3263.2
10257,2319,434855.9,6479983.6,3263.5
10260,2319,434864.9,6480020.0,3261.5
10263,2319,434874.0,6480056.4,3261.6
10266,2319,434883.1,6480092.8,3261.3
10269,2319,434892.1,6480129.2,3260.2
10272,2319,434901.2,6480165.6,3260.6
10275,2319,434910.3,6480202.0,3260.8
10278,2319,434919.4,6480238.3,3261.7
10281,2319,434928.4,6480274.7,3261.2
10284,2319,434937.5,6480311.1,3262.0
10287,2319,434946.6,6480347.5,3262.1
10290,2319,434955.7,6480383.9,3260.8
10293,2319,434964.7,6480420.3,3260.9
10296,2319,434973.8,6480456.7,3263.0
10299,2319,434982.9,6480493.0,3267.0
10302,2319,434992.0,6480529.4,3269.4
10305,2319,435001.0,6480565.8,3272.5
10308,2319,435010.1,6480602.2,3275.6
10311,2319,435019.2,6480638.6,3282.4
10314,2319,435028.2,6480675.0,3290.4
10317,2319,435037.3,6480711.4,3302.3
10320,2319,435046.4,6480747.7,3314.0
10323,2319,435055.5,6480784.1,3321.6
10326,2319,435064.5,6480820.5,3324.4
10329,2319,435073.6,6480856.9,3326.3
10332,2319,435082.7,6480893.3,3328.9
10335,2319,435091.8,6480929.7,3331.4
10338,2319,435100.8,6480966.1,3334.5
10341,2319,435109.9,6481002.4,3337.2
10344,2319,435119.0,6481038.8,3339.2
10347,2319,435128.0,6481075.2,3340.7
10350,2319,435137.1,6481111.6,3343.8
10353,2319,435146.2,6481148.0,3345.0
10356,2319,435155.3,6481184.4,3345.8
10359,2319,435164.3,6481220.8,3346.7
9969,2316,434021.2,6476481.5,2993.0
9972,2316,434030.3,6476517.9,2993.6
9975,2316,434039.4,6476554.3,2996.8
9978,2316,434048.4,6476590.7,3000.6
9981,2316,434057.5,6476627.1,3002.6
9984,2316,434066.6,6476663.5,3007.5
9987,2316,434075.7,6476699.8,3012.7
9990,2316,434084.7,6476736.2,3014.4
9993,2316,434093.8,6476772.6,3015.4
9996,2316,434102.9,6476809.0,3018.3
9999,2316,434112.0,6476845.4,3021.6
10002,2316,434121.0,6476881.8,3023.9
10005,2316,434130.1,6476918.2,3030.0
10008,2316,434139.2,6476954.5,3035.4
10011,2316,434148.2,6476990.9,3043.2
10014,2316,434157.3,6477027.3,3051.4
10017,2316,434166.4,6477063.7,3056.8
10020,2316,434175.5,6477100.1,3059.6
10023,2316,434184.5,6477136.5,3062.4
10026,2316,434193.6,6477172.9,3065.7
10029,2316,434202.7,6477209.2,3069.8
10032,2316,434211.8,6477245.6,3074.1
10035,2316,434220.8,6477282.0,3076.6
10038,2316,434229.9,6477318.4,3082.5
10041,2316,434239.0,6477354.8,3087.9
10044,2316,434248.0,6477391.2,3092.7
10047,2316,434257.1,6477427.6,3095.2
10050,2316,434266.2,6477463.9,3090.6
10053,2316,434275.3,6477500.3,3071.3
10056,2316,434284.3,6477536.7,3021.8
10059,2316,434293.4,6477573.1,2966.8
10062,2316,434302.5,6477609.5,2926.8
10065,2316,434311.6,6477645.9,2902.3
10068,2316,434320.6,6477682.3,2894.2
10071,2316,434329.7,6477718.6,2887.8
10074,2316,434338.8,6477755.0,2884.9
10077,2316,434347.9,6477791.4,2882.2
10080,2316,434356.9,6477827.8,2878.0
10083,2316,434366.0,6477864.2,2875.1
10086,2316,434375.1,6477900.6,2874.2
10089,2316,434384.1,6477937.0,2874.6
10092,2316,434393.2,6477973.3,2875.6
10095,2316,434402.3,6478009.7,2878.1
10098,2316,434411.4,6478046.1,2882.0
10101,2316,434420.4,6478082.5,2886.0
10104,2316,434429.5,6478118.9,2888.3
10107,2316,434438.6,6478155.3,2889.9
10110,2316,434447.7,6478191.7,2891.0
10113,2316,434456.7,6478228.0,2891.3
10116,2316,434465.8,6478264.4,2892.4
10119,2316,434474.9,6478300.8,2892.8
10122,2316,434483.9,6478337.2,2894.3
10125,2316,434493.0,6478373.6,2899.2
10128,2316,434502.1,6478410.0,2905.1
10131,2316,434511.2,6478446.4,2910.9
10134,2316,434520.2,6478482.7,2919.3
10137,2316,434529.3,6478519.1,2931.3
10140,2316,434538.4,6478555.5,2938.8
10143,2316,434547.5,6478591.9,2949.7
10146,2316,434556.5,6478628.3,2966.3
10149,2316,434565.6,6478664.7,2983.0
10152,2316,434574.7,6478701.1,2992.7
10155,2316,434583.8,6478737.4,2998.0
10158,2316,434592.8,6478773.8,3002.1
10161,2316,434601.9,6478810.2,3005.6
10164,2316,434611.0,6478846.6,3004.8
10167,2316,434620.0,6478883.0,3004.3
10170,2316,434629.1,6478919.4,3001.8
10173,2316,434638.2,6478955.8,2996.6
10176,2316,434647.3,6478992.1,2988.6
10179,2316,434656.3,6479028.5,2985.1
10182,2316,434665.4,6479064.9,2979.9
10185,2316,434674.5,6479101.3,2982.7
10188,2316,434683.6,6479137.7,2989.4
10191,2316,434692.6,6479174.1,3003.2
10194,2316,434701.7,6479210.5,3015.6
10197,2316,434710.8,6479246.8,3022.3
10200,2316,434719.8,6479283.2,3023.0
10203,2316,434728.9,6479319.6,3021.3
10206,2316,434738.0,6479356.0,3019.5
10209,2316,434747.1,6479392.4,3017.1
10212,2316,434756.1,6479428.8,3019.3
10215,2316,434765.2,6479465.2,3023.0
10218,2316,434774.3,6479501.5,3028.5
10221,2316,434783.4,6479537.9,3040.9
10224,2316,434792.4,6479574.3,3061.2
10227,2316,434801.5,6479610.7,3104.6
10230,2316,434810.6,6479647.1,3124.5
10233,2316,434819.7,6479683.5,3130.3
10236,2316,434828.7,6479719.9,3133.1
10239,2316,434837.8,6479756.2,3138.4
10242,2316,434846.9,6479792.6,3156.1
10245,2316,434855.9,6479829.0,3205.6
10248,2316,434865.0,6479865.4,3253.8
10251,2316,434874.1,6479901.8,3267.3
10254,2316,434883.2,6479938.2,3269.1
10257,2316,434892.2,6479974.6,3267.8
10260,2316,434901.3,6480011.0,3267.5
10263,2316,434910.4,6480047.3,3266.5
10266,2316,434919.5,6480083.7,3266.4
10269,2316,434928.5,6480120.1,3264.7
10272,2316,434937.6,6480156.5,3264.0
10275,2316,434946.7,6480192.9,3264.0
10278,2316,434955.8,6480229.3,3263.2
10281,2316,434964.8,6480265.7,3263.4
10284,2316,434973.9,6480302.0,3264.0
10287,2316,434983.0,6480338.4,3263.9
10290,2316,434992.0,6480374.8,3261.8
10293,2316,435001.1,6480411.2,3262.3
10296,2316,435010.2,6480447.6,3265.3
10299,2316,435019.3,6480484.0,3268.8
10302,2316,435028.3,6480520.4,3271.5
10305,2316,435037.4,6480556.7,3274.8
10308,2316,435046.5,6480593.1,3278.4
10311,2316,435055.6,6480629.5,3284.0
10314,2316,435064.6,6480665.9,3295.7
10317,2316,435073.7,6480702.3,3309.1
10320,2316,435082.8,6480738.7,3318.4
10323,2316,435091.8,6480775.1,3322.8
10326,2316,435100.9,6480811.4,3325.8
10329,2316,435110.0,6480847.8,3327.7
10332,2316,435119.1,6480884.2,3331.2
10335,2316,435128.1,6480920.6,3333.1
10338,2316,435137.2,6480957.0,3336.5
10341,2316,435146.3,6480993.4,3338.6
10344,2316,435155.4,6481029.8,3339.9
10347,2316,435164.4,6481066.1,3341.4
10350,2316,435173.5,6481102.5,3344.0
10353,2316,435182.6,6481138.9,3344.8
10356,2316,435191.7,6481175.3,3345.4
10359,2316,435200.7,6481211.7,3346.2
9969,2313,434057.6,6476472.5,2992.9
9972,2313,434066.7,6476508.8,2995.2
9975,2313,434075.8,6476545.2,2999.2
9978,2313,434084.8,6476581.6,3000.7
9981,2313,434093.9,6476618.0,3001.4
9984,2313,434103.0,6476654.4,3004.4
9987,2313,434112.0,6476690.8,3009.7
9990,2313,434121.1,6476727.2,3012.1
9993,2313,434130.2,6476763.5,3013.6
9996,2313,434139.3,6476799.9,3015.5
9999,2313,434148.3,6476836.3,3017.8
10002,2313,434157.4,6476872.7,3022.3
10005,2313,434166.5,6476909.1,3028.4
10008,2313,434175.6,6476945.5,3035.9
10011,2313,434184.6,6476981.9,3040.9
10014,2313,434193.7,6477018.2,3049.2
10017,2313,434202.8,6477054.6,3053.4
10020,2313,434211.8,6477091.0,3056.4
10023,2313,434220.9,6477127.4,3060.3
10026,2313,434230.0,6477163.8,3064.4
10029,2313,434239.1,6477200.2,3068.0
10032,2313,434248.1,6477236.6,3072.1
10035,2313,434257.2,6477272.9,3077.2
10038,2313,434266.3,6477309.3,3083.3
10041,2313,434275.4,6477345.7,3088.5
10044,2313,434284.4,6477382.1,3090.8
10047,2313,434293.5,6477418.5,3092.4
10050,2313,434302.6,6477454.9,3087.9
10053,2313,434311.7,6477491.3,3068.7
10056,2313,434320.7,6477527.6,3025.6
10059,2313,434329.8,6477564.0,2974.2
10062,2313,434338.9,6477600.4,2928.0
10065,2313,434347.9,6477636.8,2901.9
10068,2313,434357.0,6477673.2,2891.0
10071,2313,434366.1,6477709.6,2885.7
10074,2313,434375.2,6477746.0,2881.5
10077,2313,434384.2,6477782.3,2879.5
10080,2313,434393.3,6477818.7,2877.0
10083,2313,434402.4,6477855.1,2874.6
10086,2313,434411.5,6477891.5,2874.7
10089,2313,434420.5,6477927.9,2875.6
10092,2313,434429.6,6477964.3,2876.3
10095,2313,434438.7,6478000.7,2880.4
10098,2313,434447.7,6478037.0,2886.1
10101,2313,434456.8,6478073.4,2891.8
10104,2313,434465.9,6478109.8,2892.3
10107,2313,434475.0,6478146.2,2891.9
10110,2313,434484.0,6478182.6,2890.6
10113,2313,434493.1,6478219.0,2889.6
10116,2313,434502.2,6478255.4,2889.7
10119,2313,434511.3,6478291.7,2890.1
10122,2313,434520.3,6478328.1,2891.1
10125,2313,434529.4,6478364.5,2894.4
10128,2313,434538.5,6478400.9,2897.5
10131,2313,434547.6,6478437.3,2902.0
10134,2313,434556.6,6478473.7,2909.2
10137,2313,434565.7,6478510.1,2920.7
10140,2313,434574.8,6478546.4,2932.6
10143,2313,434583.8,6478582.8,2946.3
10146,2313,434592.9,6478619.2,2963.3
10149,2313,434602.0,6478655.6,2979.4
10152,2313,434611.1,6478692.0,2990.2
10155,2313,434620.1,6478728.4,2996.7
10158,2313,434629.2,6478764.8,3002.6
10161,2313,434638.3,6478801.1,3006.0
10164,2313,434647.4,6478837.5,3004.2
10167,2313,434656.4,6478873.9,3003.7
10170,2313,434665.5,6478910.3,3000.0
10173,2313,434674.6,6478946.7,2991.3
10176,2313,434683.7,6478983.1,2982.5
10179,2313,434692.7,6479019.5,2974.8
10182,2313,434701.8,6479055.8,2966.7
10185,2313,434710.9,6479092.2,2958.0
10188,2313,434719.9,6479128.6,2964.0
10191,2313,434729.0,6479165.0,2988.1
10194,2313,434738.1,6479201.4,3003.5
10197,2313,434747.2,6479237.8,3017.5
10200,2313,434756.2,6479274.2,3019.7
10203,2313,434765.3,6479310.5,3017.8
10206,2313,434774.4,6479346.9,3015.2
10209,2313,434783.5,6479383.3,3012.9
10212,2313,434792.5,6479419.7,3015.3
10215,2313,434801.6,6479456.1,3020.1
10218,2313,434810.7,6479492.5,3026.7
10221,2313,434819.7,6479528.9,3047.2
10224,2313,434828.8,6479565.2,3066.9
10227,2313,434837.9,6479601.6,3111.1
10230,2313,434847.0,6479638.0,3125.2
10233,2313,434856.0,6479674.4,3131.8
10236,2313,434865.1,6479710.8,3136.2
10239,2313,434874.2,6479747.2,3143.3
10242,2313,434883.3,6479783.6,3164.0
10245,2313,434892.3,6479819.9,3221.0
10248,2313,434901.4,6479856.3,3259.7
10251,2313,434910.5,6479892.7,3270.1
10254,2313,434919.6,6479929.1,3272.8
10257,2313,434928.6,6479965.5,3273.9
10260,2313,434937.7,6480001.9,3273.8
10263,2313,434946.8,6480038.3,3273.9
10266,2313,434955.8,6480074.6,3271.2
10269,2313,434964.9,6480111.0,3270.4
10272,2313,434974.0,6480147.4,3268.4
10275,2313,434983.1,6480183.8,3267.6
10278,2313,434992.1,6480220.2,3265.5
10281,2313,435001.2,6480256.6,3265.4
10284,2313,435010.3,6480293.0,3265.4
10287,2313,435019.4,6480329.3,3264.6
10290,2313,435028.4,6480365.7,3263.1
10293,2313,435037.5,6480402.1,3264.1
10296,2313,435046.6,6480438.5,3267.2
10299,2313,435055.6,6480474.9,3269.6
10302,2313,435064.7,6480511.3,3273.9
10305,2313,435073.8,6480547.7,3278.8
10308,2313,435082.9,6480584.1,3287.7
10311,2313,435091.9,6480620.4,3295.7
10314,2313,435101.0,6480656.8,3309.9
10317,2313,435110.1,6480693.2,3318.5
10320,2313,435119.2,6480729.6,3322.1
10323,2313,435128.2,6480766.0,3326.2
10326,2313,435137.3,6480802.4,3327.7
10329,2313,435146.4,6480838.8,3330.2
10332,2313,435155.5,6480875.1,3332.6
10335,2313,435164.5,6480911.5,3335.0
10338,2313,435173.6,6480947.9,3337.5
10341,2313,435182.7,6480984.3,3340.0
10344,2313,435191.7,6481020.7,3341.4
10347,2313,435200.8,6481057.1,3342.8
10350,2313,435209.9,6481093.5,3343.8
10353,2313,435219.0,6481129.8,3344.3
10356,2313,435228.0,6481166.2,3344.5
10359,2313,435237.1,6481202.6,3345.7
9969,2310,434094.0,6476463.4,2993.1
9972,2310,434103.1,6476499.8,2997.0
9975,2310,434112.1,6476536.2,3000.3
9978,2310,434121.2,6476572.5,3002.1
9981,2310,434130.3,6476608.9,3001.2
9984,2310,434139.4,6476645.3,3003.7
9987,2310,434148.4,6476681.7,3006.9
9990,2310,434157.5,6476718.1,3009.9
9993,2310,434166.6,6476754.5,3012.1
9996,2310,434175.6,6476790.9,3013.8
9999,2310,434184.7,6476827.2,3015.9
10002,2310,434193.8,6476863.6,3019.7
10005,2310,434202.9,6476900.0,3025.4
10008,2310,434211.9,6476936.4,3033.0
10011,2310,434221.0,6476972.8,3040.6
10014,2310,434230.1,6477009.2,3047.4
10017,2310,434239.2,6477045.6,3052.5
10020,2310,434248.2,6477081.9,3056.4
10023,2310,434257.3,6477118.3,3060.2
10026,2310,434266.4,6477154.7,3063.8
10029,2310,434275.5,6477191.1,3066.8
10032,2310,434284.5,6477227.5,3070.2
10035,2310,434293.6,6477263.9,3075.8
10038,2310,434302.7,6477300.3,3082.6
10041,2310,434311.7,6477336.6,3086.6
10044,2310,434320.8,6477373.0,3088.9
10047,2310,434329.9,6477409.4,3088.8
10050,2310,434339.0,6477445.8,3079.3
10053,2310,434348.0,6477482.2,3054.6
10056,2310,434357.1,6477518.6,3018.8
10059,2310,434366.2,6477555.0,2974.4
10062,2310,434375.3,6477591.3,2928.7
10065,2310,434384.3,6477627.7,2902.2
10068,2310,434393.4,6477664.1,2891.8
10071,2310,434402.5,6477700.5,2884.8
10074,2310,434411.6,6477736.9,2879.8
10077,2310,434420.6,6477773.3,2878.3
10080,2310,434429.7,6477809.7,2876.1
10083,2310,434438.8,6477846.0,2874.4
10086,2310,434447.8,6477882.4,2875.8
10089,2310,434456.9,6477918.8,2876.6
10092,2310,434466.0,6477955.2,2877.3
10095,2310,434475.1,6477991.6,2881.9
10098,2310,434484.1,6478028.0,2889.9
10101,2310,434493.2,6478064.4,2894.5
10104,2310,434502.3,6478100.7,2894.9
10107,2310,434511.4,6478137.1,2892.4
10110,2310,434520.4,6478173.5,2889.5
10113,2310,434529.5,6478209.9,2888.1
10116,2310,434538.6,6478246.3,2887.6
10119,2310,434547.6,6478282.7,2888.6
10122,2310,434556.7,6478319.1,2889.5
10125,2310,434565.8,6478355.4,2890.6
10128,2310,434574.9,6478391.8,2891.0
10131,2310,434583.9,6478428.2,2892.9
10134,2310,434593.0,6478464.6,2901.3
10137,2310,434602.1,6478501.0,2909.6
10140,2310,434611.2,6478537.4,2921.6
10143,2310,434620.2,6478573.8,2935.1
10146,2310,434629.3,6478610.1,2958.5
10149,2310,434638.4,6478646.5,2975.5
10152,2310,434647.5,6478682.9,2987.8
10155,2310,434656.5,6478719.3,2994.3
10158,2310,434665.6,6478755.7,3001.8
10161,2310,434674.7,6478792.1,3003.2
10164,2310,434683.7,6478828.5,3001.2
10167,2310,434692.8,6478864.8,3000.7
10170,2310,434701.9,6478901.2,2995.2
10173,2310,434711.0,6478937.6,2986.3
10176,2310,434720.0,6478974.0,2976.3
10179,2310,434729.1,6479010.4,2967.2
10182,2310,434738.2,6479046.8,2952.9
10185,2310,434747.3,6479083.2,2944.2
10188,2310,434756.3,6479119.5,2946.6
10191,2310,434765.4,6479155.9,2972.3
10194,2310,434774.5,6479192.3,2985.1
10197,2310,434783.5,6479228.7,3006.1
10200,2310,434792.6,6479265.1,3015.6
10203,2310,434801.7,6479301.5,3012.3
10206,2310,434810.8,6479337.9,3010.0
10209,2310,434819.8,6479374.2,3007.5
10212,2310,434828.9,6479410.6,3010.5
10215,2310,434838.0,6479447.0,3018.9
10218,2310,434847.1,6479483.4,3039.7
10221,2310,434856.1,6479519.8,3069.1
10224,2310,434865.2,6479556.2,3099.0
10227,2310,434874.3,6479592.6,3115.8
10230,2310,434883.4,6479628.9,3126.5
10233,2310,434892.4,6479665.3,3131.3
10236,2310,434901.5,6479701.7,3137.4
10239,2310,434910.6,6479738.1,3147.5
10242,2310,434919.6,6479774.5,3171.6
10245,2310,434928.7,6479810.9,3223.5
10248,2310,434937.8,6479847.3,3260.5
10251,2310,434946.9,6479883.6,3275.7
10254,2310,434955.9,6479920.0,3278.9
10257,2310,434965.0,6479956.4,3279.8
10260,2310,434974.1,6479992.8,3281.3
10263,2310,434983.2,6480029.2,3282.3
10266,2310,434992.2,6480065.6,3278.9
10269,2310,435001.3,6480102.0,3275.9
10272,2310,435010.4,6480138.3,3273.4
10275,2310,435019.4,6480174.7,3272.3
10278,2310,435028.5,6480211.1,3269.3
10281,2310,435037.6,6480247.5,3267.7
10284,2310,435046.7,6480283.9,3266.4
10287,2310,435055.7,6480320.3,3265.1
10290,2310,435064.8,6480356.7,3264.3
10293,2310,435073.9,6480393.0,3266.1
10296,2310,435083.0,6480429.4,3269.8
10299,2310,435092.0,6480465.8,3272.2
10302,2310,435101.1,6480502.2,3277.5
10305,2310,435110.2,6480538.6,3285.3
10308,2310,435119.3,6480575.0,3299.0
10311,2310,435128.3,6480611.4,3309.5
10314,2310,435137.4,6480647.7,3320.8
10317,2310,435146.5,6480684.1,3327.8
10320,2310,435155.5,6480720.5,3330.2
10323,2310,435164.6,6480756.9,3329.9
10326,2310,435173.7,6480793.3,3330.6
10329,2310,435182.8,6480829.7,3333.0
10332,2310,435191.8,6480866.1,3335.4
10335,2310,435200.9,6480902.5,3337.3
10338,2310,435210.0,6480938.8,3338.7
10341,2310,435219.1,6480975.2,3340.6
10344,2310,435228.1,6481011.6,3342.2
10347,2310,435237.2,6481048.0,3343.6
10350,2310,435246.3,6481084.4,3343.5
10353,2310,435255.4,6481120.8,3343.0
10356,2310,435264.4,6481157.2,3343.4
10359,2310,435273.5,6481193.5,3343.5
9969,2307,434130.4,6476454.3,2996.5
9972,2307,434139.5,6476490.7,2997.7
9975,2307,434148.5,6476527.1,2999.2
9978,2307,434157.6,6476563.5,3002.0
9981,2307,434166.7,6476599.8,3001.5
9984,2307,434175.7,6476636.2,3002.1
9987,2307,434184.8,6476672.6,3005.9
9990,2307,434193.9,6476709.0,3009.0
9993,2307,434203.0,6476745.4,3011.8
9996,2307,434212.0,6476781.8,3014.7
9999,2307,434221.1,6476818.2,3016.3
10002,2307,434230.2,6476854.5,3017.9
10005,2307,434239.3,6476890.9,3022.2
10008,2307,434248.3,6476927.3,3029.1
10011,2307,434257.4,6476963.7,3036.7
10014,2307,434266.5,6477000.1,3044.0
10017,2307,434275.5,6477036.5,3050.2
10020,2307,434284.6,6477072.9,3055.7
10023,2307,434293.7,6477109.3,3060.7
10026,2307,434302.8,6477145.6,3064.7
10029,2307,434311.8,6477182.0,3068.3
10032,2307,434320.9,6477218.4,3069.9
10035,2307,434330.0,6477254.8,3074.8
10038,2307,434339.1,6477291.2,3080.5
10041,2307,434348.1,6477327.6,3084.2
10044,2307,434357.2,6477364.0,3085.1
10047,2307,434366.3,6477400.3,3083.1
10050,2307,434375.4,6477436.7,3072.7
10053,2307,434384.4,6477473.1,3046.8
10056,2307,434393.5,6477509.5,3000.0
10059,2307,434402.6,6477545.9,2955.3
10062,2307,434411.6,6477582.3,2918.6
10065,2307,434420.7,6477618.7,2903.0
10068,2307,434429.8,6477655.0,2891.8
10071,2307,434438.9,6477691.4,2884.4
10074,2307,434447.9,6477727.8,2879.8
10077,2307,434457.0,6477764.2,2878.1
10080,2307,434466.1,6477800.6,2875.6
10083,2307,434475.2,6477837.0,2873.9
10086,2307,434484.2,6477873.4,2875.3
10089,2307,434493.3,6477909.7,2877.1
10092,2307,434502.4,6477946.1,2879.9
10095,2307,434511.4,6477982.5,2886.8
10098,2307,434520.5,6478018.9,2892.6
10101,2307,434529.6,6478055.3,2897.2
10104,2307,434538.7,6478091.7,2897.4
10107,2307,434547.7,6478128.1,2894.0
10110,2307,434556.8,6478164.4,2889.9
10113,2307,434565.9,6478200.8,2886.7
10116,2307,434575.0,6478237.2,2885.0
10119,2307,434584.0,6478273.6,2886.1
10122,2307,434593.1,6478310.0,2886.2
10125,2307,434602.2,6478346.4,2887.5
10128,2307,434611.3,6478382.8,2886.3
10131,2307,434620.3,6478419.1,2885.6
10134,2307,434629.4,6478455.5,2894.0
10137,2307,434638.5,6478491.9,2897.8
10140,2307,434647.5,6478528.3,2909.3
10143,2307,434656.6,6478564.7,2924.1
10146,2307,434665.7,6478601.1,2946.5
10149,2307,434674.8,6478637.5,2965.0
10152,2307,434683.8,6478673.8,2978.7
10155,2307,434692.9,6478710.2,2990.6
10158,2307,434702.0,6478746.6,2996.9
10161,2307,434711.1,6478783.0,2997.8
10164,2307,434720.1,6478819.4,2994.8
10167,2307,434729.2,6478855.8,2991.8
10170,2307,434738.3,6478892.2,2987.2
10173,2307,434747.3,6478928.5,2980.0
10176,2307,434756.4,6478964.9,2972.7
10179,2307,434765.5,6479001.3,2959.4
10182,2307,434774.6,6479037.7,2944.7
10185,2307,434783.6,6479074.1,2935.1
10188,2307,434792.7,6479110.5,2936.4
10191,2307,434801.8,6479146.9,2946.2
10194,2307,434810.9,6479183.2,2966.9
10197,2307,434819.9,6479219.6,2989.5
10200,2307,434829.0,6479256.0,3003.2
10203,2307,434838.1,6479292.4,3002.9
10206,2307,434847.2,6479328.8,3004.7
10209,2307,434856.2,6479365.2,3005.9
10212,2307,434865.3,6479401.6,3009.2
10215,2307,434874.4,6479437.9,3021.6
10218,2307,434883.4,6479474.3,3055.2
10221,2307,434892.5,6479510.7,3087.1
10224,2307,434901.6,6479547.1,3109.0
10227,2307,434910.7,6479583.5,3120.7
10230,2307,434919.7,6479619.9,3128.2
10233,2307,434928.8,6479656.3,3132.9
10236,2307,434937.9,6479692.6,3136.7
10239,2307,434947.0,6479729.0,3146.9
10242,2307,434956.0,6479765.4,3170.4
10245,2307,434965.1,6479801.8,3230.8
10248,2307,434974.2,6479838.2,3266.7
10251,2307,434983.3,6479874.6,3281.0
10254,2307,434992.3,6479911.0,3284.3
10257,2307,435001.4,6479947.3,3286.9
10260,2307,435010.5,6479983.7,3288.3
10263,2307,435019.5,6480020.1,3288.4
10266,2307,435028.6,6480056.5,3283.8
10269,2307,435037.7,6480092.9,3282.1
10272,2307,435046.8,6480129.3,3279.3
10275,2307,435055.8,6480165.7,3276.0
10278,2307,435064.9,6480202.0,3274.1
10281,2307,435074.0,6480238.4,3271.5
10284,2307,435083.1,6480274.8,3270.3
10287,2307,435092.1,6480311.2,3267.7
10290,2307,435101.2,6480347.6,3266.7
10293,2307,435110.3,6480384.0,3269.8
10296,2307,435119.3,6480420.4,3274.3
10299,2307,435128.4,6480456.7,3277.7
10302,2307,435137.5,6480493.1,3283.3
10305,2307,435146.6,6480529.5,3293.6
10308,2307,435155.6,6480565.9,3304.9
10311,2307,435164.7,6480602.3,3319.9
10314,2307,435173.8,6480638.7,3328.2
10317,2307,435182.9,6480675.1,3332.2
10320,2307,435191.9,6480711.4,3332.9
10323,2307,435201.0,6480747.8,3332.8
10326,2307,435210.1,6480784.2,3333.5
10329,2307,435219.2,6480820.6,3335.9
10332,2307,435228.2,6480857.0,3337.5
10335,2307,435237.3,6480893.4,3338.8
10338,2307,435246.4,6480929.8,3340.1
10341,2307,435255.4,6480966.1,3341.2
10344,2307,435264.5,6481002.5,3342.3
10347,2307,435273.6,6481038.9,3342.8
10350,2307,435282.7,6481075.3,3342.2
10353,2307,435291.7,6481111.7,3341.9
10356,2307,435300.8,6481148.1,3341.5
10359,2307,435309.9,6481184.5,3341.7
9969,2304,434166.8,6476445.2,2998.2
9972,2304,434175.8,6476481.6,2998.2
9975,2304,434184.9,6476518.0,2998.5
9978,2304,434194.0,6476554.4,3000.7
9981,2304,434203.1,6476590.8,3001.1
9984,2304,434212.1,6476627.2,3001.0
9987,2304,434221.2,6476663.5,3004.2
9990,2304,434230.3,6476699.9,3007.5
9993,2304,434239.3,6476736.3,3010.9
9996,2304,434248.4,6476772.7,3014.6
9999,2304,434257.5,6476809.1,3016.4
10002,2304,434266.6,6476845.5,3017.4
10005,2304,434275.6,6476881.9,3021.0
10008,2304,434284.7,6476918.2,3025.1
10011,2304,434293.8,6476954.6,3033.1
10014,2304,434302.9,6476991.0,3040.0
10017,2304,434311.9,6477027.4,3046.3
10020,2304,434321.0,6477063.8,3052.2
10023,2304,434330.1,6477100.2,3058.8
10026,2304,434339.2,6477136.6,3063.1
10029,2304,434348.2,6477172.9,3067.1
10032,2304,434357.3,6477209.3,3070.3
10035,2304,434366.4,6477245.7,3075.3
10038,2304,434375.4,6477282.1,3079.6
10041,2304,434384.5,6477318.5,3080.9
10044,2304,434393.6,6477354.9,3082.1
10047,2304,434402.7,6477391.3,3077.1
10050,2304,434411.7,6477427.7,3065.4
10053,2304,434420.8,6477464.0,3040.9
10056,2304,434429.9,6477500.4,3002.4
10059,2304,434439.0,6477536.8,2953.0
10062,2304,434448.0,6477573.2,2919.1
10065,2304,434457.1,6477609.6,2898.6
10068,2304,434466.2,6477646.0,2888.8
10071,2304,434475.2,6477682.4,2882.4
10074,2304,434484.3,6477718.7,2880.1
10077,2304,434493.4,6477755.1,2878.3
10080,2304,434502.5,6477791.5,2876.2
10083,2304,434511.5,6477827.9,2874.0
10086,2304,434520.6,6477864.3,2875.4
10089,2304,434529.7,6477900.7,2877.4
10092,2304,434538.8,6477937.1,2881.7
10095,2304,434547.8,6477973.4,2888.8
10098,2304,434556.9,6478009.8,2895.2
10101,2304,434566.0,6478046.2,2898.4
10104,2304,434575.1,6478082.6,2897.8
10107,2304,434584.1,6478119.0,2895.2
10110,2304,434593.2,6478155.4,2890.2
10113,2304,434602.3,6478191.8,2885.8
10116,2304,434611.3,6478228.1,2882.8
10119,2304,434620.4,6478264.5,2881.9
10122,2304,434629.5,6478300.9,2883.4
10125,2304,434638.6,6478337.3,2883.1
10128,2304,434647.6,6478373.7,2880.3
10131,2304,434656.7,6478410.1,2878.7
10134,2304,434665.8,6478446.5,2883.3
10137,2304,434674.9,6478482.8,2889.7
10140,2304,434683.9,6478519.2,2896.6
10143,2304,434693.0,6478555.6,2918.1
10146,2304,434702.1,6478592.0,2934.5
10149,2304,434711.2,6478628.4,2952.3
10152,2304,434720.2,6478664.8,2966.7
10155,2304,434729.3,6478701.2,2981.3
10158,2304,434738.4,6478737.5,2988.3
10161,2304,434747.4,6478773.9,2988.5
10164,2304,434756.5,6478810.3,2983.7
10167,2304,434765.6,6478846.7,2981.7
10170,2304,434774.7,6478883.1,2977.3
10173,2304,434783.7,6478919.5,2971.8
10176,2304,434792.8,6478955.9,2961.7
10179,2304,434801.9,6478992.2,2951.2
10182,2304,434811.0,6479028.6,2937.8
10185,2304,434820.0,6479065.0,2927.3
10188,2304,434829.1,6479101.4,2927.3
10191,2304,434838.2,6479137.8,2932.7
10194,2304,434847.2,6479174.2,2941.3
10197,2304,434856.3,6479210.6,2955.7
10200,2304,434865.4,6479246.9,2977.7
10203,2304,434874.5,6479283.3,2988.1
10206,2304,434883.5,6479319.7,2989.8
10209,2304,434892.6,6479356.1,3001.5
10212,2304,434901.7,6479392.5,3010.2
10215,2304,434910.8,6479428.9,3026.4
10218,2304,434919.8,6479465.3,3066.8
10221,2304,434928.9,6479501.6,3089.7
10224,2304,434938.0,6479538.0,3105.7
10227,2304,434947.1,6479574.4,3116.5
10230,2304,434956.1,6479610.8,3125.3
10233,2304,434965.2,6479647.2,3132.0
10236,2304,434974.3,6479683.6,3138.1
10239,2304,434983.3,6479720.0,3144.3
10242,2304,434992.4,6479756.3,3173.3
10245,2304,435001.5,6479792.7,3222.2
10248,2304,435010.6,6479829.1,3270.2
10251,2304,435019.6,6479865.5,3286.9
10254,2304,435028.7,6479901.9,3290.6
10257,2304,435037.8,6479938.3,3294.1
10260,2304,435046.9,6479974.7,3295.8
10263,2304,435055.9,6480011.0,3296.7
10266,2304,435065.0,6480047.4,3291.7
10269,2304,435074.1,6480083.8,3288.7
10272,2304,435083.1,6480120.2,3286.2
10275,2304,435092.2,6480156.6,3281.8
10278,2304,435101.3,6480193.0,3281.0
10281,2304,435110.4,6480229.4,3278.8
10284,2304,435119.4,6480265.7,3277.1
10287,2304,435128.5,6480302.1,3272.8
10290,2304,435137.6,6480338.5,3271.1
10293,2304,435146.7,6480374.9,3274.0
10296,2304,435155.7,6480411.3,3276.8
10299,2304,435164.8,6480447.7,3282.6
10302,2304,435173.9,6480484.1,3291.8
10305,2304,435183.0,6480520.4,3305.2
10308,2304,435192.0,6480556.8,3316.4
10311,2304,435201.1,6480593.2,3324.5
10314,2304,435210.2,6480629.6,3330.2
10317,2304,435219.2,6480666.0,3333.2
10320,2304,435228.3,6480702.4,3334.8
10323,2304,435237.4,6480738.8,3335.3
10326,2304,435246.5,6480775.1,3336.3
10329,2304,435255.5,6480811.5,3336.9
10332,2304,435264.6,6480847.9,3338.9
10335,2304,435273.7,6480884.3,3339.9
10338,2304,435282.8,6480920.7,3340.9
10341,2304,435291.8,6480957.1,3341.5
10344,2304,435300.9,6480993.5,3341.4
10347,2304,435310.0,6481029.8,3341.4
10350,2304,435319.0,6481066.2,3341.1
10353,2304,435328.1,6481102.6,3339.6
10356,2304,435337.2,6481139.0,3339.1
10359,2304,435346.3,6481175.4,3338.8
9969,2301,434203.1,6476436.2,2997.2
9972,2301,434212.2,6476472.5,2997.1
9975,2301,434221.3,6476508.9,2998.9
9978,2301,434230.4,6476545.3,2998.9
9981,2301,434239.4,6476581.7,2999.3
9984,2301,434248.5,6476618.1,2999.1
9987,2301,434257.6,6476654.5,3002.8
9990,2301,434266.7,6476690.9,3006.3
9993,2301,434275.7,6476727.2,3009.4
9996,2301,434284.8,6476763.6,3012.6
9999,2301,434293.9,6476800.0,3014.2
10002,2301,434303.0,6476836.4,3015.2
10005,2301,434312.0,6476872.8,3017.0
10008,2301,434321.1,6476909.2,3022.6
10011,2301,434330.2,6476945.6,3029.1
10014,2301,434339.2,6476981.9,3035.6
10017,2301,434348.3,6477018.3,3038.5
10020,2301,434357.4,6477054.7,3044.7
10023,2301,434366.5,6477091.1,3052.8
10026,2301,434375.5,6477127.5,3059.3
10029,2301,434384.6,6477163.9,3064.3
10032,2301,434393.7,6477200.3,3068.2
10035,2301,434402.8,6477236.6,3072.8
10038,2301,434411.8,6477273.0,3076.8
10041,2301,434420.9,6477309.4,3077.6
10044,2301,434430.0,6477345.8,3076.8
10047,2301,434439.0,6477382.2,3069.8
10050,2301,434448.1,6477418.6,3060.2
10053,2301,434457.2,6477455.0,3035.7
10056,2301,434466.3,6477491.3,3003.3
10059,2301,434475.3,6477527.7,2954.5
10062,2301,434484.4,6477564.1,2920.6
10065,2301,434493.5,6477600.5,2900.2
10068,2301,434502.6,6477636.9,2888.3
10071,2301,434511.6,6477673.3,2882.9
10074,2301,434520.7,6477709.7,2879.9
10077,2301,434529.8,6477746.0,2878.2
10080,2301,434538.9,6477782.4,2875.2
10083,2301,434547.9,6477818.8,2874.1
10086,2301,434557.0,6477855.2,2876.2
10089,2301,434566.1,6477891.6,2878.5
10092,2301,434575.1,6477928.0,2883.4
10095,2301,434584.2,6477964.4,2889.6
10098,2301,434593.3,6478000.8,2894.4
10101,2301,434602.4,6478037.1,2897.7
10104,2301,434611.4,6478073.5,2897.7
10107,2301,434620.5,6478109.9,2894.3
10110,2301,434629.6,6478146.3,2889.4
10113,2301,434638.7,6478182.7,2883.4
10116,2301,434647.7,6478219.1,2880.4
10119,2301,434656.8,6478255.5,2878.6
10122,2301,434665.9,6478291.8,2878.4
10125,2301,434675.0,6478328.2,2877.5
10128,2301,434684.0,6478364.6,2873.1
10131,2301,434693.1,6478401.0,2872.9
10134,2301,434702.2,6478437.4,2873.3
10137,2301,434711.2,6478473.8,2879.5
10140,2301,434720.3,6478510.2,2891.8
10143,2301,434729.4,6478546.5,2910.9
10146,2301,434738.5,6478582.9,2930.2
10149,2301,434747.5,6478619.3,2941.2
10152,2301,434756.6,6478655.7,2957.6
10155,2301,434765.7,6478692.1,2967.2
10158,2301,434774.8,6478728.5,2973.9
10161,2301,434783.8,6478764.9,2975.4
10164,2301,434792.9,6478801.2,2975.8
10167,2301,434802.0,6478837.6,2970.5
10170,2301,434811.0,6478874.0,2967.9
10173,2301,434820.1,6478910.4,2962.1
10176,2301,434829.2,6478946.8,2953.4
10179,2301,434838.3,6478983.2,2939.0
10182,2301,434847.3,6479019.6,2930.0
10185,2301,434856.4,6479055.9,2920.5
10188,2301,434865.5,6479092.3,2919.0
10191,2301,434874.6,6479128.7,2922.0
10194,2301,434883.6,6479165.1,2927.1
10197,2301,434892.7,6479201.5,2938.8
10200,2301,434901.8,6479237.9,2948.2
10203,2301,434910.9,6479274.3,2959.1
10206,2301,434919.9,6479310.6,2968.9
10209,2301,434929.0,6479347.0,2989.4
10212,2301,434938.1,6479383.4,3008.2
10215,2301,434947.1,6479419.8,3038.0
10218,2301,434956.2,6479456.2,3068.2
10221,2301,434965.3,6479492.6,3087.5
10224,2301,434974.4,6479529.0,3100.9
10227,2301,434983.4,6479565.3,3110.1
10230,2301,434992.5,6479601.7,3121.4
10233,2301,435001.6,6479638.1,3129.4
10236,2301,435010.7,6479674.5,3136.7
10239,2301,435019.7,6479710.9,3147.4
10242,2301,435028.8,6479747.3,3175.0
10245,2301,435037.9,6479783.7,3244.5
10248,2301,435046.9,6479820.0,3281.2
10251,2301,435056.0,6479856.4,3292.7
10254,2301,435065.1,6479892.8,3297.8
10257,2301,435074.2,6479929.2,3301.6
10260,2301,435083.2,6479965.6,3304.1
10263,2301,435092.3,6480002.0,3303.7
10266,2301,435101.4,6480038.4,3303.3
10269,2301,435110.5,6480074.7,3301.9
10272,2301,435119.5,6480111.1,3299.4
10275,2301,435128.6,6480147.5,3293.4
10278,2301,435137.7,6480183.9,3292.6
10281,2301,435146.8,6480220.3,3291.4
10284,2301,435155.8,6480256.7,3287.3
10287,2301,435164.9,6480293.1,3282.5
10290,2301,435174.0,6480329.4,3279.3
10293,2301,435183.0,6480365.8,3280.6
10296,2301,435192.1,6480402.2,3282.7
10299,2301,435201.2,6480438.6,3288.6
10302,2301,435210.3,6480475.0,3298.3
10305,2301,435219.3,6480511.4,3311.8
10308,2301,435228.4,6480547.8,3320.2
10311,2301,435237.5,6480584.1,3326.9
10314,2301,435246.6,6480620.5,3330.7
10317,2301,435255.6,6480656.9,3333.4
10320,2301,435264.7,6480693.3,3335.2
10323,2301,435273.8,6480729.7,3336.6
10326,2301,435282.9,6480766.1,3337.8
10329,2301,435291.9,6480802.5,3338.3
10332,2301,435301.0,6480838.8,3339.7
10335,2301,435310.1,6480875.2,3340.3
10338,2301,435319.1,6480911.6,3339.8
10341,2301,435328.2,6480948.0,3340.0
10344,2301,435337.3,6480984.4,3339.9
10347,2301,435346.4,6481020.8,3339.7
10350,2301,435355.4,6481057.2,3339.0
10353,2301,435364.5,6481093.5,3337.5
10356,2301,435373.6,6481129.9,3336.6
10359,2301,435382.7,6481166.3,3336.3
9969,2298,434239.5,6476427.1,2994.4
9972,2298,434248.6,6476463.5,2994.2
9975,2298,434257.7,6476499.9,2995.5
9978,2298,434266.8,6476536.2,2996.8
9981,2298,434275.8,6476572.6,2997.2
9984,2298,434284.9,6476609.0,2998.1
9987,2298,434294.0,6476645.4,3002.4
9990,2298,434303.0,6476681.8,3005.5
9993,2298,434312.1,6476718.2,3007.1
9996,2298,434321.2,6476754.6,3009.5
9999,2298,434330.3,6476790.9,3011.9
10002,2298,434339.3,6476827.3,3011.2
10005,2298,434348.4,6476863.7,3011.6
10008,2298,434357.5,6476900.1,3015.6
10011,2298,434366.6,6476936.5,3023.5
10014,2298,434375.6,6476972.9,3028.1
10017,2298,434384.7,6477009.3,3032.6
10020,2298,434393.8,6477045.6,3038.7
10023,2298,434402.9,6477082.0,3048.6
10026,2298,434411.9,6477118.4,3054.3
10029,2298,434421.0,6477154.8,3062.1
10032,2298,434430.1,6477191.2,3066.1
10035,2298,434439.1,6477227.6,3070.0
10038,2298,434448.2,6477264.0,3073.0
10041,2298,434457.3,6477300.3,3073.9
10044,2298,434466.4,6477336.7,3073.1
10047,2298,434475.4,6477373.1,3066.9
10050,2298,434484.5,6477409.5,3053.1
10053,2298,434493.6,6477445.9,3027.9
10056,2298,434502.7,6477482.3,2992.4
10059,2298,434511.7,6477518.7,2959.5
10062,2298,434520.8,6477555.0,2922.4
10065,2298,434529.9,6477591.4,2900.9
10068,2298,434538.9,6477627.8,2890.2
10071,2298,434548.0,6477664.2,2883.6
10074,2298,434557.1,6477700.6,2880.0
10077,2298,434566.2,6477737.0,2877.9
10080,2298,434575.2,6477773.4,2875.1
10083,2298,434584.3,6477809.7,2875.1
10086,2298,434593.4,6477846.1,2878.2
10089,2298,434602.5,6477882.5,2881.3
10092,2298,434611.5,6477918.9,2885.1
10095,2298,434620.6,6477955.3,2890.3
10098,2298,434629.7,6477991.7,2893.9
10101,2298,434638.8,6478028.1,2896.9
10104,2298,434647.8,6478064.4,2896.9
10107,2298,434656.9,6478100.8,2893.9
10110,2298,434666.0,6478137.2,2889.6
10113,2298,434675.0,6478173.6,2882.7
10116,2298,434684.1,6478210.0,2877.5
10119,2298,434693.2,6478246.4,2873.2
10122,2298,434702.3,6478282.8,2872.5
10125,2298,434711.3,6478319.2,2869.7
10128,2298,434720.4,6478355.5,2864.5
10131,2298,434729.5,6478391.9,2863.8
10134,2298,434738.6,6478428.3,2864.3
10137,2298,434747.6,6478464.7,2869.6
10140,2298,434756.7,6478501.1,2881.1
10143,2298,434765.8,6478537.5,2898.2
10146,2298,434774.8,6478573.8,2917.7
10149,2298,434783.9,6478610.2,2935.1
10152,2298,434793.0,6478646.6,2947.2
10155,2298,434802.1,6478683.0,2955.7
10158,2298,434811.1,6478719.4,2960.6
10161,2298,434820.2,6478755.8,2960.5
10164,2298,434829.3,6478792.2,2963.6
10167,2298,434838.4,6478828.6,2961.6
10170,2298,434847.4,6478864.9,2960.4
10173,2298,434856.5,6478901.3,2954.9
10176,2298,434865.6,6478937.7,2947.7
10179,2298,434874.7,6478974.1,2933.4
10182,2298,434883.7,6479010.5,2918.1
10185,2298,434892.8,6479046.9,2909.4
10188,2298,434901.9,6479083.3,2911.1
10191,2298,434910.9,6479119.6,2914.2
10194,2298,434920.0,6479156.0,2917.9
10197,2298,434929.1,6479192.4,2924.4
10200,2298,434938.2,6479228.8,2937.2
10203,2298,434947.2,6479265.2,2950.5
10206,2298,434956.3,6479301.6,2959.1
10209,2298,434965.4,6479338.0,2966.7
10212,2298,434974.5,6479374.3,2983.7
10215,2298,434983.5,6479410.7,3019.2
10218,2298,434992.6,6479447.1,3062.6
10221,2298,435001.7,6479483.5,3088.9
10224,2298,435010.7,6479519.9,3102.3
10227,2298,435019.8,6479556.3,3109.7
10230,2298,435028.9,6479592.7,3117.4
10233,2298,435038.0,6479629.0,3128.7
10236,2298,435047.0,6479665.4,3137.1
10239,2298,435056.1,6479701.8,3145.9
10242,2298,435065.2,6479738.2,3173.3
10245,2298,435074.3,6479774.6,3249.0
10248,2298,435083.3,6479811.0,3284.1
10251,2298,435092.4,6479847.4,3297.9
10254,2298,435101.5,6479883.7,3304.0
10257,2298,435110.6,6479920.1,3307.6
10260,2298,435119.6,6479956.5,3310.2
10263,2298,435128.7,6479992.9,3313.6
10266,2298,435137.8,6480029.3,3316.3
10269,2298,435146.8,6480065.7,3317.6
10272,2298,435155.9,6480102.1,3311.9
10275,2298,435165.0,6480138.4,3311.9
10278,2298,435174.1,6480174.8,3313.8
10281,2298,435183.1,6480211.2,3312.0
10284,2298,435192.2,6480247.6,3302.0
10287,2298,435201.3,6480284.0,3294.4
10290,2298,435210.4,6480320.4,3288.6
10293,2298,435219.4,6480356.8,3287.2
10296,2298,435228.5,6480393.1,3290.0
10299,2298,435237.6,6480429.5,3295.0
10302,2298,435246.7,6480465.9,3304.6
10305,2298,435255.7,6480502.3,3314.1
10308,2298,435264.8,6480538.7,3322.9
10311,2298,435273.9,6480575.1,3327.5
10314,2298,435282.9,6480611.5,3330.8
10317,2298,435292.0,6480647.8,3333.6
10320,2298,435301.1,6480684.2,3335.7
10323,2298,435310.2,6480720.6,3336.9
10326,2298,435319.2,6480757.0,3338.1
10329,2298,435328.3,6480793.4,3339.1
10332,2298,435337.4,6480829.8,3339.0
10335,2298,435346.5,6480866.2,3338.6
10338,2298,435355.5,6480902.5,3338.5
10341,2298,435364.6,6480938.9,3338.3
10344,2298,435373.7,6480975.3,3337.8
10347,2298,435382.7,6481011.7,3337.7
10350,2298,435391.8,6481048.1,3337.7
10353,2298,435400.9,6481084.5,3335.7
10356,2298,435410.0,6481120.9,3334.4
10359,2298,435419.0,6481157.2,3334.9
9969,2295,434275.9,6476418.0,2992.3
9972,2295,434285.0,6476454.4,2991.1
9975,2295,434294.1,6476490.8,2992.1
9978,2295,434303.1,6476527.2,2993.5
9981,2295,434312.2,6476563.6,2996.9
9984,2295,434321.3,6476599.9,2996.7
9987,2295,434330.4,6476636.3,3001.2
9990,2295,434339.4,6476672.7,3004.5
9993,2295,434348.5,6476709.1,3006.3
9996,2295,434357.6,6476745.5,3008.3
9999,2295,434366.7,6476781.9,3008.8
10002,2295,434375.7,6476818.3,3008.3
10005,2295,434384.8,6476854.6,3008.3
10008,2295,434393.9,6476891.0,3011.0
10011,2295,434402.9,6476927.4,3017.4
10014,2295,434412.0,6476963.8,3021.8
10017,2295,434421.1,6477000.2,3025.3
10020,2295,434430.2,6477036.6,3032.1
10023,2295,434439.2,6477073.0,3041.5
10026,2295,434448.3,6477109.3,3054.7
10029,2295,434457.4,6477145.7,3064.3
10032,2295,434466.5,6477182.1,3067.3
10035,2295,434475.5,6477218.5,3069.5
10038,2295,434484.6,6477254.9,3070.9
10041,2295,434493.7,6477291.3,3071.5
10044,2295,434502.7,6477327.7,3070.4
10047,2295,434511.8,6477364.0,3065.4
10050,2295,434520.9,6477400.4,3053.0
10053,2295,434530.0,6477436.8,3032.1
10056,2295,434539.0,6477473.2,2997.6
10059,2295,434548.1,6477509.6,2953.8
10062,2295,434557.2,6477546.0,2917.4
10065,2295,434566.3,6477582.4,2898.4
10068,2295,434575.3,6477618.7,2891.9
10071,2295,434584.4,6477655.1,2884.9
10074,2295,434593.5,6477691.5,2880.7
10077,2295,434602.6,6477727.9,2877.4
10080,2295,434611.6,6477764.3,2874.8
10083,2295,434620.7,6477800.7,2876.3
10086,2295,434629.8,6477837.1,2878.8
10089,2295,434638.8,6477873.4,2883.1
10092,2295,434647.9,6477909.8,2887.9
10095,2295,434657.0,6477946.2,2891.8
10098,2295,434666.1,6477982.6,2894.4
10101,2295,434675.1,6478019.0,2896.2
10104,2295,434684.2,6478055.4,2895.3
10107,2295,434693.3,6478091.8,2893.4
10110,2295,434702.4,6478128.1,2889.7
10113,2295,434711.4,6478164.5,2882.3
10116,2295,434720.5,6478200.9,2875.9
10119,2295,434729.6,6478237.3,2871.0
10122,2295,434738.6,6478273.7,2865.8
10125,2295,434747.7,6478310.1,2860.8
10128,2295,434756.8,6478346.5,2855.5
10131,2295,434765.9,6478382.8,2856.3
10134,2295,434774.9,6478419.2,2858.6
10137,2295,434784.0,6478455.6,2861.3
10140,2295,434793.1,6478492.0,2872.6
10143,2295,434802.2,6478528.4,2887.0
10146,2295,434811.2,6478564.8,2905.3
10149,2295,434820.3,6478601.2,2924.3
10152,2295,434829.4,6478637.5,2939.8
10155,2295,434838.5,6478673.9,2943.3
10158,2295,434847.5,6478710.3,2948.1
10161,2295,434856.6,6478746.7,2949.6
10164,2295,434865.7,6478783.1,2953.2
10167,2295,434874.7,6478819.5,2954.2
10170,2295,434883.8,6478855.9,2950.3
10173,2295,434892.9,6478892.2,2947.5
10176,2295,434902.0,6478928.6,2936.5
10179,2295,434911.0,6478965.0,2920.7
10182,2295,434920.1,6479001.4,2910.0
10185,2295,434929.2,6479037.8,2904.0
10188,2295,434938.3,6479074.2,2901.4
10191,2295,434947.3,6479110.6,2905.2
10194,2295,434956.4,6479147.0,2910.2
10197,2295,434965.5,6479183.3,2919.0
10200,2295,434974.6,6479219.7,2932.1
10203,2295,434983.6,6479256.1,2944.4
10206,2295,434992.7,6479292.5,2955.6
10209,2295,435001.8,6479328.9,2961.3
10212,2295,435010.8,6479365.3,2971.4
10215,2295,435019.9,6479401.7,2996.1
10218,2295,435029.0,6479438.0,3041.1
10221,2295,435038.1,6479474.4,3082.8
10224,2295,435047.1,6479510.8,3100.3
10227,2295,435056.2,6479547.2,3112.3
10230,2295,435065.3,6479583.6,3121.7
10233,2295,435074.4,6479620.0,3134.6
10236,2295,435083.4,6479656.4,3140.3
10239,2295,435092.5,6479692.7,3148.9
10242,2295,435101.6,6479729.1,3171.9
10245,2295,435110.6,6479765.5,3237.9
10248,2295,435119.7,6479801.9,3284.5
10251,2295,435128.8,6479838.3,3300.5
10254,2295,435137.9,6479874.7,3306.7
10257,2295,435146.9,6479911.1,3310.7
10260,2295,435156.0,6479947.4,3316.4
10263,2295,435165.1,6479983.8,3321.1
10266,2295,435174.2,6480020.2,3324.1
10269,2295,435183.2,6480056.6,3326.1
10272,2295,435192.3,6480093.0,3326.0
10275,2295,435201.4,6480129.4,3327.2
10278,2295,435210.5,6480165.8,3329.7
10281,2295,435219.5,6480202.1,3326.6
10284,2295,435228.6,6480238.5,3318.4
10287,2295,435237.7,6480274.9,3312.0
10290,2295,435246.7,6480311.3,3301.4
10293,2295,435255.8,6480347.7,3297.7
10296,2295,435264.9,6480384.1,3297.0
10299,2295,435274.0,6480420.5,3303.3
10302,2295,435283.0,6480456.8,3310.5
10305,2295,435292.1,6480493.2,3320.8
10308,2295,435301.2,6480529.6,3325.9
10311,2295,435310.3,6480566.0,3329.8
10314,2295,435319.3,6480602.4,3332.0
10317,2295,435328.4,6480638.8,3334.0
10320,2295,435337.5,6480675.2,3335.3
10323,2295,435346.5,6480711.5,3336.5
10326,2295,435355.6,6480747.9,3337.4
10329,2295,435364.7,6480784.3,3337.6
10332,2295,435373.8,6480820.7,3337.1
10335,2295,435382.8,6480857.1,3336.0
10338,2295,435391.9,6480893.5,3337.4
10341,2295,435401.0,6480929.9,3336.9
10344,2295,435410.1,6480966.2,3336.1
10347,2295,435419.1,6481002.6,3336.4
10350,2295,435428.2,6481039.0,3336.0
10353,2295,435437.3,6481075.4,3334.3
10356,2295,435446.4,6481111.8,3332.3
10359,2295,435455.4,6481148.2,3332.6
9969,2292,434312.3,6476408.9,3000.0
9972,2292,434321.4,6476445.3,2997.0
9975,2292,434330.5,6476481.7,2995.8
9978,2292,434339.5,6476518.1,2996.1
9981,2292,434348.6,6476554.5,3003.0
9984,2292,434357.7,6476590.9,3006.5
9987,2292,434366.7,6476627.3,3004.6
9990,2292,434375.8,6476663.6,3006.6
9993,2292,434384.9,6476700.0,3011.2
9996,2292,434394.0,6476736.4,3017.7
9999,2292,434403.0,6476772.8,3014.8
10002,2292,434412.1,6476809.2,3017.0
10005,2292,434421.2,6476845.6,3021.0
10008,2292,434430.3,6476882.0,3021.4
10011,2292,434439.3,6476918.3,3021.9
10014,2292,434448.4,6476954.7,3025.6
10017,2292,434457.5,6476991.1,3027.7
10020,2292,434466.5,6477027.5,3029.2
10023,2292,434475.6,6477063.9,3040.0
10026,2292,434484.7,6477100.3,3059.9
10029,2292,434493.8,6477136.7,3075.9
10032,2292,434502.8,6477173.0,3076.3
10035,2292,434511.9,6477209.4,3076.7
10038,2292,434521.0,6477245.8,3075.2
10041,2292,434530.1,6477282.2,3072.3
10044,2292,434539.1,6477318.6,3070.0
10047,2292,434548.2,6477355.0,3066.3
10050,2292,434557.3,6477391.4,3055.4
10053,2292,434566.4,6477427.7,3036.1
10056,2292,434575.4,6477464.1,3004.1
10059,2292,434584.5,6477500.5,2963.7
10062,2292,434593.6,6477536.9,2927.3
10065,2292,434602.6,6477573.3,2902.7
10068,2292,434611.7,6477609.7,2890.6
10071,2292,434620.8,6477646.1,2883.5
10074,2292,434629.9,6477682.4,2879.9
10077,2292,434638.9,6477718.8,2876.8
10080,2292,434648.0,6477755.2,2875.4
10083,2292,434657.1,6477791.6,2877.1
10086,2292,434666.2,6477828.0,2879.9
10089,2292,434675.2,6477864.4,2884.6
10092,2292,434684.3,6477900.8,2889.7
10095,2292,434693.4,6477937.1,2892.3
10098,2292,434702.5,6477973.5,2893.9
10101,2292,434711.5,6478009.9,2894.5
10104,2292,434720.6,6478046.3,2892.6
10107,2292,434729.7,6478082.7,2890.4
10110,2292,434738.7,6478119.1,2885.9
10113,2292,434747.8,6478155.5,2880.9
10116,2292,434756.9,6478191.8,2875.8
10119,2292,434766.0,6478228.2,2868.3
10122,2292,434775.0,6478264.6,2859.0
10125,2292,434784.1,6478301.0,2852.3
10128,2292,434793.2,6478337.4,2850.4
10131,2292,434802.3,6478373.8,2850.6
10134,2292,434811.3,6478410.2,2852.7
10137,2292,434820.4,6478446.5,2857.6
10140,2292,434829.5,6478482.9,2868.9
10143,2292,434838.5,6478519.3,2883.3
10146,2292,434847.6,6478555.7,2895.1
10149,2292,434856.7,6478592.1,2915.3
10152,2292,434865.8,6478628.5,2931.8
10155,2292,434874.8,6478664.9,2937.5
10158,2292,434883.9,6478701.2,2940.2
10161,2292,434893.0,6478737.6,2942.4
10164,2292,434902.1,6478774.0,2940.9
10167,2292,434911.1,6478810.4,2941.5
10170,2292,434920.2,6478846.8,2935.4
10173,2292,434929.3,6478883.2,2930.7
10176,2292,434938.4,6478919.6,2917.6
10179,2292,434947.4,6478955.9,2907.4
10182,2292,434956.5,6478992.3,2900.2
10185,2292,434965.6,6479028.7,2895.1
10188,2292,434974.6,6479065.1,2894.4
10191,2292,434983.7,6479101.5,2898.0
10194,2292,434992.8,6479137.9,2906.5
10197,2292,435001.9,6479174.3,2912.3
10200,2292,435010.9,6479210.6,2922.1
10203,2292,435020.0,6479247.0,2936.3
10206,2292,435029.1,6479283.4,2956.8
10209,2292,435038.2,6479319.8,2967.0
10212,2292,435047.2,6479356.2,2974.9
10215,2292,435056.3,6479392.6,2990.2
10218,2292,435065.4,6479429.0,3019.2
10221,2292,435074.4,6479465.3,3064.2
10224,2292,435083.5,6479501.7,3093.9
10227,2292,435092.6,6479538.1,3111.9
10230,2292,435101.7,6479574.5,3125.3
10233,2292,435110.7,6479610.9,3137.4
10236,2292,435119.8,6479647.3,3145.1
10239,2292,435128.9,6479683.7,3153.0
10242,2292,435138.0,6479720.0,3184.6
10245,2292,435147.0,6479756.4,3232.7
10248,2292,435156.1,6479792.8,3282.2
10251,2292,435165.2,6479829.2,3298.8
10254,2292,435174.3,6479865.6,3306.9
10257,2292,435183.3,6479902.0,3312.6
10260,2292,435192.4,6479938.4,3317.1
10263,2292,435201.5,6479974.8,3324.1
10266,2292,435210.5,6480011.1,3327.5
10269,2292,435219.6,6480047.5,3330.1
10272,2292,435228.7,6480083.9,3331.6
10275,2292,435237.8,6480120.3,3335.4
10278,2292,435246.8,6480156.7,3336.5
10281,2292,435255.9,6480193.1,3331.2
10284,2292,435265.0,6480229.5,3326.4
10287,2292,435274.1,6480265.8,3321.0
10290,2292,435283.1,6480302.2,3313.7
10293,2292,435292.2,6480338.6,3305.4
10296,2292,435301.3,6480375.0,3305.1
10299,2292,435310.3,6480411.4,3309.7
10302,2292,435319.4,6480447.8,3318.2
10305,2292,435328.5,6480484.2,3324.3
10308,2292,435337.6,6480520.5,3328.9
10311,2292,435346.6,6480556.9,3330.8
10314,2292,435355.7,6480593.3,3332.3
10317,2292,435364.8,6480629.7,3333.6
10320,2292,435373.9,6480666.1,3335.0
10323,2292,435382.9,6480702.5,3336.2
10326,2292,435392.0,6480738.9,3336.7
10329,2292,435401.1,6480775.2,3335.5
10332,2292,435410.2,6480811.6,3334.5
10335,2292,435419.2,6480848.0,3333.3
10338,2292,435428.3,6480884.4,3334.9
10341,2292,435437.4,6480920.8,3333.7
10344,2292,435446.4,6480957.2,3332.5
10347,2292,435455.5,6480993.6,3332.4
10350,2292,435464.6,6481029.9,3332.0
10353,2292,435473.7,6481066.3,3330.4
10356,2292,435482.7,6481102.7,3329.0
10359,2292,435491.8,6481139.1,3328.7
9969,2289,434348.7,6476399.9,3058.8
9972,2289,434357.8,6476436.3,3029.4
9975,2289,434366.8,6476472.6,3015.5
9978,2289,434375.9,6476509.0,3019.0
9981,2289,434385.0,6476545.4,3029.9
9984,2289,434394.1,6476581.8,3032.3
9987,2289,434403.1,6476618.2,3029.2
9990,2289,434412.2,6476654.6,3038.4
9993,2289,434421.3,6476691.0,3048.0
9996,2289,434430.4,6476727.3,3042.5
9999,2289,434439.4,6476763.7,3051.5
10002,2289,434448.5,6476800.1,3058.1
10005,2289,434457.6,6476836.5,3069.2
10008,2289,434466.6,6476872.9,3054.6
10011,2289,434475.7,6476909.3,3054.8
10014,2289,434484.8,6476945.7,3053.5
10017,2289,434493.9,6476982.0,3047.7
10020,2289,434502.9,6477018.4,3044.0
10023,2289,434512.0,6477054.8,3056.2
10026,2289,434521.1,6477091.2,3081.5
10029,2289,434530.2,6477127.6,3093.6
10032,2289,434539.2,6477164.0,3104.3
10035,2289,434548.3,6477200.4,3100.4
10038,2289,434557.4,6477236.7,3094.8
10041,2289,434566.4,6477273.1,3083.5
10044,2289,434575.5,6477309.5,3080.3
10047,2289,434584.6,6477345.9,3074.7
10050,2289,434593.7,6477382.3,3064.4
10053,2289,434602.7,6477418.7,3038.6
10056,2289,434611.8,6477455.1,3018.5
10059,2289,434620.9,6477491.4,2980.5
10062,2289,434630.0,6477527.8,2939.5
10065,2289,434639.0,6477564.2,2909.5
10068,2289,434648.1,6477600.6,2893.7
10071,2289,434657.2,6477637.0,2885.3
10074,2289,434666.3,6477673.4,2880.5
10077,2289,434675.3,6477709.8,2877.7
10080,2289,434684.4,6477746.1,2876.3
10083,2289,434693.5,6477782.5,2877.9
10086,2289,434702.5,6477818.9,2882.1
10089,2289,434711.6,6477855.3,2885.9
10092,2289,434720.7,6477891.7,2890.6
10095,2289,434729.8,6477928.1,2892.9
10098,2289,434738.8,6477964.5,2893.2
10101,2289,434747.9,6478000.8,2892.2
10104,2289,434757.0,6478037.2,2889.2
10107,2289,434766.1,6478073.6,2886.9
10110,2289,434775.1,6478110.0,2882.0
10113,2289,434784.2,6478146.4,2876.4
10116,2289,434793.3,6478182.8,2870.5
10119,2289,434802.3,6478219.2,2862.9
10122,2289,434811.4,6478255.5,2853.9
10125,2289,434820.5,6478291.9,2845.6
10128,2289,434829.6,6478328.3,2843.4
10131,2289,434838.6,6478364.7,2845.2
10134,2289,434847.7,6478401.1,2848.4
10137,2289,434856.8,6478437.5,2852.9
10140,2289,434865.9,6478473.9,2862.3
10143,2289,434874.9,6478510.2,2875.3
10146,2289,434884.0,6478546.6,2893.5
10149,2289,434893.1,6478583.0,2913.3
10152,2289,434902.2,6478619.4,2928.0
10155,2289,434911.2,6478655.8,2931.4
10158,2289,434920.3,6478692.2,2933.5
10161,2289,434929.4,6478728.6,2933.5
10164,2289,434938.4,6478764.9,2930.9
10167,2289,434947.5,6478801.3,2927.7
10170,2289,434956.6,6478837.7,2917.3
10173,2289,434965.7,6478874.1,2913.5
10176,2289,434974.7,6478910.5,2901.8
10179,2289,434983.8,6478946.9,2893.6
10182,2289,434992.9,6478983.3,2885.8
10185,2289,435002.0,6479019.6,2884.2
10188,2289,435011.0,6479056.0,2885.2
10191,2289,435020.1,6479092.4,2892.5
10194,2289,435029.2,6479128.8,2900.9
10197,2289,435038.2,6479165.2,2909.2
10200,2289,435047.3,6479201.6,2918.1
10203,2289,435056.4,6479238.0,2928.1
10206,2289,435065.5,6479274.3,2953.9
10209,2289,435074.5,6479310.7,2973.0
10212,2289,435083.6,6479347.1,2983.4
10215,2289,435092.7,6479383.5,2994.3
10218,2289,435101.8,6479419.9,3012.6
10221,2289,435110.8,6479456.3,3030.9
10224,2289,435119.9,6479492.7,3070.1
10227,2289,435129.0,6479529.0,3106.4
10230,2289,435138.1,6479565.4,3123.5
10233,2289,435147.1,6479601.8,3135.2
10236,2289,435156.2,6479638.2,3144.7
10239,2289,435165.3,6479674.6,3157.4
10242,2289,435174.3,6479711.0,3189.3
10245,2289,435183.4,6479747.4,3251.4
10248,2289,435192.5,6479783.7,3278.6
10251,2289,435201.6,6479820.1,3294.7
10254,2289,435210.6,6479856.5,3301.8
10257,2289,435219.7,6479892.9,3313.0
10260,2289,435228.8,6479929.3,3318.3
10263,2289,435237.9,6479965.7,3325.7
10266,2289,435246.9,6480002.1,3329.8
10269,2289,435256.0,6480038.5,3331.6
10272,2289,435265.1,6480074.8,3334.5
10275,2289,435274.2,6480111.2,3338.3
10278,2289,435283.2,6480147.6,3337.7
10281,2289,435292.3,6480184.0,3333.1
10284,2289,435301.4,6480220.4,3328.8
10287,2289,435310.4,6480256.8,3326.8
10290,2289,435319.5,6480293.2,3320.9
10293,2289,435328.6,6480329.5,3316.4
10296,2289,435337.7,6480365.9,3314.0
10299,2289,435346.7,6480402.3,3316.1
10302,2289,435355.8,6480438.7,3320.1
10305,2289,435364.9,6480475.1,3325.8
10308,2289,435374.0,6480511.5,3328.7
10311,2289,435383.0,6480547.9,3330.7
10314,2289,435392.1,6480584.2,3332.2
10317,2289,435401.2,6480620.6,3334.0
10320,2289,435410.2,6480657.0,3335.0
10323,2289,435419.3,6480693.4,3335.5
10326,2289,435428.4,6480729.8,3335.2
10329,2289,435437.5,6480766.2,3334.0
10332,2289,435446.5,6480802.6,3332.6
10335,2289,435455.6,6480838.9,3331.8
10338,2289,435464.7,6480875.3,3331.5
10341,2289,435473.8,6480911.7,3330.8
10344,2289,435482.8,6480948.1,3329.8
10347,2289,435491.9,6480984.5,3329.5
10350,2289,435501.0,6481020.9,3328.1
10353,2289,435510.1,6481057.3,3326.5
10356,2289,435519.1,6481093.6,3325.9
10359,2289,435528.2,6481130.0,3325.4
9969,2286,434385.1,6476390.8,3150.9
9972,2286,434394.2,6476427.2,3090.2
9975,2286,434403.2,6476463.6,3072.0
9978,2286,434412.3,6476500.0,3075.5
9981,2286,434421.4,6476536.3,3087.8
9984,2286,434430.4,6476572.7,3078.6
9987,2286,434439.5,6476609.1,3089.7
9990,2286,434448.6,6476645.5,3101.1
9993,2286,434457.7,6476681.9,3109.4
9996,2286,434466.7,6476718.3,3107.4
9999,2286,434475.8,6476754.7,3125.9
10002,2286,434484.9,6476791.0,3134.6
10005,2286,434494.0,6476827.4,3119.1
10008,2286,434503.0,6476863.8,3123.3
10011,2286,434512.1,6476900.2,3125.0
10014,2286,434521.2,6476936.6,3116.5
10017,2286,434530.2,6476973.0,3088.8
10020,2286,434539.3,6477009.4,3085.7
10023,2286,434548.4,6477045.7,3099.5
10026,2286,434557.5,6477082.1,3117.9
10029,2286,434566.5,6477118.5,3129.3
10032,2286,434575.6,6477154.9,3138.2
10035,2286,434584.7,6477191.3,3135.7
10038,2286,434593.8,6477227.7,3120.4
10041,2286,434602.8,6477264.1,3115.6
10044,2286,434611.9,6477300.4,3112.3
10047,2286,434621.0,6477336.8,3105.1
10050,2286,434630.1,6477373.2,3083.8
10053,2286,434639.1,6477409.6,3063.2
10056,2286,434648.2,6477446.0,3030.8
10059,2286,434657.3,6477482.4,2989.3
10062,2286,434666.3,6477518.8,2944.3
10065,2286,434675.4,6477555.1,2920.2
10068,2286,434684.5,6477591.5,2898.2
10071,2286,434693.6,6477627.9,2887.9
10074,2286,434702.6,6477664.3,2882.2
10077,2286,434711.7,6477700.7,2878.3
10080,2286,434720.8,6477737.1,2876.0
10083,2286,434729.9,6477773.5,2878.4
10086,2286,434738.9,6477809.8,2882.6
10089,2286,434748.0,6477846.2,2887.5
10092,2286,434757.1,6477882.6,2891.8
10095,2286,434766.1,6477919.0,2893.4
10098,2286,434775.2,6477955.4,2892.0
10101,2286,434784.3,6477991.8,2889.1
10104,2286,434793.4,6478028.2,2886.5
10107,2286,434802.4,6478064.5,2881.3
10110,2286,434811.5,6478100.9,2876.4
10113,2286,434820.6,6478137.3,2872.0
10116,2286,434829.7,6478173.7,2868.9
10119,2286,434838.7,6478210.1,2859.8
10122,2286,434847.8,6478246.5,2846.8
10125,2286,434856.9,6478282.9,2838.9
10128,2286,434866.0,6478319.2,2839.0
10131,2286,434875.0,6478355.6,2840.8
10134,2286,434884.1,6478392.0,2844.8
10137,2286,434893.2,6478428.4,2850.0
10140,2286,434902.2,6478464.8,2858.0
10143,2286,434911.3,6478501.2,2868.9
10146,2286,434920.4,6478537.6,2885.8
10149,2286,434929.5,6478573.9,2905.5
10152,2286,434938.5,6478610.3,2917.8
10155,2286,434947.6,6478646.7,2923.5
10158,2286,434956.7,6478683.1,2923.6
10161,2286,434965.8,6478719.5,2924.4
10164,2286,434974.8,6478755.9,2919.7
10167,2286,434983.9,6478792.3,2911.8
10170,2286,434993.0,6478828.6,2907.6
10173,2286,435002.0,6478865.0,2899.5
10176,2286,435011.1,6478901.4,2892.7
10179,2286,435020.2,6478937.8,2886.0
10182,2286,435029.3,6478974.2,2880.9
10185,2286,435038.3,6479010.6,2875.5
10188,2286,435047.4,6479047.0,2880.9
10191,2286,435056.5,6479083.3,2891.5
10194,2286,435065.6,6479119.7,2899.1
10197,2286,435074.6,6479156.1,2905.3
10200,2286,435083.7,6479192.5,2916.6
10203,2286,435092.8,6479228.9,2925.3
10206,2286,435101.9,6479265.3,2949.0
10209,2286,435110.9,6479301.7,2975.5
10212,2286,435120.0,6479338.0,2988.1
10215,2286,435129.1,6479374.4,2995.8
10218,2286,435138.1,6479410.8,3007.0
10221,2286,435147.2,6479447.2,3025.3
10224,2286,435156.3,6479483.6,3054.5
10227,2286,435165.4,6479520.0,3103.7
10230,2286,435174.4,6479556.4,3119.8
10233,2286,435183.5,6479592.7,3132.8
10236,2286,435192.6,6479629.1,3142.5
10239,2286,435201.7,6479665.5,3160.4
10242,2286,435210.7,6479701.9,3204.5
10245,2286,435219.8,6479738.3,3245.1
10248,2286,435228.9,6479774.7,3266.4
10251,2286,435238.0,6479811.1,3280.9
10254,2286,435247.0,6479847.4,3297.1
10257,2286,435256.1,6479883.8,3312.5
10260,2286,435265.2,6479920.2,3321.8
10263,2286,435274.2,6479956.6,3327.3
10266,2286,435283.3,6479993.0,3332.2
10269,2286,435292.4,6480029.4,3333.8
10272,2286,435301.5,6480065.8,3335.8
10275,2286,435310.5,6480102.1,3338.0
10278,2286,435319.6,6480138.5,3337.5
10281,2286,435328.7,6480174.9,3334.4
10284,2286,435337.8,6480211.3,3331.7
10287,2286,435346.8,6480247.7,3329.9
10290,2286,435355.9,6480284.1,3327.7
10293,2286,435365.0,6480320.5,3323.6
10296,2286,435374.0,6480356.8,3321.3
10299,2286,435383.1,6480393.2,3321.6
10302,2286,435392.2,6480429.6,3322.4
10305,2286,435401.3,6480466.0,3324.8
10308,2286,435410.3,6480502.4,3326.8
10311,2286,435419.4,6480538.8,3329.2
10314,2286,435428.5,6480575.2,3331.4
10317,2286,435437.6,6480611.5,3333.7
10320,2286,435446.6,6480647.9,3334.0
10323,2286,435455.7,6480684.3,3333.9
10326,2286,435464.8,6480720.7,3333.5
10329,2286,435473.9,6480757.1,3332.7
10332,2286,435482.9,6480793.5,3331.6
10335,2286,435492.0,6480829.9,3330.0
10338,2286,435501.1,6480866.3,3329.2
10341,2286,435510.1,6480902.6,3329.0
10344,2286,435519.2,6480939.0,3327.8
10347,2286,435528.3,6480975.4,3326.8
10350,2286,435537.4,6481011.8,3325.1
10353,2286,435546.4,6481048.2,3322.7
10356,2286,435555.5,6481084.6,3321.5
10359,2286,435564.6,6481121.0,3322.6
9969,2283,434421.5,6476381.7,3192.4
9972,2283,434430.5,6476418.1,3145.7
9975,2283,434439.6,6476454.5,3141.0
9978,2283,434448.7,6476490.9,3145.8
9981,2283,434457.8,6476527.3,3151.7
9984,2283,434466.8,6476563.7,3144.7
9987,2283,434475.9,6476600.0,3155.9
9990,2283,434485.0,6476636.4,3166.0
9993,2283,434494.0,6476672.8,3175.5
9996,2283,434503.1,6476709.2,3171.4
9999,2283,434512.2,6476745.6,3179.5
10002,2283,434521.3,6476782.0,3182.5
10005,2283,434530.3,6476818.4,3168.7
10008,2283,434539.4,6476854.7,3162.5
10011,2283,434548.5,6476891.1,3159.7
10014,2283,434557.6,6476927.5,3157.3
10017,2283,434566.6,6476963.9,3144.4
10020,2283,434575.7,6477000.3,3143.1
10023,2283,434584.8,6477036.7,3143.8
10026,2283,434593.9,6477073.1,3150.5
10029,2283,434602.9,6477109.4,3154.6
10032,2283,434612.0,6477145.8,3158.2
10035,2283,434621.1,6477182.2,3158.2
10038,2283,434630.1,6477218.6,3152.8
10041,2283,434639.2,6477255.0,3149.4
10044,2283,434648.3,6477291.4,3147.0
10047,2283,434657.4,6477327.8,3135.2
10050,2283,434666.4,6477364.1,3113.8
10053,2283,434675.5,6477400.5,3091.9
10056,2283,434684.6,6477436.9,3057.3
10059,2283,434693.7,6477473.3,3014.1
10062,2283,434702.7,6477509.7,2962.2
10065,2283,434711.8,6477546.1,2919.8
10068,2283,434720.9,6477582.5,2901.7
10071,2283,434729.9,6477618.8,2887.1
10074,2283,434739.0,6477655.2,2882.4
10077,2283,434748.1,6477691.6,2878.3
10080,2283,434757.2,6477728.0,2876.6
10083,2283,434766.2,6477764.4,2879.0
10086,2283,434775.3,6477800.8,2883.4
10089,2283,434784.4,6477837.2,2887.1
10092,2283,434793.5,6477873.5,2891.1
10095,2283,434802.5,6477909.9,2893.0
10098,2283,434811.6,6477946.3,2889.5
10101,2283,434820.7,6477982.7,2885.0
10104,2283,434829.8,6478019.1,2881.4
10107,2283,434838.8,6478055.5,2877.3
10110,2283,434847.9,6478091.9,2872.6
10113,2283,434857.0,6478128.2,2867.8
10116,2283,434866.0,6478164.6,2864.7
10119,2283,434875.1,6478201.0,2855.5
10122,2283,434884.2,6478237.4,2842.2
10125,2283,434893.3,6478273.8,2833.4
10128,2283,434902.3,6478310.2,2833.5
10131,2283,434911.4,6478346.6,2837.4
10134,2283,434920.5,6478382.9,2841.6
10137,2283,434929.6,6478419.3,2847.3
10140,2283,434938.6,6478455.7,2851.6
10143,2283,434947.7,6478492.1,2861.0
10146,2283,434956.8,6478528.5,2876.5
10149,2283,434965.9,6478564.9,2891.4
10152,2283,434974.9,6478601.3,2904.1
10155,2283,434984.0,6478637.6,2910.4
10158,2283,434993.1,6478674.0,2915.0
10161,2283,435002.1,6478710.4,2911.3
10164,2283,435011.2,6478746.8,2904.9
10167,2283,435020.3,6478783.2,2895.6
10170,2283,435029.4,6478819.6,2892.6
10173,2283,435038.4,6478856.0,2887.5
10176,2283,435047.5,6478892.3,2881.9
10179,2283,435056.6,6478928.7,2880.5
10182,2283,435065.7,6478965.1,2873.1
10185,2283,435074.7,6479001.5,2867.9
10188,2283,435083.8,6479037.9,2874.8
10191,2283,435092.9,6479074.3,2887.6
10194,2283,435101.9,6479110.7,2898.3
10197,2283,435111.0,6479147.0,2908.6
10200,2283,435120.1,6479183.4,2919.2
10203,2283,435129.2,6479219.8,2927.1
10206,2283,435138.2,6479256.2,2937.9
10209,2283,435147.3,6479292.6,2965.9
10212,2283,435156.4,6479329.0,2984.7
10215,2283,435165.5,6479365.4,2995.5
10218,2283,435174.5,6479401.7,3003.5
10221,2283,435183.6,6479438.1,3015.7
10224,2283,435192.7,6479474.5,3038.9
10227,2283,435201.8,6479510.9,3087.7
10230,2283,435210.8,6479547.3,3118.4
10233,2283,435219.9,6479583.7,3132.8
10236,2283,435229.0,6479620.1,3142.9
10239,2283,435238.0,6479656.4,3163.6
10242,2283,435247.1,6479692.8,3196.4
10245,2283,435256.2,6479729.2,3234.8
10248,2283,435265.3,6479765.6,3252.8
10251,2283,435274.3,6479802.0,3264.4
10254,2283,435283.4,6479838.4,3283.7
10257,2283,435292.5,6479874.8,3306.3
10260,2283,435301.6,6479911.1,3321.8
10263,2283,435310.6,6479947.5,3330.5
10266,2283,435319.7,6479983.9,3334.3
10269,2283,435328.8,6480020.3,3335.6
10272,2283,435337.8,6480056.7,3337.5
10275,2283,435346.9,6480093.1,3338.7
10278,2283,435356.0,6480129.5,3338.0
10281,2283,435365.1,6480165.8,3335.3
10284,2283,435374.1,6480202.2,3333.1
10287,2283,435383.2,6480238.6,3332.0
10290,2283,435392.3,6480275.0,3329.9
10293,2283,435401.4,6480311.4,3328.7
10296,2283,435410.4,6480347.8,3326.4
10299,2283,435419.5,6480384.2,3324.3
10302,2283,435428.6,6480420.5,3324.2
10305,2283,435437.7,6480456.9,3324.8
10308,2283,435446.7,6480493.3,3326.0
10311,2283,435455.8,6480529.7,3328.4
10314,2283,435464.9,6480566.1,3330.6
10317,2283,435473.9,6480602.5,3332.0
10320,2283,435483.0,6480638.9,3331.8
10323,2283,435492.1,6480675.2,3332.5
10326,2283,435501.2,6480711.6,3331.9
10329,2283,435510.2,6480748.0,3331.2
10332,2283,435519.3,6480784.4,3330.2
10335,2283,435528.4,6480820.8,3328.4
10338,2283,435537.5,6480857.2,3327.7
10341,2283,435546.5,6480893.6,3327.0
10344,2283,435555.6,6480929.9,3326.1
10347,2283,435564.7,6480966.3,3323.5
10350,2283,435573.8,6481002.7,3321.8
10353,2283,435582.8,6481039.1,3320.4
10356,2283,435591.9,6481075.5,3320.0
10359,2283,435601.0,6481111.9,3320.7
9969,2280,434457.8,6476372.6,3219.2
9972,2280,434466.9,6476409.0,3189.0
9975,2280,434476.0,6476445.4,3191.2
9978,2280,434485.1,6476481.8,3196.1
9981,2280,434494.1,6476518.2,3190.6
9984,2280,434503.2,6476554.6,3196.2
9987,2280,434512.3,6476591.0,3201.3
9990,2280,434521.4,6476627.3,3206.2
9993,2280,434530.4,6476663.7,3202.1
9996,2280,434539.5,6476700.1,3206.9
9999,2280,434548.6,6476736.5,3206.5
10002,2280,434557.7,6476772.9,3200.8
10005,2280,434566.7,6476809.3,3185.3
10008,2280,434575.8,6476845.7,3174.8
10011,2280,434584.9,6476882.0,3172.1
10014,2280,434593.9,6476918.4,3168.8
10017,2280,434603.0,6476954.8,3166.5
10020,2280,434612.1,6476991.2,3164.1
10023,2280,434621.2,6477027.6,3161.5
10026,2280,434630.2,6477064.0,3158.1
10029,2280,434639.3,6477100.4,3162.1
10032,2280,434648.4,6477136.8,3165.5
10035,2280,434657.5,6477173.1,3165.7
10038,2280,434666.5,6477209.5,3164.0
10041,2280,434675.6,6477245.9,3163.9
10044,2280,434684.7,6477282.3,3160.3
10047,2280,434693.8,6477318.7,3146.2
10050,2280,434702.8,6477355.1,3130.5
10053,2280,434711.9,6477391.5,3107.2
10056,2280,434721.0,6477427.8,3073.8
10059,2280,434730.0,6477464.2,3031.5
10062,2280,434739.1,6477500.6,2977.8
10065,2280,434748.2,6477537.0,2929.5
10068,2280,434757.3,6477573.4,2898.8
10071,2280,434766.3,6477609.8,2885.3
10074,2280,434775.4,6477646.2,2879.9
10077,2280,434784.5,6477682.5,2876.9
10080,2280,434793.6,6477718.9,2877.4
10083,2280,434802.6,6477755.3,2880.1
10086,2280,434811.7,6477791.7,2884.3
10089,2280,434820.8,6477828.1,2887.3
10092,2280,434829.8,6477864.5,2889.9
10095,2280,434838.9,6477900.9,2891.7
10098,2280,434848.0,6477937.2,2888.2
10101,2280,434857.1,6477973.6,2882.6
10104,2280,434866.1,6478010.0,2878.7
10107,2280,434875.2,6478046.4,2873.2
10110,2280,434884.3,6478082.8,2868.2
10113,2280,434893.4,6478119.2,2864.4
10116,2280,434902.4,6478155.6,2860.5
10119,2280,434911.5,6478191.9,2851.2
10122,2280,434920.6,6478228.3,2838.5
10125,2280,434929.7,6478264.7,2830.8
10128,2280,434938.7,6478301.1,2828.2
10131,2280,434947.8,6478337.5,2832.0
10134,2280,434956.9,6478373.9,2836.9
10137,2280,434965.9,6478410.3,2841.8
10140,2280,434975.0,6478446.6,2847.6
10143,2280,434984.1,6478483.0,2857.2
10146,2280,434993.2,6478519.4,2867.0
10149,2280,435002.2,6478555.8,2877.4
10152,2280,435011.3,6478592.2,2887.0
10155,2280,435020.4,6478628.6,2892.7
10158,2280,435029.5,6478665.0,2900.0
10161,2280,435038.5,6478701.3,2896.6
10164,2280,435047.6,6478737.7,2891.6
10167,2280,435056.7,6478774.1,2885.3
10170,2280,435065.7,6478810.5,2883.0
10173,2280,435074.8,6478846.9,2877.8
10176,2280,435083.9,6478883.3,2871.6
10179,2280,435093.0,6478919.7,2868.7
10182,2280,435102.0,6478956.0,2864.6
10185,2280,435111.1,6478992.4,2862.1
10188,2280,435120.2,6479028.8,2868.4
10191,2280,435129.3,6479065.2,2882.8
10194,2280,435138.3,6479101.6,2897.1
10197,2280,435147.4,6479138.0,2914.9
10200,2280,435156.5,6479174.4,2924.0
10203,2280,435165.6,6479210.7,2926.8
10206,2280,435174.6,6479247.1,2937.5
10209,2280,435183.7,6479283.5,2949.9
10212,2280,435192.8,6479319.9,2971.6
10215,2280,435201.8,6479356.3,2989.5
10218,2280,435210.9,6479392.7,2994.1
10221,2280,435220.0,6479429.1,3004.0
10224,2280,435229.1,6479465.4,3025.9
10227,2280,435238.1,6479501.8,3063.6
10230,2280,435247.2,6479538.2,3106.0
10233,2280,435256.3,6479574.6,3124.5
10236,2280,435265.4,6479611.0,3137.0
10239,2280,435274.4,6479647.4,3154.6
10242,2280,435283.5,6479683.8,3196.0
10245,2280,435292.6,6479720.1,3229.8
10248,2280,435301.6,6479756.5,3245.1
10251,2280,435310.7,6479792.9,3250.7
10254,2280,435319.8,6479829.3,3268.4
10257,2280,435328.9,6479865.7,3295.2
10260,2280,435337.9,6479902.1,3317.8
10263,2280,435347.0,6479938.5,3329.7
10266,2280,435356.1,6479974.8,3334.4
10269,2280,435365.2,6480011.2,3336.3
10272,2280,435374.2,6480047.6,3338.4
10275,2280,435383.3,6480084.0,3339.7
10278,2280,435392.4,6480120.4,3338.5
10281,2280,435401.5,6480156.8,3335.4
10284,2280,435410.5,6480193.2,3334.0
10287,2280,435419.6,6480229.5,3332.8
10290,2280,435428.7,6480265.9,3331.3
10293,2280,435437.7,6480302.3,3329.6
10296,2280,435446.8,6480338.7,3328.0
10299,2280,435455.9,6480375.1,3326.3
10302,2280,435465.0,6480411.5,3325.0
10305,2280,435474.0,6480447.9,3324.9
10308,2280,435483.1,6480484.2,3326.3
10311,2280,435492.2,6480520.6,3328.4
10314,2280,435501.3,6480557.0,3329.4
10317,2280,435510.3,6480593.4,3329.2
10320,2280,435519.4,6480629.8,3329.0
10323,2280,435528.5,6480666.2,3329.5
10326,2280,435537.6,6480702.6,3329.3
10329,2280,435546.6,6480738.9,3329.4
10332,2280,435555.7,6480775.3,3329.7
10335,2280,435564.8,6480811.7,3327.3
10338,2280,435573.8,6480848.1,3326.1
10341,2280,435582.9,6480884.5,3324.0
10344,2280,435592.0,6480920.9,3322.4
10347,2280,435601.1,6480957.3,3320.2
10350,2280,435610.1,6480993.6,3319.8
10353,2280,435619.2,6481030.0,3319.5
10356,2280,435628.3,6481066.4,3319.3
10359,2280,435637.4,6481102.8,3319.9
9969,2277,434494.2,6476363.6,3224.1
9972,2277,434503.3,6476400.0,3217.8
9975,2277,434512.4,6476436.3,3217.6
9978,2277,434521.5,6476472.7,3217.1
9981,2277,434530.5,6476509.1,3217.0
9984,2277,434539.6,6476545.5,3217.1
9987,2277,434548.7,6476581.9,3221.4
9990,2277,434557.7,6476618.3,3224.8
9993,2277,434566.8,6476654.7,3222.4
9996,2277,434575.9,6476691.0,3222.6
9999,2277,434585.0,6476727.4,3219.5
10002,2277,434594.0,6476763.8,3213.7
10005,2277,434603.1,6476800.2,3199.7
10008,2277,434612.2,6476836.6,3185.7
10011,2277,434621.3,6476873.0,3177.9
10014,2277,434630.3,6476909.4,3175.2
10017,2277,434639.4,6476945.7,3171.6
10020,2277,434648.5,6476982.1,3168.0
10023,2277,434657.6,6477018.5,3164.7
10026,2277,434666.6,6477054.9,3162.0
10029,2277,434675.7,6477091.3,3162.2
10032,2277,434684.8,6477127.7,3167.1
10035,2277,434693.8,6477164.1,3168.8
10038,2277,434702.9,6477200.4,3171.3
10041,2277,434712.0,6477236.8,3171.9
10044,2277,434721.1,6477273.2,3167.1
10047,2277,434730.1,6477309.6,3150.8
10050,2277,434739.2,6477346.0,3129.8
10053,2277,434748.3,6477382.4,3103.7
10056,2277,434757.4,6477418.8,3074.9
10059,2277,434766.4,6477455.2,3041.9
10062,2277,434775.5,6477491.5,2992.3
10065,2277,434784.6,6477527.9,2941.5
10068,2277,434793.6,6477564.3,2904.7
10071,2277,434802.7,6477600.7,2885.2
10074,2277,434811.8,6477637.1,2878.3
10077,2277,434820.9,6477673.5,2876.6
10080,2277,434829.9,6477709.8,2878.5
10083,2277,434839.0,6477746.2,2882.8
10086,2277,434848.1,6477782.6,2886.7
10089,2277,434857.2,6477819.0,2887.8
10092,2277,434866.2,6477855.4,2889.1
10095,2277,434875.3,6477891.8,2889.7
10098,2277,434884.4,6477928.2,2886.9
10101,2277,434893.5,6477964.6,2881.9
10104,2277,434902.5,6478000.9,2875.2
10107,2277,434911.6,6478037.3,2868.8
10110,2277,434920.7,6478073.7,2863.9
10113,2277,434929.7,6478110.1,2859.6
10116,2277,434938.8,6478146.5,2852.9
10119,2277,434947.9,6478182.9,2841.8
10122,2277,434957.0,6478219.3,2833.6
10125,2277,434966.0,6478255.6,2823.9
10128,2277,434975.1,6478292.0,2822.1
10131,2277,434984.2,6478328.4,2827.0
10134,2277,434993.3,6478364.8,2833.6
10137,2277,435002.3,6478401.2,2837.2
10140,2277,435011.4,6478437.6,2841.7
10143,2277,435020.5,6478474.0,2849.9
10146,2277,435029.5,6478510.3,2860.7
10149,2277,435038.6,6478546.7,2869.2
10152,2277,435047.7,6478583.1,2875.5
10155,2277,435056.8,6478619.5,2879.3
10158,2277,435065.8,6478655.9,2883.1
10161,2277,435074.9,6478692.3,2880.7
10164,2277,435084.0,6478728.7,2878.0
10167,2277,435093.1,6478765.0,2877.5
10170,2277,435102.1,6478801.4,2871.7
10173,2277,435111.2,6478837.8,2865.3
10176,2277,435120.3,6478874.2,2860.0
10179,2277,435129.4,6478910.6,2860.5
10182,2277,435138.4,6478947.0,2856.8
10185,2277,435147.5,6478983.4,2855.2
10188,2277,435156.6,6479019.7,2862.7
10191,2277,435165.6,6479056.1,2879.6
10194,2277,435174.7,6479092.5,2893.1
10197,2277,435183.8,6479128.9,2919.6
10200,2277,435192.9,6479165.3,2928.5
10203,2277,435201.9,6479201.7,2933.1
10206,2277,435211.0,6479238.1,2935.6
10209,2277,435220.1,6479274.4,2941.4
10212,2277,435229.2,6479310.8,2953.0
10215,2277,435238.2,6479347.2,2963.9
10218,2277,435247.3,6479383.6,2977.9
10221,2277,435256.4,6479420.0,2989.5
10224,2277,435265.5,6479456.4,3017.2
10227,2277,435274.5,6479492.8,3036.1
10230,2277,435283.6,6479529.1,3085.0
10233,2277,435292.7,6479565.5,3113.9
10236,2277,435301.7,6479601.9,3127.5
10239,2277,435310.8,6479638.3,3145.6
10242,2277,435319.9,6479674.7,3186.9
10245,2277,435329.0,6479711.1,3220.6
10248,2277,435338.0,6479747.5,3233.7
10251,2277,435347.1,6479783.8,3243.0
10254,2277,435356.2,6479820.2,3261.8
10257,2277,435365.3,6479856.6,3289.5
10260,2277,435374.3,6479893.0,3305.6
10263,2277,435383.4,6479929.4,3323.5
10266,2277,435392.5,6479965.8,3333.0
10269,2277,435401.5,6480002.2,3336.6
10272,2277,435410.6,6480038.5,3338.4
10275,2277,435419.7,6480074.9,3339.9
10278,2277,435428.8,6480111.3,3339.3
10281,2277,435437.8,6480147.7,3337.1
10284,2277,435446.9,6480184.1,3335.6
10287,2277,435456.0,6480220.5,3333.9
10290,2277,435465.1,6480256.9,3331.4
10293,2277,435474.1,6480293.2,3329.7
10296,2277,435483.2,6480329.6,3328.4
10299,2277,435492.3,6480366.0,3327.9
10302,2277,435501.4,6480402.4,3325.4
10305,2277,435510.4,6480438.8,3325.1
10308,2277,435519.5,6480475.2,3326.2
10311,2277,435528.6,6480511.6,3327.8
10314,2277,435537.6,6480547.9,3327.9
10317,2277,435546.7,6480584.3,3326.9
10320,2277,435555.8,6480620.7,3326.0
10323,2277,435564.9,6480657.1,3326.7
10326,2277,435573.9,6480693.5,3327.2
10329,2277,435583.0,6480729.9,3327.6
10332,2277,435592.1,6480766.3,3327.8
10335,2277,435601.2,6480802.6,3325.6
10338,2277,435610.2,6480839.0,3323.4
10341,2277,435619.3,6480875.4,3320.8
10344,2277,435628.4,6480911.8,3319.6
10347,2277,435637.4,6480948.2,3318.5
10350,2277,435646.5,6480984.6,3318.8
10353,2277,435655.6,6481021.0,3318.4
10356,2277,435664.7,6481057.3,3319.0
10359,2277,435673.7,6481093.7,3319.6
9969,2274,434530.6,6476354.5,3232.4
9972,2274,434539.7,6476390.9,3229.1
9975,2274,434548.8,6476427.3,3228.2
9978,2274,434557.8,6476463.7,3226.6
9981,2274,434566.9,6476500.0,3223.8
9984,2274,434576.0,6476536.4,3225.0
9987,2274,434585.1,6476572.8,3230.0
9990,2274,434594.1,6476609.2,3232.4
9993,2274,434603.2,6476645.6,3230.5
9996,2274,434612.3,6476682.0,3229.7
9999,2274,434621.4,6476718.4,3229.1
10002,2274,434630.4,6476754.7,3221.4
10005,2274,434639.5,6476791.1,3210.4
10008,2274,434648.6,6476827.5,3197.5
10011,2274,434657.6,6476863.9,3186.9
10014,2274,434666.7,6476900.3,3179.3
10017,2274,434675.8,6476936.7,3175.3
10020,2274,434684.9,6476973.1,3170.7
10023,2274,434693.9,6477009.4,3166.1
10026,2274,434703.0,6477045.8,3163.6
10029,2274,434712.1,6477082.2,3165.1
10032,2274,434721.2,6477118.6,3168.1
10035,2274,434730.2,6477155.0,3170.5
10038,2274,434739.3,6477191.4,3174.5
10041,2274,434748.4,6477227.8,3176.2
10044,2274,434757.4,6477264.1,3171.1
10047,2274,434766.5,6477300.5,3156.9
10050,2274,434775.6,6477336.9,3135.9
10053,2274,434784.7,6477373.3,3109.6
10056,2274,434793.7,6477409.7,3076.9
10059,2274,434802.8,6477446.1,3039.7
10062,2274,434811.9,6477482.5,2993.6
10065,2274,434821.0,6477518.8,2959.9
10068,2274,434830.0,6477555.2,2913.0
10071,2274,434839.1,6477591.6,2889.2
10074,2274,434848.2,6477628.0,2879.6
10077,2274,434857.3,6477664.4,2877.7
10080,2274,434866.3,6477700.8,2879.5
10083,2274,434875.4,6477737.2,2883.7
10086,2274,434884.5,6477773.5,2887.1
10089,2274,434893.5,6477809.9,2888.1
10092,2274,434902.6,6477846.3,2887.8
10095,2274,434911.7,6477882.7,2886.9
10098,2274,434920.8,6477919.1,2885.3
10101,2274,434929.8,6477955.5,2880.2
10104,2274,434938.9,6477991.9,2873.6
10107,2274,434948.0,6478028.2,2865.7
10110,2274,434957.1,6478064.6,2859.8
10113,2274,434966.1,6478101.0,2855.5
10116,2274,434975.2,6478137.4,2848.6
10119,2274,434984.3,6478173.8,2839.4
10122,2274,434993.4,6478210.2,2828.9
10125,2274,435002.4,6478246.6,2820.8
10128,2274,435011.5,6478283.0,2819.7
10131,2274,435020.6,6478319.3,2823.3
10134,2274,435029.6,6478355.7,2831.6
10137,2274,435038.7,6478392.1,2833.8
10140,2274,435047.8,6478428.5,2837.8
10143,2274,435056.9,6478464.9,2844.9
10146,2274,435065.9,6478501.3,2853.0
10149,2274,435075.0,6478537.7,2859.3
10152,2274,435084.1,6478574.0,2862.8
10155,2274,435093.2,6478610.4,2863.7
10158,2274,435102.2,6478646.8,2867.1
10161,2274,435111.3,6478683.2,2867.2
10164,2274,435120.4,6478719.6,2865.0
10167,2274,435129.4,6478756.0,2864.4
10170,2274,435138.5,6478792.4,2858.1
10173,2274,435147.6,6478828.7,2851.2
10176,2274,435156.7,6478865.1,2851.2
10179,2274,435165.7,6478901.5,2850.9
10182,2274,435174.8,6478937.9,2850.2
10185,2274,435183.9,6478974.3,2847.2
10188,2274,435193.0,6479010.7,2857.4
10191,2274,435202.0,6479047.1,2874.4
10194,2274,435211.1,6479083.4,2907.3
10197,2274,435220.2,6479119.8,2930.0
10200,2274,435229.3,6479156.2,2936.7
10203,2274,435238.3,6479192.6,2939.5
10206,2274,435247.4,6479229.0,2938.9
10209,2274,435256.5,6479265.4,2940.6
10212,2274,435265.5,6479301.8,2945.6
10215,2274,435274.6,6479338.1,2951.3
10218,2274,435283.7,6479374.5,2958.7
10221,2274,435292.8,6479410.9,2970.6
10224,2274,435301.8,6479447.3,2987.9
10227,2274,435310.9,6479483.7,3019.8
10230,2274,435320.0,6479520.1,3059.8
10233,2274,435329.1,6479556.5,3098.9
10236,2274,435338.1,6479592.8,3116.0
10239,2274,435347.2,6479629.2,3148.8
10242,2274,435356.3,6479665.6,3186.6
10245,2274,435365.3,6479702.0,3218.8
10248,2274,435374.4,6479738.4,3227.9
10251,2274,435383.5,6479774.8,3234.9
10254,2274,435392.6,6479811.2,3250.3
10257,2274,435401.6,6479847.5,3273.5
10260,2274,435410.7,6479883.9,3299.1
10263,2274,435419.8,6479920.3,3319.6
10266,2274,435428.9,6479956.7,3331.9
10269,2274,435437.9,6479993.1,3335.1
10272,2274,435447.0,6480029.5,3337.0
10275,2274,435456.1,6480065.9,3338.8
10278,2274,435465.2,6480102.2,3338.7
10281,2274,435474.2,6480138.6,3337.0
10284,2274,435483.3,6480175.0,3336.3
10287,2274,435492.4,6480211.4,3335.0
10290,2274,435501.4,6480247.8,3331.5
10293,2274,435510.5,6480284.2,3328.0
10296,2274,435519.6,6480320.6,3326.3
10299,2274,435528.7,6480356.9,3325.9
10302,2274,435537.7,6480393.3,3325.2
10305,2274,435546.8,6480429.7,3325.2
10308,2274,435555.9,6480466.1,3325.8
10311,2274,435565.0,6480502.5,3325.9
10314,2274,435574.0,6480538.9,3325.0
10317,2274,435583.1,6480575.3,3324.0
10320,2274,435592.2,6480611.6,3324.6
10323,2274,435601.2,6480648.0,3324.3
10326,2274,435610.3,6480684.4,3326.1
10329,2274,435619.4,6480720.8,3326.3
10332,2274,435628.5,6480757.2,3325.7
10335,2274,435637.5,6480793.6,3323.4
10338,2274,435646.6,6480830.0,3320.7
10341,2274,435655.7,6480866.3,3319.2
10344,2274,435664.8,6480902.7,3317.6
10347,2274,435673.8,6480939.1,3317.6
10350,2274,435682.9,6480975.5,3318.4
10353,2274,435692.0,6481011.9,3318.4
10356,2274,435701.1,6481048.3,3319.0
10359,2274,435710.1,6481084.7,3320.6
9969,2271,434567.0,6476345.4,3237.2
9972,2271,434576.1,6476381.8,3234.3
9975,2271,434585.2,6476418.2,3234.0
9978,2271,434594.2,6476454.6,3231.0
9981,2271,434603.3,6476491.0,3230.0
9984,2271,434612.4,6476527.4,3230.9
9987,2271,434621.4,6476563.7,3234.9
9990,2271,434630.5,6476600.1,3234.9
9993,2271,434639.6,6476636.5,3234.2
9996,2271,434648.7,6476672.9,3234.6
9999,2271,434657.7,6476709.3,3232.7
10002,2271,434666.8,6476745.7,3226.0
10005,2271,434675.9,6476782.1,3216.2
10008,2271,434685.0,6476818.4,3209.1
10011,2271,434694.0,6476854.8,3196.9
10014,2271,434703.1,6476891.2,3189.1
10017,2271,434712.2,6476927.6,3182.7
10020,2271,434721.2,6476964.0,3176.5
10023,2271,434730.3,6477000.4,3169.5
10026,2271,434739.4,6477036.8,3168.3
10029,2271,434748.5,6477073.1,3170.0
10032,2271,434757.5,6477109.5,3172.9
10035,2271,434766.6,6477145.9,3175.1
10038,2271,434775.7,6477182.3,3180.0
10041,2271,434784.8,6477218.7,3181.3
10044,2271,434793.8,6477255.1,3173.8
10047,2271,434802.9,6477291.5,3161.7
10050,2271,434812.0,6477327.8,3142.3
10053,2271,434821.1,6477364.2,3118.5
10056,2271,434830.1,6477400.6,3088.0
10059,2271,434839.2,6477437.0,3053.7
10062,2271,434848.3,6477473.4,3012.1
10065,2271,434857.3,6477509.8,2964.2
10068,2271,434866.4,6477546.2,2917.6
10071,2271,434875.5,6477582.5,2889.8
10074,2271,434884.6,6477618.9,2881.8
10077,2271,434893.6,6477655.3,2878.6
10080,2271,434902.7,6477691.7,2880.3
10083,2271,434911.8,6477728.1,2884.3
10086,2271,434920.9,6477764.5,2886.8
10089,2271,434929.9,6477800.9,2887.2
10092,2271,434939.0,6477837.2,2885.9
10095,2271,434948.1,6477873.6,2884.6
10098,2271,434957.2,6477910.0,2882.0
10101,2271,434966.2,6477946.4,2878.2
10104,2271,434975.3,6477982.8,2870.1
10107,2271,434984.4,6478019.2,2863.3
10110,2271,434993.4,6478055.6,2857.3
10113,2271,435002.5,6478091.9,2853.6
10116,2271,435011.6,6478128.3,2847.6
10119,2271,435020.7,6478164.7,2838.9
10122,2271,435029.7,6478201.1,2830.2
10125,2271,435038.8,6478237.5,2820.8
10128,2271,435047.9,6478273.9,2818.2
10131,2271,435057.0,6478310.3,2823.5
10134,2271,435066.0,6478346.6,2829.7
10137,2271,435075.1,6478383.0,2833.4
10140,2271,435084.2,6478419.4,2836.7
10143,2271,435093.2,6478455.8,2843.4
10146,2271,435102.3,6478492.2,2848.1
10149,2271,435111.4,6478528.6,2852.3
10152,2271,435120.5,6478565.0,2854.3
10155,2271,435129.5,6478601.3,2856.8
10158,2271,435138.6,6478637.7,2854.8
10161,2271,435147.7,6478674.1,2855.4
10164,2271,435156.8,6478710.5,2854.7
10167,2271,435165.8,6478746.9,2852.8
10170,2271,435174.9,6478783.3,2845.1
10173,2271,435184.0,6478819.7,2840.8
10176,2271,435193.1,6478856.0,2840.7
10179,2271,435202.1,6478892.4,2842.0
10182,2271,435211.2,6478928.8,2841.0
10185,2271,435220.3,6478965.2,2839.9
10188,2271,435229.3,6479001.6,2848.8
10191,2271,435238.4,6479038.0,2869.8
10194,2271,435247.5,6479074.4,2910.8
10197,2271,435256.6,6479110.8,2932.3
10200,2271,435265.6,6479147.1,2940.9
10203,2271,435274.7,6479183.5,2942.7
10206,2271,435283.8,6479219.9,2944.4
10209,2271,435292.9,6479256.3,2947.1
10212,2271,435301.9,6479292.7,2949.7
10215,2271,435311.0,6479329.1,2953.3
10218,2271,435320.1,6479365.5,2958.9
10221,2271,435329.1,6479401.8,2965.8
10224,2271,435338.2,6479438.2,2979.1
10227,2271,435347.3,6479474.6,3008.4
10230,2271,435356.4,6479511.0,3036.8
10233,2271,435365.4,6479547.4,3076.1
10236,2271,435374.5,6479583.8,3122.4
10239,2271,435383.6,6479620.2,3172.0
10242,2271,435392.7,6479656.5,3202.1
10245,2271,435401.7,6479692.9,3217.1
10248,2271,435410.8,6479729.3,3223.8
10251,2271,435419.9,6479765.7,3229.5
10254,2271,435429.0,6479802.1,3241.3
10257,2271,435438.0,6479838.5,3259.6
10260,2271,435447.1,6479874.9,3284.1
10263,2271,435456.2,6479911.2,3308.0
10266,2271,435465.2,6479947.6,3325.9
10269,2271,435474.3,6479984.0,3333.4
10272,2271,435483.4,6480020.4,3334.9
10275,2271,435492.5,6480056.8,3336.0
10278,2271,435501.5,6480093.2,3336.0
10281,2271,435510.6,6480129.6,3335.2
10284,2271,435519.7,6480165.9,3335.5
10287,2271,435528.8,6480202.3,3334.9
10290,2271,435537.8,6480238.7,3330.7
10293,2271,435546.9,6480275.1,3325.8
10296,2271,435556.0,6480311.5,3322.7
10299,2271,435565.1,6480347.9,3322.9
10302,2271,435574.1,6480384.3,3324.0
10305,2271,435583.2,6480420.6,3324.4
10308,2271,435592.3,6480457.0,3324.1
10311,2271,435601.3,6480493.4,3322.0
10314,2271,435610.4,6480529.8,3320.4
10317,2271,435619.5,6480566.2,3320.1
10320,2271,435628.6,6480602.6,3321.4
10323,2271,435637.6,6480639.0,3322.5
10326,2271,435646.7,6480675.3,3324.7
10329,2271,435655.8,6480711.7,3324.8
10332,2271,435664.9,6480748.1,3323.0
10335,2271,435673.9,6480784.5,3320.0
10338,2271,435683.0,6480820.9,3317.4
10341,2271,435692.1,6480857.3,3316.8
10344,2271,435701.1,6480893.7,3316.6
10347,2271,435710.2,6480930.0,3316.7
10350,2271,435719.3,6480966.4,3318.0
10353,2271,435728.4,6481002.8,3318.4
10356,2271,435737.4,6481039.2,3318.5
10359,2271,435746.5,6481075.6,3318.6
9969,2268,434603.4,6476336.4,3238.0
9972,2268,434612.5,6476372.7,3236.5
9975,2268,434621.5,6476409.1,3235.6
9978,2268,434630.6,6476445.5,3234.7
9981,2268,434639.7,6476481.9,3234.3
9984,2268,434648.8,6476518.3,3236.6
9987,2268,434657.8,6476554.7,3240.3
9990,2268,434666.9,6476591.1,3238.9
9993,2268,434676.0,6476627.4,3238.9
9996,2268,434685.1,6476663.8,3239.2
9999,2268,434694.1,6476700.2,3236.9
10002,2268,434703.2,6476736.6,3231.8
10005,2268,434712.3,6476773.0,3225.0
10008,2268,434721.3,6476809.4,3215.7
10011,2268,434730.4,6476845.8,3208.9
10014,2268,434739.5,6476882.1,3199.2
10017,2268,434748.6,6476918.5,3196.0
10020,2268,434757.6,6476954.9,3189.2
10023,2268,434766.7,6476991.3,3178.3
10026,2268,434775.8,6477027.7,3175.6
10029,2268,434784.9,6477064.1,3176.3
10032,2268,434793.9,6477100.5,3179.2
10035,2268,434803.0,6477136.8,3180.2
10038,2268,434812.1,6477173.2,3185.2
10041,2268,434821.1,6477209.6,3185.5
10044,2268,434830.2,6477246.0,3178.5
10047,2268,434839.3,6477282.4,3164.1
10050,2268,434848.4,6477318.8,3153.4
10053,2268,434857.4,6477355.2,3132.4
10056,2268,434866.5,6477391.5,3103.7
10059,2268,434875.6,6477427.9,3072.1
10062,2268,434884.7,6477464.3,3034.3
10065,2268,434893.7,6477500.7,2985.3
10068,2268,434902.8,6477537.1,2935.1
10071,2268,434911.9,6477573.5,2897.2
10074,2268,434921.0,6477609.9,2882.7
10077,2268,434930.0,6477646.2,2879.4
10080,2268,434939.1,6477682.6,2881.4
10083,2268,434948.2,6477719.0,2884.1
10086,2268,434957.2,6477755.4,2886.5
10089,2268,434966.3,6477791.8,2886.3
10092,2268,434975.4,6477828.2,2885.0
10095,2268,434984.5,6477864.6,2883.5
10098,2268,434993.5,6477900.9,2881.1
10101,2268,435002.6,6477937.3,2876.8
10104,2268,435011.7,6477973.7,2869.5
10107,2268,435020.8,6478010.1,2860.8
10110,2268,435029.8,6478046.5,2857.2
10113,2268,435038.9,6478082.9,2853.4
10116,2268,435048.0,6478119.3,2850.2
10119,2268,435057.0,6478155.6,2841.4
10122,2268,435066.1,6478192.0,2834.2
10125,2268,435075.2,6478228.4,2825.7
10128,2268,435084.3,6478264.8,2822.5
10131,2268,435093.3,6478301.2,2824.4
10134,2268,435102.4,6478337.6,2830.7
10137,2268,435111.5,6478374.0,2832.9
10140,2268,435120.6,6478410.3,2837.7
10143,2268,435129.6,6478446.7,2842.3
10146,2268,435138.7,6478483.1,2846.4
10149,2268,435147.8,6478519.5,2849.0
10152,2268,435156.9,6478555.9,2850.4
10155,2268,435165.9,6478592.3,2851.4
10158,2268,435175.0,6478628.7,2849.9
10161,2268,435184.1,6478665.0,2849.3
10164,2268,435193.1,6478701.4,2849.5
10167,2268,435202.2,6478737.8,2845.9
10170,2268,435211.3,6478774.2,2837.5
10173,2268,435220.4,6478810.6,2833.8
10176,2268,435229.4,6478847.0,2834.2
10179,2268,435238.5,6478883.4,2834.2
10182,2268,435247.6,6478919.7,2834.5
10185,2268,435256.7,6478956.1,2837.4
10188,2268,435265.7,6478992.5,2845.9
10191,2268,435274.8,6479028.9,2869.9
10194,2268,435283.9,6479065.3,2914.2
10197,2268,435292.9,6479101.7,2932.9
10200,2268,435302.0,6479138.1,2942.6
10203,2268,435311.1,6479174.5,2946.1
10206,2268,435320.2,6479210.8,2949.0
10209,2268,435329.2,6479247.2,2953.0
10212,2268,435338.3,6479283.6,2957.6
10215,2268,435347.4,6479320.0,2962.2
10218,2268,435356.5,6479356.4,2966.2
10221,2268,435365.5,6479392.8,2972.8
10224,2268,435374.6,6479429.2,2991.6
10227,2268,435383.7,6479465.5,3009.6
10230,2268,435392.8,6479501.9,3033.1
10233,2268,435401.8,6479538.3,3084.3
10236,2268,435410.9,6479574.7,3141.1
10239,2268,435420.0,6479611.1,3181.5
10242,2268,435429.0,6479647.5,3203.6
10245,2268,435438.1,6479683.9,3216.2
10248,2268,435447.2,6479720.2,3222.0
10251,2268,435456.3,6479756.6,3227.9
10254,2268,435465.3,6479793.0,3236.3
10257,2268,435474.4,6479829.4,3250.5
10260,2268,435483.5,6479865.8,3270.4
10263,2268,435492.6,6479902.2,3296.7
10266,2268,435501.6,6479938.6,3318.0
10269,2268,435510.7,6479974.9,3328.9
10272,2268,435519.8,6480011.3,3330.4
10275,2268,435528.9,6480047.7,3331.8
10278,2268,435537.9,6480084.1,3332.3
10281,2268,435547.0,6480120.5,3331.7
10284,2268,435556.1,6480156.9,3332.0
10287,2268,435565.1,6480193.3,3331.9
10290,2268,435574.2,6480229.6,3327.4
10293,2268,435583.3,6480266.0,3322.0
10296,2268,435592.4,6480302.4,3320.8
10299,2268,435601.4,6480338.8,3321.2
10302,2268,435610.5,6480375.2,3322.1
10305,2268,435619.6,6480411.6,3321.6
10308,2268,435628.7,6480448.0,3320.5
10311,2268,435637.7,6480484.3,3318.1
10314,2268,435646.8,6480520.7,3317.5
10317,2268,435655.9,6480557.1,3318.3
10320,2268,435664.9,6480593.5,3319.8
10323,2268,435674.0,6480629.9,3320.9
10326,2268,435683.1,6480666.3,3322.1
10329,2268,435692.2,6480702.7,3321.6
10332,2268,435701.2,6480739.0,3318.8
10335,2268,435710.3,6480775.4,3316.3
10338,2268,435719.4,6480811.8,3314.4
10341,2268,435728.5,6480848.2,3315.2
10344,2268,435737.5,6480884.6,3315.2
10347,2268,435746.6,6480921.0,3315.8
10350,2268,435755.7,6480957.4,3317.1
10353,2268,435764.8,6480993.7,3316.2
10356,2268,435773.8,6481030.1,3313.7
10359,2268,435782.9,6481066.5,3310.6
9969,2265,434639.8,6476327.3,3227.7
9972,2265,434648.9,6476363.7,3233.3
9975,2265,434657.9,6476400.1,3232.4
9978,2265,434667.0,6476436.4,3232.8
9981,2265,434676.1,6476472.8,3234.4
9984,2265,434685.1,6476509.2,3240.2
9987,2265,434694.2,6476545.6,3243.7
9990,2265,434703.3,6476582.0,3243.5
9993,2265,434712.4,6476618.4,3243.4
9996,2265,434721.4,6476654.8,3243.0
9999,2265,434730.5,6476691.1,3240.2
10002,2265,434739.6,6476727.5,3236.5
10005,2265,434748.7,6476763.9,3231.8
10008,2265,434757.7,6476800.3,3225.5
10011,2265,434766.8,6476836.7,3217.8
10014,2265,434775.9,6476873.1,3212.9
10017,2265,434784.9,6476909.5,3207.4
10020,2265,434794.0,6476945.8,3201.6
10023,2265,434803.1,6476982.2,3191.4
10026,2265,434812.2,6477018.6,3189.9
10029,2265,434821.2,6477055.0,3188.9
10032,2265,434830.3,6477091.4,3186.4
10035,2265,434839.4,6477127.8,3188.1
10038,2265,434848.5,6477164.2,3191.5
10041,2265,434857.5,6477200.5,3191.1
10044,2265,434866.6,6477236.9,3184.3
10047,2265,434875.7,6477273.3,3174.0
10050,2265,434884.8,6477309.7,3160.5
10053,2265,434893.8,6477346.1,3142.1
10056,2265,434902.9,6477382.5,3114.4
10059,2265,434912.0,6477418.9,3096.3
10062,2265,434921.0,6477455.2,3060.7
10065,2265,434930.1,6477491.6,3010.9
10068,2265,434939.2,6477528.0,2955.2
10071,2265,434948.3,6477564.4,2909.6
10074,2265,434957.3,6477600.8,2888.3
10077,2265,434966.4,6477637.2,2881.5
10080,2265,434975.5,6477673.6,2882.5
10083,2265,434984.6,6477709.9,2885.4
10086,2265,434993.6,6477746.3,2887.0
10089,2265,435002.7,6477782.7,2886.3
10092,2265,435011.8,6477819.1,2885.5
10095,2265,435020.8,6477855.5,2883.8
10098,2265,435029.9,6477891.9,2880.4
10101,2265,435039.0,6477928.3,2875.3
10104,2265,435048.1,6477964.6,2868.6
10107,2265,435057.1,6478001.0,2861.6
10110,2265,435066.2,6478037.4,2859.4
10113,2265,435075.3,6478073.8,2857.7
10116,2265,435084.4,6478110.2,2853.9
10119,2265,435093.4,6478146.6,2848.3
10122,2265,435102.5,6478183.0,2839.1
10125,2265,435111.6,6478219.3,2832.1
10128,2265,435120.7,6478255.7,2831.3
10131,2265,435129.7,6478292.1,2831.8
10134,2265,435138.8,6478328.5,2836.4
10137,2265,435147.9,6478364.9,2838.8
10140,2265,435156.9,6478401.3,2842.4
10143,2265,435166.0,6478437.7,2842.8
10146,2265,435175.1,6478474.0,2844.1
10149,2265,435184.2,6478510.4,2845.7
10152,2265,435193.2,6478546.8,2845.0
10155,2265,435202.3,6478583.2,2847.9
10158,2265,435211.4,6478619.6,2848.1
10161,2265,435220.5,6478656.0,2846.0
10164,2265,435229.5,6478692.4,2843.0
10167,2265,435238.6,6478728.7,2838.2
10170,2265,435247.7,6478765.1,2832.0
10173,2265,435256.8,6478801.5,2827.7
10176,2265,435265.8,6478837.9,2826.8
10179,2265,435274.9,6478874.3,2826.0
10182,2265,435284.0,6478910.7,2829.3
10185,2265,435293.0,6478947.1,2836.1
10188,2265,435302.1,6478983.4,2852.4
10191,2265,435311.2,6479019.8,2888.5
10194,2265,435320.3,6479056.2,2916.9
10197,2265,435329.3,6479092.6,2935.7
10200,2265,435338.4,6479129.0,2944.0
10203,2265,435347.5,6479165.4,2948.2
10206,2265,435356.6,6479201.8,2952.8
10209,2265,435365.6,6479238.1,2957.6
10212,2265,435374.7,6479274.5,2964.5
10215,2265,435383.8,6479310.9,2973.6
10218,2265,435392.8,6479347.3,2977.3
10221,2265,435401.9,6479383.7,2993.0
10224,2265,435411.0,6479420.1,3005.9
10227,2265,435420.1,6479456.5,3018.8
10230,2265,435429.1,6479492.8,3045.2
10233,2265,435438.2,6479529.2,3104.3
10236,2265,435447.3,6479565.6,3157.4
10239,2265,435456.4,6479602.0,3180.1
10242,2265,435465.4,6479638.4,3197.5
10245,2265,435474.5,6479674.8,3209.1
10248,2265,435483.6,6479711.2,3217.2
10251,2265,435492.7,6479747.5,3226.4
10254,2265,435501.7,6479783.9,3236.7
10257,2265,435510.8,6479820.3,3249.0
10260,2265,435519.9,6479856.7,3263.2
10263,2265,435528.9,6479893.1,3290.9
10266,2265,435538.0,6479929.5,3304.8
10269,2265,435547.1,6479965.9,3319.0
10272,2265,435556.2,6480002.3,3325.5
10275,2265,435565.2,6480038.6,3326.3
10278,2265,435574.3,6480075.0,3327.7
10281,2265,435583.4,6480111.4,3327.0
10284,2265,435592.5,6480147.8,3327.6
10287,2265,435601.5,6480184.2,3326.5
10290,2265,435610.6,6480220.6,3321.0
10293,2265,435619.7,6480257.0,3318.2
10296,2265,435628.7,6480293.3,3318.4
10299,2265,435637.8,6480329.7,3318.9
10302,2265,435646.9,6480366.1,3319.1
10305,2265,435656.0,6480402.5,3319.0
10308,2265,435665.0,6480438.9,3316.5
10311,2265,435674.1,6480475.3,3314.8
10314,2265,435683.2,6480511.7,3315.1
10317,2265,435692.3,6480548.0,3317.1
10320,2265,435701.3,6480584.4,3318.4
10323,2265,435710.4,6480620.8,3319.1
10326,2265,435719.5,6480657.2,3319.0
10329,2265,435728.6,6480693.6,3316.9
10332,2265,435737.6,6480730.0,3314.5
10335,2265,435746.7,6480766.4,3312.9
10338,2265,435755.8,6480802.7,3312.5
10341,2265,435764.8,6480839.1,3312.6
10344,2265,435773.9,6480875.5,3313.1
10347,2265,435783.0,6480911.9,3313.3
10350,2265,435792.1,6480948.3,3314.3
10353,2265,435801.1,6480984.7,3310.0
10356,2265,435810.2,6481021.1,3303.3
9969,2262,434676.2,6476318.2,3233.8
9972,2262,434685.2,6476354.6,3231.5
9975,2262,434694.3,6476391.0,3230.7
9978,2262,434703.4,6476427.4,3229.8
9981,2262,434712.5,6476463.8,3234.6
9984,2262,434721.5,6476500.1,3240.6
9987,2262,434730.6,6476536.5,3244.6
9990,2262,434739.7,6476572.9,3247.1
9993,2262,434748.7,6476609.3,3246.6
9996,2262,434757.8,6476645.7,3245.9
9999,2262,434766.9,6476682.1,3243.7
10002,2262,434776.0,6476718.5,3241.1
10005,2262,434785.0,6476754.8,3236.7
10008,2262,434794.1,6476791.2,3230.9
10011,2262,434803.2,6476827.6,3227.2
10014,2262,434812.3,6476864.0,3224.2
10017,2262,434821.3,6476900.4,3219.3
10020,2262,434830.4,6476936.8,3211.2
10023,2262,434839.5,6476973.2,3207.1
10026,2262,434848.6,6477009.5,3203.3
10029,2262,434857.6,6477045.9,3200.9
10032,2262,434866.7,6477082.3,3196.9
10035,2262,434875.8,6477118.7,3196.5
10038,2262,434884.8,6477155.1,3195.8
10041,2262,434893.9,6477191.5,3194.2
10044,2262,434903.0,6477227.9,3190.3
10047,2262,434912.1,6477264.2,3182.5
10050,2262,434921.1,6477300.6,3171.5
10053,2262,434930.2,6477337.0,3156.2
10056,2262,434939.3,6477373.4,3137.8
10059,2262,434948.4,6477409.8,3111.9
10062,2262,434957.4,6477446.2,3074.4
10065,2262,434966.5,6477482.6,3018.8
10068,2262,434975.6,6477518.9,2959.4
10071,2262,434984.7,6477555.3,2927.1
10074,2262,434993.7,6477591.7,2895.9
10077,2262,435002.8,6477628.1,2885.4
10080,2262,435011.9,6477664.5,2884.5
10083,2262,435020.9,6477700.9,2886.5
10086,2262,435030.0,6477737.3,2887.8
10089,2262,435039.1,6477773.6,2887.8
10092,2262,435048.2,6477810.0,2887.0
10095,2262,435057.2,6477846.4,2885.0
10098,2262,435066.3,6477882.8,2880.3
10101,2262,435075.4,6477919.2,2874.7
10104,2262,435084.5,6477955.6,2870.8
10107,2262,435093.5,6477992.0,2864.4
10110,2262,435102.6,6478028.3,2862.4
10113,2262,435111.7,6478064.7,2861.9
10116,2262,435120.7,6478101.1,2860.4
10119,2262,435129.8,6478137.5,2853.9
10122,2262,435138.9,6478173.9,2846.3
10125,2262,435148.0,6478210.3,2840.5
10128,2262,435157.0,6478246.7,2840.2
10131,2262,435166.1,6478283.0,2840.7
10134,2262,435175.2,6478319.4,2846.1
10137,2262,435184.3,6478355.8,2851.1
10140,2262,435193.3,6478392.2,2849.3
10143,2262,435202.4,6478428.6,2849.3
10146,2262,435211.5,6478465.0,2847.5
10149,2262,435220.6,6478501.4,2844.5
10152,2262,435229.6,6478537.7,2841.7
10155,2262,435238.7,6478574.1,2841.7
10158,2262,435247.8,6478610.5,2842.3
10161,2262,435256.8,6478646.9,2838.9
10164,2262,435265.9,6478683.3,2836.8
10167,2262,435275.0,6478719.7,2831.6
10170,2262,435284.1,6478756.1,2825.7
10173,2262,435293.1,6478792.4,2824.3
10176,2262,435302.2,6478828.8,2821.9
10179,2262,435311.3,6478865.2,2820.8
10182,2262,435320.4,6478901.6,2825.6
10185,2262,435329.4,6478938.0,2833.8
10188,2262,435338.5,6478974.4,2849.6
10191,2262,435347.6,6479010.8,2888.3
10194,2262,435356.6,6479047.1,2926.3
10197,2262,435365.7,6479083.5,2941.5
10200,2262,435374.8,6479119.9,2948.0
10203,2262,435383.9,6479156.3,2951.7
10206,2262,435392.9,6479192.7,2957.1
10209,2262,435402.0,6479229.1,2965.2
10212,2262,435411.1,6479265.5,2974.8
10215,2262,435420.2,6479301.8,2988.1
10218,2262,435429.2,6479338.2,2993.7
10221,2262,435438.3,6479374.6,3004.2
10224,2262,435447.4,6479411.0,3014.2
10227,2262,435456.5,6479447.4,3022.6
10230,2262,435465.5,6479483.8,3105.6
10233,2262,435474.6,6479520.2,3144.7
10236,2262,435483.7,6479556.5,3161.5
10239,2262,435492.7,6479592.9,3179.4
10242,2262,435501.8,6479629.3,3191.8
10245,2262,435510.9,6479665.7,3203.7
10248,2262,435520.0,6479702.1,3212.5
10251,2262,435529.0,6479738.5,3224.0
10254,2262,435538.1,6479774.9,3235.8
10257,2262,435547.2,6479811.2,3245.1
10260,2262,435556.3,6479847.6,3256.2
10263,2262,435565.3,6479884.0,3274.4
10266,2262,435574.4,6479920.4,3293.5
10269,2262,435583.5,6479956.8,3301.6
10272,2262,435592.5,6479993.2,3314.1
10275,2262,435601.6,6480029.6,3318.1
10278,2262,435610.7,6480065.9,3319.5
10281,2262,435619.8,6480102.3,3320.1
10284,2262,435628.8,6480138.7,3320.7
10287,2262,435637.9,6480175.1,3318.9
10290,2262,435647.0,6480211.5,3314.5
10293,2262,435656.1,6480247.9,3311.6
10296,2262,435665.1,6480284.3,3313.0
10299,2262,435674.2,6480320.7,3314.5
10302,2262,435683.3,6480357.0,3313.9
10305,2262,435692.4,6480393.4,3313.7
10308,2262,435701.4,6480429.8,3312.8
10311,2262,435710.5,6480466.2,3312.5
10314,2262,435719.6,6480502.6,3313.7
10317,2262,435728.6,6480539.0,3315.8
10320,2262,435737.7,6480575.4,3316.7
10323,2262,435746.8,6480611.7,3316.0
10326,2262,435755.9,6480648.1,3314.7
10329,2262,435764.9,6480684.5,3313.0
10332,2262,435774.0,6480720.9,3312.0
10335,2262,435783.1,6480757.3,3310.2
10338,2262,435792.2,6480793.7,3309.7
10341,2262,435801.2,6480830.1,3309.8
10344,2262,435810.3,6480866.4,3310.0
10347,2262,435819.4,6480902.8,3308.8
10350,2262,435828.5,6480939.2,3308.0
10353,2262,435837.5,6480975.6,3300.4
10356,2262,435846.6,6481012.0,3289.7
10359,2262,435855.7,6481048.4,3282.7
9969,2259,434712.6,6476309.1,3242.8
9972,2259,434721.6,6476345.5,3235.6
9975,2259,434730.7,6476381.9,3234.4
9978,2259,434739.8,6476418.3,3234.0
9981,2259,434748.8,6476454.7,3239.4
9984,2259,434757.9,6476491.1,3244.3
9987,2259,434767.0,6476527.5,3247.4
9990,2259,434776.1,6476563.8,3250.4
9993,2259,434785.1,6476600.2,3250.1
9996,2259,434794.2,6476636.6,3248.9
9999,2259,434803.3,6476673.0,3247.2
10002,2259,434812.4,6476709.4,3243.4
10005,2259,434821.4,6476745.8,3239.1
10008,2259,434830.5,6476782.2,3235.6
10011,2259,434839.6,6476818.5,3232.2
10014,2259,434848.6,6476854.9,3231.3
10017,2259,434857.7,6476891.3,3227.1
10020,2259,434866.8,6476927.7,3220.3
10023,2259,434875.9,6476964.1,3216.0
10026,2259,434884.9,6477000.5,3212.2
10029,2259,434894.0,6477036.9,3210.9
10032,2259,434903.1,6477073.2,3206.0
10035,2259,434912.2,6477109.6,3201.5
10038,2259,434921.2,6477146.0,3199.3
10041,2259,434930.3,6477182.4,3198.1
10044,2259,434939.4,6477218.8,3194.5
10047,2259,434948.5,6477255.2,3192.0
10050,2259,434957.5,6477291.6,3184.4
10053,2259,434966.6,6477327.9,3171.9
10056,2259,434975.7,6477364.3,3160.6
10059,2259,434984.7,6477400.7,3140.7
10062,2259,434993.8,6477437.1,3106.1
10065,2259,435002.9,6477473.5,3049.9
10068,2259,435012.0,6477509.9,2985.9
10071,2259,435021.0,6477546.3,2934.2
10074,2259,435030.1,6477582.6,2901.9
10077,2259,435039.2,6477619.0,2889.9
10080,2259,435048.3,6477655.4,2887.3
10083,2259,435057.3,6477691.8,2888.8
10086,2259,435066.4,6477728.2,2889.8
10089,2259,435075.5,6477764.6,2890.2
10092,2259,435084.5,6477801.0,2890.4
10095,2259,435093.6,6477837.3,2888.8
10098,2259,435102.7,6477873.7,2883.6
10101,2259,435111.8,6477910.1,2877.8
10104,2259,435120.8,6477946.5,2872.5
10107,2259,435129.9,6477982.9,2867.6
10110,2259,435139.0,6478019.3,2866.5
10113,2259,435148.1,6478055.7,2867.5
10116,2259,435157.1,6478092.0,2865.9
10119,2259,435166.2,6478128.4,2861.5
10122,2259,435175.3,6478164.8,2855.4
10125,2259,435184.4,6478201.2,2849.5
10128,2259,435193.4,6478237.6,2845.4
10131,2259,435202.5,6478274.0,2848.9
10134,2259,435211.6,6478310.4,2856.0
10137,2259,435220.6,6478346.7,2862.0
10140,2259,435229.7,6478383.1,2858.9
10143,2259,435238.8,6478419.5,2854.9
10146,2259,435247.9,6478455.9,2852.3
10149,2259,435256.9,6478492.3,2846.7
10152,2259,435266.0,6478528.7,2840.5
10155,2259,435275.1,6478565.1,2836.2
10158,2259,435284.2,6478601.4,2833.3
10161,2259,435293.2,6478637.8,2831.7
10164,2259,435302.3,6478674.2,2826.0
10167,2259,435311.4,6478710.6,2821.2
10170,2259,435320.4,6478747.0,2815.4
10173,2259,435329.5,6478783.4,2815.8
10176,2259,435338.6,6478819.8,2813.9
10179,2259,435347.7,6478856.1,2814.3
10182,2259,435356.7,6478892.5,2820.4
10185,2259,435365.8,6478928.9,2830.6
10188,2259,435374.9,6478965.3,2849.5
10191,2259,435384.0,6479001.7,2875.9
10194,2259,435393.0,6479038.1,2915.6
10197,2259,435402.1,6479074.5,2937.3
10200,2259,435411.2,6479110.8,2947.7
10203,2259,435420.3,6479147.2,2956.1
10206,2259,435429.3,6479183.6,2962.3
10209,2259,435438.4,6479220.0,2976.8
10212,2259,435447.5,6479256.4,2987.9
10215,2259,435456.5,6479292.8,2996.8
10218,2259,435465.6,6479329.2,3003.4
10221,2259,435474.7,6479365.5,3011.2
10224,2259,435483.8,6479401.9,3021.1
10227,2259,435492.8,6479438.3,3045.1
10230,2259,435501.9,6479474.7,3105.6
10233,2259,435511.0,6479511.1,3149.9
10236,2259,435520.1,6479547.5,3162.8
10239,2259,435529.1,6479583.9,3177.6
10242,2259,435538.2,6479620.2,3194.4
10245,2259,435547.3,6479656.6,3204.2
10248,2259,435556.4,6479693.0,3213.4
10251,2259,435565.4,6479729.4,3221.7
10254,2259,435574.5,6479765.8,3233.9
10257,2259,435583.6,6479802.2,3243.1
10260,2259,435592.6,6479838.6,3251.3
10263,2259,435601.7,6479874.9,3261.9
10266,2259,435610.8,6479911.3,3274.1
10269,2259,435619.9,6479947.7,3287.1
10272,2259,435628.9,6479984.1,3302.0
10275,2259,435638.0,6480020.5,3307.9
10278,2259,435647.1,6480056.9,3308.7
10281,2259,435656.2,6480093.3,3313.0
10284,2259,435665.2,6480129.6,3312.4
10287,2259,435674.3,6480166.0,3309.7
10290,2259,435683.4,6480202.4,3306.5
10293,2259,435692.4,6480238.8,3306.9
10296,2259,435701.5,6480275.2,3306.2
10299,2259,435710.6,6480311.6,3305.3
10302,2259,435719.7,6480348.0,3307.6
10305,2259,435728.7,6480384.3,3309.4
10308,2259,435737.8,6480420.7,3309.6
10311,2259,435746.9,6480457.1,3310.1
10314,2259,435756.0,6480493.5,3312.2
10317,2259,435765.0,6480529.9,3313.9
10320,2259,435774.1,6480566.3,3314.1
10323,2259,435783.2,6480602.7,3312.5
10326,2259,435792.3,6480639.0,3312.8
10329,2259,435801.3,6480675.4,3311.4
10332,2259,435810.4,6480711.8,3309.9
10335,2259,435819.5,6480748.2,3307.9
10338,2259,435828.5,6480784.6,3306.8
10341,2259,435837.6,6480821.0,3306.9
10344,2259,435846.7,6480857.4,3305.4
10347,2259,435855.8,6480893.8,3303.0
10350,2259,435864.8,6480930.1,3299.4
10353,2259,435873.9,6480966.5,3289.5
10356,2259,435883.0,6481002.9,3279.6
10359,2259,435892.1,6481039.3,3276.6
9969,2256,434748.9,6476300.1,3249.2
9972,2256,434758.0,6476336.4,3242.5
9975,2256,434767.1,6476372.8,3240.3
9978,2256,434776.2,6476409.2,3240.9
9981,2256,434785.2,6476445.6,3244.1
9984,2256,434794.3,6476482.0,3247.0
9987,2256,434803.4,6476518.4,3250.3
9990,2256,434812.4,6476554.8,3251.8
9993,2256,434821.5,6476591.1,3251.4
9996,2256,434830.6,6476627.5,3250.1
9999,2256,434839.7,6476663.9,3249.9
10002,2256,434848.7,6476700.3,3247.0
10005,2256,434857.8,6476736.7,3242.4
10008,2256,434866.9,6476773.1,3237.6
10011,2256,434876.0,6476809.5,3236.1
10014,2256,434885.0,6476845.8,3234.7
10017,2256,434894.1,6476882.2,3230.8
10020,2256,434903.2,6476918.6,3223.9
10023,2256,434912.3,6476955.0,3220.9
10026,2256,434921.3,6476991.4,3217.1
10029,2256,434930.4,6477027.8,3214.4
10032,2256,434939.5,6477064.2,3210.9
10035,2256,434948.5,6477100.6,3206.3
10038,2256,434957.6,6477136.9,3203.7
10041,2256,434966.7,6477173.3,3202.5
10044,2256,434975.8,6477209.7,3203.7
10047,2256,434984.8,6477246.1,3203.0
10050,2256,434993.9,6477282.5,3196.5
10053,2256,435003.0,6477318.9,3185.2
10056,2256,435012.1,6477355.3,3180.8
10059,2256,435021.1,6477391.6,3168.1
10062,2256,435030.2,6477428.0,3133.1
10065,2256,435039.3,6477464.4,3080.8
10068,2256,435048.3,6477500.8,3015.8
10071,2256,435057.4,6477537.2,2958.8
10074,2256,435066.5,6477573.6,2918.0
10077,2256,435075.6,6477610.0,2897.7
10080,2256,435084.6,6477646.3,2890.1
10083,2256,435093.7,6477682.7,2891.0
10086,2256,435102.8,6477719.1,2891.7
10089,2256,435111.9,6477755.5,2892.4
10092,2256,435120.9,6477791.9,2893.6
10095,2256,435130.0,6477828.3,2892.4
10098,2256,435139.1,6477864.7,2888.8
10101,2256,435148.2,6477901.0,2882.8
10104,2256,435157.2,6477937.4,2878.2
10107,2256,435166.3,6477973.8,2874.0
10110,2256,435175.4,6478010.2,2873.3
10113,2256,435184.4,6478046.6,2873.4
10116,2256,435193.5,6478083.0,2873.6
10119,2256,435202.6,6478119.4,2867.4
10122,2256,435211.7,6478155.7,2864.3
10125,2256,435220.7,6478192.1,2857.7
10128,2256,435229.8,6478228.5,2852.4
10131,2256,435238.9,6478264.9,2855.4
10134,2256,435248.0,6478301.3,2862.0
10137,2256,435257.0,6478337.7,2869.5
10140,2256,435266.1,6478374.1,2867.8
10143,2256,435275.2,6478410.4,2860.9
10146,2256,435284.3,6478446.8,2856.0
10149,2256,435293.3,6478483.2,2849.5
10152,2256,435302.4,6478519.6,2840.3
10155,2256,435311.5,6478556.0,2834.7
10158,2256,435320.5,6478592.4,2827.3
10161,2256,435329.6,6478628.8,2821.3
10164,2256,435338.7,6478665.1,2816.1
10167,2256,435347.8,6478701.5,2812.4
10170,2256,435356.8,6478737.9,2807.5
10173,2256,435365.9,6478774.3,2805.1
10176,2256,435375.0,6478810.7,2803.9
10179,2256,435384.1,6478847.1,2807.6
10182,2256,435393.1,6478883.5,2813.9
10185,2256,435402.2,6478919.8,2828.3
10188,2256,435411.3,6478956.2,2839.2
10191,2256,435420.3,6478992.6,2853.3
10194,2256,435429.4,6479029.0,2877.4
10197,2256,435438.5,6479065.4,2897.9
10200,2256,435447.6,6479101.8,2924.9
10203,2256,435456.6,6479138.2,2946.7
10206,2256,435465.7,6479174.5,2966.0
10209,2256,435474.8,6479210.9,2984.3
10212,2256,435483.9,6479247.3,2997.2
10215,2256,435492.9,6479283.7,3006.3
10218,2256,435502.0,6479320.1,3011.8
10221,2256,435511.1,6479356.5,3018.5
10224,2256,435520.2,6479392.9,3032.2
10227,2256,435529.2,6479429.2,3051.7
10230,2256,435538.3,6479465.6,3117.3
10233,2256,435547.4,6479502.0,3155.9
10236,2256,435556.4,6479538.4,3169.8
10239,2256,435565.5,6479574.8,3180.8
10242,2256,435574.6,6479611.2,3198.8
10245,2256,435583.7,6479647.6,3212.7
10248,2256,435592.7,6479683.9,3218.9
10251,2256,435601.8,6479720.3,3224.4
10254,2256,435610.9,6479756.7,3231.5
10257,2256,435620.0,6479793.1,3241.5
10260,2256,435629.0,6479829.5,3249.3
10263,2256,435638.1,6479865.9,3256.5
10266,2256,435647.2,6479902.3,3262.7
10269,2256,435656.2,6479938.6,3274.1
10272,2256,435665.3,6479975.0,3284.5
10275,2256,435674.4,6480011.4,3293.2
10278,2256,435683.5,6480047.8,3298.4
10281,2256,435692.5,6480084.2,3304.6
10284,2256,435701.6,6480120.6,3303.0
10287,2256,435710.7,6480157.0,3301.5
10290,2256,435719.8,6480193.3,3299.7
10293,2256,435728.8,6480229.7,3300.1
10296,2256,435737.9,6480266.1,3299.3
10299,2256,435747.0,6480302.5,3298.1
10302,2256,435756.1,6480338.9,3302.2
10305,2256,435765.1,6480375.3,3303.4
10308,2256,435774.2,6480411.7,3305.4
10311,2256,435783.3,6480448.0,3307.9
10314,2256,435792.3,6480484.4,3310.1
10317,2256,435801.4,6480520.8,3311.1
10320,2256,435810.5,6480557.2,3310.3
10323,2256,435819.6,6480593.6,3309.7
10326,2256,435828.6,6480630.0,3309.5
10329,2256,435837.7,6480666.4,3308.6
10332,2256,435846.8,6480702.7,3307.0
10335,2256,435855.9,6480739.1,3306.1
10338,2256,435864.9,6480775.5,3303.9
10341,2256,435874.0,6480811.9,3302.8
10344,2256,435883.1,6480848.3,3299.2
10347,2256,435892.1,6480884.7,3296.3
10350,2256,435901.2,6480921.1,3288.2
10353,2256,435910.3,6480957.4,3279.5
10356,2256,435919.4,6480993.8,3275.1
10359,2256,435928.4,6481030.2,3272.9
9969,2253,434785.3,6476291.0,3251.3
9972,2253,434794.4,6476327.4,3247.1
9975,2253,434803.5,6476363.8,3245.7
9978,2253,434812.5,6476400.1,3245.7
9981,2253,434821.6,6476436.5,3247.3
9984,2253,434830.7,6476472.9,3249.5
9987,2253,434839.8,6476509.3,3251.3
9990,2253,434848.8,6476545.7,3252.0
9993,2253,434857.9,6476582.1,3251.7
9996,2253,434867.0,6476618.5,3250.9
9999,2253,434876.1,6476654.8,3250.4
10002,2253,434885.1,6476691.2,3248.4
10005,2253,434894.2,6476727.6,3244.1
10008,2253,434903.3,6476764.0,3239.6
10011,2253,434912.3,6476800.4,3237.7
10014,2253,434921.4,6476836.8,3236.1
10017,2253,434930.5,6476873.2,3231.9
10020,2253,434939.6,6476909.5,3226.1
10023,2253,434948.6,6476945.9,3221.0
10026,2253,434957.7,6476982.3,3217.8
10029,2253,434966.8,6477018.7,3215.4
10032,2253,434975.9,6477055.1,3213.4
10035,2253,434984.9,6477091.5,3209.6
10038,2253,434994.0,6477127.9,3206.8
10041,2253,435003.1,6477164.2,3207.8
10044,2253,435012.1,6477200.6,3211.0
10047,2253,435021.2,6477237.0,3212.8
10050,2253,435030.3,6477273.4,3207.2
10053,2253,435039.4,6477309.8,3199.9
10056,2253,435048.4,6477346.2,3190.4
10059,2253,435057.5,6477382.6,3177.8
10062,2253,435066.6,6477419.0,3144.5
10065,2253,435075.7,6477455.3,3109.5
10068,2253,435084.7,6477491.7,3043.6
10071,2253,435093.8,6477528.1,2982.0
10074,2253,435102.9,6477564.5,2937.7
10077,2253,435112.0,6477600.9,2906.7
10080,2253,435121.0,6477637.3,2894.4
10083,2253,435130.1,6477673.7,2892.7
10086,2253,435139.2,6477710.0,2894.2
10089,2253,435148.2,6477746.4,2894.9
10092,2253,435157.3,6477782.8,2896.5
10095,2253,435166.4,6477819.2,2895.4
10098,2253,435175.5,6477855.6,2893.8
10101,2253,435184.5,6477892.0,2888.7
10104,2253,435193.6,6477928.4,2882.7
10107,2253,435202.7,6477964.7,2880.9
10110,2253,435211.8,6478001.1,2880.2
10113,2253,435220.8,6478037.5,2880.4
10116,2253,435229.9,6478073.9,2878.9
10119,2253,435239.0,6478110.3,2875.2
10122,2253,435248.1,6478146.7,2870.3
10125,2253,435257.1,6478183.1,2864.1
10128,2253,435266.2,6478219.4,2860.1
10131,2253,435275.3,6478255.8,2862.9
10134,2253,435284.3,6478292.2,2867.7
10137,2253,435293.4,6478328.6,2871.5
10140,2253,435302.5,6478365.0,2872.0
10143,2253,435311.6,6478401.4,2866.8
10146,2253,435320.6,6478437.8,2860.4
10149,2253,435329.7,6478474.1,2852.2
10152,2253,435338.8,6478510.5,2841.9
10155,2253,435347.9,6478546.9,2831.7
10158,2253,435356.9,6478583.3,2823.9
10161,2253,435366.0,6478619.7,2816.3
10164,2253,435375.1,6478656.1,2813.8
10167,2253,435384.1,6478692.5,2810.8
10170,2253,435393.2,6478728.8,2806.0
10173,2253,435402.3,6478765.2,2802.6
10176,2253,435411.4,6478801.6,2802.5
10179,2253,435420.4,6478838.0,2805.7
10182,2253,435429.5,6478874.4,2811.1
10185,2253,435438.6,6478910.8,2823.8
10188,2253,435447.7,6478947.2,2836.1
10191,2253,435456.7,6478983.5,2846.1
10194,2253,435465.8,6479019.9,2859.3
10197,2253,435474.9,6479056.3,2866.8
10200,2253,435484.0,6479092.7,2886.9
10203,2253,435493.0,6479129.1,2921.1
10206,2253,435502.1,6479165.5,2947.0
10209,2253,435511.2,6479201.9,2979.6
10212,2253,435520.2,6479238.2,2998.3
10215,2253,435529.3,6479274.6,3008.9
10218,2253,435538.4,6479311.0,3018.4
10221,2253,435547.5,6479347.4,3031.2
10224,2253,435556.5,6479383.8,3062.7
10227,2253,435565.6,6479420.2,3095.7
10230,2253,435574.7,6479456.6,3140.8
10233,2253,435583.8,6479492.9,3157.6
10236,2253,435592.8,6479529.3,3167.2
10239,2253,435601.9,6479565.7,3181.8
10242,2253,435611.0,6479602.1,3204.2
10245,2253,435620.0,6479638.5,3218.3
10248,2253,435629.1,6479674.9,3222.3
10251,2253,435638.2,6479711.3,3226.7
10254,2253,435647.3,6479747.6,3234.0
10257,2253,435656.3,6479784.0,3243.0
10260,2253,435665.4,6479820.4,3249.8
10263,2253,435674.5,6479856.8,3254.7
10266,2253,435683.6,6479893.2,3256.7
10269,2253,435692.6,6479929.6,3263.0
10272,2253,435701.7,6479966.0,3270.1
10275,2253,435710.8,6480002.3,3277.8
10278,2253,435719.9,6480038.7,3284.7
10281,2253,435728.9,6480075.1,3292.3
10284,2253,435738.0,6480111.5,3292.7
10287,2253,435747.1,6480147.9,3292.8
10290,2253,435756.1,6480184.3,3291.2
10293,2253,435765.2,6480220.7,3293.2
10296,2253,435774.3,6480257.0,3292.4
10299,2253,435783.4,6480293.4,3291.3
10302,2253,435792.4,6480329.8,3295.0
10305,2253,435801.5,6480366.2,3297.6
10308,2253,435810.6,6480402.6,3300.6
10311,2253,435819.7,6480439.0,3303.5
10314,2253,435828.7,6480475.4,3306.1
10317,2253,435837.8,6480511.7,3307.2
10320,2253,435846.9,6480548.1,3307.2
10323,2253,435856.0,6480584.5,3306.5
10326,2253,435865.0,6480620.9,3306.3
10329,2253,435874.1,6480657.3,3305.0
10332,2253,435883.2,6480693.7,3303.2
10335,2253,435892.2,6480730.1,3302.4
10338,2253,435901.3,6480766.4,3300.1
10341,2253,435910.4,6480802.8,3297.9
10344,2253,435919.5,6480839.2,3293.1
10347,2253,435928.5,6480875.6,3289.0
10350,2253,435937.6,6480912.0,3281.6
10353,2253,435946.7,6480948.4,3275.1
10356,2253,435955.8,6480984.8,3272.1
10359,2253,435964.8,6481021.1,3272.0
9969,2250,434821.7,6476281.9,3252.2
9972,2250,434830.8,6476318.3,3248.7
9975,2250,434839.9,6476354.7,3248.7
9978,2250,434848.9,6476391.1,3249.6
9981,2250,434858.0,6476427.5,3250.0
9984,2250,434867.1,6476463.8,3250.0
9987,2250,434876.1,6476500.2,3251.7
9990,2250,434885.2,6476536.6,3251.8
9993,2250,434894.3,6476573.0,3251.5
9996,2250,434903.4,6476609.4,3251.2
9999,2250,434912.4,6476645.8,3250.2
10002,2250,434921.5,6476682.2,3248.4
10005,2250,434930.6,6476718.5,3243.9
10008,2250,434939.7,6476754.9,3240.6
10011,2250,434948.7,6476791.3,3237.8
10014,2250,434957.8,6476827.7,3236.1
10017,2250,434966.9,6476864.1,3231.9
10020,2250,434976.0,6476900.5,3225.8
10023,2250,434985.0,6476936.9,3221.1
10026,2250,434994.1,6476973.2,3218.6
10029,2250,435003.2,6477009.6,3216.3
10032,2250,435012.2,6477046.0,3213.8
10035,2250,435021.3,6477082.4,3211.7
10038,2250,435030.4,6477118.8,3210.9
10041,2250,435039.5,6477155.2,3211.2
10044,2250,435048.5,6477191.6,3214.1
10047,2250,435057.6,6477227.9,3216.3
10050,2250,435066.7,6477264.3,3213.8
10053,2250,435075.8,6477300.7,3207.2
10056,2250,435084.8,6477337.1,3197.3
10059,2250,435093.9,6477373.5,3184.7
10062,2250,435103.0,6477409.9,3161.0
10065,2250,435112.0,6477446.3,3109.8
10068,2250,435121.1,6477482.6,3045.8
10071,2250,435130.2,6477519.0,2999.1
10074,2250,435139.3,6477555.4,2958.2
10077,2250,435148.3,6477591.8,2919.3
10080,2250,435157.4,6477628.2,2899.7
10083,2250,435166.5,6477664.6,2895.4
10086,2250,435175.6,6477701.0,2897.1
10089,2250,435184.6,6477737.3,2897.9
10092,2250,435193.7,6477773.7,2898.4
10095,2250,435202.8,6477810.1,2897.7
10098,2250,435211.9,6477846.5,2895.2
10101,2250,435220.9,6477882.9,2891.5
10104,2250,435230.0,6477919.3,2887.5
10107,2250,435239.1,6477955.7,2887.2
10110,2250,435248.1,6477992.0,2887.1
10113,2250,435257.2,6478028.4,2887.3
10116,2250,435266.3,6478064.8,2886.1
10119,2250,435275.4,6478101.2,2883.7
10122,2250,435284.4,6478137.6,2879.1
10125,2250,435293.5,6478174.0,2873.1
10128,2250,435302.6,6478210.4,2868.3
10131,2250,435311.7,6478246.8,2870.2
10134,2250,435320.7,6478283.1,2873.5
10137,2250,435329.8,6478319.5,2874.2
10140,2250,435338.9,6478355.9,2875.4
10143,2250,435347.9,6478392.3,2872.1
10146,2250,435357.0,6478428.7,2864.2
10149,2250,435366.1,6478465.1,2854.5
10152,2250,435375.2,6478501.5,2843.4
10155,2250,435384.2,6478537.8,2833.6
10158,2250,435393.3,6478574.2,2825.6
10161,2250,435402.4,6478610.6,2818.6
10164,2250,435411.5,6478647.0,2816.0
10167,2250,435420.5,6478683.4,2812.9
10170,2250,435429.6,6478719.8,2807.4
10173,2250,435438.7,6478756.2,2806.4
10176,2250,435447.8,6478792.5,2807.4
10179,2250,435456.8,6478828.9,2808.0
10182,2250,435465.9,6478865.3,2813.3
10185,2250,435475.0,6478901.7,2822.6
10188,2250,435484.0,6478938.1,2832.3
10191,2250,435493.1,6478974.5,2841.1
10194,2250,435502.2,6479010.9,2849.0
10197,2250,435511.3,6479047.2,2858.2
10200,2250,435520.3,6479083.6,2869.4
10203,2250,435529.4,6479120.0,2895.3
10206,2250,435538.5,6479156.4,2929.1
10209,2250,435547.6,6479192.8,2955.4
10212,2250,435556.6,6479229.2,2990.7
10215,2250,435565.7,6479265.6,3010.0
10218,2250,435574.8,6479301.9,3024.1
10221,2250,435583.8,6479338.3,3047.4
10224,2250,435592.9,6479374.7,3081.0
10227,2250,435602.0,6479411.1,3131.9
10230,2250,435611.1,6479447.5,3156.2
10233,2250,435620.1,6479483.9,3166.4
10236,2250,435629.2,6479520.3,3174.3
10239,2250,435638.3,6479556.6,3191.9
10242,2250,435647.4,6479593.0,3207.7
10245,2250,435656.4,6479629.4,3219.9
10248,2250,435665.5,6479665.8,3227.1
10251,2250,435674.6,6479702.2,3230.8
10254,2250,435683.7,6479738.6,3234.8
10257,2250,435692.7,6479775.0,3241.2
10260,2250,435701.8,6479811.3,3247.8
10263,2250,435710.9,6479847.7,3251.5
10266,2250,435719.9,6479884.1,3254.2
10269,2250,435729.0,6479920.5,3258.3
10272,2250,435738.1,6479956.9,3262.9
10275,2250,435747.2,6479993.3,3265.9
10278,2250,435756.2,6480029.7,3274.4
10281,2250,435765.3,6480066.0,3278.9
10284,2250,435774.4,6480102.4,3281.6
10287,2250,435783.5,6480138.8,3283.7
10290,2250,435792.5,6480175.2,3285.4
10293,2250,435801.6,6480211.6,3284.1
10296,2250,435810.7,6480248.0,3283.9
10299,2250,435819.8,6480284.4,3285.2
10302,2250,435828.8,6480320.7,3290.5
10305,2250,435837.9,6480357.1,3293.9
10308,2250,435847.0,6480393.5,3296.2
10311,2250,435856.0,6480429.9,3300.1
10314,2250,435865.1,6480466.3,3301.7
10317,2250,435874.2,6480502.7,3303.4
10320,2250,435883.3,6480539.1,3304.2
10323,2250,435892.3,6480575.4,3304.6
10326,2250,435901.4,6480611.8,3302.8
10329,2250,435910.5,6480648.2,3300.5
10332,2250,435919.6,6480684.6,3298.2
10335,2250,435928.6,6480721.0,3297.8
10338,2250,435937.7,6480757.4,3295.8
10341,2250,435946.8,6480793.8,3293.2
10344,2250,435955.8,6480830.1,3289.0
10347,2250,435964.9,6480866.5,3284.3
10350,2250,435974.0,6480902.9,3278.4
10353,2250,435983.1,6480939.3,3274.3
10356,2250,435992.1,6480975.7,3273.0
10359,2250,436001.2,6481012.1,3273.7
9969,2247,434858.1,6476272.8,3250.6
9972,2247,434867.2,6476309.2,3250.1
9975,2247,434876.2,6476345.6,3250.5
9978,2247,434885.3,6476382.0,3251.0
9981,2247,434894.4,6476418.4,3250.7
9984,2247,434903.5,6476454.8,3250.8
9987,2247,434912.5,6476491.2,3251.1
9990,2247,434921.6,6476527.5,3250.0
9993,2247,434930.7,6476563.9,3250.7
9996,2247,434939.8,6476600.3,3250.7
9999,2247,434948.8,6476636.7,3249.4
10002,2247,434957.9,6476673.1,3245.4
10005,2247,434967.0,6476709.5,3242.0
10008,2247,434976.0,6476745.9,3238.1
10011,2247,434985.1,6476782.2,3236.6
10014,2247,434994.2,6476818.6,3235.2
10017,2247,435003.3,6476855.0,3232.1
10020,2247,435012.3,6476891.4,3226.1
10023,2247,435021.4,6476927.8,3221.8
10026,2247,435030.5,6476964.2,3219.4
10029,2247,435039.6,6477000.6,3217.8
10032,2247,435048.6,6477036.9,3216.5
10035,2247,435057.7,6477073.3,3216.0
10038,2247,435066.8,6477109.7,3214.9
10041,2247,435075.8,6477146.1,3216.0
10044,2247,435084.9,6477182.5,3217.8
10047,2247,435094.0,6477218.9,3217.8
10050,2247,435103.1,6477255.3,3215.5
10053,2247,435112.1,6477291.6,3210.1
10056,2247,435121.2,6477328.0,3200.7
10059,2247,435130.3,6477364.4,3189.0
10062,2247,435139.4,6477400.8,3167.5
10065,2247,435148.4,6477437.2,3122.7
10068,2247,435157.5,6477473.6,3063.6
10071,2247,435166.6,6477510.0,3011.6
10074,2247,435175.7,6477546.3,2962.6
10077,2247,435184.7,6477582.7,2920.1
10080,2247,435193.8,6477619.1,2903.5
10083,2247,435202.9,6477655.5,2898.9
10086,2247,435211.9,6477691.9,2898.9
10089,2247,435221.0,6477728.3,2899.4
10092,2247,435230.1,6477764.7,2899.1
10095,2247,435239.2,6477801.0,2898.8
10098,2247,435248.2,6477837.4,2895.7
10101,2247,435257.3,6477873.8,2893.2
10104,2247,435266.4,6477910.2,2891.0
10107,2247,435275.5,6477946.6,2891.1
10110,2247,435284.5,6477983.0,2892.6
10113,2247,435293.6,6478019.4,2892.2
10116,2247,435302.7,6478055.7,2892.5
10119,2247,435311.7,6478092.1,2892.6
10122,2247,435320.8,6478128.5,2888.9
10125,2247,435329.9,6478164.9,2881.5
10128,2247,435339.0,6478201.3,2878.4
10131,2247,435348.0,6478237.7,2879.9
10134,2247,435357.1,6478274.1,2881.0
10137,2247,435366.2,6478310.5,2879.2
10140,2247,435375.3,6478346.8,2878.2
10143,2247,435384.3,6478383.2,2872.6
10146,2247,435393.4,6478419.6,2865.0
10149,2247,435402.5,6478456.0,2853.2
10152,2247,435411.6,6478492.4,2845.3
10155,2247,435420.6,6478528.8,2835.0
10158,2247,435429.7,6478565.2,2826.9
10161,2247,435438.8,6478601.5,2821.4
10164,2247,435447.8,6478637.9,2820.1
10167,2247,435456.9,6478674.3,2818.3
10170,2247,435466.0,6478710.7,2813.3
10173,2247,435475.1,6478747.1,2811.9
10176,2247,435484.1,6478783.5,2815.0
10179,2247,435493.2,6478819.9,2818.3
10182,2247,435502.3,6478856.2,2822.3
10185,2247,435511.4,6478892.6,2827.2
10188,2247,435520.4,6478929.0,2833.4
10191,2247,435529.5,6478965.4,2839.7
10194,2247,435538.6,6479001.8,2847.5
10197,2247,435547.7,6479038.2,2854.8
10200,2247,435556.7,6479074.6,2862.1
10203,2247,435565.8,6479110.9,2874.6
10206,2247,435574.9,6479147.3,2900.0
10209,2247,435583.9,6479183.7,2937.7
10212,2247,435593.0,6479220.1,2973.7
10215,2247,435602.1,6479256.5,3013.5
10218,2247,435611.2,6479292.9,3033.8
10221,2247,435620.2,6479329.3,3072.0
10224,2247,435629.3,6479365.6,3103.8
10227,2247,435638.4,6479402.0,3145.2
10230,2247,435647.5,6479438.4,3159.9
10233,2247,435656.5,6479474.8,3168.2
10236,2247,435665.6,6479511.2,3175.4
10239,2247,435674.7,6479547.6,3191.2
10242,2247,435683.7,6479584.0,3212.5
10245,2247,435692.8,6479620.3,3222.6
10248,2247,435701.9,6479656.7,3229.9
10251,2247,435711.0,6479693.1,3232.5
10254,2247,435720.0,6479729.5,3236.2
10257,2247,435729.1,6479765.9,3240.5
10260,2247,435738.2,6479802.3,3246.1
10263,2247,435747.3,6479838.7,3248.7
10266,2247,435756.3,6479875.0,3251.3
10269,2247,435765.4,6479911.4,3253.5
10272,2247,435774.5,6479947.8,3256.4
10275,2247,435783.6,6479984.2,3259.2
10278,2247,435792.6,6480020.6,3261.4
10281,2247,435801.7,6480057.0,3266.9
10284,2247,435810.8,6480093.4,3267.2
10287,2247,435819.8,6480129.7,3271.0
10290,2247,435828.9,6480166.1,3275.0
10293,2247,435838.0,6480202.5,3273.8
10296,2247,435847.1,6480238.9,3274.8
10299,2247,435856.1,6480275.3,3279.7
10302,2247,435865.2,6480311.7,3286.6
10305,2247,435874.3,6480348.1,3290.5
10308,2247,435883.4,6480384.4,3294.1
10311,2247,435892.4,6480420.8,3297.8
10314,2247,435901.5,6480457.2,3299.9
10317,2247,435910.6,6480493.6,3300.9
10320,2247,435919.6,6480530.0,3300.9
10323,2247,435928.7,6480566.4,3300.0
10326,2247,435937.8,6480602.8,3297.2
10329,2247,435946.9,6480639.1,3294.7
10332,2247,435955.9,6480675.5,3294.5
10335,2247,435965.0,6480711.9,3292.3
10338,2247,435974.1,6480748.3,3291.0
10341,2247,435983.2,6480784.7,3289.0
10344,2247,435992.2,6480821.1,3286.1
10347,2247,436001.3,6480857.5,3281.3
10350,2247,436010.4,6480893.8,3278.6
10353,2247,436019.5,6480930.2,3275.8
10356,2247,436028.5,6480966.6,3275.2
10359,2247,436037.6,6481003.0,3275.5
9969,2244,434894.5,6476263.8,3248.5
9972,2244,434903.6,6476300.2,3250.3
9975,2244,434912.6,6476336.5,3250.5
9978,2244,434921.7,6476372.9,3249.9
9981,2244,434930.8,6476409.3,3249.7
9984,2244,434939.8,6476445.7,3249.8
9987,2244,434948.9,6476482.1,3249.0
9990,2244,434958.0,6476518.5,3248.1
9993,2244,434967.1,6476554.9,3248.3
9996,2244,434976.1,6476591.2,3248.0
9999,2244,434985.2,6476627.6,3245.9
10002,2244,434994.3,6476664.0,3241.3
10005,2244,435003.4,6476700.4,3238.1
10008,2244,435012.4,6476736.8,3234.8
10011,2244,435021.5,6476773.2,3233.7
10014,2244,435030.6,6476809.6,3232.2
10017,2244,435039.6,6476845.9,3229.8
10020,2244,435048.7,6476882.3,3225.7
10023,2244,435057.8,6476918.7,3224.2
10026,2244,435066.9,6476955.1,3221.7
10029,2244,435075.9,6476991.5,3221.3
10032,2244,435085.0,6477027.9,3222.0
10035,2244,435094.1,6477064.3,3222.2
10038,2244,435103.2,6477100.6,3220.9
10041,2244,435112.2,6477137.0,3220.7
10044,2244,435121.3,6477173.4,3220.6
10047,2244,435130.4,6477209.8,3219.1
10050,2244,435139.5,6477246.2,3216.0
10053,2244,435148.5,6477282.6,3209.2
10056,2244,435157.6,6477319.0,3201.4
10059,2244,435166.7,6477355.3,3191.5
10062,2244,435175.7,6477391.7,3169.6
10065,2244,435184.8,6477428.1,3127.7
10068,2244,435193.9,6477464.5,3077.0
10071,2244,435203.0,6477500.9,3028.2
10074,2244,435212.0,6477537.3,2977.7
10077,2244,435221.1,6477573.7,2927.8
10080,2244,435230.2,6477610.0,2905.5
10083,2244,435239.3,6477646.4,2900.3
10086,2244,435248.3,6477682.8,2899.1
10089,2244,435257.4,6477719.2,2898.2
10092,2244,435266.5,6477755.6,2899.2
10095,2244,435275.6,6477792.0,2899.3
10098,2244,435284.6,6477828.4,2898.2
10101,2244,435293.7,6477864.7,2895.0
10104,2244,435302.8,6477901.1,2894.2
10107,2244,435311.8,6477937.5,2895.8
10110,2244,435320.9,6477973.9,2898.4
10113,2244,435330.0,6478010.3,2897.2
10116,2244,435339.1,6478046.7,2898.8
10119,2244,435348.1,6478083.1,2898.8
10122,2244,435357.2,6478119.4,2896.0
10125,2244,435366.3,6478155.8,2890.6
10128,2244,435375.4,6478192.2,2889.8
10131,2244,435384.4,6478228.6,2889.5
10134,2244,435393.5,6478265.0,2886.2
10137,2244,435402.6,6478301.4,2884.5
10140,2244,435411.6,6478337.8,2881.2
10143,2244,435420.7,6478374.1,2874.1
10146,2244,435429.8,6478410.5,2864.8
10149,2244,435438.9,6478446.9,2854.4
10152,2244,435447.9,6478483.3,2844.1
10155,2244,435457.0,6478519.7,2836.6
10158,2244,435466.1,6478556.1,2828.8
10161,2244,435475.2,6478592.5,2826.5
10164,2244,435484.2,6478628.8,2824.8
10167,2244,435493.3,6478665.2,2822.1
10170,2244,435502.4,6478701.6,2819.6
10173,2244,435511.5,6478738.0,2819.4
10176,2244,435520.5,6478774.4,2822.4
10179,2244,435529.6,6478810.8,2825.7
10182,2244,435538.7,6478847.2,2830.3
10185,2244,435547.7,6478883.5,2833.7
10188,2244,435556.8,6478919.9,2837.0
10191,2244,435565.9,6478956.3,2844.1
10194,2244,435575.0,6478992.7,2849.8
10197,2244,435584.0,6479029.1,2857.8
10200,2244,435593.1,6479065.5,2863.6
10203,2244,435602.2,6479101.9,2874.2
10206,2244,435611.3,6479138.2,2892.8
10209,2244,435620.3,6479174.6,2918.5
10212,2244,435629.4,6479211.0,2960.6
10215,2244,435638.5,6479247.4,3010.7
10218,2244,435647.5,6479283.8,3064.4
10221,2244,435656.6,6479320.2,3110.1
10224,2244,435665.7,6479356.6,3132.4
10227,2244,435674.8,6479393.0,3147.2
10230,2244,435683.8,6479429.3,3159.4
10233,2244,435692.9,6479465.7,3167.1
10236,2244,435702.0,6479502.1,3175.4
10239,2244,435711.1,6479538.5,3189.4
10242,2244,435720.1,6479574.9,3209.9
10245,2244,435729.2,6479611.3,3222.7
10248,2244,435738.3,6479647.7,3230.3
10251,2244,435747.4,6479684.0,3234.7
10254,2244,435756.4,6479720.4,3238.4
10257,2244,435765.5,6479756.8,3241.5
10260,2244,435774.6,6479793.2,3243.6
10263,2244,435783.6,6479829.6,3245.4
10266,2244,435792.7,6479866.0,3248.6
10269,2244,435801.8,6479902.4,3250.1
10272,2244,435810.9,6479938.7,3250.4
10275,2244,435819.9,6479975.1,3251.0
10278,2244,435829.0,6480011.5,3253.3
10281,2244,435838.1,6480047.9,3252.1
10284,2244,435847.2,6480084.3,3254.4
10287,2244,435856.2,6480120.7,3259.7
10290,2244,435865.3,6480157.1,3265.0
10293,2244,435874.4,6480193.4,3265.0
10296,2244,435883.4,6480229.8,3268.3
10299,2244,435892.5,6480266.2,3275.7
10302,2244,435901.6,6480302.6,3285.6
10305,2244,435910.7,6480339.0,3290.9
10308,2244,435919.7,6480375.4,3292.5
10311,2244,435928.8,6480411.8,3295.0
10314,2244,435937.9,6480448.1,3297.4
10317,2244,435947.0,6480484.5,3298.5
10320,2244,435956.0,6480520.9,3296.9
10323,2244,435965.1,6480557.3,3295.3
10326,2244,435974.2,6480593.7,3293.0
10329,2244,435983.3,6480630.1,3290.8
10332,2244,435992.3,6480666.5,3289.8
10335,2244,436001.4,6480702.8,3288.3
10338,2244,436010.5,6480739.2,3287.0
10341,2244,436019.5,6480775.6,3285.9
10344,2244,436028.6,6480812.0,3283.8
10347,2244,436037.7,6480848.4,3280.1
10350,2244,436046.8,6480884.8,3278.0
10353,2244,436055.8,6480921.2,3276.8
10356,2244,436064.9,6480957.5,3276.4
10359,2244,436074.0,6480993.9,3276.1
9969,2241,434930.9,6476254.7,3247.3
9972,2241,434939.9,6476291.1,3248.9
9975,2241,434949.0,6476327.5,3248.9
9978,2241,434958.1,6476363.9,3248.2
9981,2241,434967.2,6476400.2,3248.6
9984,2241,434976.2,6476436.6,3247.6
9987,2241,434985.3,6476473.0,3246.6
9990,2241,434994.4,6476509.4,3245.9
9993,2241,435003.5,6476545.8,3245.6
9996,2241,435012.5,6476582.2,3243.5
9999,2241,435021.6,6476618.6,3240.7
10002,2241,435030.7,6476654.9,3238.5
10005,2241,435039.7,6476691.3,3234.6
10008,2241,435048.8,6476727.7,3231.7
10011,2241,435057.9,6476764.1,3230.7
10014,2241,435067.0,6476800.5,3230.4
10017,2241,435076.0,6476836.9,3228.5
10020,2241,435085.1,6476873.3,3227.5
10023,2241,435094.2,6476909.6,3227.5
10026,2241,435103.3,6476946.0,3225.7
10029,2241,435112.3,6476982.4,3227.4
10032,2241,435121.4,6477018.8,3228.5
10035,2241,435130.5,6477055.2,3227.4
10038,2241,435139.5,6477091.6,3226.4
10041,2241,435148.6,6477128.0,3224.9
10044,2241,435157.7,6477164.3,3222.9
10047,2241,435166.8,6477200.7,3219.7
10050,2241,435175.8,6477237.1,3216.4
10053,2241,435184.9,6477273.5,3210.1
10056,2241,435194.0,6477309.9,3201.3
10059,2241,435203.1,6477346.3,3187.7
10062,2241,435212.1,6477382.7,3160.2
10065,2241,435221.2,6477419.0,3130.6
10068,2241,435230.3,6477455.4,3078.9
10071,2241,435239.4,6477491.8,3036.0
10074,2241,435248.4,6477528.2,2983.6
10077,2241,435257.5,6477564.6,2932.0
10080,2241,435266.6,6477601.0,2906.8
10083,2241,435275.6,6477637.4,2900.4
10086,2241,435284.7,6477673.7,2897.6
10089,2241,435293.8,6477710.1,2896.6
10092,2241,435302.9,6477746.5,2898.4
10095,2241,435311.9,6477782.9,2900.2
10098,2241,435321.0,6477819.3,2901.5
10101,2241,435330.1,6477855.7,2900.7
10104,2241,435339.2,6477892.1,2900.4
10107,2241,435348.2,6477928.4,2902.4
10110,2241,435357.3,6477964.8,2904.6
10113,2241,435366.4,6478001.2,2904.0
10116,2241,435375.4,6478037.6,2906.1
10119,2241,435384.5,6478074.0,2905.1
10122,2241,435393.6,6478110.4,2903.4
10125,2241,435402.7,6478146.8,2900.2
10128,2241,435411.7,6478183.1,2897.9
10131,2241,435420.8,6478219.5,2897.4
10134,2241,435429.9,6478255.9,2892.5
10137,2241,435439.0,6478292.3,2888.9
10140,2241,435448.0,6478328.7,2883.7
10143,2241,435457.1,6478365.1,2874.7
10146,2241,435466.2,6478401.5,2864.5
10149,2241,435475.3,6478437.8,2855.1
10152,2241,435484.3,6478474.2,2845.6
10155,2241,435493.4,6478510.6,2838.2
10158,2241,435502.5,6478547.0,2834.2
10161,2241,435511.5,6478583.4,2830.7
10164,2241,435520.6,6478619.8,2829.2
10167,2241,435529.7,6478656.2,2825.8
10170,2241,435538.8,6478692.5,2825.9
10173,2241,435547.8,6478728.9,2826.7
10176,2241,435556.9,6478765.3,2829.2
10179,2241,435566.0,6478801.7,2831.5
10182,2241,435575.1,6478838.1,2835.6
10185,2241,435584.1,6478874.5,2839.0
10188,2241,435593.2,6478910.9,2843.2
10191,2241,435602.3,6478947.2,2848.2
10194,2241,435611.3,6478983.6,2856.4
10197,2241,435620.4,6479020.0,2867.2
10200,2241,435629.5,6479056.4,2873.6
10203,2241,435638.6,6479092.8,2883.1
10206,2241,435647.6,6479129.2,2898.5
10209,2241,435656.7,6479165.6,2914.2
10212,2241,435665.8,6479201.9,2947.1
10215,2241,435674.9,6479238.3,3007.9
10218,2241,435683.9,6479274.7,3077.2
10221,2241,435693.0,6479311.1,3116.0
10224,2241,435702.1,6479347.5,3136.1
10227,2241,435711.2,6479383.9,3148.4
10230,2241,435720.2,6479420.3,3159.9
10233,2241,435729.3,6479456.7,3168.5
10236,2241,435738.4,6479493.0,3175.7
10239,2241,435747.4,6479529.4,3189.5
10242,2241,435756.5,6479565.8,3204.7
10245,2241,435765.6,6479602.2,3219.0
10248,2241,435774.7,6479638.6,3229.0
10251,2241,435783.7,6479675.0,3235.5
10254,2241,435792.8,6479711.3,3238.9
10257,2241,435801.9,6479747.7,3241.5
10260,2241,435811.0,6479784.1,3242.4
10263,2241,435820.0,6479820.5,3242.1
10266,2241,435829.1,6479856.9,3243.4
10269,2241,435838.2,6479893.3,3242.6
10272,2241,435847.3,6479929.7,3241.8
10275,2241,435856.3,6479966.1,3244.8
10278,2241,435865.4,6480002.4,3241.6
10281,2241,435874.5,6480038.8,3238.1
10284,2241,435883.5,6480075.2,3239.8
10287,2241,435892.6,6480111.6,3250.4
10290,2241,435901.7,6480148.0,3256.8
10293,2241,435910.8,6480184.4,3260.7
10296,2241,435919.8,6480220.8,3265.9
10299,2241,435928.9,6480257.1,3276.8
10302,2241,435938.0,6480293.5,3284.7
10305,2241,435947.1,6480329.9,3291.4
10308,2241,435956.1,6480366.3,3292.9
10311,2241,435965.2,6480402.7,3293.3
10314,2241,435974.3,6480439.1,3294.6
10317,2241,435983.3,6480475.5,3295.2
10320,2241,435992.4,6480511.8,3295.3
10323,2241,436001.5,6480548.2,3292.9
10326,2241,436010.6,6480584.6,3290.4
10329,2241,436019.6,6480621.0,3288.3
10332,2241,436028.7,6480657.4,3287.7
10335,2241,436037.8,6480693.8,3286.1
10338,2241,436046.9,6480730.2,3284.1
10341,2241,436055.9,6480766.5,3283.6
10344,2241,436065.0,6480802.9,3281.4
10347,2241,436074.1,6480839.3,3278.7
10350,2241,436083.2,6480875.7,3277.1
10353,2241,436092.2,6480912.1,3276.4
10356,2241,436101.3,6480948.5,3275.9
10359,2241,436110.4,6480984.9,3274.8
9969,2238,434967.3,6476245.6,3245.5
9972,2238,434976.3,6476282.0,3247.4
9975,2238,434985.4,6476318.4,3247.5
9978,2238,434994.5,6476354.8,3247.3
9981,2238,435003.5,6476391.2,3247.3
9984,2238,435012.6,6476427.6,3245.7
9987,2238,435021.7,6476463.9,3243.8
9990,2238,435030.8,6476500.3,3244.2
9993,2238,435039.8,6476536.7,3242.5
9996,2238,435048.9,6476573.1,3239.5
9999,2238,435058.0,6476609.5,3235.8
10002,2238,435067.1,6476645.9,3234.0
10005,2238,435076.1,6476682.3,3231.7
10008,2238,435085.2,6476718.6,3230.0
10011,2238,435094.3,6476755.0,3229.2
10014,2238,435103.3,6476791.4,3228.2
10017,2238,435112.4,6476827.8,3227.3
10020,2238,435121.5,6476864.2,3228.1
10023,2238,435130.6,6476900.6,3229.3
10026,2238,435139.6,6476937.0,3229.6
10029,2238,435148.7,6476973.3,3232.5
10032,2238,435157.8,6477009.7,3232.5
10035,2238,435166.9,6477046.1,3231.3
10038,2238,435175.9,6477082.5,3229.5
10041,2238,435185.0,6477118.9,3227.8
10044,2238,435194.1,6477155.3,3224.0
10047,2238,435203.2,6477191.7,3220.9
10050,2238,435212.2,6477228.0,3215.7
10053,2238,435221.3,6477264.4,3211.1
10056,2238,435230.4,6477300.8,3204.4
10059,2238,435239.4,6477337.2,3189.6
10062,2238,435248.5,6477373.6,3163.1
10065,2238,435257.6,6477410.0,3120.8
10068,2238,435266.7,6477446.4,3075.0
10071,2238,435275.7,6477482.7,3025.8
10074,2238,435284.8,6477519.1,2990.3
10077,2238,435293.9,6477555.5,2933.9
10080,2238,435303.0,6477591.9,2908.7
10083,2238,435312.0,6477628.3,2900.6
10086,2238,435321.1,6477664.7,2898.5
10089,2238,435330.2,6477701.1,2897.8
10092,2238,435339.2,6477737.4,2900.0
10095,2238,435348.3,6477773.8,2903.5
10098,2238,435357.4,6477810.2,2906.7
10101,2238,435366.5,6477846.6,2906.4
10104,2238,435375.5,6477883.0,2907.8
10107,2238,435384.6,6477919.4,2910.0
10110,2238,435393.7,6477955.8,2910.4
10113,2238,435402.8,6477992.1,2910.8
10116,2238,435411.8,6478028.5,2912.3
10119,2238,435420.9,6478064.9,2910.8
10122,2238,435430.0,6478101.3,2907.0
10125,2238,435439.1,6478137.7,2905.2
10128,2238,435448.1,6478174.1,2902.8
10131,2238,435457.2,6478210.5,2898.7
10134,2238,435466.3,6478246.8,2894.6
10137,2238,435475.3,6478283.2,2889.5
10140,2238,435484.4,6478319.6,2885.5
10143,2238,435493.5,6478356.0,2874.7
10146,2238,435502.6,6478392.4,2865.7
10149,2238,435511.6,6478428.8,2856.7
10152,2238,435520.7,6478465.2,2848.7
10155,2238,435529.8,6478501.5,2841.3
10158,2238,435538.9,6478537.9,2838.4
10161,2238,435547.9,6478574.3,2836.1
10164,2238,435557.0,6478610.7,2834.4
10167,2238,435566.1,6478647.1,2831.9
10170,2238,435575.2,6478683.5,2832.5
10173,2238,435584.2,6478719.9,2834.3
10176,2238,435593.3,6478756.2,2835.8
10179,2238,435602.4,6478792.6,2838.2
10182,2238,435611.4,6478829.0,2841.7
10185,2238,435620.5,6478865.4,2845.0
10188,2238,435629.6,6478901.8,2846.7
10191,2238,435638.7,6478938.2,2853.9
10194,2238,435647.7,6478974.6,2862.9
10197,2238,435656.8,6479010.9,2876.1
10200,2238,435665.9,6479047.3,2885.8
10203,2238,435675.0,6479083.7,2898.3
10206,2238,435684.0,6479120.1,2909.8
10209,2238,435693.1,6479156.5,2923.4
10212,2238,435702.2,6479192.9,2950.1
10215,2238,435711.2,6479229.3,3011.4
10218,2238,435720.3,6479265.6,3083.1
10221,2238,435729.4,6479302.0,3120.5
10224,2238,435738.5,6479338.4,3136.7
10227,2238,435747.5,6479374.8,3147.3
10230,2238,435756.6,6479411.2,3159.1
10233,2238,435765.7,6479447.6,3168.4
10236,2238,435774.8,6479484.0,3178.4
10239,2238,435783.8,6479520.3,3189.6
10242,2238,435792.9,6479556.7,3198.8
10245,2238,435802.0,6479593.1,3209.6
10248,2238,435811.1,6479629.5,3223.7
10251,2238,435820.1,6479665.9,3233.3
10254,2238,435829.2,6479702.3,3239.1
10257,2238,435838.3,6479738.7,3241.1
10260,2238,435847.3,6479775.0,3240.0
10263,2238,435856.4,6479811.4,3238.3
10266,2238,435865.5,6479847.8,3237.4
10269,2238,435874.6,6479884.2,3232.7
10272,2238,435883.6,6479920.6,3231.5
10275,2238,435892.7,6479957.0,3230.4
10278,2238,435901.8,6479993.4,3227.6
10281,2238,435910.9,6480029.8,3225.8
10284,2238,435919.9,6480066.1,3230.2
10287,2238,435929.0,6480102.5,3241.1
10290,2238,435938.1,6480138.9,3250.2
10293,2238,435947.1,6480175.3,3256.7
10296,2238,435956.2,6480211.7,3260.7
10299,2238,435965.3,6480248.1,3270.4
10302,2238,435974.4,6480284.5,3281.8
10305,2238,435983.4,6480320.8,3288.9
10308,2238,435992.5,6480357.2,3292.5
10311,2238,436001.6,6480393.6,3291.4
10314,2238,436010.7,6480430.0,3290.8
10317,2238,436019.7,6480466.4,3290.9
10320,2238,436028.8,6480502.8,3292.0
10323,2238,436037.9,6480539.2,3290.2
10326,2238,436047.0,6480575.5,3288.2
10329,2238,436056.0,6480611.9,3285.5
10332,2238,436065.1,6480648.3,3284.6
10335,2238,436074.2,6480684.7,3282.9
10338,2238,436083.2,6480721.1,3279.8
10341,2238,436092.3,6480757.5,3279.8
10344,2238,436101.4,6480793.9,3277.9
10347,2238,436110.5,6480830.2,3276.7
10350,2238,436119.5,6480866.6,3276.1
10353,2238,436128.6,6480903.0,3274.1
10356,2238,436137.7,6480939.4,3271.8
10359,2238,436146.8,6480975.8,3270.6
9969,2235,435003.6,6476236.6,3240.9
9972,2235,435012.7,6476272.9,3244.6
9975,2235,435021.8,6476309.3,3245.2
9978,2235,435030.9,6476345.7,3245.0
9981,2235,435039.9,6476382.1,3244.9
9984,2235,435049.0,6476418.5,3243.0
9987,2235,435058.1,6476454.9,3240.3
9990,2235,435067.1,6476491.3,3241.2
9993,2235,435076.2,6476527.6,3239.4
9996,2235,435085.3,6476564.0,3236.5
9999,2235,435094.4,6476600.4,3233.5
10002,2235,435103.4,6476636.8,3232.2
10005,2235,435112.5,6476673.2,3231.0
10008,2235,435121.6,6476709.6,3229.4
10011,2235,435130.7,6476746.0,3228.8
10014,2235,435139.7,6476782.3,3227.2
10017,2235,435148.8,6476818.7,3227.2
10020,2235,435157.9,6476855.1,3228.6
10023,2235,435167.0,6476891.5,3230.5
10026,2235,435176.0,6476927.9,3232.4
10029,2235,435185.1,6476964.3,3234.1
10032,2235,435194.2,6477000.7,3234.5
10035,2235,435203.2,6477037.0,3234.5
10038,2235,435212.3,6477073.4,3232.7
10041,2235,435221.4,6477109.8,3228.9
10044,2235,435230.5,6477146.2,3225.8
10047,2235,435239.5,6477182.6,3221.5
10050,2235,435248.6,6477219.0,3217.5
10053,2235,435257.7,6477255.4,3212.4
10056,2235,435266.8,6477291.7,3207.5
10059,2235,435275.8,6477328.1,3195.4
10062,2235,435284.9,6477364.5,3170.5
10065,2235,435294.0,6477400.9,3130.4
10068,2235,435303.0,6477437.3,3082.6
10071,2235,435312.1,6477473.7,3031.8
10074,2235,435321.2,6477510.1,2981.9
10077,2235,435330.3,6477546.4,2933.2
10080,2235,435339.3,6477582.8,2906.7
10083,2235,435348.4,6477619.2,2901.5
10086,2235,435357.5,6477655.6,2900.6
10089,2235,435366.6,6477692.0,2900.5
10092,2235,435375.6,6477728.4,2903.4
10095,2235,435384.7,6477764.8,2907.9
10098,2235,435393.8,6477801.1,2910.2
10101,2235,435402.9,6477837.5,2913.4
10104,2235,435411.9,6477873.9,2915.5
10107,2235,435421.0,6477910.3,2917.0
10110,2235,435430.1,6477946.7,2916.2
10113,2235,435439.1,6477983.1,2915.9
10116,2235,435448.2,6478019.5,2916.0
10119,2235,435457.3,6478055.8,2915.6
10122,2235,435466.4,6478092.2,2911.8
10125,2235,435475.4,6478128.6,2906.7
10128,2235,435484.5,6478165.0,2901.4
10131,2235,435493.6,6478201.4,2898.9
10134,2235,435502.7,6478237.8,2895.0
10137,2235,435511.7,6478274.2,2889.5
10140,2235,435520.8,6478310.5,2882.8
10143,2235,435529.9,6478346.9,2874.9
10146,2235,435539.0,6478383.3,2864.6
10149,2235,435548.0,6478419.7,2856.8
10152,2235,435557.1,6478456.1,2850.8
10155,2235,435566.2,6478492.5,2845.7
10158,2235,435575.2,6478528.9,2842.9
10161,2235,435584.3,6478565.2,2841.6
10164,2235,435593.4,6478601.6,2838.9
10167,2235,435602.5,6478638.0,2838.8
10170,2235,435611.5,6478674.4,2840.3
10173,2235,435620.6,6478710.8,2843.0
10176,2235,435629.7,6478747.2,2843.1
10179,2235,435638.8,6478783.6,2845.9
10182,2235,435647.8,6478819.9,2849.3
10185,2235,435656.9,6478856.3,2850.7
10188,2235,435666.0,6478892.7,2853.2
10191,2235,435675.0,6478929.1,2861.8
10194,2235,435684.1,6478965.5,2872.9
10197,2235,435693.2,6479001.9,2882.7
10200,2235,435702.3,6479038.3,2898.2
10203,2235,435711.3,6479074.6,2909.6
10206,2235,435720.4,6479111.0,2918.0
10209,2235,435729.5,6479147.4,2931.7
10212,2235,435738.6,6479183.8,2976.7
10215,2235,435747.6,6479220.2,3051.7
10218,2235,435756.7,6479256.6,3099.8
10221,2235,435765.8,6479293.0,3126.6
10224,2235,435774.9,6479329.3,3140.9
10227,2235,435783.9,6479365.7,3150.9
10230,2235,435793.0,6479402.1,3159.3
10233,2235,435802.1,6479438.5,3169.2
10236,2235,435811.1,6479474.9,3176.8
10239,2235,435820.2,6479511.3,3184.9
10242,2235,435829.3,6479547.7,3193.4
10245,2235,435838.4,6479584.0,3202.9
10248,2235,435847.4,6479620.4,3216.4
10251,2235,435856.5,6479656.8,3225.9
10254,2235,435865.6,6479693.2,3233.8
10257,2235,435874.7,6479729.6,3232.0
10260,2235,435883.7,6479766.0,3229.5
10263,2235,435892.8,6479802.4,3231.4
10266,2235,435901.9,6479838.7,3225.4
10269,2235,435910.9,6479875.1,3220.6
10272,2235,435920.0,6479911.5,3216.6
10275,2235,435929.1,6479947.9,3217.3
10278,2235,435938.2,6479984.3,3215.7
10281,2235,435947.2,6480020.7,3221.0
10284,2235,435956.3,6480057.1,3228.8
10287,2235,435965.4,6480093.4,3241.8
10290,2235,435974.5,6480129.8,3248.7
10293,2235,435983.5,6480166.2,3254.0
10296,2235,435992.6,6480202.6,3257.1
10299,2235,436001.7,6480239.0,3260.6
10302,2235,436010.8,6480275.4,3270.6
10305,2235,436019.8,6480311.8,3281.9
10308,2235,436028.9,6480348.1,3289.3
10311,2235,436038.0,6480384.5,3289.0
10314,2235,436047.0,6480420.9,3287.0
10317,2235,436056.1,6480457.3,3286.6
10320,2235,436065.2,6480493.7,3286.9
10323,2235,436074.3,6480530.1,3285.0
10326,2235,436083.3,6480566.5,3283.8
10329,2235,436092.4,6480602.8,3283.2
10332,2235,436101.5,6480639.2,3280.5
10335,2235,436110.6,6480675.6,3278.1
10338,2235,436119.6,6480712.0,3275.9
10341,2235,436128.7,6480748.4,3276.0
10344,2235,436137.8,6480784.8,3275.0
10347,2235,436146.8,6480821.2,3273.7
10350,2235,436155.9,6480857.6,3272.1
10353,2235,436165.0,6480893.9,3268.8
10356,2235,436174.1,6480930.3,3265.2
10359,2235,436183.1,6480966.7,3262.8
9969,2232,435040.0,6476227.5,3232.8
9972,2232,435049.1,6476263.9,3239.2
9975,2232,435058.2,6476300.2,3240.0
9978,2232,435067.2,6476336.6,3241.5
9981,2232,435076.3,6476373.0,3240.5
9984,2232,435085.4,6476409.4,3238.4
9987,2232,435094.5,6476445.8,3236.8
9990,2232,435103.5,6476482.2,3237.0
9993,2232,435112.6,6476518.6,3235.3
9996,2232,435121.7,6476555.0,3233.2
9999,2232,435130.8,6476591.3,3232.3
10002,2232,435139.8,6476627.7,3230.6
10005,2232,435148.9,6476664.1,3229.6
10008,2232,435158.0,6476700.5,3228.7
10011,2232,435167.0,6476736.9,3229.1
10014,2232,435176.1,6476773.3,3228.9
10017,2232,435185.2,6476809.7,3229.5
10020,2232,435194.3,6476846.0,3231.0
10023,2232,435203.3,6476882.4,3232.1
10026,2232,435212.4,6476918.8,3232.7
10029,2232,435221.5,6476955.2,3233.6
10032,2232,435230.6,6476991.6,3234.1
10035,2232,435239.6,6477028.0,3234.3
10038,2232,435248.7,6477064.4,3234.5
10041,2232,435257.8,6477100.7,3232.5
10044,2232,435266.9,6477137.1,3228.8
10047,2232,435275.9,6477173.5,3225.4
10050,2232,435285.0,6477209.9,3219.0
10053,2232,435294.1,6477246.3,3213.6
10056,2232,435303.1,6477282.7,3207.8
10059,2232,435312.2,6477319.1,3195.9
10062,2232,435321.3,6477355.4,3180.9
10065,2232,435330.4,6477391.8,3144.2
10068,2232,435339.4,6477428.2,3096.3
10071,2232,435348.5,6477464.6,3044.1
10074,2232,435357.6,6477501.0,2992.9
10077,2232,435366.7,6477537.4,2941.6
10080,2232,435375.7,6477573.8,2906.9
10083,2232,435384.8,6477610.1,2901.9
10086,2232,435393.9,6477646.5,2903.0
10089,2232,435402.9,6477682.9,2904.3
10092,2232,435412.0,6477719.3,2909.6
10095,2232,435421.1,6477755.7,2914.0
10098,2232,435430.2,6477792.1,2915.5
10101,2232,435439.2,6477828.5,2917.4
10104,2232,435448.3,6477864.8,2919.4
10107,2232,435457.4,6477901.2,2921.2
10110,2232,435466.5,6477937.6,2921.5
10113,2232,435475.5,6477974.0,2920.4
10116,2232,435484.6,6478010.4,2919.0
10119,2232,435493.7,6478046.8,2917.8
10122,2232,435502.8,6478083.2,2912.4
10125,2232,435511.8,6478119.5,2907.2
10128,2232,435520.9,6478155.9,2903.2
10131,2232,435530.0,6478192.3,2898.3
10134,2232,435539.0,6478228.7,2893.1
10137,2232,435548.1,6478265.1,2887.5
10140,2232,435557.2,6478301.5,2881.3
10143,2232,435566.3,6478337.9,2875.0
10146,2232,435575.3,6478374.2,2866.6
10149,2232,435584.4,6478410.6,2859.3
10152,2232,435593.5,6478447.0,2853.2
10155,2232,435602.6,6478483.4,2848.0
10158,2232,435611.6,6478519.8,2845.4
10161,2232,435620.7,6478556.2,2845.1
10164,2232,435629.8,6478592.6,2843.9
10167,2232,435638.8,6478628.9,2844.2
10170,2232,435647.9,6478665.3,2847.8
10173,2232,435657.0,6478701.7,2851.2
10176,2232,435666.1,6478738.1,2850.8
10179,2232,435675.1,6478774.5,2853.8
10182,2232,435684.2,6478810.9,2857.2
10185,2232,435693.3,6478847.3,2859.9
10188,2232,435702.4,6478883.6,2862.2
10191,2232,435711.4,6478920.0,2873.0
10194,2232,435720.5,6478956.4,2885.5
10197,2232,435729.6,6478992.8,2899.6
10200,2232,435738.7,6479029.2,2908.7
10203,2232,435747.7,6479065.6,2918.4
10206,2232,435756.8,6479102.0,2927.0
10209,2232,435765.9,6479138.3,2942.5
10212,2232,435774.9,6479174.7,2993.3
10215,2232,435784.0,6479211.1,3073.9
10218,2232,435793.1,6479247.5,3122.4
10221,2232,435802.2,6479283.9,3137.3
10224,2232,435811.2,6479320.3,3146.9
10227,2232,435820.3,6479356.7,3154.0
10230,2232,435829.4,6479393.0,3165.9
10233,2232,435838.5,6479429.4,3172.4
10236,2232,435847.5,6479465.8,3177.4
10239,2232,435856.6,6479502.2,3180.9
10242,2232,435865.7,6479538.6,3185.8
10245,2232,435874.7,6479575.0,3191.9
10248,2232,435883.8,6479611.4,3201.2
10251,2232,435892.9,6479647.7,3212.5
10254,2232,435902.0,6479684.1,3217.0
10257,2232,435911.0,6479720.5,3215.0
10260,2232,435920.1,6479756.9,3211.1
10263,2232,435929.2,6479793.3,3210.1
10266,2232,435938.3,6479829.7,3205.1
10269,2232,435947.3,6479866.1,3204.2
10272,2232,435956.4,6479902.4,3208.9
10275,2232,435965.5,6479938.8,3209.7
10278,2232,435974.6,6479975.2,3214.6
10281,2232,435983.6,6480011.6,3224.1
10284,2232,435992.7,6480048.0,3234.1
10287,2232,436001.8,6480084.4,3246.4
10290,2232,436010.8,6480120.8,3251.9
10293,2232,436019.9,6480157.1,3252.8
10296,2232,436029.0,6480193.5,3253.2
10299,2232,436038.1,6480229.9,3253.7
10302,2232,436047.1,6480266.3,3260.7
10305,2232,436056.2,6480302.7,3273.8
10308,2232,436065.3,6480339.1,3281.6
10311,2232,436074.4,6480375.5,3283.8
10314,2232,436083.4,6480411.8,3281.3
10317,2232,436092.5,6480448.2,3281.2
10320,2232,436101.6,6480484.6,3280.0
10323,2232,436110.7,6480521.0,3279.0
10326,2232,436119.7,6480557.4,3277.7
10329,2232,436128.8,6480593.8,3277.6
10332,2232,436137.9,6480630.2,3275.2
10335,2232,436146.9,6480666.5,3272.8
10338,2232,436156.0,6480702.9,3272.5
10341,2232,436165.1,6480739.3,3271.0
10344,2232,436174.2,6480775.7,3269.7
10347,2232,436183.2,6480812.1,3266.1
10350,2232,436192.3,6480848.5,3265.3
10353,2232,436201.4,6480884.9,3260.2
10356,2232,436210.5,6480921.2,3255.3
10359,2232,436219.5,6480957.6,3251.8
9969,2229,435076.4,6476218.4,3232.2
9972,2229,435085.5,6476254.8,3235.6
9975,2229,435094.6,6476291.2,3236.5
9978,2229,435103.6,6476327.6,3237.3
9981,2229,435112.7,6476363.9,3236.4
9984,2229,435121.8,6476400.3,3234.8
9987,2229,435130.8,6476436.7,3234.7
9990,2229,435139.9,6476473.1,3233.2
9993,2229,435149.0,6476509.5,3231.7
9996,2229,435158.1,6476545.9,3230.4
9999,2229,435167.1,6476582.3,3229.9
10002,2229,435176.2,6476618.6,3228.9
10005,2229,435185.3,6476655.0,3228.6
10008,2229,435194.4,6476691.4,3228.4
10011,2229,435203.4,6476727.8,3230.1
10014,2229,435212.5,6476764.2,3231.4
10017,2229,435221.6,6476800.6,3232.2
10020,2229,435230.7,6476837.0,3232.6
10023,2229,435239.7,6476873.3,3234.0
10026,2229,435248.8,6476909.7,3234.0
10029,2229,435257.9,6476946.1,3234.5
10032,2229,435266.9,6476982.5,3234.3
10035,2229,435276.0,6477018.9,3234.7
10038,2229,435285.1,6477055.3,3236.1
10041,2229,435294.2,6477091.7,3235.4
10044,2229,435303.2,6477128.0,3233.5
10047,2229,435312.3,6477164.4,3230.1
10050,2229,435321.4,6477200.8,3223.7
10053,2229,435330.5,6477237.2,3216.7
10056,2229,435339.5,6477273.6,3211.6
10059,2229,435348.6,6477310.0,3203.1
10062,2229,435357.7,6477346.4,3181.5
10065,2229,435366.7,6477382.8,3142.9
10068,2229,435375.8,6477419.1,3092.7
10071,2229,435384.9,6477455.5,3055.8
10074,2229,435394.0,6477491.9,3003.9
10077,2229,435403.0,6477528.3,2946.6
10080,2229,435412.1,6477564.7,2908.5
10083,2229,435421.2,6477601.1,2903.4
10086,2229,435430.3,6477637.5,2904.5
10089,2229,435439.3,6477673.8,2907.8
10092,2229,435448.4,6477710.2,2913.5
10095,2229,435457.5,6477746.6,2918.3
10098,2229,435466.6,6477783.0,2919.0
10101,2229,435475.6,6477819.4,2920.0
10104,2229,435484.7,6477855.8,2921.3
10107,2229,435493.8,6477892.2,2922.6
10110,2229,435502.8,6477928.5,2923.9
10113,2229,435511.9,6477964.9,2922.4
10116,2229,435521.0,6478001.3,2920.4
10119,2229,435530.1,6478037.7,2918.2
10122,2229,435539.1,6478074.1,2912.7
10125,2229,435548.2,6478110.5,2907.2
10128,2229,435557.3,6478146.9,2901.6
10131,2229,435566.4,6478183.2,2896.1
10134,2229,435575.4,6478219.6,2889.1
10137,2229,435584.5,6478256.0,2885.5
10140,2229,435593.6,6478292.4,2881.5
10143,2229,435602.6,6478328.8,2874.4
10146,2229,435611.7,6478365.2,2867.7
10149,2229,435620.8,6478401.6,2861.6
10152,2229,435629.9,6478437.9,2855.9
10155,2229,435638.9,6478474.3,2851.6
10158,2229,435648.0,6478510.7,2849.0
10161,2229,435657.1,6478547.1,2848.5
10164,2229,435666.2,6478583.5,2847.9
10167,2229,435675.2,6478619.9,2849.8
10170,2229,435684.3,6478656.3,2853.5
10173,2229,435693.4,6478692.6,2856.7
10176,2229,435702.5,6478729.0,2858.2
10179,2229,435711.5,6478765.4,2862.5
10182,2229,435720.6,6478801.8,2865.7
10185,2229,435729.7,6478838.2,2866.3
10188,2229,435738.7,6478874.6,2873.2
10191,2229,435747.8,6478911.0,2885.8
10194,2229,435756.9,6478947.3,2903.2
10197,2229,435766.0,6478983.7,2910.5
10200,2229,435775.0,6479020.1,2919.4
10203,2229,435784.1,6479056.5,2926.3
10206,2229,435793.2,6479092.9,2936.7
10209,2229,435802.3,6479129.3,2957.7
10212,2229,435811.3,6479165.7,3019.3
10215,2229,435820.4,6479202.0,3095.0
10218,2229,435829.5,6479238.4,3127.5
10221,2229,435838.6,6479274.8,3142.3
10224,2229,435847.6,6479311.2,3150.4
10227,2229,435856.7,6479347.6,3160.7
10230,2229,435865.8,6479384.0,3169.5
10233,2229,435874.8,6479420.4,3175.9
10236,2229,435883.9,6479456.7,3178.5
10239,2229,435893.0,6479493.1,3180.5
10242,2229,435902.1,6479529.5,3182.5
10245,2229,435911.1,6479565.9,3187.3
10248,2229,435920.2,6479602.3,3193.8
10251,2229,435929.3,6479638.7,3199.2
10254,2229,435938.4,6479675.1,3201.0
10257,2229,435947.4,6479711.4,3201.2
10260,2229,435956.5,6479747.8,3198.4
10263,2229,435965.6,6479784.2,3196.7
10266,2229,435974.6,6479820.6,3197.4
10269,2229,435983.7,6479857.0,3202.0
10272,2229,435992.8,6479893.4,3208.6
10275,2229,436001.9,6479929.8,3213.9
10278,2229,436010.9,6479966.1,3224.9
10281,2229,436020.0,6480002.5,3236.6
10284,2229,436029.1,6480038.9,3243.7
10287,2229,436038.2,6480075.3,3252.6
10290,2229,436047.2,6480111.7,3253.1
10293,2229,436056.3,6480148.1,3250.7
10296,2229,436065.4,6480184.5,3250.3
10299,2229,436074.5,6480220.8,3251.8
10302,2229,436083.5,6480257.2,3254.9
10305,2229,436092.6,6480293.6,3264.0
10308,2229,436101.7,6480330.0,3271.1
10311,2229,436110.7,6480366.4,3273.9
10314,2229,436119.8,6480402.8,3271.5
10317,2229,436128.9,6480439.2,3273.1
10320,2229,436138.0,6480475.5,3272.7
10323,2229,436147.0,6480511.9,3272.2
10326,2229,436156.1,6480548.3,3270.7
10329,2229,436165.2,6480584.7,3271.2
10332,2229,436174.3,6480621.1,3269.2
10335,2229,436183.3,6480657.5,3267.1
10338,2229,436192.4,6480693.9,3267.0
10341,2229,436201.5,6480730.2,3264.5
10344,2229,436210.5,6480766.6,3260.5
10347,2229,436219.6,6480803.0,3255.4
10350,2229,436228.7,6480839.4,3254.4
10353,2229,436237.8,6480875.8,3248.6
10356,2229,436246.8,6480912.2,3242.9
10359,2229,436255.9,6480948.6,3239.0
9969,2226,435112.8,6476209.3,3232.2
9972,2226,435121.9,6476245.7,3235.1
9975,2226,435130.9,6476282.1,3235.6
9978,2226,435140.0,6476318.5,3235.6
9981,2226,435149.1,6476354.9,3235.2
9984,2226,435158.2,6476391.3,3234.3
9987,2226,435167.2,6476427.6,3233.5
9990,2226,435176.3,6476464.0,3232.3
9993,2226,435185.4,6476500.4,3230.2
9996,2226,435194.5,6476536.8,3228.2
9999,2226,435203.5,6476573.2,3227.9
10002,2226,435212.6,6476609.6,3227.4
10005,2226,435221.7,6476646.0,3228.8
10008,2226,435230.7,6476682.3,3230.5
10011,2226,435239.8,6476718.7,3232.2
10014,2226,435248.9,6476755.1,3233.5
10017,2226,435258.0,6476791.5,3234.7
10020,2226,435267.0,6476827.9,3235.0
10023,2226,435276.1,6476864.3,3236.2
10026,2226,435285.2,6476900.7,3236.8
10029,2226,435294.3,6476937.0,3236.9
10032,2226,435303.3,6476973.4,3235.7
10035,2226,435312.4,6477009.8,3235.7
10038,2226,435321.5,6477046.2,3237.9
10041,2226,435330.5,6477082.6,3238.5
10044,2226,435339.6,6477119.0,3238.0
10047,2226,435348.7,6477155.4,3236.6
10050,2226,435357.8,6477191.7,3230.3
10053,2226,435366.8,6477228.1,3222.0
10056,2226,435375.9,6477264.5,3216.8
10059,2226,435385.0,6477300.9,3209.9
10062,2226,435394.1,6477337.3,3190.6
10065,2226,435403.1,6477373.7,3153.6
10068,2226,435412.2,6477410.1,3102.4
10071,2226,435421.3,6477446.5,3045.9
10074,2226,435430.4,6477482.8,2997.4
10077,2226,435439.4,6477519.2,2935.4
10080,2226,435448.5,6477555.6,2913.9
10083,2226,435457.6,6477592.0,2906.1
10086,2226,435466.6,6477628.4,2907.5
10089,2226,435475.7,6477664.8,2912.5
10092,2226,435484.8,6477701.2,2917.0
10095,2226,435493.9,6477737.5,2919.7
10098,2226,435502.9,6477773.9,2920.7
10101,2226,435512.0,6477810.3,2921.6
10104,2226,435521.1,6477846.7,2923.4
10107,2226,435530.2,6477883.1,2925.2
10110,2226,435539.2,6477919.5,2924.6
10113,2226,435548.3,6477955.9,2923.5
10116,2226,435557.4,6477992.2,2921.1
10119,2226,435566.5,6478028.6,2918.0
10122,2226,435575.5,6478065.0,2911.4
10125,2226,435584.6,6478101.4,2904.4
10128,2226,435593.7,6478137.8,2899.3
10131,2226,435602.7,6478174.2,2895.7
10134,2226,435611.8,6478210.6,2889.4
10137,2226,435620.9,6478246.9,2882.9
10140,2226,435630.0,6478283.3,2877.8
10143,2226,435639.0,6478319.7,2871.3
10146,2226,435648.1,6478356.1,2868.5
10149,2226,435657.2,6478392.5,2864.1
10152,2226,435666.3,6478428.9,2859.1
10155,2226,435675.3,6478465.3,2854.6
10158,2226,435684.4,6478501.6,2852.6
10161,2226,435693.5,6478538.0,2851.4
10164,2226,435702.5,6478574.4,2852.8
10167,2226,435711.6,6478610.8,2855.2
10170,2226,435720.7,6478647.2,2859.0
10173,2226,435729.8,6478683.6,2861.1
10176,2226,435738.8,6478720.0,2865.8
10179,2226,435747.9,6478756.3,2869.4
10182,2226,435757.0,6478792.7,2875.4
10185,2226,435766.1,6478829.1,2878.9
10188,2226,435775.1,6478865.5,2889.7
10191,2226,435784.2,6478901.9,2903.0
10194,2226,435793.3,6478938.3,2911.2
10197,2226,435802.4,6478974.7,2921.9
10200,2226,435811.4,6479011.0,2930.3
10203,2226,435820.5,6479047.4,2939.4
10206,2226,435829.6,6479083.8,2951.2
10209,2226,435838.6,6479120.2,2995.7
10212,2226,435847.7,6479156.6,3051.1
10215,2226,435856.8,6479193.0,3114.9
10218,2226,435865.9,6479229.4,3137.3
10221,2226,435874.9,6479265.7,3148.7
10224,2226,435884.0,6479302.1,3156.4
10227,2226,435893.1,6479338.5,3163.3
10230,2226,435902.2,6479374.9,3172.9
10233,2226,435911.2,6479411.3,3178.5
10236,2226,435920.3,6479447.7,3180.9
10239,2226,435929.4,6479484.1,3181.4
10242,2226,435938.4,6479520.4,3183.9
10245,2226,435947.5,6479556.8,3185.7
10248,2226,435956.6,6479593.2,3190.1
10251,2226,435965.7,6479629.6,3193.1
10254,2226,435974.7,6479666.0,3196.4
10257,2226,435983.8,6479702.4,3201.4
10260,2226,435992.9,6479738.8,3201.7
10263,2226,436002.0,6479775.1,3203.6
10266,2226,436011.0,6479811.5,3206.3
10269,2226,436020.1,6479847.9,3214.5
10272,2226,436029.2,6479884.3,3218.8
10275,2226,436038.3,6479920.7,3232.2
10278,2226,436047.3,6479957.1,3241.4
10281,2226,436056.4,6479993.5,3246.6
10284,2226,436065.5,6480029.8,3250.1
10287,2226,436074.5,6480066.2,3253.7
10290,2226,436083.6,6480102.6,3251.7
10293,2226,436092.7,6480139.0,3249.8
10296,2226,436101.8,6480175.4,3248.6
10299,2226,436110.8,6480211.8,3249.4
10302,2226,436119.9,6480248.2,3252.6
10305,2226,436129.0,6480284.5,3257.9
10308,2226,436138.1,6480320.9,3261.6
10311,2226,436147.1,6480357.3,3261.9
10314,2226,436156.2,6480393.7,3261.3
10317,2226,436165.3,6480430.1,3262.4
10320,2226,436174.3,6480466.5,3263.5
10323,2226,436183.4,6480502.9,3263.5
10326,2226,436192.5,6480539.2,3265.3
10329,2226,436201.6,6480575.6,3263.8
10332,2226,436210.6,6480612.0,3262.7
10335,2226,436219.7,6480648.4,3260.2
10338,2226,436228.8,6480684.8,3259.6
10341,2226,436237.9,6480721.2,3255.3
10344,2226,436246.9,6480757.6,3249.0
10347,2226,436256.0,6480793.9,3244.7
10350,2226,436265.1,6480830.3,3241.2
10353,2226,436274.2,6480866.7,3234.9
10356,2226,436283.2,6480903.1,3229.3
10359,2226,436292.3,6480939.5,3229.6
9969,2223,435149.2,6476200.3,3232.4
9972,2223,435158.3,6476236.6,3235.1
9975,2223,435167.3,6476273.0,3236.1
9978,2223,435176.4,6476309.4,3235.6
9981,2223,435185.5,6476345.8,3235.5
9984,2223,435194.5,6476382.2,3235.0
9987,2223,435203.6,6476418.6,3234.0
9990,2223,435212.7,6476455.0,3232.8
9993,2223,435221.8,6476491.3,3229.4
9996,2223,435230.8,6476527.7,3227.2
9999,2223,435239.9,6476564.1,3226.6
10002,2223,435249.0,6476600.5,3226.9
10005,2223,435258.1,6476636.9,3229.2
10008,2223,435267.1,6476673.3,3231.7
10011,2223,435276.2,6476709.7,3234.1
10014,2223,435285.3,6476746.0,3236.4
10017,2223,435294.3,6476782.4,3237.7
10020,2223,435303.4,6476818.8,3238.5
10023,2223,435312.5,6476855.2,3239.6
10026,2223,435321.6,6476891.6,3239.9
10029,2223,435330.6,6476928.0,3238.8
10032,2223,435339.7,6476964.4,3237.8
10035,2223,435348.8,6477000.7,3238.0
10038,2223,435357.9,6477037.1,3240.1
10041,2223,435366.9,6477073.5,3241.2
10044,2223,435376.0,6477109.9,3242.5
10047,2223,435385.1,6477146.3,3240.5
10050,2223,435394.2,6477182.7,3234.4
10053,2223,435403.2,6477219.1,3225.6
10056,2223,435412.3,6477255.4,3221.1
10059,2223,435421.4,6477291.8,3213.9
10062,2223,435430.4,6477328.2,3197.7
10065,2223,435439.5,6477364.6,3161.5
10068,2223,435448.6,6477401.0,3108.9
10071,2223,435457.7,6477437.4,3051.3
10074,2223,435466.7,6477473.8,2992.5
10077,2223,435475.8,6477510.1,2937.4
10080,2223,435484.9,6477546.5,2914.0
10083,2223,435494.0,6477582.9,2909.5
10086,2223,435503.0,6477619.3,2911.4
10089,2223,435512.1,6477655.7,2915.1
10092,2223,435521.2,6477692.1,2918.6
10095,2223,435530.3,6477728.5,2920.0
10098,2223,435539.3,6477764.8,2921.8
10101,2223,435548.4,6477801.2,2923.4
10104,2223,435557.5,6477837.6,2925.1
10107,2223,435566.5,6477874.0,2926.0
10110,2223,435575.6,6477910.4,2926.3
10113,2223,435584.7,6477946.8,2923.8
10116,2223,435593.8,6477983.2,2920.1
10119,2223,435602.8,6478019.5,2915.2
10122,2223,435611.9,6478055.9,2910.2
10125,2223,435621.0,6478092.3,2903.1
10128,2223,435630.1,6478128.7,2898.3
10131,2223,435639.1,6478165.1,2893.4
10134,2223,435648.2,6478201.5,2887.5
10137,2223,435657.3,6478237.9,2881.0
10140,2223,435666.3,6478274.2,2876.0
10143,2223,435675.4,6478310.6,2871.4
10146,2223,435684.5,6478347.0,2868.8
10149,2223,435693.6,6478383.4,2865.5
10152,2223,435702.6,6478419.8,2860.2
10155,2223,435711.7,6478456.2,2858.0
10158,2223,435720.8,6478492.6,2856.5
10161,2223,435729.9,6478529.0,2854.9
10164,2223,435738.9,6478565.3,2856.2
10167,2223,435748.0,6478601.7,2860.0
10170,2223,435757.1,6478638.1,2864.7
10173,2223,435766.2,6478674.5,2868.1
10176,2223,435775.2,6478710.9,2875.4
10179,2223,435784.3,6478747.3,2882.4
10182,2223,435793.4,6478783.7,2891.1
10185,2223,435802.4,6478820.0,2895.8
10188,2223,435811.5,6478856.4,2904.4
10191,2223,435820.6,6478892.8,2916.0
10194,2223,435829.7,6478929.2,2923.4
10197,2223,435838.7,6478965.6,2933.6
10200,2223,435847.8,6479002.0,2943.5
10203,2223,435856.9,6479038.4,2958.4
10206,2223,435866.0,6479074.7,2975.6
10209,2223,435875.0,6479111.1,3029.9
10212,2223,435884.1,6479147.5,3101.3
10215,2223,435893.2,6479183.9,3144.1
10218,2223,435902.2,6479220.3,3149.2
10221,2223,435911.3,6479256.7,3154.9
10224,2223,435920.4,6479293.1,3162.7
10227,2223,435929.5,6479329.4,3169.3
10230,2223,435938.5,6479365.8,3177.0
10233,2223,435947.6,6479402.2,3181.4
10236,2223,435956.7,6479438.6,3183.0
10239,2223,435965.8,6479475.0,3184.4
10242,2223,435974.8,6479511.4,3186.3
10245,2223,435983.9,6479547.8,3188.7
10248,2223,435993.0,6479584.1,3192.0
10251,2223,436002.1,6479620.5,3194.5
10254,2223,436011.1,6479656.9,3200.1
10257,2223,436020.2,6479693.3,3207.2
10260,2223,436029.3,6479729.7,3215.3
10263,2223,436038.3,6479766.1,3221.8
10266,2223,436047.4,6479802.5,3226.1
10269,2223,436056.5,6479838.8,3233.2
10272,2223,436065.6,6479875.2,3237.2
10275,2223,436074.6,6479911.6,3246.9
10278,2223,436083.7,6479948.0,3252.3
10281,2223,436092.8,6479984.4,3254.5
10284,2223,436101.9,6480020.8,3254.8
10287,2223,436110.9,6480057.2,3254.5
10290,2223,436120.0,6480093.5,3252.0
10293,2223,436129.1,6480129.9,3250.3
10296,2223,436138.2,6480166.3,3249.2
10299,2223,436147.2,6480202.7,3248.5
10302,2223,436156.3,6480239.1,3249.8
10305,2223,436165.4,6480275.5,3250.3
10308,2223,436174.4,6480311.9,3251.1
10311,2223,436183.5,6480348.2,3250.4
10314,2223,436192.6,6480384.6,3252.1
10317,2223,436201.7,6480421.0,3253.4
10320,2223,436210.7,6480457.4,3254.0
10323,2223,436219.8,6480493.8,3254.1
10326,2223,436228.9,6480530.2,3255.5
10329,2223,436238.0,6480566.6,3254.7
10332,2223,436247.0,6480602.9,3254.1
10335,2223,436256.1,6480639.3,3255.0
10338,2223,436265.2,6480675.7,3250.9
10341,2223,436274.2,6480712.1,3245.1
10344,2223,436283.3,6480748.5,3236.9
10347,2223,436292.4,6480784.9,3233.4
10350,2223,436301.5,6480821.3,3226.3
10353,2223,436310.5,6480857.6,3219.1
10356,2223,436319.6,6480894.0,3216.0
10359,2223,436328.7,6480930.4,3213.9
9969,2220,435185.6,6476191.2,3228.3
9972,2220,435194.6,6476227.6,3233.8
9975,2220,435203.7,6476264.0,3236.2
9978,2220,435212.8,6476300.3,3235.8
9981,2220,435221.9,6476336.7,3235.3
9984,2220,435230.9,6476373.1,3234.8
9987,2220,435240.0,6476409.5,3234.3
9990,2220,435249.1,6476445.9,3231.5
9993,2220,435258.2,6476482.3,3228.6
9996,2220,435267.2,6476518.7,3226.5
9999,2220,435276.3,6476555.0,3226.7
10002,2220,435285.4,6476591.4,3227.8
10005,2220,435294.4,6476627.8,3230.0
10008,2220,435303.5,6476664.2,3232.4
10011,2220,435312.6,6476700.6,3235.4
10014,2220,435321.7,6476737.0,3238.5
10017,2220,435330.7,6476773.4,3240.8
10020,2220,435339.8,6476809.7,3241.7
10023,2220,435348.9,6476846.1,3241.6
10026,2220,435358.0,6476882.5,3241.3
10029,2220,435367.0,6476918.9,3239.8
10032,2220,435376.1,6476955.3,3238.9
10035,2220,435385.2,6476991.7,3239.6
10038,2220,435394.2,6477028.1,3241.1
10041,2220,435403.3,6477064.4,3243.5
10044,2220,435412.4,6477100.8,3244.8
10047,2220,435421.5,6477137.2,3244.1
10050,2220,435430.5,6477173.6,3238.1
10053,2220,435439.6,6477210.0,3230.3
10056,2220,435448.7,6477246.4,3221.6
10059,2220,435457.8,6477282.8,3213.2
10062,2220,435466.8,6477319.1,3195.8
10065,2220,435475.9,6477355.5,3172.8
10068,2220,435485.0,6477391.9,3123.8
10071,2220,435494.1,6477428.3,3066.1
10074,2220,435503.1,6477464.7,3002.9
10077,2220,435512.2,6477501.1,2945.9
10080,2220,435521.3,6477537.5,2920.6
10083,2220,435530.3,6477573.8,2912.9
10086,2220,435539.4,6477610.2,2914.4
10089,2220,435548.5,6477646.6,2917.6
10092,2220,435557.6,6477683.0,2920.5
10095,2220,435566.6,6477719.4,2921.3
10098,2220,435575.7,6477755.8,2922.9
10101,2220,435584.8,6477792.2,2925.3
10104,2220,435593.9,6477828.5,2926.2
10107,2220,435602.9,6477864.9,2926.9
10110,2220,435612.0,6477901.3,2927.8
10113,2220,435621.1,6477937.7,2925.2
10116,2220,435630.1,6477974.1,2920.6
10119,2220,435639.2,6478010.5,2914.8
10122,2220,435648.3,6478046.9,2907.3
10125,2220,435657.4,6478083.2,2901.1
10128,2220,435666.4,6478119.6,2895.9
10131,2220,435675.5,6478156.0,2891.3
10134,2220,435684.6,6478192.4,2885.5
10137,2220,435693.7,6478228.8,2880.7
10140,2220,435702.7,6478265.2,2876.1
10143,2220,435711.8,6478301.6,2873.5
10146,2220,435720.9,6478337.9,2871.5
10149,2220,435730.0,6478374.3,2867.8
10152,2220,435739.0,6478410.7,2865.3
10155,2220,435748.1,6478447.1,2862.6
10158,2220,435757.2,6478483.5,2861.4
10161,2220,435766.2,6478519.9,2859.0
10164,2220,435775.3,6478556.3,2860.8
10167,2220,435784.4,6478592.7,2866.1
10170,2220,435793.5,6478629.0,2869.1
10173,2220,435802.5,6478665.4,2878.4
10176,2220,435811.6,6478701.8,2888.1
10179,2220,435820.7,6478738.2,2896.2
10182,2220,435829.8,6478774.6,2899.3
10185,2220,435838.8,6478811.0,2908.7
10188,2220,435847.9,6478847.3,2920.5
10191,2220,435857.0,6478883.7,2935.6
10194,2220,435866.0,6478920.1,2941.6
10197,2220,435875.1,6478956.5,2951.9
10200,2220,435884.2,6478992.9,2962.6
10203,2220,435893.3,6479029.3,2974.3
10206,2220,435902.3,6479065.7,3011.8
10209,2220,435911.4,6479102.1,3070.0
10212,2220,435920.5,6479138.4,3129.9
10215,2220,435929.6,6479174.8,3155.6
10218,2220,435938.6,6479211.2,3160.6
10221,2220,435947.7,6479247.6,3163.5
10224,2220,435956.8,6479284.0,3171.6
10227,2220,435965.9,6479320.4,3176.7
10230,2220,435974.9,6479356.8,3182.1
10233,2220,435984.0,6479393.1,3183.6
10236,2220,435993.1,6479429.5,3185.2
10239,2220,436002.1,6479465.9,3186.7
10242,2220,436011.2,6479502.3,3189.3
10245,2220,436020.3,6479538.7,3192.1
10248,2220,436029.4,6479575.1,3193.3
10251,2220,436038.4,6479611.5,3196.5
10254,2220,436047.5,6479647.8,3204.0
10257,2220,436056.6,6479684.2,3218.2
10260,2220,436065.7,6479720.6,3229.2
10263,2220,436074.7,6479757.0,3236.0
10266,2220,436083.8,6479793.4,3239.8
10269,2220,436092.9,6479829.8,3241.8
10272,2220,436102.0,6479866.2,3247.8
10275,2220,436111.0,6479902.5,3252.4
10278,2220,436120.1,6479938.9,3255.6
10281,2220,436129.2,6479975.3,3256.4
10284,2220,436138.2,6480011.7,3256.6
10287,2220,436147.3,6480048.1,3256.6
10290,2220,436156.4,6480084.5,3253.7
10293,2220,436165.5,6480120.9,3251.6
10296,2220,436174.5,6480157.2,3250.0
10299,2220,436183.6,6480193.6,3248.8
10302,2220,436192.7,6480230.0,3247.3
10305,2220,436201.8,6480266.4,3245.1
10308,2220,436210.8,6480302.8,3243.8
10311,2220,436219.9,6480339.2,3242.2
10314,2220,436229.0,6480375.6,3242.6
10317,2220,436238.0,6480411.9,3243.7
10320,2220,436247.1,6480448.3,3243.8
10323,2220,436256.2,6480484.7,3243.3
10326,2220,436265.3,6480521.1,3246.0
10329,2220,436274.3,6480557.5,3245.8
10332,2220,436283.4,6480593.9,3244.3
10335,2220,436292.5,6480630.3,3243.5
10338,2220,436301.6,6480666.6,3240.5
10341,2220,436310.6,6480703.0,3232.7
10344,2220,436319.7,6480739.4,3223.3
10347,2220,436328.8,6480775.8,3219.3
10350,2220,436337.9,6480812.2,3210.7
10353,2220,436346.9,6480848.6,3202.7
10356,2220,436356.0,6480885.0,3196.2
10359,2220,436365.1,6480921.3,3197.1
9969,2217,435222.0,6476182.1,3221.6
9972,2217,435231.0,6476218.5,3230.5
9975,2217,435240.1,6476254.9,3232.2
9978,2217,435249.2,6476291.3,3232.3
9981,2217,435258.2,6476327.7,3232.4
9984,2217,435267.3,6476364.0,3233.0
9987,2217,435276.4,6476400.4,3232.0
9990,2217,435285.5,6476436.8,3228.9
9993,2217,435294.5,6476473.2,3225.8
9996,2217,435303.6,6476509.6,3225.7
9999,2217,435312.7,6476546.0,3227.1
10002,2217,435321.8,6476582.4,3228.5
10005,2217,435330.8,6476618.7,3230.5
10008,2217,435339.9,6476655.1,3232.8
10011,2217,435349.0,6476691.5,3236.0
10014,2217,435358.0,6476727.9,3239.4
10017,2217,435367.1,6476764.3,3241.1
10020,2217,435376.2,6476800.7,3242.4
10023,2217,435385.3,6476837.1,3241.8
10026,2217,435394.3,6476873.4,3240.5
10029,2217,435403.4,6476909.8,3239.8
10032,2217,435412.5,6476946.2,3239.5
10035,2217,435421.6,6476982.6,3241.5
10038,2217,435430.6,6477019.0,3243.5
10041,2217,435439.7,6477055.4,3245.1
10044,2217,435448.8,6477091.8,3245.7
10047,2217,435457.9,6477128.1,3244.4
10050,2217,435466.9,6477164.5,3239.1
10053,2217,435476.0,6477200.9,3231.3
10056,2217,435485.1,6477237.3,3222.0
10059,2217,435494.1,6477273.7,3214.3
10062,2217,435503.2,6477310.1,3203.0
10065,2217,435512.3,6477346.5,3175.6
10068,2217,435521.4,6477382.8,3131.5
10071,2217,435530.4,6477419.2,3083.0
10074,2217,435539.5,6477455.6,3028.3
10077,2217,435548.6,6477492.0,2968.7
10080,2217,435557.7,6477528.4,2931.5
10083,2217,435566.7,6477564.8,2917.6
10086,2217,435575.8,6477601.2,2917.1
10089,2217,435584.9,6477637.5,2919.9
10092,2217,435593.9,6477673.9,2922.5
10095,2217,435603.0,6477710.3,2923.4
10098,2217,435612.1,6477746.7,2925.7
10101,2217,435621.2,6477783.1,2927.8
10104,2217,435630.2,6477819.5,2928.7
10107,2217,435639.3,6477855.9,2929.2
10110,2217,435648.4,6477892.2,2929.2
10113,2217,435657.5,6477928.6,2926.5
10116,2217,435666.5,6477965.0,2921.5
10119,2217,435675.6,6478001.4,2915.1
10122,2217,435684.7,6478037.8,2907.3
10125,2217,435693.8,6478074.2,2900.7
10128,2217,435702.8,6478110.6,2895.7
10131,2217,435711.9,6478146.9,2889.5
10134,2217,435721.0,6478183.3,2884.1
10137,2217,435730.0,6478219.7,2879.6
10140,2217,435739.1,6478256.1,2877.0
10143,2217,435748.2,6478292.5,2876.7
10146,2217,435757.3,6478328.9,2875.3
10149,2217,435766.3,6478365.3,2872.6
10152,2217,435775.4,6478401.6,2871.2
10155,2217,435784.5,6478438.0,2868.5
10158,2217,435793.6,6478474.4,2869.2
10161,2217,435802.6,6478510.8,2866.6
10164,2217,435811.7,6478547.2,2869.3
10167,2217,435820.8,6478583.6,2877.3
10170,2217,435829.9,6478620.0,2883.1
10173,2217,435838.9,6478656.3,2892.8
10176,2217,435848.0,6478692.7,2899.0
10179,2217,435857.1,6478729.1,2903.2
10182,2217,435866.1,6478765.5,2910.9
10185,2217,435875.2,6478801.9,2923.0
10188,2217,435884.3,6478838.3,2941.6
10191,2217,435893.4,6478874.7,2951.4
10194,2217,435902.4,6478911.0,2966.2
10197,2217,435911.5,6478947.4,2975.1
10200,2217,435920.6,6478983.8,2989.9
10203,2217,435929.7,6479020.2,3012.4
10206,2217,435938.7,6479056.6,3061.1
10209,2217,435947.8,6479093.0,3102.4
10212,2217,435956.9,6479129.4,3140.2
10215,2217,435965.9,6479165.8,3168.7
10218,2217,435975.0,6479202.1,3173.8
10221,2217,435984.1,6479238.5,3172.9
10224,2217,435993.2,6479274.9,3175.4
10227,2217,436002.2,6479311.3,3181.7
10230,2217,436011.3,6479347.7,3184.6
10233,2217,436020.4,6479384.1,3186.8
10236,2217,436029.5,6479420.5,3187.5
10239,2217,436038.5,6479456.8,3189.7
10242,2217,436047.6,6479493.2,3191.6
10245,2217,436056.7,6479529.6,3193.8
10248,2217,436065.8,6479566.0,3196.0
10251,2217,436074.8,6479602.4,3199.4
10254,2217,436083.9,6479638.8,3208.0
10257,2217,436093.0,6479675.2,3221.3
10260,2217,436102.0,6479711.5,3234.1
10263,2217,436111.1,6479747.9,3239.9
10266,2217,436120.2,6479784.3,3243.3
10269,2217,436129.3,6479820.7,3246.6
10272,2217,436138.3,6479857.1,3250.0
10275,2217,436147.4,6479893.5,3252.2
10278,2217,436156.5,6479929.9,3254.6
10281,2217,436165.6,6479966.2,3254.8
10284,2217,436174.6,6480002.6,3254.7
10287,2217,436183.7,6480039.0,3255.9
10290,2217,436192.8,6480075.4,3255.3
10293,2217,436201.8,6480111.8,3254.5
10296,2217,436210.9,6480148.2,3252.4
10299,2217,436220.0,6480184.6,3249.1
10302,2217,436229.1,6480220.9,3245.7
10305,2217,436238.1,6480257.3,3242.1
10308,2217,436247.2,6480293.7,3240.6
10311,2217,436256.3,6480330.1,3238.6
10314,2217,436265.4,6480366.5,3236.2
10317,2217,436274.4,6480402.9,3236.1
10320,2217,436283.5,6480439.3,3236.3
10323,2217,436292.6,6480475.6,3237.4
10326,2217,436301.7,6480512.0,3236.4
10329,2217,436310.7,6480548.4,3235.7
10332,2217,436319.8,6480584.8,3233.8
10335,2217,436328.9,6480621.2,3233.7
10338,2217,436337.9,6480657.6,3225.9
10341,2217,436347.0,6480694.0,3218.3
10344,2217,436356.1,6480730.3,3210.3
10347,2217,436365.2,6480766.7,3203.7
10350,2217,436374.2,6480803.1,3194.5
10353,2217,436383.3,6480839.5,3186.4
10356,2217,436392.4,6480875.9,3185.5
10359,2217,436401.5,6480912.3,3180.6
9969,2214,435258.3,6476173.0,3203.4
9972,2214,435267.4,6476209.4,3219.9
9975,2214,435276.5,6476245.8,3221.3
9978,2214,435285.6,6476282.2,3223.0
9981,2214,435294.6,6476318.6,3226.0
9984,2214,435303.7,6476355.0,3228.1
9987,2214,435312.8,6476391.4,3227.6
9990,2214,435321.8,6476427.7,3225.2
9993,2214,435330.9,6476464.1,3224.3
9996,2214,435340.0,6476500.5,3224.4
9999,2214,435349.1,6476536.9,3225.6
10002,2214,435358.1,6476573.3,3227.8
10005,2214,435367.2,6476609.7,3230.5
10008,2214,435376.3,6476646.1,3233.3
10011,2214,435385.4,6476682.4,3236.3
10014,2214,435394.4,6476718.8,3238.6
10017,2214,435403.5,6476755.2,3239.9
10020,2214,435412.6,6476791.6,3240.5
10023,2214,435421.7,6476828.0,3240.5
10026,2214,435430.7,6476864.4,3239.7
10029,2214,435439.8,6476900.8,3239.0
10032,2214,435448.9,6476937.1,3239.6
10035,2214,435457.9,6476973.5,3242.2
10038,2214,435467.0,6477009.9,3243.9
10041,2214,435476.1,6477046.3,3244.9
10044,2214,435485.2,6477082.7,3243.7
10047,2214,435494.2,6477119.1,3241.6
10050,2214,435503.3,6477155.5,3237.0
10053,2214,435512.4,6477191.8,3228.2
10056,2214,435521.5,6477228.2,3220.1
10059,2214,435530.5,6477264.6,3214.5
10062,2214,435539.6,6477301.0,3207.0
10065,2214,435548.7,6477337.4,3190.2
10068,2214,435557.8,6477373.8,3159.9
10071,2214,435566.8,6477410.2,3109.6
10074,2214,435575.9,6477446.5,3045.9
10077,2214,435585.0,6477482.9,2980.6
10080,2214,435594.0,6477519.3,2943.5
10083,2214,435603.1,6477555.7,2923.3
10086,2214,435612.2,6477592.1,2924.2
10089,2214,435621.3,6477628.5,2927.2
10092,2214,435630.3,6477664.9,2926.5
10095,2214,435639.4,6477701.2,2928.4
10098,2214,435648.5,6477737.6,2929.5
10101,2214,435657.6,6477774.0,2930.9
10104,2214,435666.6,6477810.4,2930.7
10107,2214,435675.7,6477846.8,2931.2
10110,2214,435684.8,6477883.2,2929.5
10113,2214,435693.8,6477919.6,2927.2
10116,2214,435702.9,6477955.9,2920.8
10119,2214,435712.0,6477992.3,2915.7
10122,2214,435721.1,6478028.7,2908.3
10125,2214,435730.1,6478065.1,2901.8
10128,2214,435739.2,6478101.5,2896.0
10131,2214,435748.3,6478137.9,2890.5
10134,2214,435757.4,6478174.3,2885.1
10137,2214,435766.4,6478210.6,2881.0
10140,2214,435775.5,6478247.0,2879.7
10143,2214,435784.6,6478283.4,2879.6
10146,2214,435793.7,6478319.8,2878.4
10149,2214,435802.7,6478356.2,2877.6
10152,2214,435811.8,6478392.6,2877.5
10155,2214,435820.9,6478429.0,2875.3
10158,2214,435829.9,6478465.3,2875.1
10161,2214,435839.0,6478501.7,2876.3
10164,2214,435848.1,6478538.1,2879.8
10167,2214,435857.2,6478574.5,2889.1
10170,2214,435866.2,6478610.9,2895.0
10173,2214,435875.3,6478647.3,2903.3
10176,2214,435884.4,6478683.7,2911.4
10179,2214,435893.5,6478720.0,2918.5
10182,2214,435902.5,6478756.4,2929.0
10185,2214,435911.6,6478792.8,2945.2
10188,2214,435920.7,6478829.2,2967.2
10191,2214,435929.7,6478865.6,2976.1
10194,2214,435938.8,6478902.0,2987.5
10197,2214,435947.9,6478938.4,2995.8
10200,2214,435957.0,6478974.7,3011.9
10203,2214,435966.0,6479011.1,3037.6
10206,2214,435975.1,6479047.5,3088.3
10209,2214,435984.2,6479083.9,3136.5
10212,2214,435993.3,6479120.3,3168.6
10215,2214,436002.3,6479156.7,3177.1
10218,2214,436011.4,6479193.1,3181.1
10221,2214,436020.5,6479229.4,3181.8
10224,2214,436029.6,6479265.8,3181.3
10227,2214,436038.6,6479302.2,3186.1
10230,2214,436047.7,6479338.6,3188.5
10233,2214,436056.8,6479375.0,3190.6
10236,2214,436065.8,6479411.4,3190.7
10239,2214,436074.9,6479447.8,3191.9
10242,2214,436084.0,6479484.1,3195.5
10245,2214,436093.1,6479520.5,3199.7
10248,2214,436102.1,6479556.9,3201.0
10251,2214,436111.2,6479593.3,3204.0
10254,2214,436120.3,6479629.7,3212.6
10257,2214,436129.4,6479666.1,3224.5
10260,2214,436138.4,6479702.5,3235.4
10263,2214,436147.5,6479738.8,3239.7
10266,2214,436156.6,6479775.2,3242.2
10269,2214,436165.6,6479811.6,3245.5
10272,2214,436174.7,6479848.0,3248.4
10275,2214,436183.8,6479884.4,3250.6
10278,2214,436192.9,6479920.8,3251.0
10281,2214,436201.9,6479957.2,3251.6
10284,2214,436211.0,6479993.5,3251.7
10287,2214,436220.1,6480029.9,3253.9
10290,2214,436229.2,6480066.3,3255.5
10293,2214,436238.2,6480102.7,3255.9
10296,2214,436247.3,6480139.1,3254.4
10299,2214,436256.4,6480175.5,3251.6
10302,2214,436265.5,6480211.9,3247.0
10305,2214,436274.5,6480248.3,3242.2
10308,2214,436283.6,6480284.6,3238.8
10311,2214,436292.7,6480321.0,3235.3
10314,2214,436301.7,6480357.4,3232.6
10317,2214,436310.8,6480393.8,3231.7
10320,2214,436319.9,6480430.2,3231.3
10323,2214,436329.0,6480466.6,3231.4
10326,2214,436338.0,6480503.0,3229.1
10329,2214,436347.1,6480539.3,3226.8
10332,2214,436356.2,6480575.7,3225.8
10335,2214,436365.3,6480612.1,3219.2
10338,2214,436374.3,6480648.5,3210.3
10341,2214,436383.4,6480684.9,3200.2
10344,2214,436392.5,6480721.3,3195.7
10347,2214,436401.6,6480757.7,3185.0
10350,2214,436410.6,6480794.0,3176.6
10353,2214,436419.7,6480830.4,3170.0
10356,2214,436428.8,6480866.8,3168.7
10359,2214,436437.8,6480903.2,3163.9
9969,2211,435294.7,6476164.0,3143.6
9972,2211,435303.8,6476200.4,3187.6
9975,2211,435312.9,6476236.7,3189.0
9978,2211,435321.9,6476273.1,3194.1
9981,2211,435331.0,6476309.5,3206.9
9984,2211,435340.1,6476345.9,3220.4
9987,2211,435349.2,6476382.3,3221.8
9990,2211,435358.2,6476418.7,3221.0
9993,2211,435367.3,6476455.1,3221.7
9996,2211,435376.4,6476491.4,3222.1
9999,2211,435385.5,6476527.8,3223.6
10002,2211,435394.5,6476564.2,3225.9
10005,2211,435403.6,6476600.6,3229.5
10008,2211,435412.7,6476637.0,3232.6
10011,2211,435421.7,6476673.4,3233.9
10014,2211,435430.8,6476709.8,3235.3
10017,2211,435439.9,6476746.1,3237.7
10020,2211,435449.0,6476782.5,3238.8
10023,2211,435458.0,6476818.9,3239.3
10026,2211,435467.1,6476855.3,3239.3
10029,2211,435476.2,6476891.7,3239.7
10032,2211,435485.3,6476928.1,3240.8
10035,2211,435494.3,6476964.5,3242.6
10038,2211,435503.4,6477000.8,3243.6
10041,2211,435512.5,6477037.2,3242.6
10044,2211,435521.6,6477073.6,3239.2
10047,2211,435530.6,6477110.0,3234.6
10050,2211,435539.7,6477146.4,3230.0
10053,2211,435548.8,6477182.8,3222.3
10056,2211,435557.8,6477219.2,3216.9
10059,2211,435566.9,6477255.5,3211.1
10062,2211,435576.0,6477291.9,3206.1
10065,2211,435585.1,6477328.3,3193.1
10068,2211,435594.1,6477364.7,3174.3
10071,2211,435603.2,6477401.1,3145.2
10074,2211,435612.3,6477437.5,3093.8
10077,2211,435621.4,6477473.9,3024.8
10080,2211,435630.4,6477510.2,2962.6
10083,2211,435639.5,6477546.6,2944.4
10086,2211,435648.6,6477583.0,2946.6
10089,2211,435657.6,6477619.4,2952.1
10092,2211,435666.7,6477655.8,2944.1
10095,2211,435675.8,6477692.2,2945.8
10098,2211,435684.9,6477728.6,2942.1
10101,2211,435693.9,6477764.9,2935.7
10104,2211,435703.0,6477801.3,2934.9
10107,2211,435712.1,6477837.7,2934.5
10110,2211,435721.2,6477874.1,2932.1
10113,2211,435730.2,6477910.5,2928.7
10116,2211,435739.3,6477946.9,2923.4
10119,2211,435748.4,6477983.3,2916.0
10122,2211,435757.5,6478019.6,2909.9
10125,2211,435766.5,6478056.0,2902.1
10128,2211,435775.6,6478092.4,2898.1
10131,2211,435784.7,6478128.8,2892.2
10134,2211,435793.7,6478165.2,2886.6
10137,2211,435802.8,6478201.6,2882.7
10140,2211,435811.9,6478238.0,2881.9
10143,2211,435821.0,6478274.3,2882.5
10146,2211,435830.0,6478310.7,2881.2
10149,2211,435839.1,6478347.1,2881.6
10152,2211,435848.2,6478383.5,2881.0
10155,2211,435857.3,6478419.9,2880.8
10158,2211,435866.3,6478456.3,2882.4
10161,2211,435875.4,6478492.7,2884.7
10164,2211,435884.5,6478529.0,2889.9
10167,2211,435893.5,6478565.4,2895.9
10170,2211,435902.6,6478601.8,2905.5
10173,2211,435911.7,6478638.2,2914.2
10176,2211,435920.8,6478674.6,2926.4
10179,2211,435929.8,6478711.0,2934.5
10182,2211,435938.9,6478747.4,2951.8
10185,2211,435948.0,6478783.7,2969.6
10188,2211,435957.1,6478820.1,2986.8
10191,2211,435966.1,6478856.5,2992.7
10194,2211,435975.2,6478892.9,3000.7
10197,2211,435984.3,6478929.3,3011.1
10200,2211,435993.4,6478965.7,3021.2
10203,2211,436002.4,6479002.1,3055.5
10206,2211,436011.5,6479038.4,3102.8
10209,2211,436020.6,6479074.8,3147.6
10212,2211,436029.6,6479111.2,3171.2
10215,2211,436038.7,6479147.6,3179.8
10218,2211,436047.8,6479184.0,3184.6
10221,2211,436056.9,6479220.4,3186.4
10224,2211,436065.9,6479256.8,3186.8
10227,2211,436075.0,6479293.1,3189.4
10230,2211,436084.1,6479329.5,3193.1
10233,2211,436093.2,6479365.9,3193.6
10236,2211,436102.2,6479402.3,3194.8
10239,2211,436111.3,6479438.7,3196.2
10242,2211,436120.4,6479475.1,3199.8
10245,2211,436129.5,6479511.5,3202.7
10248,2211,436138.5,6479547.8,3207.1
10251,2211,436147.6,6479584.2,3212.4
10254,2211,436156.7,6479620.6,3221.4
10257,2211,436165.7,6479657.0,3229.4
10260,2211,436174.8,6479693.4,3234.4
10263,2211,436183.9,6479729.8,3238.7
10266,2211,436193.0,6479766.2,3240.8
10269,2211,436202.0,6479802.5,3243.0
10272,2211,436211.1,6479838.9,3245.9
10275,2211,436220.2,6479875.3,3248.3
10278,2211,436229.3,6479911.7,3248.4
10281,2211,436238.3,6479948.1,3248.0
10284,2211,436247.4,6479984.5,3249.6
10287,2211,436256.5,6480020.9,3251.4
10290,2211,436265.5,6480057.2,3253.4
10293,2211,436274.6,6480093.6,3254.3
10296,2211,436283.7,6480130.0,3254.7
10299,2211,436292.8,6480166.4,3253.4
10302,2211,436301.8,6480202.8,3249.7
10305,2211,436310.9,6480239.2,3244.4
10308,2211,436320.0,6480275.6,3239.5
10311,2211,436329.1,6480312.0,3235.5
10314,2211,436338.1,6480348.3,3231.8
10317,2211,436347.2,6480384.7,3229.5
10320,2211,436356.3,6480421.1,3227.2
10323,2211,436365.4,6480457.5,3226.3
10326,2211,436374.4,6480493.9,3223.4
10329,2211,436383.5,6480530.3,3217.0
10332,2211,436392.6,6480566.7,3212.9
10335,2211,436401.6,6480603.0,3203.4
10338,2211,436410.7,6480639.4,3193.2
10341,2211,436419.8,6480675.8,3181.8
10344,2211,436428.9,6480712.2,3176.6
10347,2211,436437.9,6480748.6,3165.4
10350,2211,436447.0,6480785.0,3156.2
10353,2211,436456.1,6480821.4,3148.7
10356,2211,436465.2,6480857.7,3150.3
10359,2211,436474.2,6480894.1,3146.7
9969,2208,435331.1,6476154.9,3128.9
9972,2208,435340.2,6476191.3,3149.4
9975,2208,435349.3,6476227.7,3150.2
9978,2208,435358.3,6476264.0,3153.1
9981,2208,435367.4,6476300.4,3179.5
9984,2208,435376.5,6476336.8,3202.1
9987,2208,435385.5,6476373.2,3210.7
9990,2208,435394.6,6476409.6,3214.3
9993,2208,435403.7,6476446.0,3216.9
9996,2208,435412.8,6476482.4,3218.1
9999,2208,435421.8,6476518.8,3219.4
10002,2208,435430.9,6476555.1,3222.7
10005,2208,435440.0,6476591.5,3226.3
10008,2208,435449.1,6476627.9,3229.1
10011,2208,435458.1,6476664.3,3229.4
10014,2208,435467.2,6476700.7,3232.3
10017,2208,435476.3,6476737.1,3234.8
10020,2208,435485.4,6476773.5,3237.5
10023,2208,435494.4,6476809.8,3239.4
10026,2208,435503.5,6476846.2,3240.4
10029,2208,435512.6,6476882.6,3241.9
10032,2208,435521.6,6476919.0,3242.1
10035,2208,435530.7,6476955.4,3242.4
10038,2208,435539.8,6476991.8,3241.9
10041,2208,435548.9,6477028.2,3239.3
10044,2208,435557.9,6477064.5,3235.0
10047,2208,435567.0,6477100.9,3231.9
10050,2208,435576.1,6477137.3,3225.6
10053,2208,435585.2,6477173.7,3219.8
10056,2208,435594.2,6477210.1,3213.7
10059,2208,435603.3,6477246.5,3208.9
10062,2208,435612.4,6477282.9,3200.4
10065,2208,435621.4,6477319.2,3191.2
10068,2208,435630.5,6477355.6,3176.5
10071,2208,435639.6,6477392.0,3163.9
10074,2208,435648.7,6477428.4,3136.2
10077,2208,435657.7,6477464.8,3088.2
10080,2208,435666.8,6477501.2,3024.1
10083,2208,435675.9,6477537.6,2999.6
10086,2208,435685.0,6477573.9,3005.6
10089,2208,435694.0,6477610.3,3014.4
10092,2208,435703.1,6477646.7,2991.8
10095,2208,435712.2,6477683.1,2983.2
10098,2208,435721.3,6477719.5,2980.7
10101,2208,435730.3,6477755.9,2961.0
10104,2208,435739.4,6477792.3,2951.7
10107,2208,435748.5,6477828.6,2946.8
10110,2208,435757.5,6477865.0,2942.3
10113,2208,435766.6,6477901.4,2934.5
10116,2208,435775.7,6477937.8,2928.8
10119,2208,435784.8,6477974.2,2920.9
10122,2208,435793.8,6478010.6,2912.7
10125,2208,435802.9,6478047.0,2905.4
10128,2208,435812.0,6478083.3,2899.3
10131,2208,435821.1,6478119.7,2895.5
10134,2208,435830.1,6478156.1,2889.1
10137,2208,435839.2,6478192.5,2886.0
10140,2208,435848.3,6478228.9,2884.8
10143,2208,435857.4,6478265.3,2885.9
10146,2208,435866.4,6478301.7,2885.2
10149,2208,435875.5,6478338.0,2885.6
10152,2208,435884.6,6478374.4,2884.7
10155,2208,435893.6,6478410.8,2885.8
10158,2208,435902.7,6478447.2,2887.5
10161,2208,435911.8,6478483.6,2892.5
10164,2208,435920.9,6478520.0,2898.1
10167,2208,435929.9,6478556.4,2907.7
10170,2208,435939.0,6478592.7,2915.1
10173,2208,435948.1,6478629.1,2928.6
10176,2208,435957.2,6478665.5,2945.3
10179,2208,435966.2,6478701.9,2955.2
10182,2208,435975.3,6478738.3,2967.9
10185,2208,435984.4,6478774.7,2981.4
10188,2208,435993.4,6478811.1,2995.7
10191,2208,436002.5,6478847.4,3002.6
10194,2208,436011.6,6478883.8,3012.4
10197,2208,436020.7,6478920.2,3023.7
10200,2208,436029.7,6478956.6,3038.4
10203,2208,436038.8,6478993.0,3060.3
10206,2208,436047.9,6479029.4,3103.5
10209,2208,436057.0,6479065.8,3145.6
10212,2208,436066.0,6479102.1,3170.2
10215,2208,436075.1,6479138.5,3179.5
10218,2208,436084.2,6479174.9,3184.8
10221,2208,436093.3,6479211.3,3188.2
10224,2208,436102.3,6479247.7,3190.2
10227,2208,436111.4,6479284.1,3192.5
10230,2208,436120.5,6479320.5,3195.5
10233,2208,436129.5,6479356.8,3196.9
10236,2208,436138.6,6479393.2,3198.1
10239,2208,436147.7,6479429.6,3200.2
10242,2208,436156.8,6479466.0,3201.5
10245,2208,436165.8,6479502.4,3206.1
10248,2208,436174.9,6479538.8,3211.5
10251,2208,436184.0,6479575.2,3216.9
10254,2208,436193.1,6479611.5,3222.4
10257,2208,436202.1,6479647.9,3228.6
10260,2208,436211.2,6479684.3,3233.3
10263,2208,436220.3,6479720.7,3236.6
10266,2208,436229.3,6479757.1,3238.9
10269,2208,436238.4,6479793.5,3240.5
10272,2208,436247.5,6479829.9,3243.3
10275,2208,436256.6,6479866.2,3246.0
10278,2208,436265.6,6479902.6,3245.4
10281,2208,436274.7,6479939.0,3245.4
10284,2208,436283.8,6479975.4,3246.5
10287,2208,436292.9,6480011.8,3248.1
10290,2208,436301.9,6480048.2,3248.6
10293,2208,436311.0,6480084.6,3251.9
10296,2208,436320.1,6480120.9,3253.4
10299,2208,436329.2,6480157.3,3253.1
10302,2208,436338.2,6480193.7,3251.4
10305,2208,436347.3,6480230.1,3246.9
10308,2208,436356.4,6480266.5,3242.2
10311,2208,436365.4,6480302.9,3238.5
10314,2208,436374.5,6480339.3,3234.3
10317,2208,436383.6,6480375.6,3230.8
10320,2208,436392.7,6480412.0,3226.3
10323,2208,436401.7,6480448.4,3220.7
10326,2208,436410.8,6480484.8,3213.7
10329,2208,436419.9,6480521.2,3202.3
10332,2208,436429.0,6480557.6,3196.0
10335,2208,436438.0,6480594.0,3184.3
10338,2208,436447.1,6480630.3,3174.0
10341,2208,436456.2,6480666.7,3168.8
10344,2208,436465.2,6480703.1,3156.0
10347,2208,436474.3,6480739.5,3144.5
10350,2208,436483.4,6480775.9,3135.3
10353,2208,436492.5,6480812.3,3135.2
10356,2208,436501.5,6480848.7,3131.1
10359,2208,436510.6,6480885.0,3129.8
9969,2205,435367.5,6476145.8,3122.0
9972,2205,435376.6,6476182.2,3130.3
9975,2205,435385.6,6476218.6,3130.0
9978,2205,435394.7,6476255.0,3135.5
9981,2205,435403.8,6476291.4,3148.3
9984,2205,435412.9,6476327.7,3167.6
9987,2205,435421.9,6476364.1,3189.6
9990,2205,435431.0,6476400.5,3205.1
9993,2205,435440.1,6476436.9,3209.4
9996,2205,435449.2,6476473.3,3212.0
9999,2205,435458.2,6476509.7,3215.3
10002,2205,435467.3,6476546.1,3219.6
10005,2205,435476.4,6476582.4,3223.2
10008,2205,435485.4,6476618.8,3224.2
10011,2205,435494.5,6476655.2,3224.3
10014,2205,435503.6,6476691.6,3226.3
10017,2205,435512.7,6476728.0,3230.1
10020,2205,435521.7,6476764.4,3234.4
10023,2205,435530.8,6476800.8,3238.1
10026,2205,435539.9,6476837.2,3239.8
10029,2205,435549.0,6476873.5,3241.5
10032,2205,435558.0,6476909.9,3241.6
10035,2205,435567.1,6476946.3,3241.8
10038,2205,435576.2,6476982.7,3239.8
10041,2205,435585.2,6477019.1,3237.3
10044,2205,435594.3,6477055.5,3232.7
10047,2205,435603.4,6477091.9,3229.0
10050,2205,435612.5,6477128.2,3223.8
10053,2205,435621.5,6477164.6,3218.2
10056,2205,435630.6,6477201.0,3213.9
10059,2205,435639.7,6477237.4,3206.5
10062,2205,435648.8,6477273.8,3196.6
10065,2205,435657.8,6477310.2,3184.5
10068,2205,435666.9,6477346.6,3176.5
10071,2205,435676.0,6477382.9,3168.2
10074,2205,435685.1,6477419.3,3161.3
10077,2205,435694.1,6477455.7,3133.6
10080,2205,435703.2,6477492.1,3110.7
10083,2205,435712.3,6477528.5,3102.2
10086,2205,435721.3,6477564.9,3098.3
10089,2205,435730.4,6477601.3,3073.7
10092,2205,435739.5,6477637.6,3070.8
10095,2205,435748.6,6477674.0,3054.9
10098,2205,435757.6,6477710.4,3038.6
10101,2205,435766.7,6477746.8,3002.8
10104,2205,435775.8,6477783.2,2988.7
10107,2205,435784.9,6477819.6,2986.1
10110,2205,435793.9,6477856.0,2965.3
10113,2205,435803.0,6477892.3,2954.1
10116,2205,435812.1,6477928.7,2944.2
10119,2205,435821.2,6477965.1,2932.2
10122,2205,435830.2,6478001.5,2917.7
10125,2205,435839.3,6478037.9,2909.4
10128,2205,435848.4,6478074.3,2903.6
10131,2205,435857.4,6478110.7,2897.5
10134,2205,435866.5,6478147.0,2892.0
10137,2205,435875.6,6478183.4,2889.7
10140,2205,435884.7,6478219.8,2889.5
10143,2205,435893.7,6478256.2,2888.8
10146,2205,435902.8,6478292.6,2888.8
10149,2205,435911.9,6478329.0,2888.7
10152,2205,435921.0,6478365.4,2888.6
10155,2205,435930.0,6478401.7,2889.0
10158,2205,435939.1,6478438.1,2892.9
10161,2205,435948.2,6478474.5,2899.8
10164,2205,435957.2,6478510.9,2909.3
10167,2205,435966.3,6478547.3,2917.0
10170,2205,435975.4,6478583.7,2930.6
10173,2205,435984.5,6478620.1,2946.9
10176,2205,435993.5,6478656.4,2957.5
10179,2205,436002.6,6478692.8,2966.9
10182,2205,436011.7,6478729.2,2976.9
10185,2205,436020.8,6478765.6,2988.3
10188,2205,436029.8,6478802.0,2999.4
10191,2205,436038.9,6478838.4,3010.4
10194,2205,436048.0,6478874.8,3019.7
10197,2205,436057.1,6478911.1,3030.0
10200,2205,436066.1,6478947.5,3042.9
10203,2205,436075.2,6478983.9,3071.0
10206,2205,436084.3,6479020.3,3111.8
10209,2205,436093.3,6479056.7,3143.3
10212,2205,436102.4,6479093.1,3166.1
10215,2205,436111.5,6479129.5,3178.2
10218,2205,436120.6,6479165.8,3183.4
10221,2205,436129.6,6479202.2,3187.6
10224,2205,436138.7,6479238.6,3191.2
10227,2205,436147.8,6479275.0,3193.0
10230,2205,436156.9,6479311.4,3195.6
10233,2205,436165.9,6479347.8,3197.9
10236,2205,436175.0,6479384.2,3200.1
10239,2205,436184.1,6479420.5,3201.7
10242,2205,436193.1,6479456.9,3202.7
10245,2205,436202.2,6479493.3,3205.5
10248,2205,436211.3,6479529.7,3210.8
10251,2205,436220.4,6479566.1,3216.1
10254,2205,436229.4,6479602.5,3220.8
10257,2205,436238.5,6479638.9,3225.3
10260,2205,436247.6,6479675.2,3229.5
10263,2205,436256.7,6479711.6,3232.7
10266,2205,436265.7,6479748.0,3235.4
10269,2205,436274.8,6479784.4,3239.1
10272,2205,436283.9,6479820.8,3241.3
10275,2205,436293.0,6479857.2,3242.4
10278,2205,436302.0,6479893.6,3242.8
10281,2205,436311.1,6479929.9,3243.1
10284,2205,436320.2,6479966.3,3243.4
10287,2205,436329.2,6480002.7,3243.5
10290,2205,436338.3,6480039.1,3243.8
10293,2205,436347.4,6480075.5,3248.4
10296,2205,436356.5,6480111.9,3249.7
10299,2205,436365.5,6480148.3,3250.9
10302,2205,436374.6,6480184.6,3250.4
10305,2205,436383.7,6480221.0,3247.9
10308,2205,436392.8,6480257.4,3246.0
10311,2205,436401.8,6480293.8,3242.1
10314,2205,436410.9,6480330.2,3239.4
10317,2205,436420.0,6480366.6,3234.0
10320,2205,436429.1,6480403.0,3226.1
10323,2205,436438.1,6480439.3,3215.1
10326,2205,436447.2,6480475.7,3203.3
10329,2205,436456.3,6480512.1,3188.6
10332,2205,436465.3,6480548.5,3179.2
10335,2205,436474.4,6480584.9,3165.5
10338,2205,436483.5,6480621.3,3152.6
10341,2205,436492.6,6480657.7,3146.3
10344,2205,436501.6,6480694.0,3133.1
10347,2205,436510.7,6480730.4,3123.1
10350,2205,436519.8,6480766.8,3114.1
10353,2205,436528.9,6480803.2,3115.1
10356,2205,436537.9,6480839.6,3112.6
10359,2205,436547.0,6480876.0,3112.4
9969,2202,435403.9,6476136.7,3120.1
9972,2202,435413.0,6476173.1,3122.1
9975,2202,435422.0,6476209.5,3122.6
9978,2202,435431.1,6476245.9,3126.2
9981,2202,435440.2,6476282.3,3136.0
9984,2202,435449.2,6476318.7,3142.8
9987,2202,435458.3,6476355.1,3157.8
9990,2202,435467.4,6476391.4,3184.0
9993,2202,435476.5,6476427.8,3195.9
9996,2202,435485.5,6476464.2,3203.8
9999,2202,435494.6,6476500.6,3209.5
10002,2202,435503.7,6476537.0,3215.0
10005,2202,435512.8,6476573.4,3218.7
10008,2202,435521.8,6476609.8,3219.6
10011,2202,435530.9,6476646.1,3217.2
10014,2202,435540.0,6476682.5,3221.1
10017,2202,435549.1,6476718.9,3223.0
10020,2202,435558.1,6476755.3,3227.6
10023,2202,435567.2,6476791.7,3232.9
10026,2202,435576.3,6476828.1,3235.2
10029,2202,435585.3,6476864.5,3237.6
10032,2202,435594.4,6476900.8,3238.2
10035,2202,435603.5,6476937.2,3239.4
10038,2202,435612.6,6476973.6,3238.0
10041,2202,435621.6,6477010.0,3235.2
10044,2202,435630.7,6477046.4,3231.5
10047,2202,435639.8,6477082.8,3227.1
10050,2202,435648.9,6477119.2,3223.8
10053,2202,435657.9,6477155.5,3218.5
10056,2202,435667.0,6477191.9,3213.6
10059,2202,435676.1,6477228.3,3204.0
10062,2202,435685.1,6477264.7,3192.0
10065,2202,435694.2,6477301.1,3181.4
10068,2202,435703.3,6477337.5,3176.3
10071,2202,435712.4,6477373.9,3171.9
10074,2202,435721.4,6477410.2,3169.6
10077,2202,435730.5,6477446.6,3166.6
10080,2202,435739.6,6477483.0,3155.6
10083,2202,435748.7,6477519.4,3154.5
10086,2202,435757.7,6477555.8,3157.0
10089,2202,435766.8,6477592.2,3142.2
10092,2202,435775.9,6477628.6,3136.6
10095,2202,435785.0,6477665.0,3125.0
10098,2202,435794.0,6477701.3,3114.1
10101,2202,435803.1,6477737.7,3079.7
10104,2202,435812.2,6477774.1,3065.1
10107,2202,435821.2,6477810.5,3051.1
10110,2202,435830.3,6477846.9,3035.5
10113,2202,435839.4,6477883.3,2994.8
10116,2202,435848.5,6477919.7,2975.0
10119,2202,435857.5,6477956.0,2956.5
10122,2202,435866.6,6477992.4,2932.9
10125,2202,435875.7,6478028.8,2918.7
10128,2202,435884.8,6478065.2,2910.0
10131,2202,435893.8,6478101.6,2902.4
10134,2202,435902.9,6478138.0,2898.4
10137,2202,435912.0,6478174.4,2896.0
10140,2202,435921.0,6478210.7,2895.9
10143,2202,435930.1,6478247.1,2893.3
10146,2202,435939.2,6478283.5,2893.6
10149,2202,435948.3,6478319.9,2892.6
10152,2202,435957.3,6478356.3,2894.9
10155,2202,435966.4,6478392.7,2896.4
10158,2202,435975.5,6478429.1,2902.4
10161,2202,435984.6,6478465.4,2911.0
10164,2202,435993.6,6478501.8,2915.9
10167,2202,436002.7,6478538.2,2929.5
10170,2202,436011.8,6478574.6,2944.2
10173,2202,436020.9,6478611.0,2957.4
10176,2202,436029.9,6478647.4,2965.7
10179,2202,436039.0,6478683.8,2975.4
10182,2202,436048.1,6478720.1,2984.7
10185,2202,436057.1,6478756.5,2993.7
10188,2202,436066.2,6478792.9,3003.8
10191,2202,436075.3,6478829.3,3015.4
10194,2202,436084.4,6478865.7,3024.3
10197,2202,436093.4,6478902.1,3032.5
10200,2202,436102.5,6478938.5,3046.2
10203,2202,436111.6,6478974.8,3070.5
10206,2202,436120.7,6479011.2,3108.2
10209,2202,436129.7,6479047.6,3143.6
10212,2202,436138.8,6479084.0,3169.0
10215,2202,436147.9,6479120.4,3179.5
10218,2202,436156.9,6479156.8,3182.5
10221,2202,436166.0,6479193.2,3187.5
10224,2202,436175.1,6479229.5,3190.1
10227,2202,436184.2,6479265.9,3192.8
10230,2202,436193.2,6479302.3,3195.5
10233,2202,436202.3,6479338.7,3198.2
10236,2202,436211.4,6479375.1,3199.5
10239,2202,436220.5,6479411.5,3200.3
10242,2202,436229.5,6479447.9,3202.0
10245,2202,436238.6,6479484.2,3205.4
10248,2202,436247.7,6479520.6,3210.1
10251,2202,436256.8,6479557.0,3214.5
10254,2202,436265.8,6479593.4,3219.2
10257,2202,436274.9,6479629.8,3221.9
10260,2202,436284.0,6479666.2,3226.6
10263,2202,436293.0,6479702.6,3230.7
10266,2202,436302.1,6479738.9,3232.9
10269,2202,436311.2,6479775.3,3236.1
10272,2202,436320.3,6479811.7,3238.2
10275,2202,436329.3,6479848.1,3240.1
10278,2202,436338.4,6479884.5,3241.2
10281,2202,436347.5,6479920.9,3241.7
10284,2202,436356.6,6479957.3,3241.4
10287,2202,436365.6,6479993.6,3241.4
10290,2202,436374.7,6480030.0,3242.3
10293,2202,436383.8,6480066.4,3244.2
10296,2202,436392.9,6480102.8,3246.1
10299,2202,436401.9,6480139.2,3247.1
10302,2202,436411.0,6480175.6,3249.1
10305,2202,436420.1,6480212.0,3249.9
10308,2202,436429.1,6480248.3,3248.9
10311,2202,436438.2,6480284.7,3246.1
10314,2202,436447.3,6480321.1,3240.7
10317,2202,436456.4,6480357.5,3234.0
10320,2202,436465.4,6480393.9,3221.3
10323,2202,436474.5,6480430.3,3210.4
10326,2202,436483.6,6480466.7,3194.4
10329,2202,436492.7,6480503.0,3182.1
10332,2202,436501.7,6480539.4,3165.4
10335,2202,436510.8,6480575.8,3149.5
10338,2202,436519.9,6480612.2,3134.3
10341,2202,436528.9,6480648.6,3126.5
10344,2202,436538.0,6480685.0,3112.9
10347,2202,436547.1,6480721.4,3102.2
10350,2202,436556.2,6480757.7,3094.4
10353,2202,436565.2,6480794.1,3096.7
10356,2202,436574.3,6480830.5,3094.6
10359,2202,436583.4,6480866.9,3095.0
9969,2199,435440.3,6476127.7,3122.3
9972,2199,435449.3,6476164.1,3120.4
9975,2199,435458.4,6476200.4,3120.3
9978,2199,435467.5,6476236.8,3121.7
9981,2199,435476.6,6476273.2,3126.6
9984,2199,435485.6,6476309.6,3133.1
9987,2199,435494.7,6476346.0,3143.3
9990,2199,435503.8,6476382.4,3163.5
9993,2199,435512.9,6476418.8,3174.1
9996,2199,435521.9,6476455.1,3188.9
9999,2199,435531.0,6476491.5,3202.9
10002,2199,435540.1,6476527.9,3209.5
10005,2199,435549.1,6476564.3,3214.8
10008,2199,435558.2,6476600.7,3214.5
10011,2199,435567.3,6476637.1,3211.6
10014,2199,435576.4,6476673.5,3212.4
10017,2199,435585.4,6476709.8,3216.4
10020,2199,435594.5,6476746.2,3221.2
10023,2199,435603.6,6476782.6,3227.3
10026,2199,435612.7,6476819.0,3229.9
10029,2199,435621.7,6476855.4,3231.1
10032,2199,435630.8,6476891.8,3234.6
10035,2199,435639.9,6476928.2,3235.7
10038,2199,435648.9,6476964.5,3235.7
10041,2199,435658.0,6477000.9,3234.5
10044,2199,435667.1,6477037.3,3232.2
10047,2199,435676.2,6477073.7,3227.8
10050,2199,435685.2,6477110.1,3222.9
10053,2199,435694.3,6477146.5,3217.5
10056,2199,435703.4,6477182.9,3210.5
10059,2199,435712.5,6477219.2,3196.8
10062,2199,435721.5,6477255.6,3186.9
10065,2199,435730.6,6477292.0,3180.3
10068,2199,435739.7,6477328.4,3176.8
10071,2199,435748.8,6477364.8,3173.3
10074,2199,435757.8,6477401.2,3173.6
10077,2199,435766.9,6477437.6,3174.0
10080,2199,435776.0,6477473.9,3175.2
10083,2199,435785.0,6477510.3,3177.2
10086,2199,435794.1,6477546.7,3176.6
10089,2199,435803.2,6477583.1,3169.0
10092,2199,435812.3,6477619.5,3164.2
10095,2199,435821.3,6477655.9,3162.7
10098,2199,435830.4,6477692.3,3149.5
10101,2199,435839.5,6477728.7,3143.0
10104,2199,435848.6,6477765.0,3134.8
10107,2199,435857.6,6477801.4,3125.5
10110,2199,435866.7,6477837.8,3096.9
10113,2199,435875.8,6477874.2,3081.6
10116,2199,435884.8,6477910.6,3051.3
10119,2199,435893.9,6477947.0,3011.3
10122,2199,435903.0,6477983.3,2957.5
10125,2199,435912.1,6478019.7,2932.1
10128,2199,435921.1,6478056.1,2923.1
10131,2199,435930.2,6478092.5,2910.6
10134,2199,435939.3,6478128.9,2905.3
10137,2199,435948.4,6478165.3,2902.2
10140,2199,435957.4,6478201.7,2902.1
10143,2199,435966.5,6478238.1,2899.7
10146,2199,435975.6,6478274.4,2900.2
10149,2199,435984.7,6478310.8,2902.7
10152,2199,435993.7,6478347.2,2906.1
10155,2199,436002.8,6478383.6,2907.9
10158,2199,436011.9,6478420.0,2916.8
10161,2199,436020.9,6478456.4,2924.9
10164,2199,436030.0,6478492.8,2932.0
10167,2199,436039.1,6478529.1,2940.5
10170,2199,436048.2,6478565.5,2953.2
10173,2199,436057.2,6478601.9,2964.8
10176,2199,436066.3,6478638.3,2972.0
10179,2199,436075.4,6478674.7,2979.7
10182,2199,436084.5,6478711.1,2990.3
10185,2199,436093.5,6478747.5,3001.5
10188,2199,436102.6,6478783.8,3010.3
10191,2199,436111.7,6478820.2,3021.7
10194,2199,436120.8,6478856.6,3028.6
10197,2199,436129.8,6478893.0,3037.9
10200,2199,436138.9,6478929.4,3048.5
10203,2199,436148.0,6478965.8,3070.8
10206,2199,436157.0,6479002.2,3105.8
10209,2199,436166.1,6479038.5,3141.1
10212,2199,436175.2,6479074.9,3167.3
10215,2199,436184.3,6479111.3,3177.9
10218,2199,436193.3,6479147.7,3182.7
10221,2199,436202.4,6479184.1,3185.8
10224,2199,436211.5,6479220.5,3189.5
10227,2199,436220.6,6479256.9,3192.0
10230,2199,436229.6,6479293.2,3196.5
10233,2199,436238.7,6479329.6,3197.6
10236,2199,436247.8,6479366.0,3198.0
10239,2199,436256.8,6479402.4,3198.7
10242,2199,436265.9,6479438.8,3200.3
10245,2199,436275.0,6479475.2,3203.5
10248,2199,436284.1,6479511.6,3207.3
10251,2199,436293.1,6479547.9,3211.9
10254,2199,436302.2,6479584.3,3215.7
10257,2199,436311.3,6479620.7,3219.8
10260,2199,436320.4,6479657.1,3222.5
10263,2199,436329.4,6479693.5,3228.3
10266,2199,436338.5,6479729.9,3229.3
10269,2199,436347.6,6479766.3,3232.3
10272,2199,436356.7,6479802.6,3235.9
10275,2199,436365.7,6479839.0,3237.9
10278,2199,436374.8,6479875.4,3239.7
10281,2199,436383.9,6479911.8,3240.1
10284,2199,436392.9,6479948.2,3239.7
10287,2199,436402.0,6479984.6,3239.7
10290,2199,436411.1,6480021.0,3241.3
10293,2199,436420.2,6480057.3,3241.8
10296,2199,436429.2,6480093.7,3243.2
10299,2199,436438.3,6480130.1,3243.7
10302,2199,436447.4,6480166.5,3246.8
10305,2199,436456.5,6480202.9,3250.5
10308,2199,436465.5,6480239.3,3250.1
10311,2199,436474.6,6480275.7,3247.2
10314,2199,436483.7,6480312.0,3239.7
10317,2199,436492.7,6480348.4,3231.4
10320,2199,436501.8,6480384.8,3217.0
10323,2199,436510.9,6480421.2,3200.0
10326,2199,436520.0,6480457.6,3182.3
10329,2199,436529.0,6480494.0,3167.2
10332,2199,436538.1,6480530.4,3153.1
10335,2199,436547.2,6480566.7,3135.0
10338,2199,436556.3,6480603.1,3123.9
10341,2199,436565.3,6480639.5,3108.2
10344,2199,436574.4,6480675.9,3094.9
10347,2199,436583.5,6480712.3,3085.4
10350,2199,436592.6,6480748.7,3083.3
10353,2199,436601.6,6480785.1,3080.6
10356,2199,436610.7,6480821.4,3081.5
10359,2199,436619.8,6480857.8,3083.0
9969,2196,435476.7,6476118.6,3124.6
9972,2196,435485.7,6476155.0,3123.1
9975,2196,435494.8,6476191.4,3123.5
9978,2196,435503.9,6476227.8,3122.7
9981,2196,435512.9,6476264.1,3124.7
9984,2196,435522.0,6476300.5,3127.4
9987,2196,435531.1,6476336.9,3132.8
9990,2196,435540.2,6476373.3,3142.2
9993,2196,435549.2,6476409.7,3155.3
9996,2196,435558.3,6476446.1,3173.1
9999,2196,435567.4,6476482.5,3193.0
10002,2196,435576.5,6476518.8,3203.6
10005,2196,435585.5,6476555.2,3208.6
10008,2196,435594.6,6476591.6,3210.0
10011,2196,435603.7,6476628.0,3204.1
10014,2196,435612.7,6476664.4,3201.5
10017,2196,435621.8,6476700.8,3205.6
10020,2196,435630.9,6476737.2,3213.9
10023,2196,435640.0,6476773.5,3219.3
10026,2196,435649.0,6476809.9,3222.5
10029,2196,435658.1,6476846.3,3225.2
10032,2196,435667.2,6476882.7,3229.2
10035,2196,435676.3,6476919.1,3231.5
10038,2196,435685.3,6476955.5,3232.1
10041,2196,435694.4,6476991.9,3233.2
10044,2196,435703.5,6477028.2,3231.7
10047,2196,435712.6,6477064.6,3228.2
10050,2196,435721.6,6477101.0,3223.4
10053,2196,435730.7,6477137.4,3217.8
10056,2196,435739.8,6477173.8,3208.2
10059,2196,435748.8,6477210.2,3192.0
10062,2196,435757.9,6477246.6,3181.2
10065,2196,435767.0,6477282.9,3178.7
10068,2196,435776.1,6477319.3,3178.1
10071,2196,435785.1,6477355.7,3175.6
10074,2196,435794.2,6477392.1,3174.7
10077,2196,435803.3,6477428.5,3177.2
10080,2196,435812.4,6477464.9,3181.1
10083,2196,435821.4,6477501.3,3185.2
10086,2196,435830.5,6477537.6,3183.8
10089,2196,435839.6,6477574.0,3181.7
10092,2196,435848.7,6477610.4,3179.3
10095,2196,435857.7,6477646.8,3176.2
10098,2196,435866.8,6477683.2,3169.5
10101,2196,435875.9,6477719.6,3164.9
10104,2196,435884.9,6477756.0,3162.8
10107,2196,435894.0,6477792.3,3154.3
10110,2196,435903.1,6477828.7,3146.2
10113,2196,435912.2,6477865.1,3135.2
10116,2196,435921.2,6477901.5,3116.8
10119,2196,435930.3,6477937.9,3070.8
10122,2196,435939.4,6477974.3,3019.3
10125,2196,435948.5,6478010.7,2967.9
10128,2196,435957.5,6478047.0,2937.4
10131,2196,435966.6,6478083.4,2917.9
10134,2196,435975.7,6478119.8,2909.7
10137,2196,435984.7,6478156.2,2907.3
10140,2196,435993.8,6478192.6,2906.6
10143,2196,436002.9,6478229.0,2906.7
10146,2196,436012.0,6478265.4,2909.6
10149,2196,436021.0,6478301.8,2914.6
10152,2196,436030.1,6478338.1,2914.9
10155,2196,436039.2,6478374.5,2920.8
10158,2196,436048.3,6478410.9,2928.8
10161,2196,436057.3,6478447.3,2936.9
10164,2196,436066.4,6478483.7,2941.1
10167,2196,436075.5,6478520.1,2949.9
10170,2196,436084.6,6478556.5,2957.6
10173,2196,436093.6,6478592.8,2970.5
10176,2196,436102.7,6478629.2,2978.3
10179,2196,436111.8,6478665.6,2985.6
10182,2196,436120.8,6478702.0,2997.1
10185,2196,436129.9,6478738.4,3004.3
10188,2196,436139.0,6478774.8,3013.3
10191,2196,436148.1,6478811.2,3023.9
10194,2196,436157.1,6478847.5,3033.9
10197,2196,436166.2,6478883.9,3040.5
10200,2196,436175.3,6478920.3,3052.8
10203,2196,436184.4,6478956.7,3068.4
10206,2196,436193.4,6478993.1,3108.1
10209,2196,436202.5,6479029.5,3138.4
10212,2196,436211.6,6479065.9,3163.0
10215,2196,436220.6,6479102.2,3174.2
10218,2196,436229.7,6479138.6,3181.2
10221,2196,436238.8,6479175.0,3185.6
10224,2196,436247.9,6479211.4,3189.6
10227,2196,436256.9,6479247.8,3192.5
10230,2196,436266.0,6479284.2,3196.4
10233,2196,436275.1,6479320.6,3197.2
10236,2196,436284.2,6479356.9,3196.9
10239,2196,436293.2,6479393.3,3197.5
10242,2196,436302.3,6479429.7,3198.4
10245,2196,436311.4,6479466.1,3201.3
10248,2196,436320.5,6479502.5,3204.2
10251,2196,436329.5,6479538.9,3208.4
10254,2196,436338.6,6479575.3,3210.7
10257,2196,436347.7,6479611.6,3213.3
10260,2196,436356.7,6479648.0,3216.8
10263,2196,436365.8,6479684.4,3221.9
10266,2196,436374.9,6479720.8,3224.6
10269,2196,436384.0,6479757.2,3226.5
10272,2196,436393.0,6479793.6,3231.7
10275,2196,436402.1,6479830.0,3235.3
10278,2196,436411.2,6479866.3,3237.4
10281,2196,436420.3,6479902.7,3238.1
10284,2196,436429.3,6479939.1,3238.5
10287,2196,436438.4,6479975.5,3238.9
10290,2196,436447.5,6480011.9,3240.2
10293,2196,436456.5,6480048.3,3239.6
10296,2196,436465.6,6480084.7,3240.4
10299,2196,436474.7,6480121.0,3242.3
10302,2196,436483.8,6480157.4,3246.6
10305,2196,436492.8,6480193.8,3248.5
10308,2196,436501.9,6480230.2,3247.9
10311,2196,436511.0,6480266.6,3243.9
10314,2196,436520.1,6480303.0,3234.5
10317,2196,436529.1,6480339.4,3225.5
10320,2196,436538.2,6480375.7,3209.7
10323,2196,436547.3,6480412.1,3192.7
10326,2196,436556.4,6480448.5,3175.6
10329,2196,436565.4,6480484.9,3159.3
10332,2196,436574.5,6480521.3,3137.9
10335,2196,436583.6,6480557.7,3117.7
10338,2196,436592.6,6480594.1,3104.2
10341,2196,436601.7,6480630.4,3092.7
10344,2196,436610.8,6480666.8,3080.5
10347,2196,436619.9,6480703.2,3072.9
10350,2196,436628.9,6480739.6,3072.0
10353,2196,436638.0,6480776.0,3070.5
10356,2196,436647.1,6480812.4,3072.0
10359,2196,436656.2,6480848.8,3073.5
9969,2193,435513.0,6476109.5,3135.7
9972,2193,435522.1,6476145.9,3130.4
9975,2193,435531.2,6476182.3,3130.5
9978,2193,435540.3,6476218.7,3130.0
9981,2193,435549.3,6476255.1,3130.7
9984,2193,435558.4,6476291.5,3129.6
9987,2193,435567.5,6476327.8,3130.3
9990,2193,435576.6,6476364.2,3133.3
9993,2193,435585.6,6476400.6,3139.0
9996,2193,435594.7,6476437.0,3150.3
9999,2193,435603.8,6476473.4,3170.5
10002,2193,435612.8,6476509.8,3188.6
10005,2193,435621.9,6476546.2,3201.7
10008,2193,435631.0,6476582.5,3204.2
10011,2193,435640.1,6476618.9,3194.3
10014,2193,435649.1,6476655.3,3190.1
10017,2193,435658.2,6476691.7,3193.0
10020,2193,435667.3,6476728.1,3203.0
10023,2193,435676.4,6476764.5,3210.2
10026,2193,435685.4,6476800.9,3213.8
10029,2193,435694.5,6476837.2,3216.3
10032,2193,435703.6,6476873.6,3220.9
10035,2193,435712.6,6476910.0,3223.9
10038,2193,435721.7,6476946.4,3226.5
10041,2193,435730.8,6476982.8,3227.2
10044,2193,435739.9,6477019.2,3228.3
10047,2193,435748.9,6477055.6,3225.4
10050,2193,435758.0,6477091.9,3219.8
10053,2193,435767.1,6477128.3,3213.9
10056,2193,435776.2,6477164.7,3201.6
10059,2193,435785.2,6477201.1,3188.4
10062,2193,435794.3,6477237.5,3180.5
10065,2193,435803.4,6477273.9,3178.4
10068,2193,435812.5,6477310.3,3178.1
10071,2193,435821.5,6477346.6,3174.9
10074,2193,435830.6,6477383.0,3175.8
10077,2193,435839.7,6477419.4,3179.7
10080,2193,435848.7,6477455.8,3183.7
10083,2193,435857.8,6477492.2,3189.3
10086,2193,435866.9,6477528.6,3190.0
10089,2193,435876.0,6477565.0,3190.0
10092,2193,435885.0,6477601.3,3188.4
10095,2193,435894.1,6477637.7,3184.5
10098,2193,435903.2,6477674.1,3178.9
10101,2193,435912.3,6477710.5,3173.6
10104,2193,435921.3,6477746.9,3168.8
10107,2193,435930.4,6477783.3,3163.6
10110,2193,435939.5,6477819.7,3158.1
10113,2193,435948.5,6477856.0,3153.6
10116,2193,435957.6,6477892.4,3143.0
10119,2193,435966.7,6477928.8,3120.9
10122,2193,435975.8,6477965.2,3087.0
10125,2193,435984.8,6478001.6,3028.6
10128,2193,435993.9,6478038.0,2971.1
10131,2193,436003.0,6478074.4,2932.9
10134,2193,436012.1,6478110.7,2918.5
10137,2193,436021.1,6478147.1,2914.2
10140,2193,436030.2,6478183.5,2915.5
10143,2193,436039.3,6478219.9,2915.6
10146,2193,436048.4,6478256.3,2919.7
10149,2193,436057.4,6478292.7,2925.3
10152,2193,436066.5,6478329.1,2926.0
10155,2193,436075.6,6478365.4,2930.9
10158,2193,436084.6,6478401.8,2937.6
10161,2193,436093.7,6478438.2,2941.6
10164,2193,436102.8,6478474.6,2948.4
10167,2193,436111.9,6478511.0,2956.6
10170,2193,436120.9,6478547.4,2966.4
10173,2193,436130.0,6478583.8,2976.2
10176,2193,436139.1,6478620.1,2986.0
10179,2193,436148.2,6478656.5,2992.8
10182,2193,436157.2,6478692.9,3004.3
10185,2193,436166.3,6478729.3,3009.9
10188,2193,436175.4,6478765.7,3016.2
10191,2193,436184.4,6478802.1,3025.7
10194,2193,436193.5,6478838.5,3034.0
10197,2193,436202.6,6478874.8,3041.4
10200,2193,436211.7,6478911.2,3052.9
10203,2193,436220.7,6478947.6,3080.4
10206,2193,436229.8,6478984.0,3113.3
10209,2193,436238.9,6479020.4,3147.7
10212,2193,436248.0,6479056.8,3162.9
10215,2193,436257.0,6479093.2,3174.3
10218,2193,436266.1,6479129.5,3180.2
10221,2193,436275.2,6479165.9,3185.8
10224,2193,436284.3,6479202.3,3189.7
10227,2193,436293.3,6479238.7,3192.6
10230,2193,436302.4,6479275.1,3196.2
10233,2193,436311.5,6479311.5,3196.4
10236,2193,436320.5,6479347.9,3195.1
10239,2193,436329.6,6479384.3,3195.8
10242,2193,436338.7,6479420.6,3197.0
10245,2193,436347.8,6479457.0,3200.2
10248,2193,436356.8,6479493.4,3202.0
10251,2193,436365.9,6479529.8,3203.2
10254,2193,436375.0,6479566.2,3202.7
10257,2193,436384.1,6479602.6,3204.1
10260,2193,436393.1,6479639.0,3209.7
10263,2193,436402.2,6479675.3,3213.3
10266,2193,436411.3,6479711.7,3217.5
10269,2193,436420.4,6479748.1,3221.7
10272,2193,436429.4,6479784.5,3226.9
10275,2193,436438.5,6479820.9,3231.0
10278,2193,436447.6,6479857.3,3233.7
10281,2193,436456.6,6479893.7,3235.4
10284,2193,436465.7,6479930.0,3236.4
10287,2193,436474.8,6479966.4,3237.5
10290,2193,436483.9,6480002.8,3238.4
10293,2193,436492.9,6480039.2,3238.6
10296,2193,436502.0,6480075.6,3238.9
10299,2193,436511.1,6480112.0,3241.0
10302,2193,436520.2,6480148.4,3242.5
10305,2193,436529.2,6480184.7,3244.1
10308,2193,436538.3,6480221.1,3240.6
10311,2193,436547.4,6480257.5,3232.4
10314,2193,436556.4,6480293.9,3224.2
10317,2193,436565.5,6480330.3,3214.5
10320,2193,436574.6,6480366.7,3198.3
10323,2193,436583.7,6480403.1,3181.5
10326,2193,436592.7,6480439.4,3170.4
10329,2193,436601.8,6480475.8,3150.1
10332,2193,436610.9,6480512.2,3128.1
10335,2193,436620.0,6480548.6,3107.1
10338,2193,436629.0,6480585.0,3092.3
10341,2193,436638.1,6480621.4,3077.0
10344,2193,436647.2,6480657.8,3067.4
10347,2193,436656.3,6480694.1,3064.8
10350,2193,436665.3,6480730.5,3064.4
10353,2193,436674.4,6480766.9,3064.6
10356,2193,436683.5,6480803.3,3065.3
10359,2193,436692.5,6480839.7,3067.9
9969,2190,435549.4,6476100.5,3142.6
9972,2190,435558.5,6476136.8,3138.5
9975,2190,435567.6,6476173.2,3138.0
9978,2190,435576.6,6476209.6,3139.3
9981,2190,435585.7,6476246.0,3137.4
9984,2190,435594.8,6476282.4,3135.5
9987,2190,435603.9,6476318.8,3132.7
9990,2190,435612.9,6476355.2,3133.1
9993,2190,435622.0,6476391.5,3134.2
9996,2190,435631.1,6476427.9,3139.9
9999,2190,435640.2,6476464.3,3149.3
10002,2190,435649.2,6476500.7,3163.5
10005,2190,435658.3,6476537.1,3183.6
10008,2190,435667.4,6476573.5,3195.2
10011,2190,435676.4,6476609.9,3185.2
10014,2190,435685.5,6476646.2,3181.5
10017,2190,435694.6,6476682.6,3185.5
10020,2190,435703.7,6476719.0,3195.7
10023,2190,435712.7,6476755.4,3200.0
10026,2190,435721.8,6476791.8,3204.4
10029,2190,435730.9,6476828.2,3209.4
10032,2190,435740.0,6476864.6,3212.0
10035,2190,435749.0,6476900.9,3215.4
10038,2190,435758.1,6476937.3,3218.0
10041,2190,435767.2,6476973.7,3221.7
10044,2190,435776.3,6477010.1,3221.9
10047,2190,435785.3,6477046.5,3217.7
10050,2190,435794.4,6477082.9,3209.5
10053,2190,435803.5,6477119.3,3202.7
10056,2190,435812.5,6477155.6,3194.6
10059,2190,435821.6,6477192.0,3185.2
10062,2190,435830.7,6477228.4,3180.0
10065,2190,435839.8,6477264.8,3176.1
10068,2190,435848.8,6477301.2,3174.3
10071,2190,435857.9,6477337.6,3171.9
10074,2190,435867.0,6477374.0,3173.0
10077,2190,435876.1,6477410.3,3177.8
10080,2190,435885.1,6477446.7,3185.3
10083,2190,435894.2,6477483.1,3190.8
10086,2190,435903.3,6477519.5,3193.0
10089,2190,435912.3,6477555.9,3193.6
10092,2190,435921.4,6477592.3,3192.9
10095,2190,435930.5,6477628.7,3188.8
10098,2190,435939.6,6477665.0,3183.0
10101,2190,435948.6,6477701.4,3177.0
10104,2190,435957.7,6477737.8,3170.2
10107,2190,435966.8,6477774.2,3165.1
10110,2190,435975.9,6477810.6,3161.6
10113,2190,435984.9,6477847.0,3154.7
10116,2190,435994.0,6477883.4,3146.8
10119,2190,436003.1,6477919.7,3134.6
10122,2190,436012.2,6477956.1,3122.4
10125,2190,436021.2,6477992.5,3083.9
10128,2190,436030.3,6478028.9,3011.0
10131,2190,436039.4,6478065.3,2957.4
10134,2190,436048.4,6478101.7,2931.1
10137,2190,436057.5,6478138.1,2923.8
10140,2190,436066.6,6478174.4,2921.4
10143,2190,436075.7,6478210.8,2925.3
10146,2190,436084.7,6478247.2,2930.0
10149,2190,436093.8,6478283.6,2934.4
10152,2190,436102.9,6478320.0,2935.2
10155,2190,436112.0,6478356.4,2939.4
10158,2190,436121.0,6478392.8,2945.6
10161,2190,436130.1,6478429.1,2949.4
10164,2190,436139.2,6478465.5,2956.7
10167,2190,436148.3,6478501.9,2965.6
10170,2190,436157.3,6478538.3,2974.3
10173,2190,436166.4,6478574.7,2981.8
10176,2190,436175.5,6478611.1,2991.7
10179,2190,436184.5,6478647.5,3002.3
10182,2190,436193.6,6478683.8,3010.9
10185,2190,436202.7,6478720.2,3015.5
10188,2190,436211.8,6478756.6,3019.8
10191,2190,436220.8,6478793.0,3028.3
10194,2190,436229.9,6478829.4,3036.3
10197,2190,436239.0,6478865.8,3046.5
10200,2190,436248.1,6478902.2,3062.2
10203,2190,436257.1,6478938.5,3090.5
10206,2190,436266.2,6478974.9,3119.4
10209,2190,436275.3,6479011.3,3152.7
10212,2190,436284.3,6479047.7,3169.2
10215,2190,436293.4,6479084.1,3176.2
10218,2190,436302.5,6479120.5,3181.2
10221,2190,436311.6,6479156.9,3186.7
10224,2190,436320.6,6479193.2,3190.8
10227,2190,436329.7,6479229.6,3193.9
10230,2190,436338.8,6479266.0,3196.7
10233,2190,436347.9,6479302.4,3196.0
10236,2190,436356.9,6479338.8,3193.7
10239,2190,436366.0,6479375.2,3194.2
10242,2190,436375.1,6479411.6,3195.8
10245,2190,436384.2,6479448.0,3199.4
10248,2190,436393.2,6479484.3,3200.9
10251,2190,436402.3,6479520.7,3200.0
10254,2190,436411.4,6479557.1,3197.4
10257,2190,436420.4,6479593.5,3197.3
10260,2190,436429.5,6479629.9,3201.0
10263,2190,436438.6,6479666.3,3205.4
10266,2190,436447.7,6479702.7,3210.3
10269,2190,436456.7,6479739.0,3214.8
10272,2190,436465.8,6479775.4,3220.0
10275,2190,436474.9,6479811.8,3223.2
10278,2190,436484.0,6479848.2,3227.7
10281,2190,436493.0,6479884.6,3229.9
10284,2190,436502.1,6479921.0,3233.9
10287,2190,436511.2,6479957.4,3235.4
10290,2190,436520.2,6479993.7,3235.8
10293,2190,436529.3,6480030.1,3237.0
10296,2190,436538.4,6480066.5,3238.5
10299,2190,436547.5,6480102.9,3238.6
10302,2190,436556.5,6480139.3,3235.6
10305,2190,436565.6,6480175.7,3234.4
10308,2190,436574.7,6480212.1,3228.4
10311,2190,436583.8,6480248.4,3217.2
10314,2190,436592.8,6480284.8,3210.3
10317,2190,436601.9,6480321.2,3196.4
10320,2190,436611.0,6480357.6,3181.0
10323,2190,436620.1,6480394.0,3168.3
10326,2190,436629.1,6480430.4,3158.8
10329,2190,436638.2,6480466.8,3141.1
10332,2190,436647.3,6480503.1,3120.7
10335,2190,436656.3,6480539.5,3103.6
10338,2190,436665.4,6480575.9,3083.3
10341,2190,436674.5,6480612.3,3067.9
10344,2190,436683.6,6480648.7,3059.8
10347,2190,436692.6,6480685.1,3058.4
10350,2190,436701.7,6480721.5,3058.5
10353,2190,436710.8,6480757.8,3060.5
10356,2190,436719.9,6480794.2,3061.4
10359,2190,436728.9,6480830.6,3063.1
9969,2187,435585.8,6476091.4,3146.2
9972,2187,435594.9,6476127.8,3143.7
9975,2187,435604.0,6476164.2,3143.7
9978,2187,435613.0,6476200.5,3144.1
9981,2187,435622.1,6476236.9,3143.0
9984,2187,435631.2,6476273.3,3141.4
9987,2187,435640.2,6476309.7,3138.7
9990,2187,435649.3,6476346.1,3136.5
9993,2187,435658.4,6476382.5,3135.0
9996,2187,435667.5,6476418.9,3135.3
9999,2187,435676.5,6476455.2,3138.2
10002,2187,435685.6,6476491.6,3145.5
10005,2187,435694.7,6476528.0,3158.4
10008,2187,435703.8,6476564.4,3174.7
10011,2187,435712.8,6476600.8,3174.2
10014,2187,435721.9,6476637.2,3174.8
10017,2187,435731.0,6476673.6,3178.2
10020,2187,435740.1,6476709.9,3186.3
10023,2187,435749.1,6476746.3,3192.9
10026,2187,435758.2,6476782.7,3197.5
10029,2187,435767.3,6476819.1,3203.2
10032,2187,435776.3,6476855.5,3205.0
10035,2187,435785.4,6476891.9,3208.3
10038,2187,435794.5,6476928.3,3211.1
10041,2187,435803.6,6476964.6,3214.4
10044,2187,435812.6,6477001.0,3213.8
10047,2187,435821.7,6477037.4,3209.3
10050,2187,435830.8,6477073.8,3200.9
10053,2187,435839.9,6477110.2,3195.0
10056,2187,435848.9,6477146.6,3185.7
10059,2187,435858.0,6477183.0,3178.0
10062,2187,435867.1,6477219.3,3174.5
10065,2187,435876.1,6477255.7,3171.3
10068,2187,435885.2,6477292.1,3169.1
10071,2187,435894.3,6477328.5,3168.7
10074,2187,435903.4,6477364.9,3166.2
10077,2187,435912.4,6477401.3,3171.8
10080,2187,435921.5,6477437.7,3180.5
10083,2187,435930.6,6477474.0,3188.0
10086,2187,435939.7,6477510.4,3191.6
10089,2187,435948.7,6477546.8,3192.5
10092,2187,435957.8,6477583.2,3191.8
10095,2187,435966.9,6477619.6,3188.6
10098,2187,435976.0,6477656.0,3184.4
10101,2187,435985.0,6477692.4,3176.4
10104,2187,435994.1,6477728.7,3170.2
10107,2187,436003.2,6477765.1,3164.8
10110,2187,436012.2,6477801.5,3160.8
10113,2187,436021.3,6477837.9,3154.4
10116,2187,436030.4,6477874.3,3148.8
10119,2187,436039.5,6477910.7,3142.3
10122,2187,436048.5,6477947.1,3130.8
10125,2187,436057.6,6477983.4,3100.2
10128,2187,436066.7,6478019.8,3035.7
10131,2187,436075.8,6478056.2,2993.9
10134,2187,436084.8,6478092.6,2952.1
10137,2187,436093.9,6478129.0,2933.0
10140,2187,436103.0,6478165.4,2931.8
10143,2187,436112.1,6478201.8,2935.9
10146,2187,436121.1,6478238.1,2940.2
10149,2187,436130.2,6478274.5,2940.7
10152,2187,436139.3,6478310.9,2944.1
10155,2187,436148.3,6478347.3,2949.1
10158,2187,436157.4,6478383.7,2957.3
10161,2187,436166.5,6478420.1,2961.4
10164,2187,436175.6,6478456.5,2969.8
10167,2187,436184.6,6478492.8,2976.6
10170,2187,436193.7,6478529.2,2980.0
10173,2187,436202.8,6478565.6,2988.6
10176,2187,436211.9,6478602.0,2997.8
10179,2187,436220.9,6478638.4,3007.9
10182,2187,436230.0,6478674.8,3013.2
10185,2187,436239.1,6478711.2,3019.6
10188,2187,436248.1,6478747.5,3026.9
10191,2187,436257.2,6478783.9,3037.5
10194,2187,436266.3,6478820.3,3046.4
10197,2187,436275.4,6478856.7,3063.4
10200,2187,436284.4,6478893.1,3079.7
10203,2187,436293.5,6478929.5,3097.2
10206,2187,436302.6,6478965.9,3128.0
10209,2187,436311.7,6479002.2,3155.8
10212,2187,436320.7,6479038.6,3171.9
10215,2187,436329.8,6479075.0,3176.9
10218,2187,436338.9,6479111.4,3181.3
10221,2187,436348.0,6479147.8,3186.9
10224,2187,436357.0,6479184.2,3192.5
10227,2187,436366.1,6479220.6,3194.8
10230,2187,436375.2,6479256.9,3196.5
10233,2187,436384.2,6479293.3,3196.2
10236,2187,436393.3,6479329.7,3194.9
10239,2187,436402.4,6479366.1,3193.8
10242,2187,436411.5,6479402.5,3195.8
10245,2187,436420.5,6479438.9,3199.6
10248,2187,436429.6,6479475.3,3201.6
10251,2187,436438.7,6479511.6,3200.4
10254,2187,436447.8,6479548.0,3197.4
10257,2187,436456.8,6479584.4,3196.4
10260,2187,436465.9,6479620.8,3197.7
10263,2187,436475.0,6479657.2,3200.0
10266,2187,436484.0,6479693.6,3201.0
10269,2187,436493.1,6479730.0,3208.0
10272,2187,436502.2,6479766.3,3211.0
10275,2187,436511.3,6479802.7,3214.7
10278,2187,436520.3,6479839.1,3217.3
10281,2187,436529.4,6479875.5,3223.1
10284,2187,436538.5,6479911.9,3226.7
10287,2187,436547.6,6479948.3,3231.6
10290,2187,436556.6,6479984.7,3233.9
10293,2187,436565.7,6480021.0,3235.9
10296,2187,436574.8,6480057.4,3236.9
10299,2187,436583.9,6480093.8,3234.3
10302,2187,436592.9,6480130.2,3228.6
10305,2187,436602.0,6480166.6,3222.0
10308,2187,436611.1,6480203.0,3211.3
10311,2187,436620.1,6480239.4,3198.4
10314,2187,436629.2,6480275.8,3192.3
10317,2187,436638.3,6480312.1,3179.3
10320,2187,436647.4,6480348.5,3165.7
10323,2187,436656.4,6480384.9,3152.2
10326,2187,436665.5,6480421.3,3144.9
10329,2187,436674.6,6480457.7,3129.8
10332,2187,436683.7,6480494.1,3117.4
10335,2187,436692.7,6480530.5,3099.1
10338,2187,436701.8,6480566.8,3080.9
10341,2187,436710.9,6480603.2,3066.0
10344,2187,436720.0,6480639.6,3057.6
10347,2187,436729.0,6480676.0,3053.0
10350,2187,436738.1,6480712.4,3051.7
10353,2187,436747.2,6480748.8,3054.3
10356,2187,436756.2,6480785.2,3057.2
10359,2187,436765.3,6480821.5,3060.1
9969,2184,435622.2,6476082.3,3148.9
9972,2184,435631.3,6476118.7,3147.4
9975,2184,435640.3,6476155.1,3147.8
9978,2184,435649.4,6476191.5,3146.6
9981,2184,435658.5,6476227.9,3145.1
9984,2184,435667.6,6476264.2,3143.8
9987,2184,435676.6,6476300.6,3143.2
9990,2184,435685.7,6476337.0,3142.4
9993,2184,435694.8,6476373.4,3139.6
9996,2184,435703.9,6476409.8,3136.0
9999,2184,435712.9,6476446.2,3135.9
10002,2184,435722.0,6476482.6,3139.0
10005,2184,435731.1,6476518.9,3145.8
10008,2184,435740.1,6476555.3,3154.7
10011,2184,435749.2,6476591.7,3163.4
10014,2184,435758.3,6476628.1,3170.6
10017,2184,435767.4,6476664.5,3174.2
10020,2184,435776.4,6476700.9,3178.8
10023,2184,435785.5,6476737.3,3184.7
10026,2184,435794.6,6476773.6,3189.9
10029,2184,435803.7,6476810.0,3196.2
10032,2184,435812.7,6476846.4,3199.2
10035,2184,435821.8,6476882.8,3202.8
10038,2184,435830.9,6476919.2,3206.0
10041,2184,435840.0,6476955.6,3207.7
10044,2184,435849.0,6476992.0,3205.6
10047,2184,435858.1,6477028.3,3200.4
10050,2184,435867.2,6477064.7,3195.9
10053,2184,435876.2,6477101.1,3187.5
10056,2184,435885.3,6477137.5,3178.2
10059,2184,435894.4,6477173.9,3169.0
10062,2184,435903.5,6477210.3,3166.9
10065,2184,435912.5,6477246.7,3163.7
10068,2184,435921.6,6477283.0,3161.6
10071,2184,435930.7,6477319.4,3159.7
10074,2184,435939.8,6477355.8,3159.0
10077,2184,435948.8,6477392.2,3164.0
10080,2184,435957.9,6477428.6,3173.6
10083,2184,435967.0,6477465.0,3182.2
10086,2184,435976.0,6477501.4,3187.4
10089,2184,435985.1,6477537.7,3189.7
10092,2184,435994.2,6477574.1,3189.9
10095,2184,436003.3,6477610.5,3187.6
10098,2184,436012.3,6477646.9,3182.8
10101,2184,436021.4,6477683.3,3173.4
10104,2184,436030.5,6477719.7,3167.8
10107,2184,436039.6,6477756.1,3164.4
10110,2184,436048.6,6477792.4,3160.9
10113,2184,436057.7,6477828.8,3154.8
10116,2184,436066.8,6477865.2,3149.8
10119,2184,436075.9,6477901.6,3144.5
10122,2184,436084.9,6477938.0,3137.8
10125,2184,436094.0,6477974.4,3120.5
10128,2184,436103.1,6478010.8,3079.0
10131,2184,436112.1,6478047.1,3016.4
10134,2184,436121.2,6478083.5,2969.4
10137,2184,436130.3,6478119.9,2950.2
10140,2184,436139.4,6478156.3,2944.1
10143,2184,436148.4,6478192.7,2948.6
10146,2184,436157.5,6478229.1,2952.1
10149,2184,436166.6,6478265.5,2951.8
10152,2184,436175.7,6478301.8,2954.7
10155,2184,436184.7,6478338.2,2960.1
10158,2184,436193.8,6478374.6,2968.3
10161,2184,436202.9,6478411.0,2973.0
10164,2184,436211.9,6478447.4,2980.2
10167,2184,436221.0,6478483.8,2986.1
10170,2184,436230.1,6478520.2,2988.8
10173,2184,436239.2,6478556.5,2996.9
10176,2184,436248.2,6478592.9,3004.4
10179,2184,436257.3,6478629.3,3014.5
10182,2184,436266.4,6478665.7,3019.8
10185,2184,436275.5,6478702.1,3027.4
10188,2184,436284.5,6478738.5,3037.9
10191,2184,436293.6,6478774.9,3051.7
10194,2184,436302.7,6478811.2,3061.5
10197,2184,436311.8,6478847.6,3080.8
10200,2184,436320.8,6478884.0,3096.5
10203,2184,436329.9,6478920.4,3111.3
10206,2184,436339.0,6478956.8,3139.3
10209,2184,436348.0,6478993.2,3156.9
10212,2184,436357.1,6479029.6,3171.6
10215,2184,436366.2,6479065.9,3178.6
10218,2184,436375.3,6479102.3,3182.6
10221,2184,436384.3,6479138.7,3188.0
10224,2184,436393.4,6479175.1,3192.5
10227,2184,436402.5,6479211.5,3194.9
10230,2184,436411.6,6479247.9,3196.0
10233,2184,436420.6,6479284.3,3196.1
10236,2184,436429.7,6479320.6,3195.1
10239,2184,436438.8,6479357.0,3194.4
10242,2184,436447.8,6479393.4,3196.2
10245,2184,436456.9,6479429.8,3199.6
10248,2184,436466.0,6479466.2,3201.8
10251,2184,436475.1,6479502.6,3200.8
10254,2184,436484.1,6479539.0,3198.5
10257,2184,436493.2,6479575.3,3196.6
10260,2184,436502.3,6479611.7,3195.7
10263,2184,436511.4,6479648.1,3195.1
10266,2184,436520.4,6479684.5,3194.9
10269,2184,436529.5,6479720.9,3200.5
10272,2184,436538.6,6479757.3,3203.4
10275,2184,436547.7,6479793.7,3203.0
10278,2184,436556.7,6479830.0,3207.4
10281,2184,436565.8,6479866.4,3211.1
10284,2184,436574.9,6479902.8,3214.9
10287,2184,436583.9,6479939.2,3223.0
10290,2184,436593.0,6479975.6,3230.0
10293,2184,436602.1,6480012.0,3231.6
10296,2184,436611.2,6480048.4,3230.3
10299,2184,436620.2,6480084.7,3222.6
10302,2184,436629.3,6480121.1,3216.8
10305,2184,436638.4,6480157.5,3203.0
10308,2184,436647.5,6480193.9,3190.6
10311,2184,436656.5,6480230.3,3179.9
10314,2184,436665.6,6480266.7,3171.7
10317,2184,436674.7,6480303.1,3160.4
10320,2184,436683.8,6480339.4,3149.2
10323,2184,436692.8,6480375.8,3143.6
10326,2184,436701.9,6480412.2,3134.6
10329,2184,436711.0,6480448.6,3124.3
10332,2184,436720.0,6480485.0,3111.0
10335,2184,436729.1,6480521.4,3096.2
10338,2184,436738.2,6480557.8,3076.2
10341,2184,436747.3,6480594.2,3065.3
10344,2184,436756.3,6480630.5,3055.9
10347,2184,436765.4,6480666.9,3051.6
10350,2184,436774.5,6480703.3,3049.2
10353,2184,436783.6,6480739.7,3048.6
10356,2184,436792.6,6480776.1,3052.6
10359,2184,436801.7,6480812.5,3056.3
9969,2181,435658.6,6476073.2,3153.1
9972,2181,435667.7,6476109.6,3151.4
9975,2181,435676.7,6476146.0,3150.5
9978,2181,435685.8,6476182.4,3146.8
9981,2181,435694.9,6476218.8,3144.6
9984,2181,435703.9,6476255.2,3143.7
9987,2181,435713.0,6476291.5,3143.4
9990,2181,435722.1,6476327.9,3144.0
9993,2181,435731.2,6476364.3,3142.2
9996,2181,435740.2,6476400.7,3139.0
9999,2181,435749.3,6476437.1,3136.4
10002,2181,435758.4,6476473.5,3134.5
10005,2181,435767.5,6476509.9,3138.2
10008,2181,435776.5,6476546.2,3145.2
10011,2181,435785.6,6476582.6,3155.9
10014,2181,435794.7,6476619.0,3164.0
10017,2181,435803.8,6476655.4,3167.5
10020,2181,435812.8,6476691.8,3171.6
10023,2181,435821.9,6476728.2,3177.0
10026,2181,435831.0,6476764.6,3184.5
10029,2181,435840.0,6476801.0,3188.9
10032,2181,435849.1,6476837.3,3191.7
10035,2181,435858.2,6476873.7,3195.7
10038,2181,435867.3,6476910.1,3200.4
10041,2181,435876.3,6476946.5,3200.2
10044,2181,435885.4,6476982.9,3196.1
10047,2181,435894.5,6477019.3,3192.8
10050,2181,435903.6,6477055.7,3186.8
10053,2181,435912.6,6477092.0,3180.0
10056,2181,435921.7,6477128.4,3169.0
10059,2181,435930.8,6477164.8,3162.5
10062,2181,435939.8,6477201.2,3156.8
10065,2181,435948.9,6477237.6,3154.4
10068,2181,435958.0,6477274.0,3151.3
10071,2181,435967.1,6477310.4,3152.1
10074,2181,435976.1,6477346.7,3152.5
10077,2181,435985.2,6477383.1,3160.1
10080,2181,435994.3,6477419.5,3169.2
10083,2181,436003.4,6477455.9,3179.2
10086,2181,436012.4,6477492.3,3182.8
10089,2181,436021.5,6477528.7,3186.5
10092,2181,436030.6,6477565.1,3189.1
10095,2181,436039.7,6477601.4,3188.6
10098,2181,436048.7,6477637.8,3185.6
10101,2181,436057.8,6477674.2,3177.1
10104,2181,436066.9,6477710.6,3169.3
10107,2181,436075.9,6477747.0,3165.0
10110,2181,436085.0,6477783.4,3160.4
10113,2181,436094.1,6477819.8,3155.7
10116,2181,436103.2,6477856.1,3149.8
10119,2181,436112.2,6477892.5,3146.7
10122,2181,436121.3,6477928.9,3141.2
10125,2181,436130.4,6477965.3,3130.2
10128,2181,436139.5,6478001.7,3107.9
10131,2181,436148.5,6478038.1,3065.6
10134,2181,436157.6,6478074.5,3007.8
10137,2181,436166.7,6478110.8,2966.8
10140,2181,436175.7,6478147.2,2960.4
10143,2181,436184.8,6478183.6,2963.7
10146,2181,436193.9,6478220.0,2963.8
10149,2181,436203.0,6478256.4,2964.5
10152,2181,436212.0,6478292.8,2968.3
10155,2181,436221.1,6478329.2,2972.5
10158,2181,436230.2,6478365.5,2974.6
10161,2181,436239.3,6478401.9,2981.7
10164,2181,436248.3,6478438.3,2988.1
10167,2181,436257.4,6478474.7,2992.7
10170,2181,436266.5,6478511.1,2995.5
10173,2181,436275.6,6478547.5,3005.5
10176,2181,436284.6,6478583.9,3017.0
10179,2181,436293.7,6478620.2,3028.4
10182,2181,436302.8,6478656.6,3033.2
10185,2181,436311.8,6478693.0,3041.7
10188,2181,436320.9,6478729.4,3055.4
10191,2181,436330.0,6478765.8,3064.2
10194,2181,436339.1,6478802.2,3078.4
10197,2181,436348.1,6478838.6,3091.0
10200,2181,436357.2,6478874.9,3101.2
10203,2181,436366.3,6478911.3,3112.1
10206,2181,436375.4,6478947.7,3134.8
10209,2181,436384.4,6478984.1,3162.5
10212,2181,436393.5,6479020.5,3175.9
10215,2181,436402.6,6479056.9,3181.0
10218,2181,436411.7,6479093.3,3184.3
10221,2181,436420.7,6479129.6,3188.8
10224,2181,436429.8,6479166.0,3191.7
10227,2181,436438.9,6479202.4,3194.3
10230,2181,436447.9,6479238.8,3195.5
10233,2181,436457.0,6479275.2,3195.2
10236,2181,436466.1,6479311.6,3195.3
10239,2181,436475.2,6479348.0,3197.3
10242,2181,436484.2,6479384.3,3199.2
10245,2181,436493.3,6479420.7,3201.2
10248,2181,436502.4,6479457.1,3201.1
10251,2181,436511.5,6479493.5,3199.4
10254,2181,436520.5,6479529.9,3197.3
10257,2181,436529.6,6479566.3,3195.4
10260,2181,436538.7,6479602.7,3193.2
10263,2181,436547.7,6479639.0,3190.2
10266,2181,436556.8,6479675.4,3187.4
10269,2181,436565.9,6479711.8,3191.5
10272,2181,436575.0,6479748.2,3193.0
10275,2181,436584.0,6479784.6,3192.0
10278,2181,436593.1,6479821.0,3193.7
10281,2181,436602.2,6479857.4,3198.6
10284,2181,436611.3,6479893.7,3199.3
10287,2181,436620.3,6479930.1,3207.3
10290,2181,436629.4,6479966.5,3218.3
10293,2181,436638.5,6480002.9,3220.4
10296,2181,436647.6,6480039.3,3215.5
10299,2181,436656.6,6480075.7,3204.6
10302,2181,436665.7,6480112.1,3197.6
10305,2181,436674.8,6480148.4,3181.5
10308,2181,436683.8,6480184.8,3165.1
10311,2181,436692.9,6480221.2,3151.9
10314,2181,436702.0,6480257.6,3148.7
10317,2181,436711.1,6480294.0,3140.4
10320,2181,436720.1,6480330.4,3131.5
10323,2181,436729.2,6480366.8,3127.9
10326,2181,436738.3,6480403.1,3120.1
10329,2181,436747.4,6480439.5,3113.4
10332,2181,436756.4,6480475.9,3105.0
10335,2181,436765.5,6480512.3,3095.6
10338,2181,436774.6,6480548.7,3076.4
10341,2181,436783.6,6480585.1,3060.3
10344,2181,436792.7,6480621.5,3052.9
10347,2181,436801.8,6480657.8,3050.6
10350,2181,436810.9,6480694.2,3049.4
10353,2181,436819.9,6480730.6,3047.1
10356,2181,436829.0,6480767.0,3047.2
10359,2181,436838.1,6480803.4,3049.7
9969,2178,435695.0,6476064.2,3158.3
9972,2178,435704.0,6476100.5,3154.1
9975,2178,435713.1,6476136.9,3152.7
9978,2178,435722.2,6476173.3,3148.5
9981,2178,435731.3,6476209.7,3143.8
9984,2178,435740.3,6476246.1,3142.2
9987,2178,435749.4,6476282.5,3142.3
9990,2178,435758.5,6476318.9,3142.0
9993,2178,435767.6,6476355.2,3140.6
9996,2178,435776.6,6476391.6,3138.7
9999,2178,435785.7,6476428.0,3136.3
10002,2178,435794.8,6476464.4,3133.0
10005,2178,435803.8,6476500.8,3133.3
10008,2178,435812.9,6476537.2,3136.1
10011,2178,435822.0,6476573.6,3142.7
10014,2178,435831.1,6476609.9,3150.3
10017,2178,435840.1,6476646.3,3159.7
10020,2178,435849.2,6476682.7,3164.8
10023,2178,435858.3,6476719.1,3168.3
10026,2178,435867.4,6476755.5,3176.5
10029,2178,435876.4,6476791.9,3181.5
10032,2178,435885.5,6476828.3,3183.9
10035,2178,435894.6,6476864.6,3187.6
10038,2178,435903.6,6476901.0,3192.5
10041,2178,435912.7,6476937.4,3192.9
10044,2178,435921.8,6476973.8,3189.2
10047,2178,435930.9,6477010.2,3183.8
10050,2178,435939.9,6477046.6,3179.1
10053,2178,435949.0,6477083.0,3167.8
10056,2178,435958.1,6477119.3,3156.9
10059,2178,435967.2,6477155.7,3149.3
10062,2178,435976.2,6477192.1,3144.1
10065,2178,435985.3,6477228.5,3141.9
10068,2178,435994.4,6477264.9,3140.2
10071,2178,436003.5,6477301.3,3142.9
10074,2178,436012.5,6477337.7,3145.6
10077,2178,436021.6,6477374.1,3152.8
10080,2178,436030.7,6477410.4,3163.6
10083,2178,436039.7,6477446.8,3173.8
10086,2178,436048.8,6477483.2,3180.5
10089,2178,436057.9,6477519.6,3183.3
10092,2178,436067.0,6477556.0,3187.9
10095,2178,436076.0,6477592.4,3188.2
10098,2178,436085.1,6477628.8,3186.0
10101,2178,436094.2,6477665.1,3180.1
10104,2178,436103.3,6477701.5,3172.2
10107,2178,436112.3,6477737.9,3165.7
10110,2178,436121.4,6477774.3,3160.9
10113,2178,436130.5,6477810.7,3156.1
10116,2178,436139.6,6477847.1,3151.5
10119,2178,436148.6,6477883.5,3146.3
10122,2178,436157.7,6477919.8,3141.1
10125,2178,436166.8,6477956.2,3133.1
10128,2178,436175.8,6477992.6,3125.4
10131,2178,436184.9,6478029.0,3100.4
10134,2178,436194.0,6478065.4,3045.3
10137,2178,436203.1,6478101.8,2998.6
10140,2178,436212.1,6478138.2,2980.3
10143,2178,436221.2,6478174.5,2978.1
10146,2178,436230.3,6478210.9,2975.2
10149,2178,436239.4,6478247.3,2977.6
10152,2178,436248.4,6478283.7,2980.6
10155,2178,436257.5,6478320.1,2983.5
10158,2178,436266.6,6478356.5,2984.8
10161,2178,436275.6,6478392.9,2989.8
10164,2178,436284.7,6478429.2,2995.2
10167,2178,436293.8,6478465.6,2996.4
10170,2178,436302.9,6478502.0,3003.6
10173,2178,436311.9,6478538.4,3016.3
10176,2178,436321.0,6478574.8,3030.7
10179,2178,436330.1,6478611.2,3038.0
10182,2178,436339.2,6478647.6,3049.3
10185,2178,436348.2,6478683.9,3059.4
10188,2178,436357.3,6478720.3,3071.0
10191,2178,436366.4,6478756.7,3079.6
10194,2178,436375.5,6478793.1,3086.9
10197,2178,436384.5,6478829.5,3095.1
10200,2178,436393.6,6478865.9,3101.4
10203,2178,436402.7,6478902.3,3111.2
10206,2178,436411.7,6478938.6,3133.2
10209,2178,436420.8,6478975.0,3161.3
10212,2178,436429.9,6479011.4,3175.7
10215,2178,436439.0,6479047.8,3183.0
10218,2178,436448.0,6479084.2,3187.8
10221,2178,436457.1,6479120.6,3189.7
10224,2178,436466.2,6479157.0,3191.6
10227,2178,436475.3,6479193.3,3193.1
10230,2178,436484.3,6479229.7,3195.4
10233,2178,436493.4,6479266.1,3195.9
10236,2178,436502.5,6479302.5,3196.6
10239,2178,436511.5,6479338.9,3198.5
10242,2178,436520.6,6479375.3,3200.3
10245,2178,436529.7,6479411.7,3202.2
10248,2178,436538.8,6479448.0,3200.5
10251,2178,436547.8,6479484.4,3197.2
10254,2178,436556.9,6479520.8,3194.1
10257,2178,436566.0,6479557.2,3191.9
10260,2178,436575.1,6479593.6,3190.3
10263,2178,436584.1,6479630.0,3186.4
10266,2178,436593.2,6479666.4,3182.6
10269,2178,436602.3,6479702.7,3179.6
10272,2178,436611.4,6479739.1,3178.3
10275,2178,436620.4,6479775.5,3177.7
10278,2178,436629.5,6479811.9,3184.1
10281,2178,436638.6,6479848.3,3184.6
10284,2178,436647.6,6479884.7,3186.7
10287,2178,436656.7,6479921.1,3191.5
10290,2178,436665.8,6479957.4,3201.9
10293,2178,436674.9,6479993.8,3199.0
10296,2178,436683.9,6480030.2,3193.1
10299,2178,436693.0,6480066.6,3189.9
10302,2178,436702.1,6480103.0,3174.2
10305,2178,436711.2,6480139.4,3156.3
10308,2178,436720.2,6480175.8,3140.2
10311,2178,436729.3,6480212.1,3135.9
10314,2178,436738.4,6480248.5,3126.2
10317,2178,436747.4,6480284.9,3120.1
10320,2178,436756.5,6480321.3,3111.7
10323,2178,436765.6,6480357.7,3108.9
10326,2178,436774.7,6480394.1,3102.2
10329,2178,436783.7,6480430.5,3097.2
10332,2178,436792.8,6480466.8,3097.1
10335,2178,436801.9,6480503.2,3087.5
10338,2178,436811.0,6480539.6,3073.8
10341,2178,436820.0,6480576.0,3059.9
10344,2178,436829.1,6480612.4,3051.5
10347,2178,436838.2,6480648.8,3048.8
10350,2178,436847.3,6480685.2,3048.4
10353,2178,436856.3,6480721.5,3047.7
10356,2178,436865.4,6480757.9,3046.5
10359,2178,436874.5,6480794.3,3046.6
9969,2175,435731.4,6476055.1,3164.3
9972,2175,435740.4,6476091.5,3158.5
9975,2175,435749.5,6476127.9,3157.9
9978,2175,435758.6,6476164.2,3153.4
9981,2175,435767.6,6476200.6,3146.0
9984,2175,435776.7,6476237.0,3142.4
9987,2175,435785.8,6476273.4,3141.2
9990,2175,435794.9,6476309.8,3139.4
9993,2175,435803.9,6476346.2,3138.1
9996,2175,435813.0,6476382.6,3136.5
9999,2175,435822.1,6476418.9,3135.2
10002,2175,435831.2,6476455.3,3132.0
10005,2175,435840.2,6476491.7,3130.7
10008,2175,435849.3,6476528.1,3132.1
10011,2175,435858.4,6476564.5,3135.2
10014,2175,435867.5,6476600.9,3141.7
10017,2175,435876.5,6476637.3,3146.8
10020,2175,435885.6,6476673.6,3153.5
10023,2175,435894.7,6476710.0,3161.5
10026,2175,435903.7,6476746.4,3170.9
10029,2175,435912.8,6476782.8,3175.0
10032,2175,435921.9,6476819.2,3176.3
10035,2175,435931.0,6476855.6,3181.3
10038,2175,435940.0,6476892.0,3183.9
10041,2175,435949.1,6476928.3,3184.3
10044,2175,435958.2,6476964.7,3182.1
10047,2175,435967.3,6477001.1,3179.5
10050,2175,435976.3,6477037.5,3170.5
10053,2175,435985.4,6477073.9,3155.5
10056,2175,435994.5,6477110.3,3139.2
10059,2175,436003.5,6477146.7,3134.9
10062,2175,436012.6,6477183.0,3130.2
10065,2175,436021.7,6477219.4,3128.3
10068,2175,436030.8,6477255.8,3131.2
10071,2175,436039.8,6477292.2,3134.2
10074,2175,436048.9,6477328.6,3138.6
10077,2175,436058.0,6477365.0,3145.3
10080,2175,436067.1,6477401.4,3156.0
10083,2175,436076.1,6477437.8,3167.3
10086,2175,436085.2,6477474.1,3175.7
10089,2175,436094.3,6477510.5,3181.1
10092,2175,436103.4,6477546.9,3185.6
10095,2175,436112.4,6477583.3,3187.0
10098,2175,436121.5,6477619.7,3185.9
10101,2175,436130.6,6477656.1,3181.1
10104,2175,436139.6,6477692.5,3175.2
10107,2175,436148.7,6477728.8,3166.8
10110,2175,436157.8,6477765.2,3160.9
10113,2175,436166.9,6477801.6,3156.2
10116,2175,436175.9,6477838.0,3151.7
10119,2175,436185.0,6477874.4,3146.7
10122,2175,436194.1,6477910.8,3142.4
10125,2175,436203.2,6477947.2,3138.9
10128,2175,436212.2,6477983.5,3131.0
10131,2175,436221.3,6478019.9,3111.8
10134,2175,436230.4,6478056.3,3078.8
10137,2175,436239.4,6478092.7,3035.1
10140,2175,436248.5,6478129.1,3003.5
10143,2175,436257.6,6478165.5,2991.6
10146,2175,436266.7,6478201.9,2985.8
10149,2175,436275.7,6478238.2,2988.2
10152,2175,436284.8,6478274.6,2990.8
10155,2175,436293.9,6478311.0,2993.8
10158,2175,436303.0,6478347.4,2995.0
10161,2175,436312.0,6478383.8,3000.3
10164,2175,436321.1,6478420.2,3005.4
10167,2175,436330.2,6478456.6,3008.7
10170,2175,436339.3,6478492.9,3015.1
10173,2175,436348.3,6478529.3,3029.4
10176,2175,436357.4,6478565.7,3041.8
10179,2175,436366.5,6478602.1,3048.4
10182,2175,436375.5,6478638.5,3059.1
10185,2175,436384.6,6478674.9,3067.6
10188,2175,436393.7,6478711.3,3076.8
10191,2175,436402.8,6478747.6,3084.5
10194,2175,436411.8,6478784.0,3091.7
10197,2175,436420.9,6478820.4,3098.6
10200,2175,436430.0,6478856.8,3104.1
10203,2175,436439.1,6478893.2,3112.1
10206,2175,436448.1,6478929.6,3134.2
10209,2175,436457.2,6478966.0,3162.7
10212,2175,436466.3,6479002.3,3176.9
10215,2175,436475.3,6479038.7,3185.5
10218,2175,436484.4,6479075.1,3189.0
10221,2175,436493.5,6479111.5,3189.5
10224,2175,436502.6,6479147.9,3190.6
10227,2175,436511.6,6479184.3,3193.4
10230,2175,436520.7,6479220.7,3196.5
10233,2175,436529.8,6479257.0,3197.6
10236,2175,436538.9,6479293.4,3198.6
10239,2175,436547.9,6479329.8,3199.8
10242,2175,436557.0,6479366.2,3200.9
10245,2175,436566.1,6479402.6,3201.7
10248,2175,436575.2,6479439.0,3199.4
10251,2175,436584.2,6479475.4,3194.8
10254,2175,436593.3,6479511.7,3192.3
10257,2175,436602.4,6479548.1,3190.0
10260,2175,436611.4,6479584.5,3187.6
10263,2175,436620.5,6479620.9,3182.5
10266,2175,436629.6,6479657.3,3175.5
10269,2175,436638.7,6479693.7,3169.6
10272,2175,436647.7,6479730.1,3166.1
10275,2175,436656.8,6479766.4,3168.6
10278,2175,436665.9,6479802.8,3169.9
10281,2175,436675.0,6479839.2,3169.9
10284,2175,436684.0,6479875.6,3169.2
10287,2175,436693.1,6479912.0,3175.7
10290,2175,436702.2,6479948.4,3175.1
10293,2175,436711.3,6479984.8,3172.0
10296,2175,436720.3,6480021.1,3165.4
10299,2175,436729.4,6480057.5,3162.8
10302,2175,436738.5,6480093.9,3146.7
10305,2175,436747.5,6480130.3,3131.8
10308,2175,436756.6,6480166.7,3124.4
10311,2175,436765.7,6480203.1,3110.7
10314,2175,436774.8,6480239.5,3102.2
10317,2175,436783.8,6480275.8,3097.2
10320,2175,436792.9,6480312.2,3097.6
10323,2175,436802.0,6480348.6,3087.8
10326,2175,436811.1,6480385.0,3083.5
10329,2175,436820.1,6480421.4,3079.8
10332,2175,436829.2,6480457.8,3081.1
10335,2175,436838.3,6480494.2,3074.8
10338,2175,436847.3,6480530.5,3067.3
10341,2175,436856.4,6480566.9,3060.4
10344,2175,436865.5,6480603.3,3050.7
10347,2175,436874.6,6480639.7,3046.3
10350,2175,436883.6,6480676.1,3046.4
10353,2175,436892.7,6480712.5,3047.8
10356,2175,436901.8,6480748.9,3047.9
10359,2175,436910.9,6480785.2,3046.9
9969,2172,435767.7,6476046.0,3172.3
9972,2172,435776.8,6476082.4,3165.0
9975,2172,435785.9,6476118.8,3167.9
9978,2172,435795.0,6476155.2,3164.8
9981,2172,435804.0,6476191.6,3154.2
9984,2172,435813.1,6476227.9,3147.6
9987,2172,435822.2,6476264.3,3143.2
9990,2172,435831.3,6476300.7,3139.4
9993,2172,435840.3,6476337.1,3137.0
9996,2172,435849.4,6476373.5,3135.6
9999,2172,435858.5,6476409.9,3133.7
10002,2172,435867.5,6476446.3,3131.3
10005,2172,435876.6,6476482.6,3130.2
10008,2172,435885.7,6476519.0,3130.6
10011,2172,435894.8,6476555.4,3131.8
10014,2172,435903.8,6476591.8,3134.4
10017,2172,435912.9,6476628.2,3137.8
10020,2172,435922.0,6476664.6,3144.1
10023,2172,435931.1,6476701.0,3153.7
10026,2172,435940.1,6476737.3,3161.3
10029,2172,435949.2,6476773.7,3167.4
10032,2172,435958.3,6476810.1,3170.6
10035,2172,435967.3,6476846.5,3175.1
10038,2172,435976.4,6476882.9,3176.8
10041,2172,435985.5,6476919.3,3175.5
10044,2172,435994.6,6476955.7,3173.9
10047,2172,436003.6,6476992.0,3169.3
10050,2172,436012.7,6477028.4,3156.9
10053,2172,436021.8,6477064.8,3138.6
10056,2172,436030.9,6477101.2,3130.0
10059,2172,436039.9,6477137.6,3121.1
10062,2172,436049.0,6477174.0,3117.1
10065,2172,436058.1,6477210.4,3118.5
10068,2172,436067.2,6477246.7,3123.4
10071,2172,436076.2,6477283.1,3127.2
10074,2172,436085.3,6477319.5,3132.5
10077,2172,436094.4,6477355.9,3138.8
10080,2172,436103.4,6477392.3,3146.4
10083,2172,436112.5,6477428.7,3157.6
10086,2172,436121.6,6477465.1,3168.6
10089,2172,436130.7,6477501.4,3177.7
10092,2172,436139.7,6477537.8,3182.9
10095,2172,436148.8,6477574.2,3185.6
10098,2172,436157.9,6477610.6,3184.2
10101,2172,436167.0,6477647.0,3181.1
10104,2172,436176.0,6477683.4,3173.9
10107,2172,436185.1,6477719.8,3165.0
10110,2172,436194.2,6477756.1,3159.5
10113,2172,436203.2,6477792.5,3155.3
10116,2172,436212.3,6477828.9,3151.0
10119,2172,436221.4,6477865.3,3146.2
10122,2172,436230.5,6477901.7,3143.6
10125,2172,436239.5,6477938.1,3140.0
10128,2172,436248.6,6477974.5,3133.5
10131,2172,436257.7,6478010.8,3125.1
10134,2172,436266.8,6478047.2,3098.6
10137,2172,436275.8,6478083.6,3055.2
10140,2172,436284.9,6478120.0,3019.8
10143,2172,436294.0,6478156.4,3005.5
10146,2172,436303.1,6478192.8,3000.1
10149,2172,436312.1,6478229.2,3000.3
10152,2172,436321.2,6478265.5,3002.8
10155,2172,436330.3,6478301.9,3001.9
10158,2172,436339.3,6478338.3,3007.3
10161,2172,436348.4,6478374.7,3013.0
10164,2172,436357.5,6478411.1,3018.4
10167,2172,436366.6,6478447.5,3020.5
10170,2172,436375.6,6478483.9,3030.8
10173,2172,436384.7,6478520.3,3041.7
10176,2172,436393.8,6478556.6,3048.0
10179,2172,436402.9,6478593.0,3053.8
10182,2172,436411.9,6478629.4,3063.7
10185,2172,436421.0,6478665.8,3072.2
10188,2172,436430.1,6478702.2,3078.2
10191,2172,436439.2,6478738.6,3086.0
10194,2172,436448.2,6478775.0,3093.0
10197,2172,436457.3,6478811.3,3099.2
10200,2172,436466.4,6478847.7,3107.0
10203,2172,436475.4,6478884.1,3124.2
10206,2172,436484.5,6478920.5,3152.9
10209,2172,436493.6,6478956.9,3170.3
10212,2172,436502.7,6478993.3,3180.7
10215,2172,436511.7,6479029.7,3187.5
10218,2172,436520.8,6479066.0,3189.4
10221,2172,436529.9,6479102.4,3189.7
10224,2172,436539.0,6479138.8,3190.9
10227,2172,436548.0,6479175.2,3194.6
10230,2172,436557.1,6479211.6,3198.4
10233,2172,436566.2,6479248.0,3200.0
10236,2172,436575.2,6479284.4,3200.8
10239,2172,436584.3,6479320.7,3200.6
10242,2172,436593.4,6479357.1,3200.3
10245,2172,436602.5,6479393.5,3199.2
10248,2172,436611.5,6479429.9,3196.5
10251,2172,436620.6,6479466.3,3191.5
10254,2172,436629.7,6479502.7,3189.1
10257,2172,436638.8,6479539.1,3186.5
10260,2172,436647.8,6479575.4,3184.6
10263,2172,436656.9,6479611.8,3180.3
10266,2172,436666.0,6479648.2,3171.9
10269,2172,436675.1,6479684.6,3163.2
10272,2172,436684.1,6479721.0,3158.4
10275,2172,436693.2,6479757.4,3157.5
10278,2172,436702.3,6479793.8,3159.3
10281,2172,436711.3,6479830.1,3157.5
10284,2172,436720.4,6479866.5,3153.8
10287,2172,436729.5,6479902.9,3155.2
10290,2172,436738.6,6479939.3,3150.5
10293,2172,436747.6,6479975.7,3143.9
10296,2172,436756.7,6480012.1,3135.7
10299,2172,436765.8,6480048.5,3134.7
10302,2172,436774.9,6480084.8,3120.5
10305,2172,436783.9,6480121.2,3106.0
10308,2172,436793.0,6480157.6,3097.2
10311,2172,436802.1,6480194.0,3087.1
10314,2172,436811.1,6480230.4,3079.0
10317,2172,436820.2,6480266.8,3073.7
10320,2172,436829.3,6480303.2,3074.5
10323,2172,436838.4,6480339.5,3067.1
10326,2172,436847.4,6480375.9,3065.2
10329,2172,436856.5,6480412.3,3062.2
10332,2172,436865.6,6480448.7,3063.5
10335,2172,436874.7,6480485.1,3059.5
10338,2172,436883.7,6480521.5,3054.3
10341,2172,436892.8,6480557.9,3049.7
10344,2172,436901.9,6480594.2,3047.6
10347,2172,436911.0,6480630.6,3046.2
10350,2172,436920.0,6480667.0,3045.6
10353,2172,436929.1,6480703.4,3046.1
10356,2172,436938.2,6480739.8,3047.1
10359,2172,436947.2,6480776.2,3047.6
9969,2169,435804.1,6476036.9,3186.6
9972,2169,435813.2,6476073.3,3176.1
9975,2169,435822.3,6476109.7,3179.7
9978,2169,435831.3,6476146.1,3175.0
9981,2169,435840.4,6476182.5,3162.6
9984,2169,435849.5,6476218.9,3156.0
9987,2169,435858.6,6476255.3,3148.8
9990,2169,435867.6,6476291.6,3142.6
9993,2169,435876.7,6476328.0,3138.1
9996,2169,435885.8,6476364.4,3135.3
9999,2169,435894.9,6476400.8,3133.3
10002,2169,435903.9,6476437.2,3131.0
10005,2169,435913.0,6476473.6,3129.8
10008,2169,435922.1,6476510.0,3129.8
10011,2169,435931.1,6476546.3,3129.8
10014,2169,435940.2,6476582.7,3131.5
10017,2169,435949.3,6476619.1,3133.0
10020,2169,435958.4,6476655.5,3137.7
10023,2169,435967.4,6476691.9,3145.9
10026,2169,435976.5,6476728.3,3152.0
10029,2169,435985.6,6476764.7,3158.3
10032,2169,435994.7,6476801.0,3161.5
10035,2169,436003.7,6476837.4,3166.4
10038,2169,436012.8,6476873.8,3167.8
10041,2169,436021.9,6476910.2,3165.9
10044,2169,436031.0,6476946.6,3159.0
10047,2169,436040.0,6476983.0,3152.1
10050,2169,436049.1,6477019.4,3133.3
10053,2169,436058.2,6477055.7,3121.1
10056,2169,436067.2,6477092.1,3116.9
10059,2169,436076.3,6477128.5,3111.8
10062,2169,436085.4,6477164.9,3109.2
10065,2169,436094.5,6477201.3,3111.4
10068,2169,436103.5,6477237.7,3116.8
10071,2169,436112.6,6477274.1,3120.2
10074,2169,436121.7,6477310.4,3125.4
10077,2169,436130.8,6477346.8,3131.6
10080,2169,436139.8,6477383.2,3140.6
10083,2169,436148.9,6477419.6,3150.7
10086,2169,436158.0,6477456.0,3158.1
10089,2169,436167.0,6477492.4,3170.4
10092,2169,436176.1,6477528.8,3178.1
10095,2169,436185.2,6477565.1,3181.8
10098,2169,436194.3,6477601.5,3181.7
10101,2169,436203.3,6477637.9,3179.6
10104,2169,436212.4,6477674.3,3173.4
10107,2169,436221.5,6477710.7,3164.1
10110,2169,436230.6,6477747.1,3156.3
10113,2169,436239.6,6477783.5,3151.8
10116,2169,436248.7,6477819.8,3147.6
10119,2169,436257.8,6477856.2,3144.8
10122,2169,436266.9,6477892.6,3143.0
10125,2169,436275.9,6477929.0,3138.9
10128,2169,436285.0,6477965.4,3132.8
10131,2169,436294.1,6478001.8,3130.8
10134,2169,436303.1,6478038.2,3119.0
10137,2169,436312.2,6478074.5,3089.5
10140,2169,436321.3,6478110.9,3049.7
10143,2169,436330.4,6478147.3,3022.0
10146,2169,436339.4,6478183.7,3015.8
10149,2169,436348.5,6478220.1,3016.6
10152,2169,436357.6,6478256.5,3016.2
10155,2169,436366.7,6478292.9,3014.6
10158,2169,436375.7,6478329.2,3020.3
10161,2169,436384.8,6478365.6,3026.5
10164,2169,436393.9,6478402.0,3027.6
10167,2169,436403.0,6478438.4,3033.8
10170,2169,436412.0,6478474.8,3041.4
10173,2169,436421.1,6478511.2,3049.2
10176,2169,436430.2,6478547.6,3053.1
10179,2169,436439.2,6478584.0,3061.0
10182,2169,436448.3,6478620.3,3071.2
10185,2169,436457.4,6478656.7,3077.4
10188,2169,436466.5,6478693.1,3084.0
10191,2169,436475.5,6478729.5,3090.0
10194,2169,436484.6,6478765.9,3097.7
10197,2169,436493.7,6478802.3,3102.1
10200,2169,436502.8,6478838.7,3116.8
10203,2169,436511.8,6478875.0,3140.2
10206,2169,436520.9,6478911.4,3168.5
10209,2169,436530.0,6478947.8,3179.1
10212,2169,436539.0,6478984.2,3187.5
10215,2169,436548.1,6479020.6,3189.4
10218,2169,436557.2,6479057.0,3189.7
10221,2169,436566.3,6479093.4,3190.9
10224,2169,436575.3,6479129.7,3193.0
10227,2169,436584.4,6479166.1,3198.3
10230,2169,436593.5,6479202.5,3200.3
10233,2169,436602.6,6479238.9,3202.0
10236,2169,436611.6,6479275.3,3202.1
10239,2169,436620.7,6479311.7,3200.6
10242,2169,436629.8,6479348.1,3199.0
10245,2169,436638.9,6479384.4,3197.2
10248,2169,436647.9,6479420.8,3193.4
10251,2169,436657.0,6479457.2,3188.9
10254,2169,436666.1,6479493.6,3184.2
10257,2169,436675.1,6479530.0,3180.8
10260,2169,436684.2,6479566.4,3178.7
10263,2169,436693.3,6479602.8,3179.4
10266,2169,436702.4,6479639.1,3171.5
10269,2169,436711.4,6479675.5,3161.6
10272,2169,436720.5,6479711.9,3153.7
10275,2169,436729.6,6479748.3,3151.2
10278,2169,436738.7,6479784.7,3150.2
10281,2169,436747.7,6479821.1,3147.5
10284,2169,436756.8,6479857.5,3143.2
10287,2169,436765.9,6479893.8,3138.0
10290,2169,436774.9,6479930.2,3130.1
10293,2169,436784.0,6479966.6,3119.7
10296,2169,436793.1,6480003.0,3117.9
10299,2169,436802.2,6480039.4,3108.4
10302,2169,436811.2,6480075.8,3097.3
10305,2169,436820.3,6480112.2,3086.9
10308,2169,436829.4,6480148.5,3081.8
10311,2169,436838.5,6480184.9,3070.4
10314,2169,436847.5,6480221.3,3062.9
10317,2169,436856.6,6480257.7,3058.4
10320,2169,436865.7,6480294.1,3057.4
10323,2169,436874.8,6480330.5,3053.9
10326,2169,436883.8,6480366.9,3051.3
10329,2169,436892.9,6480403.2,3052.1
10332,2169,436902.0,6480439.6,3048.1
10335,2169,436911.0,6480476.0,3045.7
10338,2169,436920.1,6480512.4,3043.6
10341,2169,436929.2,6480548.8,3044.6
10344,2169,436938.3,6480585.2,3043.4
10347,2169,436947.3,6480621.6,3044.2
10350,2169,436956.4,6480657.9,3043.1
10353,2169,436965.5,6480694.3,3043.6
10356,2169,436974.6,6480730.7,3043.5
10359,2169,436983.6,6480767.1,3044.7
9969,2166,435840.5,6476027.9,3185.2
9972,2166,435849.6,6476064.3,3185.5
9975,2166,435858.7,6476100.6,3185.6
9978,2166,435867.7,6476137.0,3182.2
9981,2166,435876.8,6476173.4,3174.6
9984,2166,435885.9,6476209.8,3161.5
9987,2166,435894.9,6476246.2,3155.7
9990,2166,435904.0,6476282.6,3149.2
9993,2166,435913.1,6476319.0,3143.6
9996,2166,435922.2,6476355.3,3140.5
9999,2166,435931.2,6476391.7,3135.3
10002,2166,435940.3,6476428.1,3132.8
10005,2166,435949.4,6476464.5,3131.7
10008,2166,435958.5,6476500.9,3131.5
10011,2166,435967.5,6476537.3,3130.3
10014,2166,435976.6,6476573.7,3131.9
10017,2166,435985.7,6476610.0,3133.9
10020,2166,435994.8,6476646.4,3137.9
10023,2166,436003.8,6476682.8,3143.2
10026,2166,436012.9,6476719.2,3146.5
10029,2166,436022.0,6476755.6,3147.8
10032,2166,436031.0,6476792.0,3153.3
10035,2166,436040.1,6476828.4,3155.3
10038,2166,436049.2,6476864.7,3156.8
10041,2166,436058.3,6476901.1,3153.0
10044,2166,436067.3,6476937.5,3148.6
10047,2166,436076.4,6476973.9,3131.2
10050,2166,436085.5,6477010.3,3114.6
10053,2166,436094.6,6477046.7,3107.5
10056,2166,436103.6,6477083.1,3107.6
10059,2166,436112.7,6477119.4,3106.3
10062,2166,436121.8,6477155.8,3105.2
10065,2166,436130.9,6477192.2,3108.0
10068,2166,436139.9,6477228.6,3112.3
10071,2166,436149.0,6477265.0,3116.1
10074,2166,436158.1,6477301.4,3119.8
10077,2166,436167.1,6477337.8,3126.2
10080,2166,436176.2,6477374.1,3132.6
10083,2166,436185.3,6477410.5,3142.2
10086,2166,436194.4,6477446.9,3152.9
10089,2166,436203.4,6477483.3,3165.6
10092,2166,436212.5,6477519.7,3173.6
10095,2166,436221.6,6477556.1,3176.2
10098,2166,436230.7,6477592.5,3178.8
10101,2166,436239.7,6477628.8,3176.6
10104,2166,436248.8,6477665.2,3170.9
10107,2166,436257.9,6477701.6,3162.2
10110,2166,436266.9,6477738.0,3155.9
10113,2166,436276.0,6477774.4,3149.0
10116,2166,436285.1,6477810.8,3145.1
10119,2166,436294.2,6477847.2,3142.5
10122,2166,436303.2,6477883.5,3140.5
10125,2166,436312.3,6477919.9,3135.3
10128,2166,436321.4,6477956.3,3132.4
10131,2166,436330.5,6477992.7,3132.2
10134,2166,436339.5,6478029.1,3130.0
10137,2166,436348.6,6478065.5,3115.1
10140,2166,436357.7,6478101.9,3087.5
10143,2166,436366.8,6478138.2,3055.8
10146,2166,436375.8,6478174.6,3043.8
10149,2166,436384.9,6478211.0,3043.5
10152,2166,436394.0,6478247.4,3040.1
10155,2166,436403.0,6478283.8,3029.7
10158,2166,436412.1,6478320.2,3033.6
10161,2166,436421.2,6478356.6,3038.1
10164,2166,436430.3,6478392.9,3041.1
10167,2166,436439.3,6478429.3,3044.1
10170,2166,436448.4,6478465.7,3049.9
10173,2166,436457.5,6478502.1,3058.6
10176,2166,436466.6,6478538.5,3062.3
10179,2166,436475.6,6478574.9,3070.0
10182,2166,436484.7,6478611.3,3079.8
10185,2166,436493.8,6478647.6,3085.9
10188,2166,436502.8,6478684.0,3090.1
10191,2166,436511.9,6478720.4,3099.4
10194,2166,436521.0,6478756.8,3109.1
10197,2166,436530.1,6478793.2,3121.9
10200,2166,436539.1,6478829.6,3138.2
10203,2166,436548.2,6478866.0,3164.8
10206,2166,436557.3,6478902.3,3183.5
10209,2166,436566.4,6478938.7,3188.1
10212,2166,436575.4,6478975.1,3192.4
10215,2166,436584.5,6479011.5,3192.3
10218,2166,436593.6,6479047.9,3191.0
10221,2166,436602.7,6479084.3,3191.7
10224,2166,436611.7,6479120.7,3196.8
10227,2166,436620.8,6479157.0,3200.8
10230,2166,436629.9,6479193.4,3203.2
10233,2166,436638.9,6479229.8,3203.4
10236,2166,436648.0,6479266.2,3202.9
10239,2166,436657.1,6479302.6,3200.8
10242,2166,436666.2,6479339.0,3197.8
10245,2166,436675.2,6479375.4,3195.6
10248,2166,436684.3,6479411.8,3192.8
10251,2166,436693.4,6479448.1,3186.3
10254,2166,436702.5,6479484.5,3180.7
10257,2166,436711.5,6479520.9,3173.7
10260,2166,436720.6,6479557.3,3171.7
10263,2166,436729.7,6479593.7,3174.7
10266,2166,436738.7,6479630.1,3168.3
10269,2166,436747.8,6479666.5,3159.4
10272,2166,436756.9,6479702.8,3150.4
10275,2166,436766.0,6479739.2,3145.2
10278,2166,436775.0,6479775.6,3142.1
10281,2166,436784.1,6479812.0,3138.2
10284,2166,436793.2,6479848.4,3129.1
10287,2166,436802.3,6479884.8,3122.7
10290,2166,436811.3,6479921.2,3110.4
10293,2166,436820.4,6479957.5,3097.1
10296,2166,436829.5,6479993.9,3094.2
10299,2166,436838.6,6480030.3,3086.0
10302,2166,436847.6,6480066.7,3079.5
10305,2166,436856.7,6480103.1,3077.4
10308,2166,436865.8,6480139.5,3069.5
10311,2166,436874.8,6480175.9,3062.3
10314,2166,436883.9,6480212.2,3056.2
10317,2166,436893.0,6480248.6,3053.8
10320,2166,436902.1,6480285.0,3050.2
10323,2166,436911.1,6480321.4,3047.2
10326,2166,436920.2,6480357.8,3043.2
10329,2166,436929.3,6480394.2,3042.0
10332,2166,436938.4,6480430.6,3039.5
10335,2166,436947.4,6480466.9,3039.5
10338,2166,436956.5,6480503.3,3039.4
10341,2166,436965.6,6480539.7,3039.3
10344,2166,436974.7,6480576.1,3040.3
10347,2166,436983.7,6480612.5,3040.8
10350,2166,436992.8,6480648.9,3040.8
10353,2166,437001.9,6480685.3,3040.0
10356,2166,437010.9,6480721.6,3040.5
10359,2166,437020.0,6480758.0,3042.0
9969,2163,435876.9,6476018.8,3181.6
9972,2163,435886.0,6476055.2,3183.0
9975,2163,435895.0,6476091.6,3181.9
9978,2163,435904.1,6476128.0,3182.0
9981,2163,435913.2,6476164.3,3178.1
9984,2163,435922.3,6476200.7,3170.2
9987,2163,435931.3,6476237.1,3168.2
9990,2163,435940.4,6476273.5,3164.9
9993,2163,435949.5,6476309.9,3158.5
9996,2163,435958.6,6476346.3,3149.7
9999,2163,435967.6,6476382.7,3141.1
10002,2163,435976.7,6476419.0,3137.7
10005,2163,435985.8,6476455.4,3138.0
10008,2163,435994.8,6476491.8,3138.0
10011,2163,436003.9,6476528.2,3135.8
10014,2163,436013.0,6476564.6,3137.9
10017,2163,436022.1,6476601.0,3139.5
10020,2163,436031.1,6476637.4,3140.7
10023,2163,436040.2,6476673.7,3141.0
10026,2163,436049.3,6476710.1,3140.0
10029,2163,436058.4,6476746.5,3139.2
10032,2163,436067.4,6476782.9,3142.7
10035,2163,436076.5,6476819.3,3143.8
10038,2163,436085.6,6476855.7,3141.8
10041,2163,436094.7,6476892.1,3141.8
10044,2163,436103.7,6476928.4,3129.3
10047,2163,436112.8,6476964.8,3113.4
10050,2163,436121.9,6477001.2,3103.9
10053,2163,436130.9,6477037.6,3101.9
10056,2163,436140.0,6477074.0,3101.0
10059,2163,436149.1,6477110.4,3101.6
10062,2163,436158.2,6477146.8,3101.9
10065,2163,436167.2,6477183.1,3105.4
10068,2163,436176.3,6477219.5,3108.8
10071,2163,436185.4,6477255.9,3110.8
10074,2163,436194.5,6477292.3,3114.6
10077,2163,436203.5,6477328.7,3119.5
10080,2163,436212.6,6477365.1,3126.5
10083,2163,436221.7,6477401.5,3135.2
10086,2163,436230.7,6477437.8,3145.7
10089,2163,436239.8,6477474.2,3156.2
10092,2163,436248.9,6477510.6,3163.9
10095,2163,436258.0,6477547.0,3169.1
10098,2163,436267.0,6477583.4,3172.7
10101,2163,436276.1,6477619.8,3170.7
10104,2163,436285.2,6477656.2,3166.8
10107,2163,436294.3,6477692.5,3159.9
10110,2163,436303.3,6477728.9,3153.7
10113,2163,436312.4,6477765.3,3147.2
10116,2163,436321.5,6477801.7,3143.2
10119,2163,436330.6,6477838.1,3141.3
10122,2163,436339.6,6477874.5,3138.7
10125,2163,436348.7,6477910.9,3134.2
10128,2163,436357.8,6477947.2,3131.4
10131,2163,436366.8,6477983.6,3132.2
10134,2163,436375.9,6478020.0,3132.1
10137,2163,436385.0,6478056.4,3129.1
10140,2163,436394.1,6478092.8,3114.8
10143,2163,436403.1,6478129.2,3101.3
10146,2163,436412.2,6478165.6,3093.3
10149,2163,436421.3,6478201.9,3092.8
10152,2163,436430.4,6478238.3,3072.5
10155,2163,436439.4,6478274.7,3056.8
10158,2163,436448.5,6478311.1,3048.9
10161,2163,436457.6,6478347.5,3048.0
10164,2163,436466.6,6478383.9,3048.1
10167,2163,436475.7,6478420.3,3053.3
10170,2163,436484.8,6478456.6,3060.5
10173,2163,436493.9,6478493.0,3071.5
10176,2163,436502.9,6478529.4,3077.3
10179,2163,436512.0,6478565.8,3085.2
10182,2163,436521.1,6478602.2,3092.0
10185,2163,436530.2,6478638.6,3092.7
10188,2163,436539.2,6478675.0,3098.1
10191,2163,436548.3,6478711.3,3111.3
10194,2163,436557.4,6478747.7,3132.0
10197,2163,436566.5,6478784.1,3144.1
10200,2163,436575.5,6478820.5,3168.6
10203,2163,436584.6,6478856.9,3182.9
10206,2163,436593.7,6478893.3,3192.2
10209,2163,436602.7,6478929.7,3195.7
10212,2163,436611.8,6478966.0,3196.9
10215,2163,436620.9,6479002.4,3195.8
10218,2163,436630.0,6479038.8,3193.5
10221,2163,436639.0,6479075.2,3193.4
10224,2163,436648.1,6479111.6,3197.6
10227,2163,436657.2,6479148.0,3202.7
10230,2163,436666.3,6479184.4,3204.8
10233,2163,436675.3,6479220.7,3205.0
10236,2163,436684.4,6479257.1,3204.5
10239,2163,436693.5,6479293.5,3202.3
10242,2163,436702.6,6479329.9,3199.4
10245,2163,436711.6,6479366.3,3196.0
10248,2163,436720.7,6479402.7,3192.0
10251,2163,436729.8,6479439.1,3185.4
10254,2163,436738.8,6479475.4,3175.5
10257,2163,436747.9,6479511.8,3167.7
10260,2163,436757.0,6479548.2,3165.3
10263,2163,436766.1,6479584.6,3167.2
10266,2163,436775.1,6479621.0,3160.3
10269,2163,436784.2,6479657.4,3152.2
10272,2163,436793.3,6479693.8,3145.4
10275,2163,436802.4,6479730.2,3138.0
10278,2163,436811.4,6479766.5,3132.4
10281,2163,436820.5,6479802.9,3127.1
10284,2163,436829.6,6479839.3,3121.9
10287,2163,436838.6,6479875.7,3107.6
10290,2163,436847.7,6479912.1,3093.0
10293,2163,436856.8,6479948.5,3079.0
10296,2163,436865.9,6479984.8,3075.4
10299,2163,436874.9,6480021.2,3070.0
10302,2163,436884.0,6480057.6,3067.2
10305,2163,436893.1,6480094.0,3064.9
10308,2163,436902.2,6480130.4,3063.3
10311,2163,436911.2,6480166.8,3060.6
10314,2163,436920.3,6480203.2,3055.7
10317,2163,436929.4,6480239.6,3050.7
10320,2163,436938.5,6480275.9,3046.2
10323,2163,436947.5,6480312.3,3043.5
10326,2163,436956.6,6480348.7,3040.2
10329,2163,436965.7,6480385.1,3038.5
10332,2163,436974.7,6480421.5,3036.8
10335,2163,436983.8,6480457.9,3036.7
10338,2163,436992.9,6480494.3,3036.4
10341,2163,437002.0,6480530.6,3036.0
10344,2163,437011.0,6480567.0,3036.3
10347,2163,437020.1,6480603.4,3036.5
10350,2163,437029.2,6480639.8,3036.9
10353,2163,437038.3,6480676.2,3036.7
10356,2163,437047.3,6480712.6,3037.4
10359,2163,437056.4,6480749.0,3038.3
9969,2160,435913.3,6476009.7,3172.6
9972,2160,435922.4,6476046.1,3175.9
9975,2160,435931.4,6476082.5,3175.9
9978,2160,435940.5,6476118.9,3176.3
9981,2160,435949.6,6476155.3,3175.8
9984,2160,435958.6,6476191.7,3174.9
9987,2160,435967.7,6476228.0,3174.8
9990,2160,435976.8,6476264.4,3175.9
9993,2160,435985.9,6476300.8,3173.4
9996,2160,435994.9,6476337.2,3167.4
9999,2160,436004.0,6476373.6,3157.2
10002,2160,436013.1,6476410.0,3152.5
10005,2160,436022.2,6476446.4,3149.0
10008,2160,436031.2,6476482.7,3149.1
10011,2160,436040.3,6476519.1,3145.9
10014,2160,436049.4,6476555.5,3148.1
10017,2160,436058.5,6476591.9,3147.5
10020,2160,436067.5,6476628.3,3144.2
10023,2160,436076.6,6476664.7,3141.9
10026,2160,436085.7,6476701.1,3136.1
10029,2160,436094.7,6476737.4,3131.5
10032,2160,436103.8,6476773.8,3131.9
10035,2160,436112.9,6476810.2,3130.9
10038,2160,436122.0,6476846.6,3126.7
10041,2160,436131.0,6476883.0,3116.8
10044,2160,436140.1,6476919.4,3110.7
10047,2160,436149.2,6476955.8,3103.3
10050,2160,436158.3,6476992.1,3097.7
10053,2160,436167.3,6477028.5,3096.8
10056,2160,436176.4,6477064.9,3096.1
10059,2160,436185.5,6477101.3,3096.6
10062,2160,436194.5,6477137.7,3098.4
10065,2160,436203.6,6477174.1,3101.3
10068,2160,436212.7,6477210.5,3104.0
10071,2160,436221.8,6477246.8,3106.5
10074,2160,436230.8,6477283.2,3108.6
10077,2160,436239.9,6477319.6,3115.2
10080,2160,436249.0,6477356.0,3120.0
10083,2160,436258.1,6477392.4,3128.2
10086,2160,436267.1,6477428.8,3137.9
10089,2160,436276.2,6477465.2,3147.3
10092,2160,436285.3,6477501.5,3155.3
10095,2160,436294.4,6477537.9,3161.3
10098,2160,436303.4,6477574.3,3165.6
10101,2160,436312.5,6477610.7,3165.0
10104,2160,436321.6,6477647.1,3161.2
10107,2160,436330.6,6477683.5,3154.7
10110,2160,436339.7,6477719.9,3150.2
10113,2160,436348.8,6477756.2,3145.8
10116,2160,436357.9,6477792.6,3141.8
10119,2160,436366.9,6477829.0,3140.3
10122,2160,436376.0,6477865.4,3137.9
10125,2160,436385.1,6477901.8,3134.5
10128,2160,436394.2,6477938.2,3132.1
10131,2160,436403.2,6477974.6,3132.5
10134,2160,436412.3,6478010.9,3132.8
10137,2160,436421.4,6478047.3,3135.2
10140,2160,436430.5,6478083.7,3142.5
10143,2160,436439.5,6478120.1,3138.2
10146,2160,436448.6,6478156.5,3142.9
10149,2160,436457.7,6478192.9,3146.8
10152,2160,436466.7,6478229.3,3130.4
10155,2160,436475.8,6478265.6,3103.1
10158,2160,436484.9,6478302.0,3076.3
10161,2160,436494.0,6478338.4,3062.9
10164,2160,436503.0,6478374.8,3056.8
10167,2160,436512.1,6478411.2,3062.3
10170,2160,436521.2,6478447.6,3076.3
10173,2160,436530.3,6478484.0,3091.7
10176,2160,436539.3,6478520.3,3094.1
10179,2160,436548.4,6478556.7,3098.6
10182,2160,436557.5,6478593.1,3102.8
10185,2160,436566.5,6478629.5,3103.5
10188,2160,436575.6,6478665.9,3111.9
10191,2160,436584.7,6478702.3,3130.8
10194,2160,436593.8,6478738.7,3145.7
10197,2160,436602.8,6478775.0,3169.2
10200,2160,436611.9,6478811.4,3186.4
10203,2160,436621.0,6478847.8,3195.6
10206,2160,436630.1,6478884.2,3198.2
10209,2160,436639.1,6478920.6,3200.9
10212,2160,436648.2,6478957.0,3201.1
10215,2160,436657.3,6478993.4,3200.0
10218,2160,436666.4,6479029.7,3198.3
10221,2160,436675.4,6479066.1,3197.4
10224,2160,436684.5,6479102.5,3199.2
10227,2160,436693.6,6479138.9,3203.0
10230,2160,436702.6,6479175.3,3206.5
10233,2160,436711.7,6479211.7,3207.6
10236,2160,436720.8,6479248.1,3207.0
10239,2160,436729.9,6479284.4,3205.3
10242,2160,436738.9,6479320.8,3201.4
10245,2160,436748.0,6479357.2,3195.3
10248,2160,436757.1,6479393.6,3189.5
10251,2160,436766.2,6479430.0,3182.1
10254,2160,436775.2,6479466.4,3170.0
10257,2160,436784.3,6479502.8,3161.1
10260,2160,436793.4,6479539.1,3159.9
10263,2160,436802.4,6479575.5,3155.9
10266,2160,436811.5,6479611.9,3149.9
10269,2160,436820.6,6479648.3,3142.1
10272,2160,436829.7,6479684.7,3136.3
10275,2160,436838.7,6479721.1,3126.1
10278,2160,436847.8,6479757.5,3119.0
10281,2160,436856.9,6479793.8,3115.5
10284,2160,436866.0,6479830.2,3108.2
10287,2160,436875.0,6479866.6,3092.1
10290,2160,436884.1,6479903.0,3076.8
10293,2160,436893.2,6479939.4,3069.3
10296,2160,436902.3,6479975.8,3061.6
10299,2160,436911.3,6480012.2,3060.0
10302,2160,436920.4,6480048.5,3060.2
10305,2160,436929.5,6480084.9,3061.1
10308,2160,436938.5,6480121.3,3061.3
10311,2160,436947.6,6480157.7,3059.7
10314,2160,436956.7,6480194.1,3056.1
10317,2160,436965.8,6480230.5,3051.4
10320,2160,436974.8,6480266.9,3045.9
10323,2160,436983.9,6480303.2,3042.5
10326,2160,436993.0,6480339.6,3040.5
10329,2160,437002.1,6480376.0,3038.8
10332,2160,437011.1,6480412.4,3037.4
10335,2160,437020.2,6480448.8,3036.7
10338,2160,437029.3,6480485.2,3035.5
10341,2160,437038.3,6480521.6,3033.7
10344,2160,437047.4,6480558.0,3032.9
10347,2160,437056.5,6480594.3,3032.7
10350,2160,437065.6,6480630.7,3032.4
10353,2160,437074.6,6480667.1,3031.7
10356,2160,437083.7,6480703.5,3032.4
10359,2160,437092.8,6480739.9,3035.4
9969,2157,435949.7,6476000.6,3171.8
9972,2157,435958.7,6476037.0,3170.9
9975,2157,435967.8,6476073.4,3170.0
9978,2157,435976.9,6476109.8,3169.5
9981,2157,435986.0,6476146.2,3173.2
9984,2157,435995.0,6476182.6,3174.7
9987,2157,436004.1,6476219.0,3177.3
9990,2157,436013.2,6476255.3,3179.7
9993,2157,436022.3,6476291.7,3180.1
9996,2157,436031.3,6476328.1,3175.6
9999,2157,436040.4,6476364.5,3171.8
10002,2157,436049.5,6476400.9,3167.0
10005,2157,436058.5,6476437.3,3163.9
10008,2157,436067.6,6476473.7,3159.0
10011,2157,436076.7,6476510.1,3156.8
10014,2157,436085.8,6476546.4,3155.3
10017,2157,436094.8,6476582.8,3152.8
10020,2157,436103.9,6476619.2,3147.6
10023,2157,436113.0,6476655.6,3144.2
10026,2157,436122.1,6476692.0,3136.0
10029,2157,436131.1,6476728.4,3129.4
10032,2157,436140.2,6476764.8,3125.6
10035,2157,436149.3,6476801.1,3121.9
10038,2157,436158.3,6476837.5,3115.9
10041,2157,436167.4,6476873.9,3110.5
10044,2157,436176.5,6476910.3,3101.8
10047,2157,436185.6,6476946.7,3096.6
10050,2157,436194.6,6476983.1,3094.0
10053,2157,436203.7,6477019.5,3093.4
10056,2157,436212.8,6477055.8,3093.3
10059,2157,436221.9,6477092.2,3094.5
10062,2157,436230.9,6477128.6,3097.0
10065,2157,436240.0,6477165.0,3099.1
10068,2157,436249.1,6477201.4,3099.8
10071,2157,436258.2,6477237.8,3100.3
10074,2157,436267.2,6477274.2,3103.1
10077,2157,436276.3,6477310.5,3107.9
10080,2157,436285.4,6477346.9,3116.0
10083,2157,436294.4,6477383.3,3123.7
10086,2157,436303.5,6477419.7,3133.4
10089,2157,436312.6,6477456.1,3138.7
10092,2157,436321.7,6477492.5,3147.1
10095,2157,436330.7,6477528.9,3155.7
10098,2157,436339.8,6477565.2,3159.7
10101,2157,436348.9,6477601.6,3159.4
10104,2157,436358.0,6477638.0,3155.8
10107,2157,436367.0,6477674.4,3152.6
10110,2157,436376.1,6477710.8,3147.9
10113,2157,436385.2,6477747.2,3142.3
10116,2157,436394.3,6477783.6,3139.5
10119,2157,436403.3,6477819.9,3138.9
10122,2157,436412.4,6477856.3,3136.4
10125,2157,436421.5,6477892.7,3133.5
10128,2157,436430.5,6477929.1,3132.3
10131,2157,436439.6,6477965.5,3133.0
10134,2157,436448.7,6478001.9,3134.1
10137,2157,436457.8,6478038.3,3140.3
10140,2157,436466.8,6478074.6,3151.8
10143,2157,436475.9,6478111.0,3169.3
10146,2157,436485.0,6478147.4,3175.6
10149,2157,436494.1,6478183.8,3177.2
10152,2157,436503.1,6478220.2,3162.6
10155,2157,436512.2,6478256.6,3137.5
10158,2157,436521.3,6478293.0,3119.0
10161,2157,436530.3,6478329.3,3083.8
10164,2157,436539.4,6478365.7,3074.1
10167,2157,436548.5,6478402.1,3077.4
10170,2157,436557.6,6478438.5,3092.2
10173,2157,436566.6,6478474.9,3099.5
10176,2157,436575.7,6478511.3,3104.6
10179,2157,436584.8,6478547.7,3107.8
10182,2157,436593.9,6478584.0,3115.0
10185,2157,436602.9,6478620.4,3119.0
10188,2157,436612.0,6478656.8,3137.9
10191,2157,436621.1,6478693.2,3155.6
10194,2157,436630.2,6478729.6,3167.2
10197,2157,436639.2,6478766.0,3186.0
10200,2157,436648.3,6478802.4,3198.3
10203,2157,436657.4,6478838.7,3201.8
10206,2157,436666.4,6478875.1,3201.3
10209,2157,436675.5,6478911.5,3203.3
10212,2157,436684.6,6478947.9,3203.6
10215,2157,436693.7,6478984.3,3203.6
10218,2157,436702.7,6479020.7,3201.6
10221,2157,436711.8,6479057.1,3201.1
10224,2157,436720.9,6479093.4,3202.2
10227,2157,436730.0,6479129.8,3204.9
10230,2157,436739.0,6479166.2,3208.3
10233,2157,436748.1,6479202.6,3210.2
10236,2157,436757.2,6479239.0,3210.5
10239,2157,436766.2,6479275.4,3207.8
10242,2157,436775.3,6479311.8,3204.3
10245,2157,436784.4,6479348.1,3197.1
10248,2157,436793.5,6479384.5,3185.7
10251,2157,436802.5,6479420.9,3175.2
10254,2157,436811.6,6479457.3,3161.9
10257,2157,436820.7,6479493.7,3154.4
10260,2157,436829.8,6479530.1,3150.3
10263,2157,436838.8,6479566.5,3142.8
10266,2157,436847.9,6479602.8,3133.4
10269,2157,436857.0,6479639.2,3126.5
10272,2157,436866.1,6479675.6,3122.9
10275,2157,436875.1,6479712.0,3115.7
10278,2157,436884.2,6479748.4,3108.0
10281,2157,436893.3,6479784.8,3101.2
10284,2157,436902.3,6479821.2,3092.6
10287,2157,436911.4,6479857.5,3075.9
10290,2157,436920.5,6479893.9,3065.1
10293,2157,436929.6,6479930.3,3056.6
10296,2157,436938.6,6479966.7,3052.6
10299,2157,436947.7,6480003.1,3052.1
10302,2157,436956.8,6480039.5,3054.8
10305,2157,436965.9,6480075.9,3058.0
10308,2157,436974.9,6480112.2,3059.7
10311,2157,436984.0,6480148.6,3060.0
10314,2157,436993.1,6480185.0,3056.4
10317,2157,437002.2,6480221.4,3051.5
10320,2157,437011.2,6480257.8,3046.5
10323,2157,437020.3,6480294.2,3044.0
10326,2157,437029.4,6480330.6,3042.2
10329,2157,437038.4,6480366.9,3041.2
10332,2157,437047.5,6480403.3,3039.4
10335,2157,437056.6,6480439.7,3037.6
10338,2157,437065.7,6480476.1,3036.3
10341,2157,437074.7,6480512.5,3033.4
10344,2157,437083.8,6480548.9,3031.5
10347,2157,437092.9,6480585.3,3030.7
10350,2157,437102.0,6480621.6,3029.4
10353,2157,437111.0,6480658.0,3027.2
10356,2157,437120.1,6480694.4,3026.9
10359,2157,437129.2,6480730.8,3030.1
9969,2154,435986.1,6475991.6,3181.2
9972,2154,435995.1,6476028.0,3172.9
9975,2154,436004.2,6476064.3,3169.5
9978,2154,436013.3,6476100.7,3168.3
9981,2154,436022.3,6476137.1,3174.5
9984,2154,436031.4,6476173.5,3175.9
9987,2154,436040.5,6476209.9,3176.8
9990,2154,436049.6,6476246.3,3180.9
9993,2154,436058.6,6476282.7,3181.2
9996,2154,436067.7,6476319.0,3179.1
9999,2154,436076.8,6476355.4,3176.0
10002,2154,436085.9,6476391.8,3172.0
10005,2154,436094.9,6476428.2,3169.7
10008,2154,436104.0,6476464.6,3167.7
10011,2154,436113.1,6476501.0,3165.2
10014,2154,436122.2,6476537.4,3162.8
10017,2154,436131.2,6476573.7,3159.5
10020,2154,436140.3,6476610.1,3153.5
10023,2154,436149.4,6476646.5,3145.7
10026,2154,436158.4,6476682.9,3136.8
10029,2154,436167.5,6476719.3,3127.9
10032,2154,436176.6,6476755.7,3123.1
10035,2154,436185.7,6476792.1,3117.0
10038,2154,436194.7,6476828.5,3111.5
10041,2154,436203.8,6476864.8,3106.1
10044,2154,436212.9,6476901.2,3099.6
10047,2154,436222.0,6476937.6,3096.2
10050,2154,436231.0,6476974.0,3095.8
10053,2154,436240.1,6477010.4,3094.7
10056,2154,436249.2,6477046.8,3095.3
10059,2154,436258.2,6477083.2,3096.5
10062,2154,436267.3,6477119.5,3097.9
10065,2154,436276.4,6477155.9,3098.6
10068,2154,436285.5,6477192.3,3097.9
10071,2154,436294.5,6477228.7,3096.4
10074,2154,436303.6,6477265.1,3096.5
10077,2154,436312.7,6477301.5,3100.3
10080,2154,436321.8,6477337.9,3107.5
10083,2154,436330.8,6477374.2,3117.2
10086,2154,436339.9,6477410.6,3125.3
10089,2154,436349.0,6477447.0,3134.2
10092,2154,436358.1,6477483.4,3142.6
10095,2154,436367.1,6477519.8,3151.7
10098,2154,436376.2,6477556.2,3155.0
10101,2154,436385.3,6477592.6,3152.9
10104,2154,436394.3,6477628.9,3151.5
10107,2154,436403.4,6477665.3,3146.6
10110,2154,436412.5,6477701.7,3142.6
10113,2154,436421.6,6477738.1,3138.4
10116,2154,436430.6,6477774.5,3137.6
10119,2154,436439.7,6477810.9,3135.9
10122,2154,436448.8,6477847.3,3133.4
10125,2154,436457.9,6477883.6,3131.3
10128,2154,436466.9,6477920.0,3132.5
10131,2154,436476.0,6477956.4,3134.0
10134,2154,436485.1,6477992.8,3136.3
10137,2154,436494.1,6478029.2,3142.2
10140,2154,436503.2,6478065.6,3161.7
10143,2154,436512.3,6478102.0,3181.7
10146,2154,436521.4,6478138.3,3189.1
10149,2154,436530.4,6478174.7,3187.8
10152,2154,436539.5,6478211.1,3183.8
10155,2154,436548.6,6478247.5,3172.5
10158,2154,436557.7,6478283.9,3151.7
10161,2154,436566.7,6478320.3,3117.6
10164,2154,436575.8,6478356.7,3102.2
10167,2154,436584.9,6478393.0,3105.3
10170,2154,436594.0,6478429.4,3104.3
10173,2154,436603.0,6478465.8,3113.3
10176,2154,436612.1,6478502.2,3117.3
10179,2154,436621.2,6478538.6,3124.6
10182,2154,436630.2,6478575.0,3127.9
10185,2154,436639.3,6478611.4,3142.6
10188,2154,436648.4,6478647.7,3163.4
10191,2154,436657.5,6478684.1,3177.7
10194,2154,436666.5,6478720.5,3186.2
10197,2154,436675.6,6478756.9,3197.6
10200,2154,436684.7,6478793.3,3201.5
10203,2154,436693.8,6478829.7,3203.3
10206,2154,436702.8,6478866.1,3203.2
10209,2154,436711.9,6478902.4,3205.0
10212,2154,436721.0,6478938.8,3205.2
10215,2154,436730.0,6478975.2,3204.2
10218,2154,436739.1,6479011.6,3203.9
10221,2154,436748.2,6479048.0,3204.2
10224,2154,436757.3,6479084.4,3206.4
10227,2154,436766.3,6479120.8,3208.7
10230,2154,436775.4,6479157.1,3211.3
10233,2154,436784.5,6479193.5,3212.1
10236,2154,436793.6,6479229.9,3212.0
10239,2154,436802.6,6479266.3,3209.8
10242,2154,436811.7,6479302.7,3205.2
10245,2154,436820.8,6479339.1,3196.9
10248,2154,436829.9,6479375.5,3186.2
10251,2154,436838.9,6479411.8,3172.0
10254,2154,436848.0,6479448.2,3159.1
10257,2154,436857.1,6479484.6,3145.8
10260,2154,436866.1,6479521.0,3137.7
10263,2154,436875.2,6479557.4,3125.4
10266,2154,436884.3,6479593.8,3115.7
10269,2154,436893.4,6479630.2,3110.2
10272,2154,436902.4,6479666.5,3106.1
10275,2154,436911.5,6479702.9,3100.5
10278,2154,436920.6,6479739.3,3097.8
10281,2154,436929.7,6479775.7,3096.1
10284,2154,436938.7,6479812.1,3084.9
10287,2154,436947.8,6479848.5,3068.4
10290,2154,436956.9,6479884.9,3054.1
10293,2154,436966.0,6479921.2,3047.6
10296,2154,436975.0,6479957.6,3044.6
10299,2154,436984.1,6479994.0,3044.2
10302,2154,436993.2,6480030.4,3048.7
10305,2154,437002.2,6480066.8,3052.0
10308,2154,437011.3,6480103.2,3054.1
10311,2154,437020.4,6480139.6,3056.5
10314,2154,437029.5,6480175.9,3056.3
10317,2154,437038.5,6480212.3,3053.1
10320,2154,437047.6,6480248.7,3048.8
10323,2154,437056.7,6480285.1,3045.4
10326,2154,437065.8,6480321.5,3044.1
10329,2154,437074.8,6480357.9,3042.8
10332,2154,437083.9,6480394.3,3041.8
10335,2154,437093.0,6480430.6,3039.7
10338,2154,437102.0,6480467.0,3037.9
10341,2154,437111.1,6480503.4,3035.1
10344,2154,437120.2,6480539.8,3032.9
10347,2154,437129.3,6480576.2,3030.8
10350,2154,437138.3,6480612.6,3029.5
10353,2154,437147.4,6480649.0,3025.9
10356,2154,437156.5,6480685.3,3023.9
10359,2154,437165.6,6480721.7,3024.6
9969,2151,436022.4,6475982.5,3181.2
9972,2151,436031.5,6476018.9,3176.6
9975,2151,436040.6,6476055.3,3175.6
9978,2151,436049.7,6476091.7,3175.0
9981,2151,436058.7,6476128.0,3178.3
9984,2151,436067.8,6476164.4,3178.0
9987,2151,436076.9,6476200.8,3178.6
9990,2151,436086.0,6476237.2,3180.1
9993,2151,436095.0,6476273.6,3180.0
9996,2151,436104.1,6476310.0,3178.7
9999,2151,436113.2,6476346.4,3174.5
10002,2151,436122.2,6476382.7,3170.9
10005,2151,436131.3,6476419.1,3168.8
10008,2151,436140.4,6476455.5,3167.9
10011,2151,436149.5,6476491.9,3166.4
10014,2151,436158.5,6476528.3,3165.1
10017,2151,436167.6,6476564.7,3162.6
10020,2151,436176.7,6476601.1,3158.5
10023,2151,436185.8,6476637.4,3150.9
10026,2151,436194.8,6476673.8,3143.5
10029,2151,436203.9,6476710.2,3134.2
10032,2151,436213.0,6476746.6,3124.0
10035,2151,436222.0,6476783.0,3117.2
10038,2151,436231.1,6476819.4,3112.9
10041,2151,436240.2,6476855.8,3108.9
10044,2151,436249.3,6476892.1,3105.2
10047,2151,436258.3,6476928.5,3103.4
10050,2151,436267.4,6476964.9,3101.5
10053,2151,436276.5,6477001.3,3103.0
10056,2151,436285.6,6477037.7,3103.3
10059,2151,436294.6,6477074.1,3102.0
10062,2151,436303.7,6477110.5,3099.6
10065,2151,436312.8,6477146.8,3098.4
10068,2151,436321.9,6477183.2,3097.1
10071,2151,436330.9,6477219.6,3094.7
10074,2151,436340.0,6477256.0,3092.1
10077,2151,436349.1,6477292.4,3092.1
10080,2151,436358.1,6477328.8,3096.0
10083,2151,436367.2,6477365.2,3105.9
10086,2151,436376.3,6477401.5,3114.5
10089,2151,436385.4,6477437.9,3124.7
10092,2151,436394.4,6477474.3,3132.8
10095,2151,436403.5,6477510.7,3143.0
10098,2151,436412.6,6477547.1,3147.4
10101,2151,436421.7,6477583.5,3143.3
10104,2151,436430.7,6477619.9,3140.6
10107,2151,436439.8,6477656.3,3137.4
10110,2151,436448.9,6477692.6,3134.4
10113,2151,436457.9,6477729.0,3132.4
10116,2151,436467.0,6477765.4,3132.9
10119,2151,436476.1,6477801.8,3130.3
10122,2151,436485.2,6477838.2,3127.8
10125,2151,436494.2,6477874.6,3127.4
10128,2151,436503.3,6477911.0,3131.4
10131,2151,436512.4,6477947.3,3134.8
10134,2151,436521.5,6477983.7,3141.2
10137,2151,436530.5,6478020.1,3151.2
10140,2151,436539.6,6478056.5,3173.8
10143,2151,436548.7,6478092.9,3186.0
10146,2151,436557.8,6478129.3,3192.5
10149,2151,436566.8,6478165.7,3192.7
10152,2151,436575.9,6478202.0,3191.0
10155,2151,436585.0,6478238.4,3188.2
10158,2151,436594.0,6478274.8,3181.8
10161,2151,436603.1,6478311.2,3163.7
10164,2151,436612.2,6478347.6,3148.1
10167,2151,436621.3,6478384.0,3139.5
10170,2151,436630.3,6478420.4,3140.2
10173,2151,436639.4,6478456.7,3135.9
10176,2151,436648.5,6478493.1,3144.2
10179,2151,436657.6,6478529.5,3155.5
10182,2151,436666.6,6478565.9,3158.7
10185,2151,436675.7,6478602.3,3171.1
10188,2151,436684.8,6478638.7,3179.4
10191,2151,436693.9,6478675.1,3186.7
10194,2151,436702.9,6478711.4,3192.5
10197,2151,436712.0,6478747.8,3199.7
10200,2151,436721.1,6478784.2,3200.9
10203,2151,436730.1,6478820.6,3201.1
10206,2151,436739.2,6478857.0,3205.2
10209,2151,436748.3,6478893.4,3205.6
10212,2151,436757.4,6478929.8,3205.3
10215,2151,436766.4,6478966.1,3204.5
10218,2151,436775.5,6479002.5,3205.0
10221,2151,436784.6,6479038.9,3206.4
10224,2151,436793.7,6479075.3,3209.1
10227,2151,436802.7,6479111.7,3211.2
10230,2151,436811.8,6479148.1,3212.5
10233,2151,436820.9,6479184.5,3212.1
10236,2151,436829.9,6479220.8,3210.9
10239,2151,436839.0,6479257.2,3207.9
10242,2151,436848.1,6479293.6,3203.6
10245,2151,436857.2,6479330.0,3193.2
10248,2151,436866.2,6479366.4,3182.4
10251,2151,436875.3,6479402.8,3167.2
10254,2151,436884.4,6479439.2,3154.7
10257,2151,436893.5,6479475.5,3142.1
10260,2151,436902.5,6479511.9,3125.3
10263,2151,436911.6,6479548.3,3109.8
10266,2151,436920.7,6479584.7,3095.5
10269,2151,436929.8,6479621.1,3092.3
10272,2151,436938.8,6479657.5,3086.1
10275,2151,436947.9,6479693.9,3082.3
10278,2151,436957.0,6479730.2,3088.8
10281,2151,436966.0,6479766.6,3087.1
10284,2151,436975.1,6479803.0,3077.8
10287,2151,436984.2,6479839.4,3063.0
10290,2151,436993.3,6479875.8,3050.9
10293,2151,437002.3,6479912.2,3040.6
10296,2151,437011.4,6479948.6,3038.1
10299,2151,437020.5,6479984.9,3039.9
10302,2151,437029.6,6480021.3,3043.7
10305,2151,437038.6,6480057.7,3046.3
10308,2151,437047.7,6480094.1,3047.2
10311,2151,437056.8,6480130.5,3051.3
10314,2151,437065.8,6480166.9,3052.7
10317,2151,437074.9,6480203.3,3053.3
10320,2151,437084.0,6480239.6,3051.7
10323,2151,437093.1,6480276.0,3047.9
10326,2151,437102.1,6480312.4,3046.0
10329,2151,437111.2,6480348.8,3044.6
10332,2151,437120.3,6480385.2,3043.3
10335,2151,437129.4,6480421.6,3041.3
10338,2151,437138.4,6480458.0,3039.4
10341,2151,437147.5,6480494.3,3037.6
10344,2151,437156.6,6480530.7,3034.8
10347,2151,437165.7,6480567.1,3033.3
10350,2151,437174.7,6480603.5,3031.9
10353,2151,437183.8,6480639.9,3028.4
10356,2151,437192.9,6480676.3,3025.1
10359,2151,437201.9,6480712.7,3024.9
9969,2148,436058.8,6475973.4,3179.1
9972,2148,436067.9,6476009.8,3177.9
9975,2148,436077.0,6476046.2,3177.7
9978,2148,436086.0,6476082.6,3176.5
9981,2148,436095.1,6476119.0,3177.8
9984,2148,436104.2,6476155.4,3178.4
9987,2148,436113.3,6476191.7,3177.6
9990,2148,436122.3,6476228.1,3177.0
9993,2148,436131.4,6476264.5,3177.5
9996,2148,436140.5,6476300.9,3175.7
9999,2148,436149.6,6476337.3,3172.6
10002,2148,436158.6,6476373.7,3168.2
10005,2148,436167.7,6476410.1,3166.3
10008,2148,436176.8,6476446.4,3164.7
10011,2148,436185.8,6476482.8,3163.6
10014,2148,436194.9,6476519.2,3162.9
10017,2148,436204.0,6476555.6,3161.0
10020,2148,436213.1,6476592.0,3158.1
10023,2148,436222.1,6476628.4,3152.5
10026,2148,436231.2,6476664.8,3147.1
10029,2148,436240.3,6476701.1,3141.2
10032,2148,436249.4,6476737.5,3132.3
10035,2148,436258.4,6476773.9,3124.4
10038,2148,436267.5,6476810.3,3118.1
10041,2148,436276.6,6476846.7,3116.2
10044,2148,436285.7,6476883.1,3116.1
10047,2148,436294.7,6476919.5,3115.1
10050,2148,436303.8,6476955.8,3114.5
10053,2148,436312.9,6476992.2,3116.0
10056,2148,436321.9,6477028.6,3113.4
10059,2148,436331.0,6477065.0,3107.5
10062,2148,436340.1,6477101.4,3103.2
10065,2148,436349.2,6477137.8,3099.0
10068,2148,436358.2,6477174.2,3095.8
10071,2148,436367.3,6477210.5,3091.8
10074,2148,436376.4,6477246.9,3086.7
10077,2148,436385.5,6477283.3,3085.7
10080,2148,436394.5,6477319.7,3087.8
10083,2148,436403.6,6477356.1,3096.1
10086,2148,436412.7,6477392.5,3101.0
10089,2148,436421.8,6477428.9,3111.1
10092,2148,436430.8,6477465.2,3123.1
10095,2148,436439.9,6477501.6,3129.3
10098,2148,436449.0,6477538.0,3132.3
10101,2148,436458.0,6477574.4,3131.1
10104,2148,436467.1,6477610.8,3131.5
10107,2148,436476.2,6477647.2,3127.4
10110,2148,436485.3,6477683.6,3126.4
10113,2148,436494.3,6477720.0,3127.0
10116,2148,436503.4,6477756.3,3127.1
10119,2148,436512.5,6477792.7,3124.6
10122,2148,436521.6,6477829.1,3121.2
10125,2148,436530.6,6477865.5,3123.7
10128,2148,436539.7,6477901.9,3128.2
10131,2148,436548.8,6477938.3,3134.3
10134,2148,436557.8,6477974.7,3144.8
10137,2148,436566.9,6478011.0,3158.4
10140,2148,436576.0,6478047.4,3179.7
10143,2148,436585.1,6478083.8,3191.5
10146,2148,436594.1,6478120.2,3194.2
10149,2148,436603.2,6478156.6,3193.6
10152,2148,436612.3,6478193.0,3193.0
10155,2148,436621.4,6478229.4,3192.9
10158,2148,436630.4,6478265.7,3191.1
10161,2148,436639.5,6478302.1,3187.5
10164,2148,436648.6,6478338.5,3182.3
10167,2148,436657.7,6478374.9,3175.6
10170,2148,436666.7,6478411.3,3163.6
10173,2148,436675.8,6478447.7,3168.1
10176,2148,436684.9,6478484.1,3174.3
10179,2148,436693.9,6478520.4,3180.1
10182,2148,436703.0,6478556.8,3180.8
10185,2148,436712.1,6478593.2,3184.4
10188,2148,436721.2,6478629.6,3187.0
10191,2148,436730.2,6478666.0,3189.5
10194,2148,436739.3,6478702.4,3196.3
10197,2148,436748.4,6478738.8,3200.7
10200,2148,436757.5,6478775.1,3201.4
10203,2148,436766.5,6478811.5,3200.9
10206,2148,436775.6,6478847.9,3204.8
10209,2148,436784.7,6478884.3,3205.7
10212,2148,436793.7,6478920.7,3205.3
10215,2148,436802.8,6478957.1,3204.8
10218,2148,436811.9,6478993.5,3205.1
10221,2148,436821.0,6479029.8,3207.0
10224,2148,436830.0,6479066.2,3209.2
10227,2148,436839.1,6479102.6,3210.4
10230,2148,436848.2,6479139.0,3211.0
10233,2148,436857.3,6479175.4,3209.8
10236,2148,436866.3,6479211.8,3208.6
10239,2148,436875.4,6479248.2,3203.8
10242,2148,436884.5,6479284.5,3194.4
10245,2148,436893.6,6479320.9,3179.2
10248,2148,436902.6,6479357.3,3168.9
10251,2148,436911.7,6479393.7,3157.6
10254,2148,436920.8,6479430.1,3142.9
10257,2148,436929.8,6479466.5,3130.3
10260,2148,436938.9,6479502.9,3109.0
10263,2148,436948.0,6479539.2,3091.2
10266,2148,436957.1,6479575.6,3075.4
10269,2148,436966.1,6479612.0,3072.6
10272,2148,436975.2,6479648.4,3070.9
10275,2148,436984.3,6479684.8,3072.4
10278,2148,436993.4,6479721.2,3075.1
10281,2148,437002.4,6479757.6,3075.6
10284,2148,437011.5,6479793.9,3068.6
10287,2148,437020.6,6479830.3,3055.7
10290,2148,437029.6,6479866.7,3045.0
10293,2148,437038.7,6479903.1,3035.9
10296,2148,437047.8,6479939.5,3033.7
10299,2148,437056.9,6479975.9,3035.7
10302,2148,437065.9,6480012.3,3038.8
10305,2148,437075.0,6480048.6,3040.8
10308,2148,437084.1,6480085.0,3042.7
10311,2148,437093.2,6480121.4,3044.9
10314,2148,437102.2,6480157.8,3048.2
10317,2148,437111.3,6480194.2,3049.9
10320,2148,437120.4,6480230.6,3051.6
10323,2148,437129.5,6480267.0,3050.5
10326,2148,437138.5,6480303.3,3048.8
10329,2148,437147.6,6480339.7,3047.3
10332,2148,437156.7,6480376.1,3046.4
10335,2148,437165.7,6480412.5,3044.3
10338,2148,437174.8,6480448.9,3042.8
10341,2148,437183.9,6480485.3,3039.6
10344,2148,437193.0,6480521.7,3037.1
10347,2148,437202.0,6480558.0,3035.2
10350,2148,437211.1,6480594.4,3033.6
10353,2148,437220.2,6480630.8,3031.5
10356,2148,437229.3,6480667.2,3028.6
10359,2148,437238.3,6480703.6,3028.3
9969,2145,436095.2,6475964.4,3174.5
9972,2145,436104.3,6476000.7,3176.4
9975,2145,436113.4,6476037.1,3175.3
9978,2145,436122.4,6476073.5,3174.4
9981,2145,436131.5,6476109.9,3175.1
9984,2145,436140.6,6476146.3,3176.3
9987,2145,436149.7,6476182.7,3175.2
9990,2145,436158.7,6476219.1,3173.7
9993,2145,436167.8,6476255.4,3172.2
9996,2145,436176.9,6476291.8,3170.6
9999,2145,436185.9,6476328.2,3167.8
10002,2145,436195.0,6476364.6,3163.8
10005,2145,436204.1,6476401.0,3162.3
10008,2145,436213.2,6476437.4,3161.1
10011,2145,436222.2,6476473.8,3159.3
10014,2145,436231.3,6476510.1,3158.2
10017,2145,436240.4,6476546.5,3156.8
10020,2145,436249.5,6476582.9,3153.7
10023,2145,436258.5,6476619.3,3150.8
10026,2145,436267.6,6476655.7,3146.8
10029,2145,436276.7,6476692.1,3143.2
10032,2145,436285.7,6476728.5,3136.7
10035,2145,436294.8,6476764.8,3130.3
10038,2145,436303.9,6476801.2,3125.6
10041,2145,436313.0,6476837.6,3124.6
10044,2145,436322.0,6476874.0,3125.2
10047,2145,436331.1,6476910.4,3127.2
10050,2145,436340.2,6476946.8,3125.6
10053,2145,436349.3,6476983.2,3123.0
10056,2145,436358.3,6477019.5,3120.1
10059,2145,436367.4,6477055.9,3112.3
10062,2145,436376.5,6477092.3,3106.9
10065,2145,436385.6,6477128.7,3100.4
10068,2145,436394.6,6477165.1,3094.3
10071,2145,436403.7,6477201.5,3088.3
10074,2145,436412.8,6477237.9,3082.8
10077,2145,436421.8,6477274.2,3079.4
10080,2145,436430.9,6477310.6,3077.3
10083,2145,436440.0,6477347.0,3081.5
10086,2145,436449.1,6477383.4,3088.4
10089,2145,436458.1,6477419.8,3092.7
10092,2145,436467.2,6477456.2,3109.4
10095,2145,436476.3,6477492.6,3110.6
10098,2145,436485.4,6477528.9,3113.5
10101,2145,436494.4,6477565.3,3115.2
10104,2145,436503.5,6477601.7,3118.9
10107,2145,436512.6,6477638.1,3117.3
10110,2145,436521.6,6477674.5,3118.7
10113,2145,436530.7,6477710.9,3119.6
10116,2145,436539.8,6477747.3,3121.0
10119,2145,436548.9,6477783.6,3117.3
10122,2145,436557.9,6477820.0,3115.2
10125,2145,436567.0,6477856.4,3120.2
10128,2145,436576.1,6477892.8,3124.2
10131,2145,436585.2,6477929.2,3134.4
10134,2145,436594.2,6477965.6,3146.7
10137,2145,436603.3,6478002.0,3167.2
10140,2145,436612.4,6478038.3,3186.4
10143,2145,436621.5,6478074.7,3194.5
10146,2145,436630.5,6478111.1,3195.4
10149,2145,436639.6,6478147.5,3194.9
10152,2145,436648.7,6478183.9,3194.3
10155,2145,436657.7,6478220.3,3195.2
10158,2145,436666.8,6478256.7,3195.2
10161,2145,436675.9,6478293.0,3194.8
10164,2145,436685.0,6478329.4,3192.8
10167,2145,436694.0,6478365.8,3187.5
10170,2145,436703.1,6478402.2,3184.1
10173,2145,436712.2,6478438.6,3185.9
10176,2145,436721.3,6478475.0,3187.6
10179,2145,436730.3,6478511.4,3187.5
10182,2145,436739.4,6478547.8,3188.1
10185,2145,436748.5,6478584.1,3188.3
10188,2145,436757.5,6478620.5,3190.4
10191,2145,436766.6,6478656.9,3193.3
10194,2145,436775.7,6478693.3,3197.1
10197,2145,436784.8,6478729.7,3200.7
10200,2145,436793.8,6478766.1,3201.8
10203,2145,436802.9,6478802.5,3201.7
10206,2145,436812.0,6478838.8,3203.9
10209,2145,436821.1,6478875.2,3206.1
10212,2145,436830.1,6478911.6,3205.9
10215,2145,436839.2,6478948.0,3205.5
10218,2145,436848.3,6478984.4,3205.5
10221,2145,436857.4,6479020.8,3206.6
10224,2145,436866.4,6479057.2,3207.8
10227,2145,436875.5,6479093.5,3207.7
10230,2145,436884.6,6479129.9,3206.8
10233,2145,436893.6,6479166.3,3206.7
10236,2145,436902.7,6479202.7,3203.1
10239,2145,436911.8,6479239.1,3194.3
10242,2145,436920.9,6479275.5,3180.5
10245,2145,436929.9,6479311.9,3169.9
10248,2145,436939.0,6479348.2,3151.9
10251,2145,436948.1,6479384.6,3136.1
10254,2145,436957.2,6479421.0,3118.4
10257,2145,436966.2,6479457.4,3105.8
10260,2145,436975.3,6479493.8,3088.3
10263,2145,436984.4,6479530.2,3070.6
10266,2145,436993.5,6479566.6,3062.9
10269,2145,437002.5,6479602.9,3053.9
10272,2145,437011.6,6479639.3,3057.3
10275,2145,437020.7,6479675.7,3063.6
10278,2145,437029.7,6479712.1,3066.2
10281,2145,437038.8,6479748.5,3063.5
10284,2145,437047.9,6479784.9,3056.2
10287,2145,437057.0,6479821.3,3043.8
10290,2145,437066.0,6479857.6,3036.0
10293,2145,437075.1,6479894.0,3028.4
10296,2145,437084.2,6479930.4,3026.1
10299,2145,437093.3,6479966.8,3031.0
10302,2145,437102.3,6480003.2,3033.2
10305,2145,437111.4,6480039.6,3034.6
10308,2145,437120.5,6480076.0,3035.8
10311,2145,437129.5,6480112.3,3039.7
10314,2145,437138.6,6480148.7,3042.3
10317,2145,437147.7,6480185.1,3046.5
10320,2145,437156.8,6480221.5,3049.3
10323,2145,437165.8,6480257.9,3050.5
10326,2145,437174.9,6480294.3,3050.8
10329,2145,437184.0,6480330.7,3050.4
10332,2145,437193.1,6480367.0,3048.7
10335,2145,437202.1,6480403.4,3047.9
10338,2145,437211.2,6480439.8,3045.5
10341,2145,437220.3,6480476.2,3042.2
10344,2145,437229.4,6480512.6,3038.8
10347,2145,437238.4,6480549.0,3037.2
10350,2145,437247.5,6480585.4,3035.3
10353,2145,437256.6,6480621.7,3032.7
10356,2145,437265.6,6480658.1,3030.7
10359,2145,437274.7,6480694.5,3030.8
9969,2142,436131.6,6475955.3,3171.0
9972,2142,436140.7,6475991.7,3172.3
9975,2142,436149.7,6476028.1,3171.1
9978,2142,436158.8,6476064.4,3170.9
9981,2142,436167.9,6476100.8,3174.3
9984,2142,436177.0,6476137.2,3174.6
9987,2142,436186.0,6476173.6,3172.3
9990,2142,436195.1,6476210.0,3168.8
9993,2142,436204.2,6476246.4,3167.6
9996,2142,436213.3,6476282.8,3165.1
9999,2142,436222.3,6476319.1,3162.4
10002,2142,436231.4,6476355.5,3159.9
10005,2142,436240.5,6476391.9,3158.6
10008,2142,436249.5,6476428.3,3157.4
10011,2142,436258.6,6476464.7,3155.6
10014,2142,436267.7,6476501.1,3154.5
10017,2142,436276.8,6476537.5,3151.4
10020,2142,436285.8,6476573.8,3148.7
10023,2142,436294.9,6476610.2,3146.6
10026,2142,436304.0,6476646.6,3144.4
10029,2142,436313.1,6476683.0,3140.2
10032,2142,436322.1,6476719.4,3136.2
10035,2142,436331.2,6476755.8,3131.1
10038,2142,436340.3,6476792.2,3129.2
10041,2142,436349.4,6476828.5,3127.9
10044,2142,436358.4,6476864.9,3127.6
10047,2142,436367.5,6476901.3,3129.1
10050,2142,436376.6,6476937.7,3130.0
10053,2142,436385.6,6476974.1,3127.4
10056,2142,436394.7,6477010.5,3121.0
10059,2142,436403.8,6477046.9,3113.8
10062,2142,436412.9,6477083.2,3107.3
10065,2142,436421.9,6477119.6,3102.3
10068,2142,436431.0,6477156.0,3093.3
10071,2142,436440.1,6477192.4,3087.1
10074,2142,436449.2,6477228.8,3080.6
10077,2142,436458.2,6477265.2,3076.2
10080,2142,436467.3,6477301.6,3073.5
10083,2142,436476.4,6477337.9,3070.9
10086,2142,436485.4,6477374.3,3073.0
10089,2142,436494.5,6477410.7,3077.6
10092,2142,436503.6,6477447.1,3088.3
10095,2142,436512.7,6477483.5,3091.0
10098,2142,436521.7,6477519.9,3093.6
10101,2142,436530.8,6477556.3,3099.3
10104,2142,436539.9,6477592.6,3103.6
10107,2142,436549.0,6477629.0,3105.5
10110,2142,436558.0,6477665.4,3109.6
10113,2142,436567.1,6477701.8,3113.8
10116,2142,436576.2,6477738.2,3111.3
10119,2142,436585.3,6477774.6,3110.5
10122,2142,436594.3,6477811.0,3112.4
10125,2142,436603.4,6477847.3,3117.5
10128,2142,436612.5,6477883.7,3126.7
10131,2142,436621.5,6477920.1,3143.2
10134,2142,436630.6,6477956.5,3159.9
10137,2142,436639.7,6477992.9,3176.5
10140,2142,436648.8,6478029.3,3191.0
10143,2142,436657.8,6478065.7,3197.1
10146,2142,436666.9,6478102.0,3198.1
10149,2142,436676.0,6478138.4,3197.9
10152,2142,436685.1,6478174.8,3196.9
10155,2142,436694.1,6478211.2,3196.9
10158,2142,436703.2,6478247.6,3197.0
10161,2142,436712.3,6478284.0,3196.3
10164,2142,436721.4,6478320.4,3194.1
10167,2142,436730.4,6478356.7,3191.3
10170,2142,436739.5,6478393.1,3188.7
10173,2142,436748.6,6478429.5,3188.6
10176,2142,436757.6,6478465.9,3189.2
10179,2142,436766.7,6478502.3,3189.8
10182,2142,436775.8,6478538.7,3188.6
10185,2142,436784.9,6478575.1,3188.3
10188,2142,436793.9,6478611.4,3190.6
10191,2142,436803.0,6478647.8,3193.8
10194,2142,436812.1,6478684.2,3197.7
10197,2142,436821.2,6478720.6,3200.5
10200,2142,436830.2,6478757.0,3201.8
10203,2142,436839.3,6478793.4,3202.0
10206,2142,436848.4,6478829.8,3204.3
10209,2142,436857.4,6478866.2,3205.9
10212,2142,436866.5,6478902.5,3206.5
10215,2142,436875.6,6478938.9,3205.2
10218,2142,436884.7,6478975.3,3205.0
10221,2142,436893.7,6479011.7,3204.1
10224,2142,436902.8,6479048.1,3204.9
10227,2142,436911.9,6479084.5,3203.8
10230,2142,436921.0,6479120.8,3200.5
10233,2142,436930.0,6479157.2,3198.8
10236,2142,436939.1,6479193.6,3190.0
10239,2142,436948.2,6479230.0,3178.2
10242,2142,436957.3,6479266.4,3161.8
10245,2142,436966.3,6479302.8,3150.7
10248,2142,436975.4,6479339.2,3130.5
10251,2142,436984.5,6479375.6,3110.0
10254,2142,436993.5,6479411.9,3088.7
10257,2142,437002.6,6479448.3,3077.8
10260,2142,437011.7,6479484.7,3060.5
10263,2142,437020.8,6479521.1,3046.8
10266,2142,437029.8,6479557.5,3042.4
10269,2142,437038.9,6479593.9,3039.3
10272,2142,437048.0,6479630.3,3040.2
10275,2142,437057.1,6479666.6,3051.9
10278,2142,437066.1,6479703.0,3052.3
10281,2142,437075.2,6479739.4,3051.3
10284,2142,437084.3,6479775.8,3044.3
10287,2142,437093.3,6479812.2,3037.5
10290,2142,437102.4,6479848.6,3025.4
10293,2142,437111.5,6479885.0,3018.3
10296,2142,437120.6,6479921.3,3017.0
10299,2142,437129.6,6479957.7,3021.8
10302,2142,437138.7,6479994.1,3024.7
10305,2142,437147.8,6480030.5,3025.4
10308,2142,437156.9,6480066.9,3029.6
10311,2142,437165.9,6480103.3,3031.6
10314,2142,437175.0,6480139.7,3035.4
10317,2142,437184.1,6480176.0,3040.4
10320,2142,437193.2,6480212.4,3045.9
10323,2142,437202.2,6480248.8,3048.6
10326,2142,437211.3,6480285.2,3050.6
10329,2142,437220.4,6480321.6,3051.1
10332,2142,437229.4,6480358.0,3050.5
10335,2142,437238.5,6480394.4,3049.0
10338,2142,437247.6,6480430.7,3047.8
10341,2142,437256.7,6480467.1,3044.1
10344,2142,437265.7,6480503.5,3040.8
10347,2142,437274.8,6480539.9,3038.5
10350,2142,437283.9,6480576.3,3037.6
10353,2142,437293.0,6480612.7,3034.8
10356,2142,437302.0,6480649.1,3033.6
10359,2142,437311.1,6480685.4,3032.1
9969,2139,436168.0,6475946.2,3167.3
9972,2139,436177.1,6475982.6,3167.7
9975,2139,436186.1,6476019.0,3166.5
9978,2139,436195.2,6476055.4,3167.0
9981,2139,436204.3,6476091.8,3170.9
9984,2139,436213.3,6476128.1,3170.4
9987,2139,436222.4,6476164.5,3167.5
9990,2139,436231.5,6476200.9,3163.9
9993,2139,436240.6,6476237.3,3162.9
9996,2139,436249.6,6476273.7,3160.7
9999,2139,436258.7,6476310.1,3158.3
10002,2139,436267.8,6476346.5,3156.2
10005,2139,436276.9,6476382.8,3155.6
10008,2139,436285.9,6476419.2,3154.2
10011,2139,436295.0,6476455.6,3152.3
10014,2139,436304.1,6476492.0,3150.2
10017,2139,436313.2,6476528.4,3147.1
10020,2139,436322.2,6476564.8,3145.2
10023,2139,436331.3,6476601.2,3144.0
10026,2139,436340.4,6476637.5,3140.7
10029,2139,436349.4,6476673.9,3136.7
10032,2139,436358.5,6476710.3,3132.2
10035,2139,436367.6,6476746.7,3130.0
10038,2139,436376.7,6476783.1,3129.4
10041,2139,436385.7,6476819.5,3128.9
10044,2139,436394.8,6476855.9,3128.6
10047,2139,436403.9,6476892.2,3129.8
10050,2139,436413.0,6476928.6,3131.1
10053,2139,436422.0,6476965.0,3129.0
10056,2139,436431.1,6477001.4,3123.5
10059,2139,436440.2,6477037.8,3117.0
10062,2139,436449.2,6477074.2,3110.0
10065,2139,436458.3,6477110.6,3101.4
10068,2139,436467.4,6477146.9,3093.2
10071,2139,436476.5,6477183.3,3085.1
10074,2139,436485.5,6477219.7,3079.0
10077,2139,436494.6,6477256.1,3075.6
10080,2139,436503.7,6477292.5,3072.1
10083,2139,436512.8,6477328.9,3067.0
10086,2139,436521.8,6477365.3,3065.0
10089,2139,436530.9,6477401.6,3067.9
10092,2139,436540.0,6477438.0,3069.2
10095,2139,436549.1,6477474.4,3068.8
10098,2139,436558.1,6477510.8,3070.0
10101,2139,436567.2,6477547.2,3080.6
10104,2139,436576.3,6477583.6,3086.1
10107,2139,436585.3,6477620.0,3091.6
10110,2139,436594.4,6477656.3,3098.9
10113,2139,436603.5,6477692.7,3103.0
10116,2139,436612.6,6477729.1,3101.6
10119,2139,436621.6,6477765.5,3104.1
10122,2139,436630.7,6477801.9,3110.1
10125,2139,436639.8,6477838.3,3116.0
10128,2139,436648.9,6477874.7,3126.6
10131,2139,436657.9,6477911.0,3147.5
10134,2139,436667.0,6477947.4,3168.9
10137,2139,436676.1,6477983.8,3187.8
10140,2139,436685.2,6478020.2,3196.3
10143,2139,436694.2,6478056.6,3199.4
10146,2139,436703.3,6478093.0,3200.8
10149,2139,436712.4,6478129.4,3200.2
10152,2139,436721.4,6478165.7,3198.5
10155,2139,436730.5,6478202.1,3197.3
10158,2139,436739.6,6478238.5,3197.5
10161,2139,436748.7,6478274.9,3196.3
10164,2139,436757.7,6478311.3,3193.4
10167,2139,436766.8,6478347.7,3190.5
10170,2139,436775.9,6478384.1,3187.6
10173,2139,436785.0,6478420.4,3187.5
10176,2139,436794.0,6478456.8,3188.0
10179,2139,436803.1,6478493.2,3188.6
10182,2139,436812.2,6478529.6,3187.3
10185,2139,436821.2,6478566.0,3187.2
10188,2139,436830.3,6478602.4,3189.4
10191,2139,436839.4,6478638.8,3192.1
10194,2139,436848.5,6478675.1,3195.9
10197,2139,436857.5,6478711.5,3199.6
10200,2139,436866.6,6478747.9,3202.2
10203,2139,436875.7,6478784.3,3204.4
10206,2139,436884.8,6478820.7,3205.6
10209,2139,436893.8,6478857.1,3205.9
10212,2139,436902.9,6478893.5,3206.0
10215,2139,436912.0,6478929.8,3205.4
10218,2139,436921.1,6478966.2,3203.5
10221,2139,436930.1,6479002.6,3202.7
10224,2139,436939.2,6479039.0,3201.7
10227,2139,436948.3,6479075.4,3199.3
10230,2139,436957.3,6479111.8,3192.3
10233,2139,436966.4,6479148.2,3186.3
10236,2139,436975.5,6479184.5,3173.6
10239,2139,436984.6,6479220.9,3157.1
10242,2139,436993.6,6479257.3,3144.8
10245,2139,437002.7,6479293.7,3127.5
10248,2139,437011.8,6479330.1,3109.7
10251,2139,437020.9,6479366.5,3085.1
10254,2139,437029.9,6479402.9,3070.2
10257,2139,437039.0,6479439.2,3048.7
10260,2139,437048.1,6479475.6,3035.3
10263,2139,437057.1,6479512.0,3025.1
10266,2139,437066.2,6479548.4,3023.7
10269,2139,437075.3,6479584.8,3022.0
10272,2139,437084.4,6479621.2,3024.9
10275,2139,437093.4,6479657.6,3030.6
10278,2139,437102.5,6479694.0,3038.1
10281,2139,437111.6,6479730.3,3035.3
10284,2139,437120.7,6479766.7,3029.2
10287,2139,437129.7,6479803.1,3024.6
10290,2139,437138.8,6479839.5,3015.3
10293,2139,437147.9,6479875.9,3010.5
10296,2139,437157.0,6479912.3,3009.7
10299,2139,437166.0,6479948.7,3012.3
10302,2139,437175.1,6479985.0,3015.6
10305,2139,437184.2,6480021.4,3017.9
10308,2139,437193.2,6480057.8,3020.9
10311,2139,437202.3,6480094.2,3025.0
10314,2139,437211.4,6480130.6,3027.1
10317,2139,437220.5,6480167.0,3032.1
10320,2139,437229.5,6480203.4,3039.3
10323,2139,437238.6,6480239.7,3043.9
10326,2139,437247.7,6480276.1,3047.8
10329,2139,437256.8,6480312.5,3049.8
10332,2139,437265.8,6480348.9,3051.3
10335,2139,437274.9,6480385.3,3050.8
10338,2139,437284.0,6480421.7,3048.8
10341,2139,437293.1,6480458.1,3045.5
10344,2139,437302.1,6480494.4,3041.8
10347,2139,437311.2,6480530.8,3040.5
10350,2139,437320.3,6480567.2,3039.8
10353,2139,437329.3,6480603.6,3037.8
10356,2139,437338.4,6480640.0,3035.9
10359,2139,437347.5,6480676.4,3034.7
9969,2136,436204.4,6475937.1,3164.4
9972,2136,436213.4,6475973.5,3163.8
9975,2136,436222.5,6476009.9,3163.5
9978,2136,436231.6,6476046.3,3164.7
9981,2136,436240.7,6476082.7,3166.6
9984,2136,436249.7,6476119.1,3165.2
9987,2136,436258.8,6476155.5,3163.1
9990,2136,436267.9,6476191.8,3161.6
9993,2136,436277.0,6476228.2,3160.1
9996,2136,436286.0,6476264.6,3158.4
9999,2136,436295.1,6476301.0,3156.1
10002,2136,436304.2,6476337.4,3155.0
10005,2136,436313.2,6476373.8,3153.9
10008,2136,436322.3,6476410.2,3151.4
10011,2136,436331.4,6476446.5,3148.8
10014,2136,436340.5,6476482.9,3146.5
10017,2136,436349.5,6476519.3,3143.5
10020,2136,436358.6,6476555.7,3141.3
10023,2136,436367.7,6476592.1,3139.4
10026,2136,436376.8,6476628.5,3135.5
10029,2136,436385.8,6476664.9,3131.7
10032,2136,436394.9,6476701.2,3128.5
10035,2136,436404.0,6476737.6,3127.6
10038,2136,436413.1,6476774.0,3128.6
10041,2136,436422.1,6476810.4,3129.5
10044,2136,436431.2,6476846.8,3129.7
10047,2136,436440.3,6476883.2,3130.7
10050,2136,436449.3,6476919.6,3130.6
10053,2136,436458.4,6476955.9,3129.0
10056,2136,436467.5,6476992.3,3125.7
10059,2136,436476.6,6477028.7,3120.0
10062,2136,436485.6,6477065.1,3112.1
10065,2136,436494.7,6477101.5,3102.6
10068,2136,436503.8,6477137.9,3094.1
10071,2136,436512.9,6477174.3,3085.8
10074,2136,436521.9,6477210.6,3078.7
10077,2136,436531.0,6477247.0,3075.3
10080,2136,436540.1,6477283.4,3071.1
10083,2136,436549.1,6477319.8,3065.6
10086,2136,436558.2,6477356.2,3063.2
10089,2136,436567.3,6477392.6,3061.7
10092,2136,436576.4,6477429.0,3059.8
10095,2136,436585.4,6477465.3,3057.7
10098,2136,436594.5,6477501.7,3055.9
10101,2136,436603.6,6477538.1,3060.1
10104,2136,436612.7,6477574.5,3061.7
10107,2136,436621.7,6477610.9,3067.5
10110,2136,436630.8,6477647.3,3076.7
10113,2136,436639.9,6477683.7,3089.9
10116,2136,436649.0,6477720.0,3094.4
10119,2136,436658.0,6477756.4,3097.5
10122,2136,436667.1,6477792.8,3108.6
10125,2136,436676.2,6477829.2,3113.4
10128,2136,436685.2,6477865.6,3124.6
10131,2136,436694.3,6477902.0,3146.6
10134,2136,436703.4,6477938.4,3172.7
10137,2136,436712.5,6477974.7,3192.4
10140,2136,436721.5,6478011.1,3198.6
10143,2136,436730.6,6478047.5,3201.0
10146,2136,436739.7,6478083.9,3201.4
10149,2136,436748.8,6478120.3,3199.3
10152,2136,436757.8,6478156.7,3196.8
10155,2136,436766.9,6478193.1,3196.2
10158,2136,436776.0,6478229.4,3196.1
10161,2136,436785.0,6478265.8,3194.4
10164,2136,436794.1,6478302.2,3191.5
10167,2136,436803.2,6478338.6,3189.8
10170,2136,436812.3,6478375.0,3186.7
10173,2136,436821.3,6478411.4,3185.4
10176,2136,436830.4,6478447.8,3186.1
10179,2136,436839.5,6478484.1,3186.8
10182,2136,436848.6,6478520.5,3185.6
10185,2136,436857.6,6478556.9,3184.9
10188,2136,436866.7,6478593.3,3187.2
10191,2136,436875.8,6478629.7,3189.0
10194,2136,436884.9,6478666.1,3193.7
10197,2136,436893.9,6478702.5,3198.5
10200,2136,436903.0,6478738.8,3203.2
10203,2136,436912.1,6478775.2,3206.6
10206,2136,436921.1,6478811.6,3206.7
10209,2136,436930.2,6478848.0,3205.6
10212,2136,436939.3,6478884.4,3203.8
10215,2136,436948.4,6478920.8,3202.7
10218,2136,436957.4,6478957.2,3201.3
10221,2136,436966.5,6478993.5,3200.2
10224,2136,436975.6,6479029.9,3197.9
10227,2136,436984.7,6479066.3,3192.8
10230,2136,436993.7,6479102.7,3186.3
10233,2136,437002.8,6479139.1,3171.2
10236,2136,437011.9,6479175.5,3155.4
10239,2136,437020.9,6479211.9,3137.9
10242,2136,437030.0,6479248.2,3127.1
10245,2136,437039.1,6479284.6,3107.6
10248,2136,437048.2,6479321.0,3084.1
10251,2136,437057.2,6479357.4,3057.0
10254,2136,437066.3,6479393.8,3041.0
10257,2136,437075.4,6479430.2,3024.8
10260,2136,437084.5,6479466.6,3011.6
10263,2136,437093.5,6479502.9,3009.6
10266,2136,437102.6,6479539.3,3002.4
10269,2136,437111.7,6479575.7,3000.1
10272,2136,437120.8,6479612.1,3002.6
10275,2136,437129.8,6479648.5,3014.4
10278,2136,437138.9,6479684.9,3018.5
10281,2136,437148.0,6479721.3,3018.1
10284,2136,437157.0,6479757.6,3013.6
10287,2136,437166.1,6479794.0,3011.8
10290,2136,437175.2,6479830.4,3007.2
10293,2136,437184.3,6479866.8,3005.3
10296,2136,437193.3,6479903.2,3006.6
10299,2136,437202.4,6479939.6,3006.8
10302,2136,437211.5,6479976.0,3009.4
10305,2136,437220.6,6480012.3,3011.5
10308,2136,437229.6,6480048.7,3015.9
10311,2136,437238.7,6480085.1,3018.1
10314,2136,437247.8,6480121.5,3020.9
10317,2136,437256.9,6480157.9,3025.2
10320,2136,437265.9,6480194.3,3032.9
10323,2136,437275.0,6480230.7,3036.5
10326,2136,437284.1,6480267.1,3041.6
10329,2136,437293.1,6480303.4,3046.6
10332,2136,437302.2,6480339.8,3049.7
10335,2136,437311.3,6480376.2,3051.4
10338,2136,437320.4,6480412.6,3050.4
10341,2136,437329.4,6480449.0,3047.5
10344,2136,437338.5,6480485.4,3044.2
10347,2136,437347.6,6480521.8,3042.2
10350,2136,437356.7,6480558.1,3040.8
10353,2136,437365.7,6480594.5,3038.7
10356,2136,437374.8,6480630.9,3038.4
10359,2136,437383.9,6480667.3,3037.2
9969,2133,436240.8,6475928.1,3160.5
9972,2133,436249.8,6475964.5,3160.9
9975,2133,436258.9,6476000.8,3161.2
9978,2133,436268.0,6476037.2,3162.4
9981,2133,436277.0,6476073.6,3162.7
9984,2133,436286.1,6476110.0,3161.5
9987,2133,436295.2,6476146.4,3159.9
9990,2133,436304.3,6476182.8,3159.0
9993,2133,436313.3,6476219.2,3158.5
9996,2133,436322.4,6476255.5,3157.4
9999,2133,436331.5,6476291.9,3155.6
10002,2133,436340.6,6476328.3,3155.2
10005,2133,436349.6,6476364.7,3154.0
10008,2133,436358.7,6476401.1,3150.6
10011,2133,436367.8,6476437.5,3147.6
10014,2133,436376.9,6476473.9,3143.5
10017,2133,436385.9,6476510.2,3139.7
10020,2133,436395.0,6476546.6,3136.7
10023,2133,436404.1,6476583.0,3134.4
10026,2133,436413.1,6476619.4,3130.2
10029,2133,436422.2,6476655.8,3127.9
10032,2133,436431.3,6476692.2,3126.6
10035,2133,436440.4,6476728.6,3125.5
10038,2133,436449.4,6476764.9,3127.6
10041,2133,436458.5,6476801.3,3129.2
10044,2133,436467.6,6476837.7,3129.8
10047,2133,436476.7,6476874.1,3130.6
10050,2133,436485.7,6476910.5,3129.9
10053,2133,436494.8,6476946.9,3128.1
10056,2133,436503.9,6476983.3,3125.3
10059,2133,436512.9,6477019.6,3120.2
10062,2133,436522.0,6477056.0,3114.9
10065,2133,436531.1,6477092.4,3104.9
10068,2133,436540.2,6477128.8,3095.0
10071,2133,436549.2,6477165.2,3086.2
10074,2133,436558.3,6477201.6,3078.2
10077,2133,436567.4,6477238.0,3075.2
10080,2133,436576.5,6477274.3,3071.6
10083,2133,436585.5,6477310.7,3066.9
10086,2133,436594.6,6477347.1,3063.5
10089,2133,436603.7,6477383.5,3060.1
10092,2133,436612.8,6477419.9,3056.5
10095,2133,436621.8,6477456.3,3053.4
10098,2133,436630.9,6477492.7,3049.8
10101,2133,436640.0,6477529.0,3048.2
10104,2133,436649.0,6477565.4,3045.9
10107,2133,436658.1,6477601.8,3045.4
10110,2133,436667.2,6477638.2,3057.7
10113,2133,436676.3,6477674.6,3070.4
10116,2133,436685.3,6477711.0,3081.0
10119,2133,436694.4,6477747.4,3089.2
10122,2133,436703.5,6477783.7,3102.1
10125,2133,436712.6,6477820.1,3112.1
10128,2133,436721.6,6477856.5,3120.9
10131,2133,436730.7,6477892.9,3144.0
10134,2133,436739.8,6477929.3,3170.2
10137,2133,436748.8,6477965.7,3189.9
10140,2133,436757.9,6478002.1,3197.0
10143,2133,436767.0,6478038.4,3200.0
10146,2133,436776.1,6478074.8,3198.7
10149,2133,436785.1,6478111.2,3194.6
10152,2133,436794.2,6478147.6,3191.2
10155,2133,436803.3,6478184.0,3192.1
10158,2133,436812.4,6478220.4,3192.4
10161,2133,436821.4,6478256.8,3190.7
10164,2133,436830.5,6478293.1,3188.5
10167,2133,436839.6,6478329.5,3187.1
10170,2133,436848.7,6478365.9,3185.0
10173,2133,436857.7,6478402.3,3184.2
10176,2133,436866.8,6478438.7,3184.1
10179,2133,436875.9,6478475.1,3184.4
10182,2133,436884.9,6478511.5,3183.8
10185,2133,436894.0,6478547.8,3183.0
10188,2133,436903.1,6478584.2,3184.4
10191,2133,436912.2,6478620.6,3188.5
10194,2133,436921.2,6478657.0,3192.7
10197,2133,436930.3,6478693.4,3199.0
10200,2133,436939.4,6478729.8,3203.6
10203,2133,436948.5,6478766.2,3206.9
10206,2133,436957.5,6478802.5,3206.5
10209,2133,436966.6,6478838.9,3204.2
10212,2133,436975.7,6478875.3,3201.6
10215,2133,436984.8,6478911.7,3199.7
10218,2133,436993.8,6478948.1,3199.0
10221,2133,437002.9,6478984.5,3197.1
10224,2133,437012.0,6479020.9,3190.6
10227,2133,437021.0,6479057.2,3181.6
10230,2133,437030.1,6479093.6,3167.2
10233,2133,437039.2,6479130.0,3153.6
10236,2133,437048.3,6479166.4,3135.0
10239,2133,437057.3,6479202.8,3116.4
10242,2133,437066.4,6479239.2,3106.3
10245,2133,437075.5,6479275.6,3086.9
10248,2133,437084.6,6479311.9,3064.1
10251,2133,437093.6,6479348.3,3037.1
10254,2133,437102.7,6479384.7,3020.6
10257,2133,437111.8,6479421.1,3000.3
10260,2133,437120.8,6479457.5,2984.5
10263,2133,437129.9,6479493.9,2976.5
10266,2133,437139.0,6479530.3,2971.8
10269,2133,437148.1,6479566.6,2967.9
10272,2133,437157.1,6479603.0,2971.9
10275,2133,437166.2,6479639.4,2988.4
10278,2133,437175.3,6479675.8,2996.7
10281,2133,437184.4,6479712.2,3000.1
10284,2133,437193.4,6479748.6,2998.8
10287,2133,437202.5,6479785.0,3000.6
10290,2133,437211.6,6479821.3,2998.8
10293,2133,437220.7,6479857.7,2999.8
10296,2133,437229.7,6479894.1,3002.9
10299,2133,437238.8,6479930.5,3002.5
10302,2133,437247.9,6479966.9,3004.7
10305,2133,437256.9,6480003.3,3006.9
10308,2133,437266.0,6480039.7,3009.9
10311,2133,437275.1,6480076.0,3012.5
10314,2133,437284.2,6480112.4,3013.8
10317,2133,437293.2,6480148.8,3018.8
10320,2133,437302.3,6480185.2,3023.4
10323,2133,437311.4,6480221.6,3029.9
10326,2133,437320.5,6480258.0,3035.8
10329,2133,437329.5,6480294.4,3042.9
10332,2133,437338.6,6480330.7,3046.1
10335,2133,437347.7,6480367.1,3050.3
10338,2133,437356.7,6480403.5,3050.8
10341,2133,437365.8,6480439.9,3049.6
10344,2133,437374.9,6480476.3,3047.2
10347,2133,437384.0,6480512.7,3044.8
10350,2133,437393.0,6480549.1,3042.1
10353,2133,437402.1,6480585.5,3040.3
10356,2133,437411.2,6480621.8,3039.2
10359,2133,437420.3,6480658.2,3037.6
9969,2130,436277.1,6475919.0,3156.7
9972,2130,436286.2,6475955.4,3158.2
9975,2130,436295.3,6475991.8,3158.6
9978,2130,436304.4,6476028.1,3159.7
9981,2130,436313.4,6476064.5,3159.3
9984,2130,436322.5,6476100.9,3158.6
9987,2130,436331.6,6476137.3,3157.3
9990,2130,436340.7,6476173.7,3157.7
9993,2130,436349.7,6476210.1,3157.0
9996,2130,436358.8,6476246.5,3156.1
9999,2130,436367.9,6476282.8,3155.6
10002,2130,436376.9,6476319.2,3155.3
10005,2130,436386.0,6476355.6,3154.2
10008,2130,436395.1,6476392.0,3150.0
10011,2130,436404.2,6476428.4,3146.0
10014,2130,436413.2,6476464.8,3141.3
10017,2130,436422.3,6476501.2,3137.1
10020,2130,436431.4,6476537.5,3134.1
10023,2130,436440.5,6476573.9,3131.7
10026,2130,436449.5,6476610.3,3128.6
10029,2130,436458.6,6476646.7,3126.6
10032,2130,436467.7,6476683.1,3125.9
10035,2130,436476.7,6476719.5,3126.4
10038,2130,436485.8,6476755.9,3127.8
10041,2130,436494.9,6476792.3,3129.4
10044,2130,436504.0,6476828.6,3130.0
10047,2130,436513.0,6476865.0,3129.9
10050,2130,436522.1,6476901.4,3129.5
10053,2130,436531.2,6476937.8,3128.3
10056,2130,436540.3,6476974.2,3126.3
10059,2130,436549.3,6477010.6,3123.1
10062,2130,436558.4,6477047.0,3116.8
10065,2130,436567.5,6477083.3,3105.2
10068,2130,436576.6,6477119.7,3093.8
10071,2130,436585.6,6477156.1,3086.8
10074,2130,436594.7,6477192.5,3077.8
10077,2130,436603.8,6477228.9,3074.3
10080,2130,436612.8,6477265.3,3070.9
10083,2130,436621.9,6477301.7,3067.0
10086,2130,436631.0,6477338.0,3064.4
10089,2130,436640.1,6477374.4,3060.3
10092,2130,436649.1,6477410.8,3056.2
10095,2130,436658.2,6477447.2,3050.9
10098,2130,436667.3,6477483.6,3046.4
10101,2130,436676.4,6477520.0,3041.3
10104,2130,436685.4,6477556.4,3036.9
10107,2130,436694.5,6477592.7,3034.9
10110,2130,436703.6,6477629.1,3039.3
10113,2130,436712.7,6477665.5,3048.1
10116,2130,436721.7,6477701.9,3058.1
10119,2130,436730.8,6477738.3,3074.4
10122,2130,436739.9,6477774.7,3088.5
10125,2130,436748.9,6477811.1,3104.1
10128,2130,436758.0,6477847.4,3121.3
10131,2130,436767.1,6477883.8,3144.9
10134,2130,436776.2,6477920.2,3170.8
10137,2130,436785.2,6477956.6,3180.4
10140,2130,436794.3,6477993.0,3191.4
10143,2130,436803.4,6478029.4,3195.3
10146,2130,436812.5,6478065.8,3192.7
10149,2130,436821.5,6478102.1,3186.5
10152,2130,436830.6,6478138.5,3186.1
10155,2130,436839.7,6478174.9,3186.1
10158,2130,436848.7,6478211.3,3186.5
10161,2130,436857.8,6478247.7,3185.4
10164,2130,436866.9,6478284.1,3184.7
10167,2130,436876.0,6478320.5,3183.1
10170,2130,436885.0,6478356.8,3182.9
10173,2130,436894.1,6478393.2,3183.9
10176,2130,436903.2,6478429.6,3184.0
10179,2130,436912.3,6478466.0,3184.4
10182,2130,436921.3,6478502.4,3184.0
10185,2130,436930.4,6478538.8,3182.7
10188,2130,436939.5,6478575.2,3183.6
10191,2130,436948.6,6478611.5,3188.4
10194,2130,436957.6,6478647.9,3194.5
10197,2130,436966.7,6478684.3,3200.2
10200,2130,436975.8,6478720.7,3205.5
10203,2130,436984.8,6478757.1,3206.0
10206,2130,436993.9,6478793.5,3204.0
10209,2130,437003.0,6478829.9,3201.6
10212,2130,437012.1,6478866.2,3199.5
10215,2130,437021.1,6478902.6,3198.8
10218,2130,437030.2,6478939.0,3198.1
10221,2130,437039.3,6478975.4,3191.3
10224,2130,437048.4,6479011.8,3177.7
10227,2130,437057.4,6479048.2,3162.0
10230,2130,437066.5,6479084.6,3150.7
10233,2130,437075.6,6479120.9,3129.2
10236,2130,437084.6,6479157.3,3109.3
10239,2130,437093.7,6479193.7,3096.4
10242,2130,437102.8,6479230.1,3083.6
10245,2130,437111.9,6479266.5,3064.1
10248,2130,437120.9,6479302.9,3041.9
10251,2130,437130.0,6479339.3,3025.7
10254,2130,437139.1,6479375.6,3001.7
10257,2130,437148.2,6479412.0,2979.6
10260,2130,437157.2,6479448.4,2959.1
10263,2130,437166.3,6479484.8,2951.2
10266,2130,437175.4,6479521.2,2940.2
10269,2130,437184.5,6479557.6,2938.5
10272,2130,437193.5,6479594.0,2947.6
10275,2130,437202.6,6479630.3,2960.4
10278,2130,437211.7,6479666.7,2972.4
10281,2130,437220.7,6479703.1,2980.1
10284,2130,437229.8,6479739.5,2988.0
10287,2130,437238.9,6479775.9,2987.6
10290,2130,437248.0,6479812.3,2987.6
10293,2130,437257.0,6479848.7,2989.8
10296,2130,437266.1,6479885.0,2995.4
10299,2130,437275.2,6479921.4,2998.1
10302,2130,437284.3,6479957.8,3000.4
10305,2130,437293.3,6479994.2,3002.9
10308,2130,437302.4,6480030.6,3004.7
10311,2130,437311.5,6480067.0,3006.7
10314,2130,437320.5,6480103.4,3008.5
10317,2130,437329.6,6480139.7,3012.3
10320,2130,437338.7,6480176.1,3014.9
10323,2130,437347.8,6480212.5,3019.8
10326,2130,437356.8,6480248.9,3027.3
10329,2130,437365.9,6480285.3,3036.4
10332,2130,437375.0,6480321.7,3043.2
10335,2130,437384.1,6480358.1,3048.1
10338,2130,437393.1,6480394.4,3050.1
10341,2130,437402.2,6480430.8,3050.7
10344,2130,437411.3,6480467.2,3049.5
10347,2130,437420.4,6480503.6,3047.5
10350,2130,437429.4,6480540.0,3044.5
10353,2130,437438.5,6480576.4,3041.9
10356,2130,437447.6,6480612.8,3040.1
10359,2130,437456.6,6480649.1,3038.6
9972,2127,436322.6,6475946.3,3157.9
9975,2127,436331.7,6475982.7,3158.0
9978,2127,436340.7,6476019.1,3158.0
9981,2127,436349.8,6476055.5,3157.6
9984,2127,436358.9,6476091.8,3156.3
9987,2127,436368.0,6476128.2,3155.5
9990,2127,436377.0,6476164.6,3155.8
9993,2127,436386.1,6476201.0,3155.7
9996,2127,436395.2,6476237.4,3155.4
9999,2127,436404.3,6476273.8,3155.3
10002,2127,436413.3,6476310.2,3153.5
10005,2127,436422.4,6476346.5,3150.9
10008,2127,436431.5,6476382.9,3146.9
10011,2127,436440.6,6476419.3,3142.6
10014,2127,436449.6,6476455.7,3139.0
10017,2127,436458.7,6476492.1,3135.6
10020,2127,436467.8,6476528.5,3133.8
10023,2127,436476.8,6476564.9,3131.0
10026,2127,436485.9,6476601.2,3128.8
10029,2127,436495.0,6476637.6,3127.6
10032,2127,436504.1,6476674.0,3126.9
10035,2127,436513.1,6476710.4,3127.7
10038,2127,436522.2,6476746.8,3128.9
10041,2127,436531.3,6476783.2,3129.8
10044,2127,436540.4,6476819.6,3129.9
10047,2127,436549.4,6476855.9,3129.6
10050,2127,436558.5,6476892.3,3129.7
10053,2127,436567.6,6476928.7,3129.5
10056,2127,436576.6,6476965.1,3128.5
10059,2127,436585.7,6477001.5,3125.9
10062,2127,436594.8,6477037.9,3122.7
10065,2127,436603.9,6477074.3,3112.5
10068,2127,436612.9,6477110.7,3097.6
10071,2127,436622.0,6477147.0,3084.2
10074,2127,436631.1,6477183.4,3074.1
10077,2127,436640.2,6477219.8,3070.7
10080,2127,436649.2,6477256.2,3067.9
10083,2127,436658.3,6477292.6,3064.9
10086,2127,436667.4,6477329.0,3062.8
10089,2127,436676.5,6477365.4,3059.2
10092,2127,436685.5,6477401.7,3055.2
10095,2127,436694.6,6477438.1,3050.6
10098,2127,436703.7,6477474.5,3045.1
10101,2127,436712.7,6477510.9,3038.5
10104,2127,436721.8,6477547.3,3032.9
10107,2127,436730.9,6477583.7,3029.9
10110,2127,436740.0,6477620.1,3032.8
10113,2127,436749.0,6477656.4,3034.8
10116,2127,436758.1,6477692.8,3039.0
10119,2127,436767.2,6477729.2,3049.4
10122,2127,436776.3,6477765.6,3064.2
10125,2127,436785.3,6477802.0,3089.5
10128,2127,436794.4,6477838.4,3110.9
10131,2127,436803.5,6477874.8,3136.7
10134,2127,436812.5,6477911.1,3157.8
10137,2127,436821.6,6477947.5,3170.0
10140,2127,436830.7,6477983.9,3178.4
10143,2127,436839.8,6478020.3,3187.4
10146,2127,436848.8,6478056.7,3183.5
10149,2127,436857.9,6478093.1,3178.1
10152,2127,436867.0,6478129.5,3178.5
10155,2127,436876.1,6478165.8,3179.4
10158,2127,436885.1,6478202.2,3179.6
10161,2127,436894.2,6478238.6,3179.2
10164,2127,436903.3,6478275.0,3180.1
10167,2127,436912.4,6478311.4,3180.8
10170,2127,436921.4,6478347.8,3182.1
10173,2127,436930.5,6478384.2,3184.9
10176,2127,436939.6,6478420.5,3185.7
10179,2127,436948.6,6478456.9,3186.1
10182,2127,436957.7,6478493.3,3185.7
10185,2127,436966.8,6478529.7,3183.9
10188,2127,436975.9,6478566.1,3184.7
10191,2127,436984.9,6478602.5,3189.8
10194,2127,436994.0,6478638.9,3196.2
10197,2127,437003.1,6478675.2,3201.7
10200,2127,437012.2,6478711.6,3204.6
10203,2127,437021.2,6478748.0,3201.8
10206,2127,437030.3,6478784.4,3199.2
10209,2127,437039.4,6478820.8,3198.7
10212,2127,437048.4,6478857.2,3197.9
10215,2127,437057.5,6478893.6,3196.2
10218,2127,437066.6,6478929.9,3192.9
10221,2127,437075.7,6478966.3,3179.4
10224,2127,437084.7,6479002.7,3160.7
10227,2127,437093.8,6479039.1,3150.0
10230,2127,437102.9,6479075.5,3130.3
10233,2127,437112.0,6479111.9,3109.7
10236,2127,437121.0,6479148.3,3089.5
10239,2127,437130.1,6479184.6,3077.7
10242,2127,437139.2,6479221.0,3058.6
10245,2127,437148.3,6479257.4,3038.2
10248,2127,437157.3,6479293.8,3020.3
10251,2127,437166.4,6479330.2,3005.9
10254,2127,437175.5,6479366.6,2982.1
10257,2127,437184.5,6479403.0,2958.3
10260,2127,437193.6,6479439.3,2944.6
10263,2127,437202.7,6479475.7,2925.6
10266,2127,437211.8,6479512.1,2913.6
10269,2127,437220.8,6479548.5,2914.1
10272,2127,437229.9,6479584.9,2927.4
10275,2127,437239.0,6479621.3,2938.9
10278,2127,437248.1,6479657.7,2952.1
10281,2127,437257.1,6479694.0,2961.8
10284,2127,437266.2,6479730.4,2968.3
10287,2127,437275.3,6479766.8,2971.3
10290,2127,437284.4,6479803.2,2973.0
10293,2127,437293.4,6479839.6,2979.9
10296,2127,437302.5,6479876.0,2984.1
10299,2127,437311.6,6479912.4,2989.8
10302,2127,437320.6,6479948.7,2994.3
10305,2127,437329.7,6479985.1,2999.3
10308,2127,437338.8,6480021.5,3000.1
10311,2127,437347.9,6480057.9,3001.8
10314,2127,437356.9,6480094.3,3004.8
10317,2127,437366.0,6480130.7,3009.4
10320,2127,437375.1,6480167.1,3010.5
10323,2127,437384.2,6480203.4,3014.1
10326,2127,437393.2,6480239.8,3021.7
10329,2127,437402.3,6480276.2,3029.4
10332,2127,437411.4,6480312.6,3036.7
10335,2127,437420.4,6480349.0,3043.4
10338,2127,437429.5,6480385.4,3048.0
10341,2127,437438.6,6480421.8,3049.9
10344,2127,437447.7,6480458.1,3049.2
10347,2127,437456.7,6480494.5,3047.8
10350,2127,437465.8,6480530.9,3045.6
10353,2127,437474.9,6480567.3,3044.5
10356,2127,437484.0,6480603.7,3042.3
10359,2127,437493.0,6480640.1,3040.9
9972,2124,436359.0,6475937.2,3158.6
9975,2124,436368.1,6475973.6,3158.8
9978,2124,436377.1,6476010.0,3158.3
9981,2124,436386.2,6476046.4,3157.8
9984,2124,436395.3,6476082.8,3156.0
9987,2124,436404.4,6476119.2,3155.5
9990,2124,436413.4,6476155.5,3156.6
9993,2124,436422.5,6476191.9,3156.2
9996,2124,436431.6,6476228.3,3155.5
9999,2124,436440.6,6476264.7,3153.5
10002,2124,436449.7,6476301.1,3150.9
10005,2124,436458.8,6476337.5,3147.7
10008,2124,436467.9,6476373.9,3145.2
10011,2124,436476.9,6476410.2,3140.6
10014,2124,436486.0,6476446.6,3136.4
10017,2124,436495.1,6476483.0,3134.3
10020,2124,436504.2,6476519.4,3132.8
10023,2124,436513.2,6476555.8,3131.5
10026,2124,436522.3,6476592.2,3129.9
10029,2124,436531.4,6476628.6,3128.8
10032,2124,436540.4,6476664.9,3128.3
10035,2124,436549.5,6476701.3,3129.0
10038,2124,436558.6,6476737.7,3129.8
10041,2124,436567.7,6476774.1,3130.0
10044,2124,436576.7,6476810.5,3130.0
10047,2124,436585.8,6476846.9,3129.1
10050,2124,436594.9,6476883.3,3129.4
10053,2124,436604.0,6476919.6,3130.7
10056,2124,436613.0,6476956.0,3130.1
10059,2124,436622.1,6476992.4,3127.8
10062,2124,436631.2,6477028.8,3124.8
10065,2124,436640.3,6477065.2,3117.2
10068,2124,436649.3,6477101.6,3101.8
10071,2124,436658.4,6477138.0,3083.8
10074,2124,436667.5,6477174.3,3073.2
10077,2124,436676.5,6477210.7,3066.6
10080,2124,436685.6,6477247.1,3064.4
10083,2124,436694.7,6477283.5,3062.0
10086,2124,436703.8,6477319.9,3059.7
10089,2124,436712.8,6477356.3,3056.8
10092,2124,436721.9,6477392.7,3053.6
10095,2124,436731.0,6477429.0,3050.5
10098,2124,436740.1,6477465.4,3044.9
10101,2124,436749.1,6477501.8,3038.6
10104,2124,436758.2,6477538.2,3033.6
10107,2124,436767.3,6477574.6,3029.9
10110,2124,436776.3,6477611.0,3029.5
10113,2124,436785.4,6477647.4,3030.8
10116,2124,436794.5,6477683.8,3032.9
10119,2124,436803.6,6477720.1,3039.9
10122,2124,436812.6,6477756.5,3052.8
10125,2124,436821.7,6477792.9,3066.6
10128,2124,436830.8,6477829.3,3095.9
10131,2124,436839.9,6477865.7,3118.7
10134,2124,436848.9,6477902.1,3137.8
10137,2124,436858.0,6477938.5,3149.6
10140,2124,436867.1,6477974.8,3165.5
10143,2124,436876.2,6478011.2,3173.2
10146,2124,436885.2,6478047.6,3171.7
10149,2124,436894.3,6478084.0,3169.3
10152,2124,436903.4,6478120.4,3172.0
10155,2124,436912.4,6478156.8,3173.6
10158,2124,436921.5,6478193.2,3172.7
10161,2124,436930.6,6478229.5,3174.3
10164,2124,436939.7,6478265.9,3174.1
10167,2124,436948.7,6478302.3,3175.0
10170,2124,436957.8,6478338.7,3177.9
10173,2124,436966.9,6478375.1,3184.0
10176,2124,436976.0,6478411.5,3188.1
10179,2124,436985.0,6478447.9,3188.6
10182,2124,436994.1,6478484.2,3188.0
10185,2124,437003.2,6478520.6,3186.1
10188,2124,437012.3,6478557.0,3188.7
10191,2124,437021.3,6478593.4,3192.4
10194,2124,437030.4,6478629.8,3196.7
10197,2124,437039.5,6478666.2,3201.1
10200,2124,437048.5,6478702.6,3200.3
10203,2124,437057.6,6478738.9,3197.4
10206,2124,437066.7,6478775.3,3197.3
10209,2124,437075.8,6478811.7,3196.9
10212,2124,437084.8,6478848.1,3195.5
10215,2124,437093.9,6478884.5,3186.2
10218,2124,437103.0,6478920.9,3177.2
10221,2124,437112.1,6478957.3,3158.4
10224,2124,437121.1,6478993.6,3142.5
10227,2124,437130.2,6479030.0,3130.5
10230,2124,437139.3,6479066.4,3111.6
10233,2124,437148.3,6479102.8,3092.1
10236,2124,437157.4,6479139.2,3072.7
10239,2124,437166.5,6479175.6,3059.6
10242,2124,437175.6,6479212.0,3041.3
10245,2124,437184.6,6479248.3,3021.2
10248,2124,437193.7,6479284.7,2998.5
10251,2124,437202.8,6479321.1,2983.0
10254,2124,437211.9,6479357.5,2959.3
10257,2124,437220.9,6479393.9,2941.9
10260,2124,437230.0,6479430.3,2924.3
10263,2124,437239.1,6479466.7,2910.9
10266,2124,437248.2,6479503.0,2900.8
10269,2124,437257.2,6479539.4,2900.8
10272,2124,437266.3,6479575.8,2909.2
10275,2124,437275.4,6479612.2,2916.5
10278,2124,437284.4,6479648.6,2928.6
10281,2124,437293.5,6479685.0,2937.9
10284,2124,437302.6,6479721.4,2949.9
10287,2124,437311.7,6479757.7,2954.6
10290,2124,437320.7,6479794.1,2954.7
10293,2124,437329.8,6479830.5,2962.7
10296,2124,437338.9,6479866.9,2970.7
10299,2124,437348.0,6479903.3,2978.2
10302,2124,437357.0,6479939.7,2984.8
10305,2124,437366.1,6479976.1,2992.1
10308,2124,437375.2,6480012.4,2993.8
10311,2124,437384.2,6480048.8,2995.8
10314,2124,437393.3,6480085.2,3000.2
10317,2124,437402.4,6480121.6,3005.7
10320,2124,437411.5,6480158.0,3007.8
10323,2124,437420.5,6480194.4,3009.5
10326,2124,437429.6,6480230.8,3017.8
10329,2124,437438.7,6480267.1,3021.7
10332,2124,437447.8,6480303.5,3029.6
10335,2124,437456.8,6480339.9,3037.5
10338,2124,437465.9,6480376.3,3043.5
10341,2124,437475.0,6480412.7,3047.1
10344,2124,437484.1,6480449.1,3048.3
10347,2124,437493.1,6480485.5,3047.4
10350,2124,437502.2,6480521.8,3046.1
10353,2124,437511.3,6480558.2,3045.4
10356,2124,437520.3,6480594.6,3045.4
10359,2124,437529.4,6480631.0,3043.9
9972,2121,436395.4,6475928.2,3159.6
9975,2121,436404.4,6475964.5,3160.1
9978,2121,436413.5,6476000.9,3160.5
9981,2121,436422.6,6476037.3,3159.1
9984,2121,436431.7,6476073.7,3156.4
9987,2121,436440.7,6476110.1,3155.5
9990,2121,436449.8,6476146.5,3155.2
9993,2121,436458.9,6476182.9,3153.7
9996,2121,436468.0,6476219.2,3152.3
9999,2121,436477.0,6476255.6,3150.5
10002,2121,436486.1,6476292.0,3147.5
10005,2121,436495.2,6476328.4,3144.0
10008,2121,436504.2,6476364.8,3141.4
10011,2121,436513.3,6476401.2,3137.6
10014,2121,436522.4,6476437.6,3134.0
10017,2121,436531.5,6476473.9,3132.9
10020,2121,436540.5,6476510.3,3132.7
10023,2121,436549.6,6476546.7,3131.4
10026,2121,436558.7,6476583.1,3129.9
10029,2121,436567.8,6476619.5,3129.1
10032,2121,436576.8,6476655.9,3128.6
10035,2121,436585.9,6476692.3,3128.3
10038,2121,436595.0,6476728.6,3129.0
10041,2121,436604.1,6476765.0,3129.7
10044,2121,436613.1,6476801.4,3129.2
10047,2121,436622.2,6476837.8,3128.3
10050,2121,436631.3,6476874.2,3128.5
10053,2121,436640.3,6476910.6,3129.7
10056,2121,436649.4,6476947.0,3127.5
10059,2121,436658.5,6476983.3,3122.5
10062,2121,436667.6,6477019.7,3118.8
10065,2121,436676.6,6477056.1,3108.9
10068,2121,436685.7,6477092.5,3098.2
10071,2121,436694.8,6477128.9,3081.0
10074,2121,436703.9,6477165.3,3070.3
10077,2121,436712.9,6477201.7,3063.9
10080,2121,436722.0,6477238.0,3062.0
10083,2121,436731.1,6477274.4,3060.3
10086,2121,436740.1,6477310.8,3058.0
10089,2121,436749.2,6477347.2,3054.6
10092,2121,436758.3,6477383.6,3052.1
10095,2121,436767.4,6477420.0,3048.4
10098,2121,436776.4,6477456.4,3042.9
10101,2121,436785.5,6477492.7,3040.0
10104,2121,436794.6,6477529.1,3036.0
10107,2121,436803.7,6477565.5,3032.8
10110,2121,436812.7,6477601.9,3030.8
10113,2121,436821.8,6477638.3,3031.1
10116,2121,436830.9,6477674.7,3032.5
10119,2121,436840.0,6477711.1,3035.5
10122,2121,436849.0,6477747.4,3042.2
10125,2121,436858.1,6477783.8,3056.6
10128,2121,436867.2,6477820.2,3081.8
10131,2121,436876.2,6477856.6,3100.4
10134,2121,436885.3,6477893.0,3107.3
10137,2121,436894.4,6477929.4,3127.7
10140,2121,436903.5,6477965.8,3141.8
10143,2121,436912.5,6478002.2,3153.5
10146,2121,436921.6,6478038.5,3157.8
10149,2121,436930.7,6478074.9,3162.6
10152,2121,436939.8,6478111.3,3164.3
10155,2121,436948.8,6478147.7,3166.3
10158,2121,436957.9,6478184.1,3166.1
10161,2121,436967.0,6478220.5,3167.7
10164,2121,436976.1,6478256.8,3168.1
10167,2121,436985.1,6478293.2,3168.9
10170,2121,436994.2,6478329.6,3174.1
10173,2121,437003.3,6478366.0,3181.4
10176,2121,437012.3,6478402.4,3187.9
10179,2121,437021.4,6478438.8,3189.8
10182,2121,437030.5,6478475.2,3189.9
10185,2121,437039.6,6478511.6,3190.1
10188,2121,437048.6,6478547.9,3191.7
10191,2121,437057.7,6478584.3,3194.1
10194,2121,437066.8,6478620.7,3196.5
10197,2121,437075.9,6478657.1,3197.8
10200,2121,437084.9,6478693.5,3196.6
10203,2121,437094.0,6478729.9,3195.9
10206,2121,437103.1,6478766.3,3196.0
10209,2121,437112.1,6478802.6,3195.1
10212,2121,437121.2,6478839.0,3187.0
10215,2121,437130.3,6478875.4,3177.3
10218,2121,437139.4,6478911.8,3158.9
10221,2121,437148.4,6478948.2,3139.3
10224,2121,437157.5,6478984.6,3120.1
10227,2121,437166.6,6479021.0,3108.7
10230,2121,437175.7,6479057.3,3091.1
10233,2121,437184.7,6479093.7,3076.1
10236,2121,437193.8,6479130.1,3059.4
10239,2121,437202.9,6479166.5,3045.6
10242,2121,437212.0,6479202.9,3028.8
10245,2121,437221.0,6479239.3,3008.6
10248,2121,437230.1,6479275.7,2991.4
10251,2121,437239.2,6479312.0,2967.9
10254,2121,437248.2,6479348.4,2945.9
10257,2121,437257.3,6479384.8,2926.9
10260,2121,437266.4,6479421.2,2916.3
10263,2121,437275.5,6479457.6,2903.9
10266,2121,437284.5,6479494.0,2897.3
10269,2121,437293.6,6479530.4,2897.1
10272,2121,437302.7,6479566.7,2901.0
10275,2121,437311.8,6479603.1,2905.1
10278,2121,437320.8,6479639.5,2911.4
10281,2121,437329.9,6479675.9,2923.3
10284,2121,437339.0,6479712.3,2929.7
10287,2121,437348.0,6479748.7,2934.8
10290,2121,437357.1,6479785.1,2940.1
10293,2121,437366.2,6479821.4,2951.4
10296,2121,437375.3,6479857.8,2959.4
10299,2121,437384.3,6479894.2,2964.2
10302,2121,437393.4,6479930.6,2976.1
10305,2121,437402.5,6479967.0,2982.3
10308,2121,437411.6,6480003.4,2985.1
10311,2121,437420.6,6480039.8,2987.9
10314,2121,437429.7,6480076.1,2995.5
10317,2121,437438.8,6480112.5,3001.1
10320,2121,437447.9,6480148.9,3004.0
10323,2121,437456.9,6480185.3,3006.9
10326,2121,437466.0,6480221.7,3012.7
10329,2121,437475.1,6480258.1,3018.5
10332,2121,437484.1,6480294.5,3023.4
10335,2121,437493.2,6480330.8,3033.0
10338,2121,437502.3,6480367.2,3038.2
10341,2121,437511.4,6480403.6,3042.5
10344,2121,437520.4,6480440.0,3045.3
10347,2121,437529.5,6480476.4,3046.9
10350,2121,437538.6,6480512.8,3046.4
10353,2121,437547.7,6480549.2,3045.7
10356,2121,437556.7,6480585.5,3046.4
10359,2121,437565.8,6480621.9,3047.6
9972,2118,436431.8,6475919.1,3158.5
9975,2118,436440.8,6475955.5,3159.8
9978,2118,436449.9,6475991.9,3159.1
9981,2118,436459.0,6476028.2,3155.5
9984,2118,436468.0,6476064.6,3153.2
9987,2118,436477.1,6476101.0,3148.3
9990,2118,436486.2,6476137.4,3147.2
9993,2118,436495.3,6476173.8,3146.2
9996,2118,436504.3,6476210.2,3147.7
9999,2118,436513.4,6476246.6,3145.8
10002,2118,436522.5,6476282.9,3140.6
10005,2118,436531.6,6476319.3,3138.2
10008,2118,436540.6,6476355.7,3135.5
10011,2118,436549.7,6476392.1,3132.4
10014,2118,436558.8,6476428.5,3130.5
10017,2118,436567.9,6476464.9,3131.8
10020,2118,436576.9,6476501.3,3131.9
10023,2118,436586.0,6476537.6,3130.5
10026,2118,436595.1,6476574.0,3128.3
10029,2118,436604.1,6476610.4,3127.7
10032,2118,436613.2,6476646.8,3126.9
10035,2118,436622.3,6476683.2,3126.8
10038,2118,436631.4,6476719.6,3127.9
10041,2118,436640.4,6476756.0,3129.6
10044,2118,436649.5,6476792.3,3129.3
10047,2118,436658.6,6476828.7,3127.3
10050,2118,436667.7,6476865.1,3126.3
10053,2118,436676.7,6476901.5,3124.8
10056,2118,436685.8,6476937.9,3118.0
10059,2118,436694.9,6476974.3,3105.3
10062,2118,436704.0,6477010.7,3102.0
10065,2118,436713.0,6477047.0,3091.6
10068,2118,436722.1,6477083.4,3081.2
10071,2118,436731.2,6477119.8,3073.6
10074,2118,436740.2,6477156.2,3065.5
10077,2118,436749.3,6477192.6,3063.1
10080,2118,436758.4,6477229.0,3061.8
10083,2118,436767.5,6477265.4,3060.4
10086,2118,436776.5,6477301.7,3058.3
10089,2118,436785.6,6477338.1,3056.8
10092,2118,436794.7,6477374.5,3053.8
10095,2118,436803.8,6477410.9,3049.4
10098,2118,436812.8,6477447.3,3045.0
10101,2118,436821.9,6477483.7,3041.4
10104,2118,436831.0,6477520.1,3038.7
10107,2118,436840.0,6477556.4,3035.2
10110,2118,436849.1,6477592.8,3034.3
10113,2118,436858.2,6477629.2,3033.2
10116,2118,436867.3,6477665.6,3033.6
10119,2118,436876.3,6477702.0,3036.5
10122,2118,436885.4,6477738.4,3040.3
10125,2118,436894.5,6477774.8,3047.8
10128,2118,436903.6,6477811.1,3061.0
10131,2118,436912.6,6477847.5,3073.6
10134,2118,436921.7,6477883.9,3084.2
10137,2118,436930.8,6477920.3,3096.5
10140,2118,436939.9,6477956.7,3120.5
10143,2118,436948.9,6477993.1,3128.7
10146,2118,436958.0,6478029.5,3138.9
10149,2118,436967.1,6478065.8,3150.7
10152,2118,436976.1,6478102.2,3155.9
10155,2118,436985.2,6478138.6,3157.9
10158,2118,436994.3,6478175.0,3159.2
10161,2118,437003.4,6478211.4,3160.9
10164,2118,437012.4,6478247.8,3161.6
10167,2118,437021.5,6478284.2,3167.2
10170,2118,437030.6,6478320.5,3176.2
10173,2118,437039.7,6478356.9,3183.8
10176,2118,437048.7,6478393.3,3188.6
10179,2118,437057.8,6478429.7,3190.6
10182,2118,437066.9,6478466.1,3190.7
10185,2118,437075.9,6478502.5,3191.6
10188,2118,437085.0,6478538.9,3192.0
10191,2118,437094.1,6478575.2,3192.8
10194,2118,437103.2,6478611.6,3193.9
10197,2118,437112.2,6478648.0,3194.6
10200,2118,437121.3,6478684.4,3194.8
10203,2118,437130.4,6478720.8,3193.7
10206,2118,437139.5,6478757.2,3192.4
10209,2118,437148.5,6478793.6,3185.9
10212,2118,437157.6,6478830.0,3172.2
10215,2118,437166.7,6478866.3,3161.5
10218,2118,437175.8,6478902.7,3141.6
10221,2118,437184.8,6478939.1,3121.9
10224,2118,437193.9,6478975.5,3103.3
10227,2118,437203.0,6479011.9,3092.3
10230,2118,437212.0,6479048.3,3075.6
10233,2118,437221.1,6479084.7,3057.3
10236,2118,437230.2,6479121.0,3040.4
10239,2118,437239.3,6479157.4,3029.7
10242,2118,437248.3,6479193.8,3016.9
10245,2118,437257.4,6479230.2,2997.5
10248,2118,437266.5,6479266.6,2980.3
10251,2118,437275.6,6479303.0,2957.3
10254,2118,437284.6,6479339.4,2937.5
10257,2118,437293.7,6479375.7,2924.2
10260,2118,437302.8,6479412.1,2912.6
10263,2118,437311.8,6479448.5,2903.1
10266,2118,437320.9,6479484.9,2895.2
10269,2118,437330.0,6479521.3,2896.9
10272,2118,437339.1,6479557.7,2899.1
10275,2118,437348.1,6479594.1,2898.9
10278,2118,437357.2,6479630.4,2902.4
10281,2118,437366.3,6479666.8,2908.0
10284,2118,437375.4,6479703.2,2913.1
10287,2118,437384.4,6479739.6,2918.3
10290,2118,437393.5,6479776.0,2928.3
10293,2118,437402.6,6479812.4,2936.0
10296,2118,437411.7,6479848.8,2944.5
10299,2118,437420.7,6479885.1,2953.4
10302,2118,437429.8,6479921.5,2965.6
10305,2118,437438.9,6479957.9,2972.5
10308,2118,437447.9,6479994.3,2973.9
10311,2118,437457.0,6480030.7,2981.4
10314,2118,437466.1,6480067.1,2987.0
10317,2118,437475.2,6480103.5,2993.7
10320,2118,437484.2,6480139.8,2998.8
10323,2118,437493.3,6480176.2,3003.8
10326,2118,437502.4,6480212.6,3009.1
10329,2118,437511.5,6480249.0,3014.8
10332,2118,437520.5,6480285.4,3021.7
10335,2118,437529.6,6480321.8,3029.2
10338,2118,437538.7,6480358.2,3035.0
10341,2118,437547.8,6480394.5,3039.5
10344,2118,437556.8,6480430.9,3042.3
10347,2118,437565.9,6480467.3,3044.5
10350,2118,437575.0,6480503.7,3045.5
10353,2118,437584.0,6480540.1,3045.6
10356,2118,437593.1,6480576.5,3046.2
10359,2118,437602.2,6480612.9,3048.0
9972,2115,436468.1,6475910.0,3149.5
9975,2115,436477.2,6475946.4,3152.6
9978,2115,436486.3,6475982.8,3149.1
9981,2115,436495.4,6476019.2,3141.7
9984,2115,436504.4,6476055.6,3137.6
9987,2115,436513.5,6476091.9,3128.6
9990,2115,436522.6,6476128.3,3127.5
9993,2115,436531.7,6476164.7,3130.8
9996,2115,436540.7,6476201.1,3136.4
9999,2115,436549.8,6476237.5,3132.7
10002,2115,436558.9,6476273.9,3125.8
10005,2115,436567.9,6476310.3,3127.0
10008,2115,436577.0,6476346.6,3122.7
10011,2115,436586.1,6476383.0,3120.7
10014,2115,436595.2,6476419.4,3121.2
10017,2115,436604.2,6476455.8,3126.6
10020,2115,436613.3,6476492.2,3126.2
10023,2115,436622.4,6476528.6,3126.0
10026,2115,436631.5,6476565.0,3126.2
10029,2115,436640.5,6476601.3,3124.9
10032,2115,436649.6,6476637.7,3124.4
10035,2115,436658.7,6476674.1,3123.2
10038,2115,436667.8,6476710.5,3125.6
10041,2115,436676.8,6476746.9,3126.7
10044,2115,436685.9,6476783.3,3125.2
10047,2115,436695.0,6476819.7,3121.1
10050,2115,436704.0,6476856.0,3118.0
10053,2115,436713.1,6476892.4,3110.5
10056,2115,436722.2,6476928.8,3097.7
10059,2115,436731.3,6476965.2,3091.4
10062,2115,436740.3,6477001.6,3080.8
10065,2115,436749.4,6477038.0,3073.5
10068,2115,436758.5,6477074.4,3067.2
10071,2115,436767.6,6477110.7,3065.6
10074,2115,436776.6,6477147.1,3063.3
10077,2115,436785.7,6477183.5,3063.0
10080,2115,436794.8,6477219.9,3062.1
10083,2115,436803.8,6477256.3,3060.6
10086,2115,436812.9,6477292.7,3059.9
10089,2115,436822.0,6477329.1,3059.3
10092,2115,436831.1,6477365.4,3056.5
10095,2115,436840.1,6477401.8,3052.5
10098,2115,436849.2,6477438.2,3049.1
10101,2115,436858.3,6477474.6,3046.5
10104,2115,436867.4,6477511.0,3042.1
10107,2115,436876.4,6477547.4,3039.6
10110,2115,436885.5,6477583.8,3038.0
10113,2115,436894.6,6477620.1,3037.1
10116,2115,436903.7,6477656.5,3037.5
10119,2115,436912.7,6477692.9,3040.6
10122,2115,436921.8,6477729.3,3043.3
10125,2115,436930.9,6477765.7,3046.8
10128,2115,436939.9,6477802.1,3053.4
10131,2115,436949.0,6477838.5,3060.7
10134,2115,436958.1,6477874.8,3067.5
10137,2115,436967.2,6477911.2,3080.2
10140,2115,436976.2,6477947.6,3094.9
10143,2115,436985.3,6477984.0,3111.0
10146,2115,436994.4,6478020.4,3122.3
10149,2115,437003.5,6478056.8,3138.3
10152,2115,437012.5,6478093.2,3142.4
10155,2115,437021.6,6478129.5,3147.6
10158,2115,437030.7,6478165.9,3153.0
10161,2115,437039.7,6478202.3,3153.7
10164,2115,437048.8,6478238.7,3157.3
10167,2115,437057.9,6478275.1,3166.8
10170,2115,437067.0,6478311.5,3176.5
10173,2115,437076.0,6478347.9,3185.2
10176,2115,437085.1,6478384.2,3190.1
10179,2115,437094.2,6478420.6,3190.5
10182,2115,437103.3,6478457.0,3190.7
10185,2115,437112.3,6478493.4,3190.8
10188,2115,437121.4,6478529.8,3191.0
10191,2115,437130.5,6478566.2,3191.8
10194,2115,437139.6,6478602.6,3192.7
10197,2115,437148.6,6478638.9,3193.7
10200,2115,437157.7,6478675.3,3193.3
10203,2115,437166.8,6478711.7,3191.0
10206,2115,437175.8,6478748.1,3182.5
10209,2115,437184.9,6478784.5,3167.9
10212,2115,437194.0,6478820.9,3151.8
10215,2115,437203.1,6478857.3,3141.4
10218,2115,437212.1,6478893.6,3126.2
10221,2115,437221.2,6478930.0,3106.5
10224,2115,437230.3,6478966.4,3094.8
10227,2115,437239.4,6479002.8,3077.5
10230,2115,437248.4,6479039.2,3061.2
10233,2115,437257.5,6479075.6,3044.7
10236,2115,437266.6,6479112.0,3034.2
10239,2115,437275.7,6479148.3,3018.8
10242,2115,437284.7,6479184.7,3001.8
10245,2115,437293.8,6479221.1,2981.4
10248,2115,437302.9,6479257.5,2964.9
10251,2115,437311.9,6479293.9,2949.9
10254,2115,437321.0,6479330.3,2932.9
10257,2115,437330.1,6479366.7,2920.7
10260,2115,437339.2,6479403.0,2909.5
10263,2115,437348.2,6479439.4,2900.7
10266,2115,437357.3,6479475.8,2894.6
10269,2115,437366.4,6479512.2,2897.7
10272,2115,437375.5,6479548.6,2898.4
10275,2115,437384.5,6479585.0,2895.5
10278,2115,437393.6,6479621.4,2896.2
10281,2115,437402.7,6479657.8,2899.8
10284,2115,437411.7,6479694.1,2902.7
10287,2115,437420.8,6479730.5,2904.8
10290,2115,437429.9,6479766.9,2914.3
10293,2115,437439.0,6479803.3,2921.8
10296,2115,437448.0,6479839.7,2930.2
10299,2115,437457.1,6479876.1,2939.0
10302,2115,437466.2,6479912.5,2950.9
10305,2115,437475.3,6479948.8,2958.7
10308,2115,437484.3,6479985.2,2964.8
10311,2115,437493.4,6480021.6,2971.6
10314,2115,437502.5,6480058.0,2979.7
10317,2115,437511.6,6480094.4,2987.8
10320,2115,437520.6,6480130.8,2991.8
10323,2115,437529.7,6480167.2,2999.0
10326,2115,437538.8,6480203.5,3005.3
10329,2115,437547.8,6480239.9,3011.7
10332,2115,437556.9,6480276.3,3017.8
10335,2115,437566.0,6480312.7,3024.8
10338,2115,437575.1,6480349.1,3029.7
10341,2115,437584.1,6480385.5,3034.5
10344,2115,437593.2,6480421.9,3038.7
10347,2115,437602.3,6480458.2,3042.0
10350,2115,437611.4,6480494.6,3044.4
10353,2115,437620.4,6480531.0,3045.5
10356,2115,437629.5,6480567.4,3046.2
10359,2115,437638.6,6480603.8,3047.8
9972,2112,436504.5,6475900.9,3133.8
9975,2112,436513.6,6475937.3,3131.3
9978,2112,436522.7,6475973.7,3124.6
9981,2112,436531.7,6476010.1,3117.3
9984,2112,436540.8,6476046.5,3115.0
9987,2112,436549.9,6476082.9,3108.8
9990,2112,436559.0,6476119.3,3107.5
9993,2112,436568.0,6476155.6,3113.9
9996,2112,436577.1,6476192.0,3115.4
9999,2112,436586.2,6476228.4,3108.3
10002,2112,436595.3,6476264.8,3102.3
10005,2112,436604.3,6476301.2,3104.7
10008,2112,436613.4,6476337.6,3100.5
10011,2112,436622.5,6476374.0,3101.7
10014,2112,436631.6,6476410.3,3104.1
10017,2112,436640.6,6476446.7,3111.0
10020,2112,436649.7,6476483.1,3114.4
10023,2112,436658.8,6476519.5,3114.8
10026,2112,436667.8,6476555.9,3118.6
10029,2112,436676.9,6476592.3,3119.2
10032,2112,436686.0,6476628.7,3117.0
10035,2112,436695.1,6476665.0,3112.8
10038,2112,436704.1,6476701.4,3115.3
10041,2112,436713.2,6476737.8,3114.6
10044,2112,436722.3,6476774.2,3110.4
10047,2112,436731.4,6476810.6,3103.1
10050,2112,436740.4,6476847.0,3100.3
10053,2112,436749.5,6476883.4,3087.2
10056,2112,436758.6,6476919.7,3076.4
10059,2112,436767.6,6476956.1,3070.0
10062,2112,436776.7,6476992.5,3067.1
10065,2112,436785.8,6477028.9,3063.5
10068,2112,436794.9,6477065.3,3060.8
10071,2112,436803.9,6477101.7,3060.5
10074,2112,436813.0,6477138.1,3061.3
10077,2112,436822.1,6477174.4,3062.1
10080,2112,436831.2,6477210.8,3061.8
10083,2112,436840.2,6477247.2,3061.4
10086,2112,436849.3,6477283.6,3061.2
10089,2112,436858.4,6477320.0,3060.8
10092,2112,436867.5,6477356.4,3059.6
10095,2112,436876.5,6477392.8,3057.3
10098,2112,436885.6,6477429.1,3055.7
10101,2112,436894.7,6477465.5,3053.6
10104,2112,436903.7,6477501.9,3048.3
10107,2112,436912.8,6477538.3,3045.3
10110,2112,436921.9,6477574.7,3043.6
10113,2112,436931.0,6477611.1,3042.6
10116,2112,436940.0,6477647.5,3042.8
10119,2112,436949.1,6477683.8,3044.7
10122,2112,436958.2,6477720.2,3047.1
10125,2112,436967.3,6477756.6,3050.1
10128,2112,436976.3,6477793.0,3053.4
10131,2112,436985.4,6477829.4,3057.2
10134,2112,436994.5,6477865.8,3061.9
10137,2112,437003.6,6477902.2,3069.1
10140,2112,437012.6,6477938.5,3078.7
10143,2112,437021.7,6477974.9,3089.9
10146,2112,437030.8,6478011.3,3098.0
10149,2112,437039.8,6478047.7,3114.8
10152,2112,437048.9,6478084.1,3125.5
10155,2112,437058.0,6478120.5,3136.8
10158,2112,437067.1,6478156.9,3145.8
10161,2112,437076.1,6478193.2,3147.4
10164,2112,437085.2,6478229.6,3152.6
10167,2112,437094.3,6478266.0,3163.8
10170,2112,437103.4,6478302.4,3175.5
10173,2112,437112.4,6478338.8,3184.0
10176,2112,437121.5,6478375.2,3188.4
10179,2112,437130.6,6478411.6,3189.7
10182,2112,437139.6,6478447.9,3189.4
10185,2112,437148.7,6478484.3,3190.5
10188,2112,437157.8,6478520.7,3190.7
10191,2112,437166.9,6478557.1,3191.4
10194,2112,437175.9,6478593.5,3192.0
10197,2112,437185.0,6478629.9,3191.8
10200,2112,437194.1,6478666.3,3190.5
10203,2112,437203.2,6478702.6,3182.5
10206,2112,437212.2,6478739.0,3167.6
10209,2112,437221.3,6478775.4,3150.3
10212,2112,437230.4,6478811.8,3141.2
10215,2112,437239.5,6478848.2,3124.9
10218,2112,437248.5,6478884.6,3106.6
10221,2112,437257.6,6478921.0,3088.8
10224,2112,437266.7,6478957.3,3078.1
10227,2112,437275.7,6478993.7,3065.9
10230,2112,437284.8,6479030.1,3050.6
10233,2112,437293.9,6479066.5,3039.7
10236,2112,437303.0,6479102.9,3023.1
10239,2112,437312.0,6479139.3,3005.4
10242,2112,437321.1,6479175.7,2988.9
10245,2112,437330.2,6479212.0,2975.8
10248,2112,437339.3,6479248.4,2957.9
10251,2112,437348.3,6479284.8,2941.0
10254,2112,437357.4,6479321.2,2927.5
10257,2112,437366.5,6479357.6,2916.7
10260,2112,437375.5,6479394.0,2906.1
10263,2112,437384.6,6479430.4,2899.6
10266,2112,437393.7,6479466.7,2894.6
10269,2112,437402.8,6479503.1,2895.7
10272,2112,437411.8,6479539.5,2895.6
10275,2112,437420.9,6479575.9,2893.3
10278,2112,437430.0,6479612.3,2893.6
10281,2112,437439.1,6479648.7,2892.9
10284,2112,437448.1,6479685.1,2893.0
10287,2112,437457.2,6479721.5,2895.9
10290,2112,437466.3,6479757.8,2904.5
10293,2112,437475.4,6479794.2,2912.5
10296,2112,437484.4,6479830.6,2917.3
10299,2112,437493.5,6479867.0,2928.8
10302,2112,437502.6,6479903.4,2937.3
10305,2112,437511.6,6479939.8,2944.2
10308,2112,437520.7,6479976.2,2952.0
10311,2112,437529.8,6480012.5,2963.2
10314,2112,437538.9,6480048.9,2969.9
10317,2112,437547.9,6480085.3,2978.4
10320,2112,437557.0,6480121.7,2986.4
10323,2112,437566.1,6480158.1,2995.6
10326,2112,437575.2,6480194.5,3002.2
10329,2112,437584.2,6480230.9,3006.6
10332,2112,437593.3,6480267.2,3014.4
10335,2112,437602.4,6480303.6,3020.2
10338,2112,437611.4,6480340.0,3024.3
10341,2112,437620.5,6480376.4,3029.5
10344,2112,437629.6,6480412.8,3035.8
10347,2112,437638.7,6480449.2,3039.8
10350,2112,437647.7,6480485.6,3043.3
10353,2112,437656.8,6480521.9,3046.3
10356,2112,437665.9,6480558.3,3047.6
10359,2112,437675.0,6480594.7,3048.5
9972,2109,436540.9,6475891.9,3099.8
9975,2109,436550.0,6475928.3,3108.1
9978,2109,436559.1,6475964.6,3104.1
9981,2109,436568.1,6476001.0,3105.0
9984,2109,436577.2,6476037.4,3100.0
9987,2109,436586.3,6476073.8,3096.5
9990,2109,436595.4,6476110.2,3095.8
9993,2109,436604.4,6476146.6,3098.2
9996,2109,436613.5,6476183.0,3094.7
9999,2109,436622.6,6476219.3,3090.5
10002,2109,436631.6,6476255.7,3088.9
10005,2109,436640.7,6476292.1,3088.1
10008,2109,436649.8,6476328.5,3087.3
10011,2109,436658.9,6476364.9,3089.5
10014,2109,436667.9,6476401.3,3094.3
10017,2109,436677.0,6476437.7,3094.6
10020,2109,436686.1,6476474.0,3095.3
10023,2109,436695.2,6476510.4,3098.9
10026,2109,436704.2,6476546.8,3107.1
10029,2109,436713.3,6476583.2,3106.7
10032,2109,436722.4,6476619.6,3101.3
10035,2109,436731.5,6476656.0,3097.6
10038,2109,436740.5,6476692.4,3095.5
10041,2109,436749.6,6476728.7,3091.0
10044,2109,436758.7,6476765.1,3086.5
10047,2109,436767.7,6476801.5,3087.7
10050,2109,436776.8,6476837.9,3078.5
10053,2109,436785.9,6476874.3,3069.5
10056,2109,436795.0,6476910.7,3064.5
10059,2109,436804.0,6476947.1,3063.8
10062,2109,436813.1,6476983.4,3060.9
10065,2109,436822.2,6477019.8,3059.1
10068,2109,436831.3,6477056.2,3059.4
10071,2109,436840.3,6477092.6,3060.2
10074,2109,436849.4,6477129.0,3061.4
10077,2109,436858.5,6477165.4,3061.7
10080,2109,436867.5,6477201.8,3062.3
10083,2109,436876.6,6477238.1,3062.7
10086,2109,436885.7,6477274.5,3062.4
10089,2109,436894.8,6477310.9,3062.3
10092,2109,436903.8,6477347.3,3061.5
10095,2109,436912.9,6477383.7,3059.8
10098,2109,436922.0,6477420.1,3058.7
10101,2109,436931.1,6477456.5,3056.9
10104,2109,436940.1,6477492.8,3054.5
10107,2109,436949.2,6477529.2,3051.4
10110,2109,436958.3,6477565.6,3048.4
10113,2109,436967.4,6477602.0,3045.6
10116,2109,436976.4,6477638.4,3046.2
10119,2109,436985.5,6477674.8,3048.1
10122,2109,436994.6,6477711.2,3050.4
10125,2109,437003.6,6477747.5,3053.1
10128,2109,437012.7,6477783.9,3056.7
10131,2109,437021.8,6477820.3,3058.6
10134,2109,437030.9,6477856.7,3061.4
10137,2109,437039.9,6477893.1,3064.5
10140,2109,437049.0,6477929.5,3069.4
10143,2109,437058.1,6477965.9,3074.9
10146,2109,437067.2,6478002.2,3082.7
10149,2109,437076.2,6478038.6,3087.7
10152,2109,437085.3,6478075.0,3098.6
10155,2109,437094.4,6478111.4,3119.4
10158,2109,437103.4,6478147.8,3135.7
10161,2109,437112.5,6478184.2,3141.8
10164,2109,437121.6,6478220.6,3148.3
10167,2109,437130.7,6478256.9,3157.4
10170,2109,437139.7,6478293.3,3169.1
10173,2109,437148.8,6478329.7,3180.8
10176,2109,437157.9,6478366.1,3186.8
10179,2109,437167.0,6478402.5,3188.6
10182,2109,437176.0,6478438.9,3189.0
10185,2109,437185.1,6478475.3,3190.4
10188,2109,437194.2,6478511.6,3191.6
10191,2109,437203.3,6478548.0,3192.0
10194,2109,437212.3,6478584.4,3191.1
10197,2109,437221.4,6478620.8,3186.5
10200,2109,437230.5,6478657.2,3179.0
10203,2109,437239.5,6478693.6,3164.1
10206,2109,437248.6,6478730.0,3148.4
10209,2109,437257.7,6478766.3,3130.2
10212,2109,437266.8,6478802.7,3121.8
10215,2109,437275.8,6478839.1,3105.7
10218,2109,437284.9,6478875.5,3087.8
10221,2109,437294.0,6478911.9,3070.8
10224,2109,437303.1,6478948.3,3063.3
10227,2109,437312.1,6478984.7,3049.3
10230,2109,437321.2,6479021.0,3034.8
10233,2109,437330.3,6479057.4,3023.1
10236,2109,437339.3,6479093.8,3005.5
10239,2109,437348.4,6479130.2,2990.5
10242,2109,437357.5,6479166.6,2974.6
10245,2109,437366.6,6479203.0,2965.3
10248,2109,437375.6,6479239.4,2951.9
10251,2109,437384.7,6479275.7,2939.3
10254,2109,437393.8,6479312.1,2928.8
10257,2109,437402.9,6479348.5,2918.1
10260,2109,437411.9,6479384.9,2906.3
10263,2109,437421.0,6479421.3,2897.5
10266,2109,437430.1,6479457.7,2893.4
10269,2109,437439.2,6479494.1,2893.7
10272,2109,437448.2,6479530.4,2892.8
10275,2109,437457.3,6479566.8,2891.9
10278,2109,437466.4,6479603.2,2891.2
10281,2109,437475.4,6479639.6,2889.0
10284,2109,437484.5,6479676.0,2887.2
10287,2109,437493.6,6479712.4,2887.9
10290,2109,437502.7,6479748.8,2894.0
10293,2109,437511.7,6479785.1,2901.5
10296,2109,437520.8,6479821.5,2909.7
10299,2109,437529.9,6479857.9,2920.6
10302,2109,437539.0,6479894.3,2928.6
10305,2109,437548.0,6479930.7,2932.4
10308,2109,437557.1,6479967.1,2942.7
10311,2109,437566.2,6480003.5,2951.7
10314,2109,437575.3,6480039.8,2960.0
10317,2109,437584.3,6480076.2,2968.1
10320,2109,437593.4,6480112.6,2979.0
10323,2109,437602.5,6480149.0,2988.2
10326,2109,437611.5,6480185.4,2995.0
10329,2109,437620.6,6480221.8,3002.7
10332,2109,437629.7,6480258.2,3012.0
10335,2109,437638.8,6480294.5,3017.2
10338,2109,437647.8,6480330.9,3019.5
10341,2109,437656.9,6480367.3,3026.7
10344,2109,437666.0,6480403.7,3033.1
10347,2109,437675.1,6480440.1,3038.6
10350,2109,437684.1,6480476.5,3042.7
10353,2109,437693.2,6480512.9,3046.5
10356,2109,437702.3,6480549.3,3049.2
10359,2109,437711.3,6480585.6,3049.0
9972,2106,436577.3,6475882.8,3095.6
9975,2106,436586.4,6475919.2,3096.4
9978,2106,436595.4,6475955.6,3094.5
9981,2106,436604.5,6475991.9,3094.6
9984,2106,436613.6,6476028.3,3092.6
9987,2106,436622.7,6476064.7,3089.9
9990,2106,436631.7,6476101.1,3087.2
9993,2106,436640.8,6476137.5,3086.4
9996,2106,436649.9,6476173.9,3083.7
9999,2106,436659.0,6476210.3,3081.9
10002,2106,436668.0,6476246.7,3080.2
10005,2106,436677.1,6476283.0,3081.0
10008,2106,436686.2,6476319.4,3082.0
10011,2106,436695.3,6476355.8,3082.7
10014,2106,436704.3,6476392.2,3085.1
10017,2106,436713.4,6476428.6,3083.6
10020,2106,436722.5,6476465.0,3081.7
10023,2106,436731.5,6476501.4,3082.0
10026,2106,436740.6,6476537.7,3087.2
10029,2106,436749.7,6476574.1,3086.9
10032,2106,436758.8,6476610.5,3083.1
10035,2106,436767.8,6476646.9,3076.8
10038,2106,436776.9,6476683.3,3076.7
10041,2106,436786.0,6476719.7,3072.0
10044,2106,436795.1,6476756.1,3070.3
10047,2106,436804.1,6476792.4,3070.1
10050,2106,436813.2,6476828.8,3065.2
10053,2106,436822.3,6476865.2,3063.0
10056,2106,436831.3,6476901.6,3062.8
10059,2106,436840.4,6476938.0,3061.9
10062,2106,436849.5,6476974.4,3058.8
10065,2106,436858.6,6477010.8,3058.3
10068,2106,436867.6,6477047.1,3059.8
10071,2106,436876.7,6477083.5,3061.2
10074,2106,436885.8,6477119.9,3061.4
10077,2106,436894.9,6477156.3,3062.0
10080,2106,436903.9,6477192.7,3062.9
10083,2106,436913.0,6477229.1,3063.5
10086,2106,436922.1,6477265.5,3063.4
10089,2106,436931.2,6477301.8,3063.3
10092,2106,436940.2,6477338.2,3063.5
10095,2106,436949.3,6477374.6,3062.4
10098,2106,436958.4,6477411.0,3060.1
10101,2106,436967.4,6477447.4,3058.1
10104,2106,436976.5,6477483.8,3056.1
10107,2106,436985.6,6477520.2,3053.5
10110,2106,436994.7,6477556.5,3051.5
10113,2106,437003.7,6477592.9,3049.7
10116,2106,437012.8,6477629.3,3050.1
10119,2106,437021.9,6477665.7,3051.6
10122,2106,437031.0,6477702.1,3052.1
10125,2106,437040.0,6477738.5,3055.6
10128,2106,437049.1,6477774.9,3059.2
10131,2106,437058.2,6477811.2,3060.5
10134,2106,437067.2,6477847.6,3061.2
10137,2106,437076.3,6477884.0,3063.5
10140,2106,437085.4,6477920.4,3066.4
10143,2106,437094.5,6477956.8,3069.2
10146,2106,437103.5,6477993.2,3072.5
10149,2106,437112.6,6478029.6,3073.1
10152,2106,437121.7,6478065.9,3079.8
10155,2106,437130.8,6478102.3,3102.4
10158,2106,437139.8,6478138.7,3122.2
10161,2106,437148.9,6478175.1,3133.7
10164,2106,437158.0,6478211.5,3142.8
10167,2106,437167.1,6478247.9,3155.0
10170,2106,437176.1,6478284.3,3171.5
10173,2106,437185.2,6478320.6,3181.5
10176,2106,437194.3,6478357.0,3186.1
10179,2106,437203.3,6478393.4,3188.5
10182,2106,437212.4,6478429.8,3189.4
10185,2106,437221.5,6478466.2,3191.2
10188,2106,437230.6,6478502.6,3192.6
10191,2106,437239.6,6478539.0,3192.3
10194,2106,437248.7,6478575.3,3187.3
10197,2106,437257.8,6478611.7,3174.9
10200,2106,437266.9,6478648.1,3164.9
10203,2106,437275.9,6478684.5,3143.7
10206,2106,437285.0,6478720.9,3122.7
10209,2106,437294.1,6478757.3,3109.6
10212,2106,437303.2,6478793.7,3095.4
10215,2106,437312.2,6478830.0,3080.6
10218,2106,437321.3,6478866.4,3062.5
10221,2106,437330.4,6478902.8,3055.6
10224,2106,437339.4,6478939.2,3042.8
10227,2106,437348.5,6478975.6,3032.1
10230,2106,437357.6,6479012.0,3020.1
10233,2106,437366.7,6479048.4,3008.7
10236,2106,437375.7,6479084.7,2989.9
10239,2106,437384.8,6479121.1,2971.9
10242,2106,437393.9,6479157.5,2961.0
10245,2106,437403.0,6479193.9,2951.6
10248,2106,437412.0,6479230.3,2945.2
10251,2106,437421.1,6479266.7,2937.5
10254,2106,437430.2,6479303.1,2930.3
10257,2106,437439.2,6479339.4,2918.9
10260,2106,437448.3,6479375.8,2908.3
10263,2106,437457.4,6479412.2,2900.7
10266,2106,437466.5,6479448.6,2893.4
10269,2106,437475.5,6479485.0,2892.1
10272,2106,437484.6,6479521.4,2890.3
10275,2106,437493.7,6479557.8,2889.2
10278,2106,437502.8,6479594.1,2888.5
10281,2106,437511.8,6479630.5,2886.7
10284,2106,437520.9,6479666.9,2884.2
10287,2106,437530.0,6479703.3,2883.9
10290,2106,437539.1,6479739.7,2886.4
10293,2106,437548.1,6479776.1,2892.7
10296,2106,437557.2,6479812.5,2900.2
10299,2106,437566.3,6479848.8,2910.1
10302,2106,437575.3,6479885.2,2918.0
10305,2106,437584.4,6479921.6,2925.2
10308,2106,437593.5,6479958.0,2932.9
10311,2106,437602.6,6479994.4,2943.6
10314,2106,437611.6,6480030.8,2948.5
10317,2106,437620.7,6480067.2,2957.6
10320,2106,437629.8,6480103.5,2969.1
10323,2106,437638.9,6480139.9,2979.1
10326,2106,437647.9,6480176.3,2986.5
10329,2106,437657.0,6480212.7,2993.8
10332,2106,437666.1,6480249.1,3004.3
10335,2106,437675.1,6480285.5,3012.0
10338,2106,437684.2,6480321.9,3016.1
10341,2106,437693.3,6480358.2,3025.1
10344,2106,437702.4,6480394.6,3033.9
10347,2106,437711.4,6480431.0,3037.9
10350,2106,437720.5,6480467.4,3042.3
10353,2106,437729.6,6480503.8,3046.3
10356,2106,437738.7,6480540.2,3048.7
10359,2106,437747.7,6480576.6,3047.2
9972,2103,436613.7,6475873.7,3089.4
9975,2103,436622.8,6475910.1,3090.4
9978,2103,436631.8,6475946.5,3088.6
9981,2103,436640.9,6475982.9,3089.2
9984,2103,436650.0,6476019.3,3087.0
9987,2103,436659.1,6476055.6,3084.1
9990,2103,436668.1,6476092.0,3082.5
9993,2103,436677.2,6476128.4,3080.0
9996,2103,436686.3,6476164.8,3078.3
9999,2103,436695.3,6476201.2,3076.9
10002,2103,436704.4,6476237.6,3077.5
10005,2103,436713.5,6476274.0,3077.0
10008,2103,436722.6,6476310.3,3077.2
10011,2103,436731.6,6476346.7,3077.4
10014,2103,436740.7,6476383.1,3078.1
10017,2103,436749.8,6476419.5,3075.5
10020,2103,436758.9,6476455.9,3073.4
10023,2103,436767.9,6476492.3,3074.5
10026,2103,436777.0,6476528.7,3074.1
10029,2103,436786.1,6476565.0,3073.9
10032,2103,436795.1,6476601.4,3070.9
10035,2103,436804.2,6476637.8,3069.2
10038,2103,436813.3,6476674.2,3064.4
10041,2103,436822.4,6476710.6,3061.9
10044,2103,436831.4,6476747.0,3061.2
10047,2103,436840.5,6476783.4,3062.1
10050,2103,436849.6,6476819.8,3060.8
10053,2103,436858.7,6476856.1,3061.5
10056,2103,436867.7,6476892.5,3062.1
10059,2103,436876.8,6476928.9,3061.2
10062,2103,436885.9,6476965.3,3060.0
10065,2103,436895.0,6477001.7,3060.4
10068,2103,436904.0,6477038.1,3061.2
10071,2103,436913.1,6477074.5,3061.2
10074,2103,436922.2,6477110.8,3061.6
10077,2103,436931.2,6477147.2,3062.5
10080,2103,436940.3,6477183.6,3063.5
10083,2103,436949.4,6477220.0,3064.0
10086,2103,436958.5,6477256.4,3064.6
10089,2103,436967.5,6477292.8,3065.5
10092,2103,436976.6,6477329.2,3065.6
10095,2103,436985.7,6477365.5,3064.5
10098,2103,436994.8,6477401.9,3061.0
10101,2103,437003.8,6477438.3,3058.2
10104,2103,437012.9,6477474.7,3056.0
10107,2103,437022.0,6477511.1,3054.2
10110,2103,437031.0,6477547.5,3054.3
10113,2103,437040.1,6477583.9,3053.4
10116,2103,437049.2,6477620.2,3053.9
10119,2103,437058.3,6477656.6,3055.4
10122,2103,437067.3,6477693.0,3056.8
10125,2103,437076.4,6477729.4,3058.5
10128,2103,437085.5,6477765.8,3061.5
10131,2103,437094.6,6477802.2,3062.8
10134,2103,437103.6,6477838.6,3062.5
10137,2103,437112.7,6477874.9,3063.2
10140,2103,437121.8,6477911.3,3064.9
10143,2103,437130.9,6477947.7,3066.7
10146,2103,437139.9,6477984.1,3068.2
10149,2103,437149.0,6478020.5,3069.5
10152,2103,437158.1,6478056.9,3072.8
10155,2103,437167.1,6478093.3,3093.1
10158,2103,437176.2,6478129.6,3107.1
10161,2103,437185.3,6478166.0,3125.3
10164,2103,437194.4,6478202.4,3138.5
10167,2103,437203.4,6478238.8,3151.9
10170,2103,437212.5,6478275.2,3168.5
10173,2103,437221.6,6478311.6,3178.2
10176,2103,437230.7,6478348.0,3185.0
10179,2103,437239.7,6478384.3,3188.3
10182,2103,437248.8,6478420.7,3191.5
10185,2103,437257.9,6478457.1,3193.0
10188,2103,437267.0,6478493.5,3192.9
10191,2103,437276.0,6478529.9,3188.4
10194,2103,437285.1,6478566.3,3175.8
10197,2103,437294.2,6478602.7,3164.7
10200,2103,437303.2,6478639.0,3144.5
10203,2103,437312.3,6478675.4,3121.4
10206,2103,437321.4,6478711.8,3099.6
10209,2103,437330.5,6478748.2,3088.8
10212,2103,437339.5,6478784.6,3070.8
10215,2103,437348.6,6478821.0,3052.7
10218,2103,437357.7,6478857.4,3036.1
10221,2103,437366.8,6478893.7,3030.7
10224,2103,437375.8,6478930.1,3021.8
10227,2103,437384.9,6478966.5,3013.7
10230,2103,437394.0,6479002.9,3009.6
10233,2103,437403.0,6479039.3,2992.6
10236,2103,437412.1,6479075.7,2974.4
10239,2103,437421.2,6479112.1,2956.9
10242,2103,437430.3,6479148.4,2947.0
10245,2103,437439.3,6479184.8,2937.3
10248,2103,437448.4,6479221.2,2933.8
10251,2103,437457.5,6479257.6,2929.1
10254,2103,437466.6,6479294.0,2924.4
10257,2103,437475.6,6479330.4,2916.8
10260,2103,437484.7,6479366.8,2908.0
10263,2103,437493.8,6479403.1,2901.9
10266,2103,437502.9,6479439.5,2893.9
10269,2103,437511.9,6479475.9,2890.8
10272,2103,437521.0,6479512.3,2888.0
10275,2103,437530.1,6479548.7,2887.0
10278,2103,437539.1,6479585.1,2885.8
10281,2103,437548.2,6479621.5,2883.7
10284,2103,437557.3,6479657.8,2880.7
10287,2103,437566.4,6479694.2,2880.3
10290,2103,437575.4,6479730.6,2881.5
10293,2103,437584.5,6479767.0,2886.9
10296,2103,437593.6,6479803.4,2894.4
10299,2103,437602.7,6479839.8,2901.7
10302,2103,437611.7,6479876.2,2908.6
10305,2103,437620.8,6479912.5,2915.2
10308,2103,437629.9,6479948.9,2924.7
10311,2103,437638.9,6479985.3,2932.7
10314,2103,437648.0,6480021.7,2941.6
10317,2103,437657.1,6480058.1,2950.6
10320,2103,437666.2,6480094.5,2962.2
10323,2103,437675.2,6480130.9,2967.6
10326,2103,437684.3,6480167.2,2975.6
10329,2103,437693.4,6480203.6,2986.0
10332,2103,437702.5,6480240.0,2994.4
10335,2103,437711.5,6480276.4,3001.3
10338,2103,437720.6,6480312.8,3008.1
10341,2103,437729.7,6480349.2,3019.9
10344,2103,437738.8,6480385.6,3029.0
10347,2103,437747.8,6480421.9,3035.2
10350,2103,437756.9,6480458.3,3039.3
10353,2103,437766.0,6480494.7,3044.5
10356,2103,437775.0,6480531.1,3045.0
10359,2103,437784.1,6480567.5,3044.7
9972,2100,436650.1,6475864.6,3077.8
9975,2100,436659.1,6475901.0,3084.1
9978,2100,436668.2,6475937.4,3085.5
9981,2100,436677.3,6475973.8,3084.4
9984,2100,436686.4,6476010.2,3081.6
9987,2100,436695.4,6476046.6,3078.4
9990,2100,436704.5,6476083.0,3076.9
9993,2100,436713.6,6476119.3,3074.8
9996,2100,436722.7,6476155.7,3073.7
9999,2100,436731.7,6476192.1,3074.1
10002,2100,436740.8,6476228.5,3073.4
10005,2100,436749.9,6476264.9,3072.9
10008,2100,436758.9,6476301.3,3072.7
10011,2100,436768.0,6476337.7,3073.3
10014,2100,436777.1,6476374.0,3070.5
10017,2100,436786.2,6476410.4,3068.2
10020,2100,436795.2,6476446.8,3067.2
10023,2100,436804.3,6476483.2,3068.5
10026,2100,436813.4,6476519.6,3067.6
10029,2100,436822.5,6476556.0,3066.1
10032,2100,436831.5,6476592.4,3065.4
10035,2100,436840.6,6476628.7,3063.6
10038,2100,436849.7,6476665.1,3059.8
10041,2100,436858.8,6476701.5,3057.9
10044,2100,436867.8,6476737.9,3059.1
10047,2100,436876.9,6476774.3,3059.8
10050,2100,436886.0,6476810.7,3060.3
10053,2100,436895.0,6476847.1,3062.0
10056,2100,436904.1,6476883.4,3062.0
10059,2100,436913.2,6476919.8,3061.1
10062,2100,436922.3,6476956.2,3061.3
10065,2100,436931.3,6476992.6,3061.7
10068,2100,436940.4,6477029.0,3061.8
10071,2100,436949.5,6477065.4,3061.8
10074,2100,436958.6,6477101.8,3061.4
10077,2100,436967.6,6477138.1,3062.3
10080,2100,436976.7,6477174.5,3063.9
10083,2100,436985.8,6477210.9,3065.1
10086,2100,436994.9,6477247.3,3066.7
10089,2100,437003.9,6477283.7,3067.7
10092,2100,437013.0,6477320.1,3068.4
10095,2100,437022.1,6477356.5,3067.6
10098,2100,437031.1,6477392.8,3062.5
10101,2100,437040.2,6477429.2,3058.8
10104,2100,437049.3,6477465.6,3055.4
10107,2100,437058.4,6477502.0,3054.3
10110,2100,437067.4,6477538.4,3055.0
10113,2100,437076.5,6477574.8,3056.0
10116,2100,437085.6,6477611.2,3057.1
10119,2100,437094.7,6477647.6,3058.6
10122,2100,437103.7,6477683.9,3059.8
10125,2100,437112.8,6477720.3,3062.5
10128,2100,437121.9,6477756.7,3064.3
10131,2100,437130.9,6477793.1,3065.5
10134,2100,437140.0,6477829.5,3066.0
10137,2100,437149.1,6477865.9,3065.8
10140,2100,437158.2,6477902.3,3066.0
10143,2100,437167.2,6477938.6,3066.6
10146,2100,437176.3,6477975.0,3067.6
10149,2100,437185.4,6478011.4,3069.2
10152,2100,437194.5,6478047.8,3074.1
10155,2100,437203.5,6478084.2,3086.1
10158,2100,437212.6,6478120.6,3108.3
10161,2100,437221.7,6478157.0,3121.8
10164,2100,437230.8,6478193.3,3136.7
10167,2100,437239.8,6478229.7,3145.9
10170,2100,437248.9,6478266.1,3160.2
10173,2100,437258.0,6478302.5,3173.8
10176,2100,437267.0,6478338.9,3182.6
10179,2100,437276.1,6478375.3,3186.8
10182,2100,437285.2,6478411.7,3189.7
10185,2100,437294.3,6478448.0,3190.1
10188,2100,437303.3,6478484.4,3187.3
10191,2100,437312.4,6478520.8,3173.9
10194,2100,437321.5,6478557.2,3158.8
10197,2100,437330.6,6478593.6,3138.8
10200,2100,437339.6,6478630.0,3123.2
10203,2100,437348.7,6478666.4,3100.0
10206,2100,437357.8,6478702.7,3078.1
10209,2100,437366.8,6478739.1,3066.4
10212,2100,437375.9,6478775.5,3048.3
10215,2100,437385.0,6478811.9,3030.7
10218,2100,437394.1,6478848.3,3014.2
10221,2100,437403.1,6478884.7,3009.1
10224,2100,437412.2,6478921.1,3001.6
10227,2100,437421.3,6478957.4,2995.1
10230,2100,437430.4,6478993.8,2988.9
10233,2100,437439.4,6479030.2,2978.6
10236,2100,437448.5,6479066.6,2962.0
10239,2100,437457.6,6479103.0,2945.8
10242,2100,437466.7,6479139.4,2934.8
10245,2100,437475.7,6479175.8,2922.9
10248,2100,437484.8,6479212.1,2917.4
10251,2100,437493.9,6479248.5,2914.1
10254,2100,437502.9,6479284.9,2913.8
10257,2100,437512.0,6479321.3,2908.2
10260,2100,437521.1,6479357.7,2903.6
10263,2100,437530.2,6479394.1,2898.7
10266,2100,437539.2,6479430.5,2893.0
10269,2100,437548.3,6479466.8,2889.7
10272,2100,437557.4,6479503.2,2886.0
10275,2100,437566.5,6479539.6,2884.2
10278,2100,437575.5,6479576.0,2882.5
10281,2100,437584.6,6479612.4,2880.9
10284,2100,437593.7,6479648.8,2878.6
10287,2100,437602.7,6479685.2,2877.2
10290,2100,437611.8,6479721.5,2879.6
10293,2100,437620.9,6479757.9,2885.0
10296,2100,437630.0,6479794.3,2891.8
10299,2100,437639.0,6479830.7,2895.6
10302,2100,437648.1,6479867.1,2900.7
10305,2100,437657.2,6479903.5,2906.1
10308,2100,437666.3,6479939.9,2914.9
10311,2100,437675.3,6479976.2,2922.7
10314,2100,437684.4,6480012.6,2931.2
10317,2100,437693.5,6480049.0,2939.6
10320,2100,437702.6,6480085.4,2950.3
10323,2100,437711.6,6480121.8,2959.4
10326,2100,437720.7,6480158.2,2968.0
10329,2100,437729.8,6480194.6,2978.5
10332,2100,437738.8,6480230.9,2983.1
10335,2100,437747.9,6480267.3,2990.6
10338,2100,437757.0,6480303.7,2998.9
10341,2100,437766.1,6480340.1,3012.1
10344,2100,437775.1,6480376.5,3021.3
10347,2100,437784.2,6480412.9,3026.4
10350,2100,437793.3,6480449.3,3033.1
10353,2100,437802.4,6480485.6,3037.6
10356,2100,437811.4,6480522.0,3039.8
10359,2100,437820.5,6480558.4,3040.2
9972,2097,436686.5,6475855.6,3072.2
9975,2097,436695.5,6475892.0,3077.7
9978,2097,436704.6,6475928.3,3079.5
9981,2097,436713.7,6475964.7,3078.5
9984,2097,436722.8,6476001.1,3075.8
9987,2097,436731.8,6476037.5,3074.0
9990,2097,436740.9,6476073.9,3073.2
9993,2097,436750.0,6476110.3,3071.7
9996,2097,436759.0,6476146.7,3071.4
9999,2097,436768.1,6476183.0,3070.4
10002,2097,436777.2,6476219.4,3070.3
10005,2097,436786.3,6476255.8,3068.7
10008,2097,436795.3,6476292.2,3066.7
10011,2097,436804.4,6476328.6,3066.2
10014,2097,436813.5,6476365.0,3062.6
10017,2097,436822.6,6476401.4,3060.5
10020,2097,436831.6,6476437.7,3060.5
10023,2097,436840.7,6476474.1,3062.5
10026,2097,436849.8,6476510.5,3061.9
10029,2097,436858.8,6476546.9,3061.4
10032,2097,436867.9,6476583.3,3060.2
10035,2097,436877.0,6476619.7,3059.1
10038,2097,436886.1,6476656.1,3056.8
10041,2097,436895.1,6476692.4,3055.1
10044,2097,436904.2,6476728.8,3056.8
10047,2097,436913.3,6476765.2,3058.2
10050,2097,436922.4,6476801.6,3059.5
10053,2097,436931.4,6476838.0,3061.0
10056,2097,436940.5,6476874.4,3061.3
10059,2097,436949.6,6476910.8,3060.8
10062,2097,436958.7,6476947.1,3060.9
10065,2097,436967.7,6476983.5,3061.0
10068,2097,436976.8,6477019.9,3060.8
10071,2097,436985.9,6477056.3,3060.5
10074,2097,436994.9,6477092.7,3061.2
10077,2097,437004.0,6477129.1,3062.3
10080,2097,437013.1,6477165.5,3063.7
10083,2097,437022.2,6477201.8,3064.6
10086,2097,437031.2,6477238.2,3066.7
10089,2097,437040.3,6477274.6,3069.8
10092,2097,437049.4,6477311.0,3071.7
10095,2097,437058.5,6477347.4,3070.7
10098,2097,437067.5,6477383.8,3065.2
10101,2097,437076.6,6477420.2,3060.4
10104,2097,437085.7,6477456.5,3058.0
10107,2097,437094.7,6477492.9,3055.7
10110,2097,437103.8,6477529.3,3055.9
10113,2097,437112.9,6477565.7,3057.3
10116,2097,437122.0,6477602.1,3058.5
10119,2097,437131.0,6477638.5,3059.6
10122,2097,437140.1,6477674.9,3062.8
10125,2097,437149.2,6477711.2,3065.6
10128,2097,437158.3,6477747.6,3066.9
10131,2097,437167.3,6477784.0,3067.8
10134,2097,437176.4,6477820.4,3068.6
10137,2097,437185.5,6477856.8,3068.6
10140,2097,437194.6,6477893.2,3068.1
10143,2097,437203.6,6477929.6,3068.4
10146,2097,437212.7,6477966.0,3068.1
10149,2097,437221.8,6478002.3,3069.3
10152,2097,437230.8,6478038.7,3073.0
10155,2097,437239.9,6478075.1,3084.3
10158,2097,437249.0,6478111.5,3105.5
10161,2097,437258.1,6478147.9,3123.2
10164,2097,437267.1,6478184.3,3133.7
10167,2097,437276.2,6478220.7,3143.8
10170,2097,437285.3,6478257.0,3159.8
10173,2097,437294.4,6478293.4,3172.6
10176,2097,437303.4,6478329.8,3180.7
10179,2097,437312.5,6478366.2,3183.4
10182,2097,437321.6,6478402.6,3182.5
10185,2097,437330.6,6478439.0,3184.0
10188,2097,437339.7,6478475.4,3174.3
10191,2097,437348.8,6478511.7,3157.3
10194,2097,437357.9,6478548.1,3135.0
10197,2097,437366.9,6478584.5,3120.6
10200,2097,437376.0,6478620.9,3098.8
10203,2097,437385.1,6478657.3,3075.9
10206,2097,437394.2,6478693.7,3060.3
10209,2097,437403.2,6478730.1,3046.1
10212,2097,437412.3,6478766.4,3027.5
10215,2097,437421.4,6478802.8,3009.4
10218,2097,437430.5,6478839.2,3000.8
10221,2097,437439.5,6478875.6,2988.2
10224,2097,437448.6,6478912.0,2981.6
10227,2097,437457.7,6478948.4,2978.0
10230,2097,437466.7,6478984.8,2976.7
10233,2097,437475.8,6479021.1,2964.5
10236,2097,437484.9,6479057.5,2950.1
10239,2097,437494.0,6479093.9,2939.5
10242,2097,437503.0,6479130.3,2928.8
10245,2097,437512.1,6479166.7,2918.8
10248,2097,437521.2,6479203.1,2909.8
10251,2097,437530.3,6479239.5,2906.8
10254,2097,437539.3,6479275.8,2902.9
10257,2097,437548.4,6479312.2,2900.9
10260,2097,437557.5,6479348.6,2898.9
10263,2097,437566.6,6479385.0,2896.1
10266,2097,437575.6,6479421.4,2890.3
10269,2097,437584.7,6479457.8,2886.9
10272,2097,437593.8,6479494.2,2883.9
10275,2097,437602.8,6479530.5,2881.9
10278,2097,437611.9,6479566.9,2880.2
10281,2097,437621.0,6479603.3,2878.3
10284,2097,437630.1,6479639.7,2876.9
10287,2097,437639.1,6479676.1,2873.8
10290,2097,437648.2,6479712.5,2875.3
10293,2097,437657.3,6479748.9,2881.3
10296,2097,437666.4,6479785.2,2888.1
10299,2097,437675.4,6479821.6,2892.0
10302,2097,437684.5,6479858.0,2896.0
10305,2097,437693.6,6479894.4,2900.4
10308,2097,437702.6,6479930.8,2908.9
10311,2097,437711.7,6479967.2,2913.4
10314,2097,437720.8,6480003.6,2921.1
10317,2097,437729.9,6480039.9,2931.1
10320,2097,437738.9,6480076.3,2938.4
10323,2097,437748.0,6480112.7,2946.9
10326,2097,437757.1,6480149.1,2955.7
10329,2097,437766.2,6480185.5,2966.4
10332,2097,437775.2,6480221.9,2974.7
10335,2097,437784.3,6480258.3,2982.9
10338,2097,437793.4,6480294.6,2992.0
10341,2097,437802.5,6480331.0,3005.7
10344,2097,437811.5,6480367.4,3010.3
10347,2097,437820.6,6480403.8,3015.8
10350,2097,437829.7,6480440.2,3023.2
10353,2097,437838.7,6480476.6,3028.0
10356,2097,437847.8,6480513.0,3030.9
10359,2097,437856.9,6480549.3,3032.1
9972,2094,436722.8,6475846.5,3066.6
9975,2094,436731.9,6475882.9,3072.0
9978,2094,436741.0,6475919.3,3073.3
9981,2094,436750.1,6475955.7,3071.7
9984,2094,436759.1,6475992.0,3069.7
9987,2094,436768.2,6476028.4,3070.9
9990,2094,436777.3,6476064.8,3070.4
9993,2094,436786.4,6476101.2,3070.1
9996,2094,436795.4,6476137.6,3070.1
9999,2094,436804.5,6476174.0,3070.1
10002,2094,436813.6,6476210.4,3067.3
10005,2094,436822.6,6476246.7,3063.9
10008,2094,436831.7,6476283.1,3059.9
10011,2094,436840.8,6476319.5,3058.1
10014,2094,436849.9,6476355.9,3054.6
10017,2094,436858.9,6476392.3,3053.2
10020,2094,436868.0,6476428.7,3056.0
10023,2094,436877.1,6476465.1,3057.5
10026,2094,436886.2,6476501.4,3057.8
10029,2094,436895.2,6476537.8,3057.8
10032,2094,436904.3,6476574.2,3058.3
10035,2094,436913.4,6476610.6,3056.3
10038,2094,436922.5,6476647.0,3054.3
10041,2094,436931.5,6476683.4,3053.8
10044,2094,436940.6,6476719.8,3055.6
10047,2094,436949.7,6476756.1,3056.7
10050,2094,436958.7,6476792.5,3058.7
10053,2094,436967.8,6476828.9,3060.4
10056,2094,436976.9,6476865.3,3060.7
10059,2094,436986.0,6476901.7,3059.3
10062,2094,436995.0,6476938.1,3059.7
10065,2094,437004.1,6476974.5,3060.6
10068,2094,437013.2,6477010.8,3060.0
10071,2094,437022.3,6477047.2,3060.4
10074,2094,437031.3,6477083.6,3061.9
10077,2094,437040.4,6477120.0,3062.7
10080,2094,437049.5,6477156.4,3063.5
10083,2094,437058.5,6477192.8,3064.3
10086,2094,437067.6,6477229.2,3066.1
10089,2094,437076.7,6477265.5,3071.8
10092,2094,437085.8,6477301.9,3075.0
10095,2094,437094.8,6477338.3,3074.4
10098,2094,437103.9,6477374.7,3069.8
10101,2094,437113.0,6477411.1,3065.3
10104,2094,437122.1,6477447.5,3061.1
10107,2094,437131.1,6477483.9,3058.7
10110,2094,437140.2,6477520.2,3058.3
10113,2094,437149.3,6477556.6,3060.2
10116,2094,437158.4,6477593.0,3061.8
10119,2094,437167.4,6477629.4,3062.1
10122,2094,437176.5,6477665.8,3065.3
10125,2094,437185.6,6477702.2,3067.1
10128,2094,437194.6,6477738.6,3069.4
10131,2094,437203.7,6477774.9,3070.6
10134,2094,437212.8,6477811.3,3071.5
10137,2094,437221.9,6477847.7,3071.4
10140,2094,437230.9,6477884.1,3071.7
10143,2094,437240.0,6477920.5,3070.8
10146,2094,437249.1,6477956.9,3070.2
10149,2094,437258.2,6477993.3,3071.6
10152,2094,437267.2,6478029.6,3074.2
10155,2094,437276.3,6478066.0,3083.5
10158,2094,437285.4,6478102.4,3102.9
10161,2094,437294.5,6478138.8,3119.4
10164,2094,437303.5,6478175.2,3130.1
10167,2094,437312.6,6478211.6,3142.0
10170,2094,437321.7,6478248.0,3160.8
10173,2094,437330.7,6478284.3,3175.1
10176,2094,437339.8,6478320.7,3180.5
10179,2094,437348.9,6478357.1,3178.8
10182,2094,437358.0,6478393.5,3173.2
10185,2094,437367.0,6478429.9,3169.7
10188,2094,437376.1,6478466.3,3158.0
10191,2094,437385.2,6478502.7,3139.4
10194,2094,437394.3,6478539.0,3116.1
10197,2094,437403.3,6478575.4,3100.7
10200,2094,437412.4,6478611.8,3079.0
10203,2094,437421.5,6478648.2,3056.0
10206,2094,437430.5,6478684.6,3034.2
10209,2094,437439.6,6478721.0,3022.2
10212,2094,437448.7,6478757.4,3003.2
10215,2094,437457.8,6478793.8,2988.1
10218,2094,437466.8,6478830.1,2979.2
10221,2094,437475.9,6478866.5,2966.3
10224,2094,437485.0,6478902.9,2958.9
10227,2094,437494.1,6478939.3,2956.1
10230,2094,437503.1,6478975.7,2961.2
10233,2094,437512.2,6479012.1,2954.4
10236,2094,437521.3,6479048.5,2943.0
10239,2094,437530.4,6479084.8,2934.8
10242,2094,437539.4,6479121.2,2922.7
10245,2094,437548.5,6479157.6,2912.9
10248,2094,437557.6,6479194.0,2905.6
10251,2094,437566.6,6479230.4,2900.9
10254,2094,437575.7,6479266.8,2896.1
10257,2094,437584.8,6479303.2,2894.4
10260,2094,437593.9,6479339.5,2895.3
10263,2094,437602.9,6479375.9,2892.4
10266,2094,437612.0,6479412.3,2888.1
10269,2094,437621.1,6479448.7,2885.4
10272,2094,437630.2,6479485.1,2882.4
10275,2094,437639.2,6479521.5,2879.6
10278,2094,437648.3,6479557.9,2878.0
10281,2094,437657.4,6479594.2,2875.9
10284,2094,437666.4,6479630.6,2872.9
10287,2094,437675.5,6479667.0,2870.5
10290,2094,437684.6,6479703.4,2871.2
10293,2094,437693.7,6479739.8,2877.9
10296,2094,437702.7,6479776.2,2884.6
10299,2094,437711.8,6479812.6,2887.4
10302,2094,437720.9,6479848.9,2890.1
10305,2094,437730.0,6479885.3,2895.6
10308,2094,437739.0,6479921.7,2900.9
10311,2094,437748.1,6479958.1,2907.7
10314,2094,437757.2,6479994.5,2914.1
10317,2094,437766.3,6480030.9,2923.6
10320,2094,437775.3,6480067.3,2927.0
10323,2094,437784.4,6480103.6,2934.8
10326,2094,437793.5,6480140.0,2946.1
10329,2094,437802.5,6480176.4,2954.0
10332,2094,437811.6,6480212.8,2961.8
10335,2094,437820.7,6480249.2,2969.9
10338,2094,437829.8,6480285.6,2982.9
10341,2094,437838.8,6480322.0,2992.6
10344,2094,437847.9,6480358.3,3000.1
10347,2094,437857.0,6480394.7,3005.5
10350,2094,437866.1,6480431.1,3013.3
10353,2094,437875.1,6480467.5,3015.4
10356,2094,437884.2,6480503.9,3018.8
10359,2094,437893.3,6480540.3,3024.8
9975,2091,436768.3,6475873.8,3065.0
9978,2091,436777.4,6475910.2,3065.7
9981,2091,436786.4,6475946.6,3064.1
9984,2091,436795.5,6475983.0,3062.5
9987,2091,436804.6,6476019.4,3065.0
9990,2091,436813.7,6476055.7,3066.6
9993,2091,436822.7,6476092.1,3068.4
9996,2091,436831.8,6476128.5,3069.4
9999,2091,436840.9,6476164.9,3068.5
10002,2091,436850.0,6476201.3,3064.8
10005,2091,436859.0,6476237.7,3059.7
10008,2091,436868.1,6476274.1,3055.8
10011,2091,436877.2,6476310.4,3050.1
10014,2091,436886.3,6476346.8,3046.2
10017,2091,436895.3,6476383.2,3045.8
10020,2091,436904.4,6476419.6,3050.6
10023,2091,436913.5,6476456.0,3051.2
10026,2091,436922.5,6476492.4,3052.0
10029,2091,436931.6,6476528.8,3054.5
10032,2091,436940.7,6476565.1,3054.5
10035,2091,436949.8,6476601.5,3054.0
10038,2091,436958.8,6476637.9,3053.0
10041,2091,436967.9,6476674.3,3052.9
10044,2091,436977.0,6476710.7,3053.9
10047,2091,436986.1,6476747.1,3056.1
10050,2091,436995.1,6476783.5,3058.0
10053,2091,437004.2,6476819.8,3060.0
10056,2091,437013.3,6476856.2,3060.2
10059,2091,437022.3,6476892.6,3058.9
10062,2091,437031.4,6476929.0,3058.9
10065,2091,437040.5,6476965.4,3059.7
10068,2091,437049.6,6477001.8,3060.5
10071,2091,437058.6,6477038.2,3061.2
10074,2091,437067.7,6477074.5,3062.1
10077,2091,437076.8,6477110.9,3060.9
10080,2091,437085.9,6477147.3,3062.5
10083,2091,437094.9,6477183.7,3065.1
10086,2091,437104.0,6477220.1,3068.7
10089,2091,437113.1,6477256.5,3073.9
10092,2091,437122.2,6477292.9,3076.8
10095,2091,437131.2,6477329.2,3076.0
10098,2091,437140.3,6477365.6,3073.6
10101,2091,437149.4,6477402.0,3070.6
10104,2091,437158.4,6477438.4,3066.5
10107,2091,437167.5,6477474.8,3062.0
10110,2091,437176.6,6477511.2,3062.9
10113,2091,437185.7,6477547.6,3064.8
10116,2091,437194.7,6477583.9,3066.5
10119,2091,437203.8,6477620.3,3065.8
10122,2091,437212.9,6477656.7,3068.1
10125,2091,437222.0,6477693.1,3069.7
10128,2091,437231.0,6477729.5,3071.1
10131,2091,437240.1,6477765.9,3073.5
10134,2091,437249.2,6477802.3,3074.9
10137,2091,437258.3,6477838.6,3075.3
10140,2091,437267.3,6477875.0,3074.5
10143,2091,437276.4,6477911.4,3074.6
10146,2091,437285.5,6477947.8,3073.2
10149,2091,437294.5,6477984.2,3074.8
10152,2091,437303.6,6478020.6,3078.4
10155,2091,437312.7,6478057.0,3088.1
10158,2091,437321.8,6478093.3,3098.7
10161,2091,437330.8,6478129.7,3115.4
10164,2091,437339.9,6478166.1,3129.3
10167,2091,437349.0,6478202.5,3145.6
10170,2091,437358.1,6478238.9,3163.7
10173,2091,437367.1,6478275.3,3173.8
10176,2091,437376.2,6478311.7,3177.0
10179,2091,437385.3,6478348.0,3171.3
10182,2091,437394.3,6478384.4,3158.3
10185,2091,437403.4,6478420.8,3152.9
10188,2091,437412.5,6478457.2,3137.9
10191,2091,437421.6,6478493.6,3122.3
10194,2091,437430.6,6478530.0,3105.7
10197,2091,437439.7,6478566.4,3081.3
10200,2091,437448.8,6478602.7,3058.2
10203,2091,437457.9,6478639.1,3034.8
10206,2091,437466.9,6478675.5,3021.8
10209,2091,437476.0,6478711.9,3001.6
10212,2091,437485.1,6478748.3,2982.3
10215,2091,437494.2,6478784.7,2963.1
10218,2091,437503.2,6478821.1,2954.1
10221,2091,437512.3,6478857.5,2940.7
10224,2091,437521.4,6478893.8,2931.0
10227,2091,437530.4,6478930.2,2931.0
10230,2091,437539.5,6478966.6,2935.0
10233,2091,437548.6,6479003.0,2933.7
10236,2091,437557.7,6479039.4,2925.6
10239,2091,437566.7,6479075.8,2922.8
10242,2091,437575.8,6479112.2,2911.9
10245,2091,437584.9,6479148.5,2901.9
10248,2091,437594.0,6479184.9,2892.9
10251,2091,437603.0,6479221.3,2891.2
10254,2091,437612.1,6479257.7,2888.5
10257,2091,437621.2,6479294.1,2888.1
10260,2091,437630.2,6479330.5,2889.1
10263,2091,437639.3,6479366.9,2887.9
10266,2091,437648.4,6479403.2,2886.0
10269,2091,437657.5,6479439.6,2884.7
10272,2091,437666.5,6479476.0,2881.9
10275,2091,437675.6,6479512.4,2878.7
10278,2091,437684.7,6479548.8,2876.4
10281,2091,437693.8,6479585.2,2873.2
10284,2091,437702.8,6479621.6,2871.0
10287,2091,437711.9,6479657.9,2869.1
10290,2091,437721.0,6479694.3,2869.8
10293,2091,437730.1,6479730.7,2875.4
10296,2091,437739.1,6479767.1,2880.3
10299,2091,437748.2,6479803.5,2883.3
10302,2091,437757.3,6479839.9,2885.0
10305,2091,437766.3,6479876.3,2889.9
10308,2091,437775.4,6479912.6,2894.4
10311,2091,437784.5,6479949.0,2899.6
10314,2091,437793.6,6479985.4,2904.7
10317,2091,437802.6,6480021.8,2912.9
10320,2091,437811.7,6480058.2,2919.1
10323,2091,437820.8,6480094.6,2923.0
10326,2091,437829.9,6480131.0,2933.9
10329,2091,437838.9,6480167.3,2941.0
10332,2091,437848.0,6480203.7,2948.4
10335,2091,437857.1,6480240.1,2954.5
10338,2091,437866.2,6480276.5,2967.1
10341,2091,437875.2,6480312.9,2977.1
10344,2091,437884.3,6480349.3,2984.0
10347,2091,437893.4,6480385.7,2989.6
10350,2091,437902.4,6480422.0,2998.7
10353,2091,437911.5,6480458.4,3002.8
10356,2091,437920.6,6480494.8,3003.5
10359,2091,437929.7,6480531.2,3013.3
9975,2088,436804.7,6475864.7,3058.7
9978,2088,436813.8,6475901.1,3056.3
9981,2088,436822.8,6475937.5,3054.9
9984,2088,436831.9,6475973.9,3054.7
9987,2088,436841.0,6476010.3,3058.3
9990,2088,436850.1,6476046.7,3063.3
9993,2088,436859.1,6476083.1,3066.4
9996,2088,436868.2,6476119.4,3067.5
9999,2088,436877.3,6476155.8,3067.0
10002,2088,436886.3,6476192.2,3063.2
10005,2088,436895.4,6476228.6,3057.3
10008,2088,436904.5,6476265.0,3051.2
10011,2088,436913.6,6476301.4,3043.2
10014,2088,436922.6,6476337.8,3035.6
10017,2088,436931.7,6476374.1,3030.3
10020,2088,436940.8,6476410.5,3036.2
10023,2088,436949.9,6476446.9,3037.4
10026,2088,436958.9,6476483.3,3036.4
10029,2088,436968.0,6476519.7,3039.3
10032,2088,436977.1,6476556.1,3046.6
10035,2088,436986.2,6476592.5,3047.9
10038,2088,436995.2,6476628.8,3050.1
10041,2088,437004.3,6476665.2,3050.7
10044,2088,437013.4,6476701.6,3051.4
10047,2088,437022.4,6476738.0,3053.7
10050,2088,437031.5,6476774.4,3055.2
10053,2088,437040.6,6476810.8,3057.6
10056,2088,437049.7,6476847.2,3057.5
10059,2088,437058.7,6476883.5,3056.3
10062,2088,437067.8,6476919.9,3056.7
10065,2088,437076.9,6476956.3,3059.0
10068,2088,437086.0,6476992.7,3061.0
10071,2088,437095.0,6477029.1,3062.7
10074,2088,437104.1,6477065.5,3061.8
10077,2088,437113.2,6477101.9,3061.0
10080,2088,437122.2,6477138.2,3063.2
10083,2088,437131.3,6477174.6,3066.9
10086,2088,437140.4,6477211.0,3070.6
10089,2088,437149.5,6477247.4,3075.5
10092,2088,437158.5,6477283.8,3078.8
10095,2088,437167.6,6477320.2,3078.0
10098,2088,437176.7,6477356.6,3075.6
10101,2088,437185.8,6477392.9,3074.9
10104,2088,437194.8,6477429.3,3072.1
10107,2088,437203.9,6477465.7,3067.2
10110,2088,437213.0,6477502.1,3067.1
10113,2088,437222.1,6477538.5,3068.8
10116,2088,437231.1,6477574.9,3070.1
10119,2088,437240.2,6477611.3,3069.3
10122,2088,437249.3,6477647.6,3070.9
10125,2088,437258.3,6477684.0,3072.7
10128,2088,437267.4,6477720.4,3073.7
10131,2088,437276.5,6477756.8,3076.4
10134,2088,437285.6,6477793.2,3078.2
10137,2088,437294.6,6477829.6,3078.1
10140,2088,437303.7,6477866.0,3079.1
10143,2088,437312.8,6477902.3,3079.5
10146,2088,437321.9,6477938.7,3078.7
10149,2088,437330.9,6477975.1,3077.8
10152,2088,437340.0,6478011.5,3081.6
10155,2088,437349.1,6478047.9,3088.8
10158,2088,437358.1,6478084.3,3101.5
10161,2088,437367.2,6478120.7,3116.3
10164,2088,437376.3,6478157.0,3132.4
10167,2088,437385.4,6478193.4,3145.3
10170,2088,437394.4,6478229.8,3160.7
10173,2088,437403.5,6478266.2,3169.4
10176,2088,437412.6,6478302.6,3169.6
10179,2088,437421.7,6478339.0,3159.2
10182,2088,437430.7,6478375.4,3149.5
10185,2088,437439.8,6478411.7,3137.0
10188,2088,437448.9,6478448.1,3120.6
10191,2088,437458.0,6478484.5,3098.8
10194,2088,437467.0,6478520.9,3081.2
10197,2088,437476.1,6478557.3,3056.6
10200,2088,437485.2,6478593.7,3037.8
10203,2088,437494.2,6478630.1,3016.6
10206,2088,437503.3,6478666.4,3000.2
10209,2088,437512.4,6478702.8,2979.2
10212,2088,437521.5,6478739.2,2959.0
10215,2088,437530.5,6478775.6,2948.2
10218,2088,437539.6,6478812.0,2929.5
10221,2088,437548.7,6478848.4,2914.9
10224,2088,437557.8,6478884.8,2903.1
10227,2088,437566.8,6478921.1,2904.8
10230,2088,437575.9,6478957.5,2902.4
10233,2088,437585.0,6478993.9,2897.3
10236,2088,437594.0,6479030.3,2896.5
10239,2088,437603.1,6479066.7,2891.9
10242,2088,437612.2,6479103.1,2880.7
10245,2088,437621.3,6479139.5,2872.1
10248,2088,437630.3,6479175.8,2874.5
10251,2088,437639.4,6479212.2,2871.5
10254,2088,437648.5,6479248.6,2876.7
10257,2088,437657.6,6479285.0,2881.4
10260,2088,437666.6,6479321.4,2885.1
10263,2088,437675.7,6479357.8,2885.0
10266,2088,437684.8,6479394.2,2884.7
10269,2088,437693.9,6479430.5,2884.0
10272,2088,437702.9,6479466.9,2881.7
10275,2088,437712.0,6479503.3,2878.2
10278,2088,437721.1,6479539.7,2875.4
10281,2088,437730.1,6479576.1,2873.1
10284,2088,437739.2,6479612.5,2870.8
10287,2088,437748.3,6479648.9,2869.5
10290,2088,437757.4,6479685.2,2869.9
10293,2088,437766.4,6479721.6,2873.5
10296,2088,437775.5,6479758.0,2877.3
10299,2088,437784.6,6479794.4,2878.4
10302,2088,437793.7,6479830.8,2880.4
10305,2088,437802.7,6479867.2,2882.9
10308,2088,437811.8,6479903.6,2886.7
10311,2088,437820.9,6479940.0,2890.3
10314,2088,437830.0,6479976.3,2897.0
10317,2088,437839.0,6480012.7,2902.0
10320,2088,437848.1,6480049.1,2907.8
10323,2088,437857.2,6480085.5,2913.8
10326,2088,437866.2,6480121.9,2923.8
10329,2088,437875.3,6480158.3,2930.4
10332,2088,437884.4,6480194.7,2934.0
10335,2088,437893.5,6480231.0,2944.9
10338,2088,437902.5,6480267.4,2951.5
10341,2088,437911.6,6480303.8,2959.5
10344,2088,437920.7,6480340.2,2967.3
10347,2088,437929.8,6480376.6,2978.1
10350,2088,437938.8,6480413.0,2983.6
10353,2088,437947.9,6480449.4,2986.9
10356,2088,437957.0,6480485.7,2990.0
10359,2088,437966.0,6480522.1,2998.0
9975,2085,436841.1,6475855.7,3047.6
9978,2085,436850.1,6475892.1,3045.1
9981,2085,436859.2,6475928.4,3044.7
9984,2085,436868.3,6475964.8,3049.2
9987,2085,436877.4,6476001.2,3052.3
9990,2085,436886.4,6476037.6,3058.6
9993,2085,436895.5,6476074.0,3063.0
9996,2085,436904.6,6476110.4,3065.7
9999,2085,436913.7,6476146.8,3064.8
10002,2085,436922.7,6476183.1,3060.3
10005,2085,436931.8,6476219.5,3054.7
10008,2085,436940.9,6476255.9,3044.6
10011,2085,436950.0,6476292.3,3034.6
10014,2085,436959.0,6476328.7,3017.8
10017,2085,436968.1,6476365.1,3011.7
10020,2085,436977.2,6476401.5,3004.9
10023,2085,436986.2,6476437.8,3005.0
10026,2085,436995.3,6476474.2,3001.2
10029,2085,437004.4,6476510.6,3015.5
10032,2085,437013.5,6476547.0,3027.1
10035,2085,437022.5,6476583.4,3039.3
10038,2085,437031.6,6476619.8,3045.0
10041,2085,437040.7,6476656.2,3046.7
10044,2085,437049.8,6476692.5,3046.8
10047,2085,437058.8,6476728.9,3048.4
10050,2085,437067.9,6476765.3,3050.9
10053,2085,437077.0,6476801.7,3050.7
10056,2085,437086.0,6476838.1,3050.3
10059,2085,437095.1,6476874.5,3050.5
10062,2085,437104.2,6476910.9,3054.5
10065,2085,437113.3,6476947.2,3058.4
10068,2085,437122.3,6476983.6,3062.3
10071,2085,437131.4,6477020.0,3063.4
10074,2085,437140.5,6477056.4,3061.4
10077,2085,437149.6,6477092.8,3061.9
10080,2085,437158.6,6477129.2,3064.2
10083,2085,437167.7,6477165.6,3067.5
10086,2085,437176.8,6477201.9,3072.1
10089,2085,437185.9,6477238.3,3077.4
10092,2085,437194.9,6477274.7,3080.4
10095,2085,437204.0,6477311.1,3079.9
10098,2085,437213.1,6477347.5,3077.5
10101,2085,437222.1,6477383.9,3076.8
10104,2085,437231.2,6477420.3,3074.7
10107,2085,437240.3,6477456.6,3071.0
10110,2085,437249.4,6477493.0,3071.3
10113,2085,437258.4,6477529.4,3072.5
10116,2085,437267.5,6477565.8,3072.5
10119,2085,437276.6,6477602.2,3072.4
10122,2085,437285.7,6477638.6,3073.2
10125,2085,437294.7,6477675.0,3073.5
10128,2085,437303.8,6477711.3,3074.7
10131,2085,437312.9,6477747.7,3077.5
10134,2085,437321.9,6477784.1,3080.9
10137,2085,437331.0,6477820.5,3082.9
10140,2085,437340.1,6477856.9,3083.4
10143,2085,437349.2,6477893.3,3084.6
10146,2085,437358.2,6477929.7,3084.8
10149,2085,437367.3,6477966.0,3083.8
10152,2085,437376.4,6478002.4,3086.4
10155,2085,437385.5,6478038.8,3091.0
10158,2085,437394.5,6478075.2,3099.6
10161,2085,437403.6,6478111.6,3110.4
10164,2085,437412.7,6478148.0,3123.7
10167,2085,437421.8,6478184.4,3139.1
10170,2085,437430.8,6478220.7,3148.5
10173,2085,437439.9,6478257.1,3159.0
10176,2085,437449.0,6478293.5,3155.5
10179,2085,437458.0,6478329.9,3143.0
10182,2085,437467.1,6478366.3,3134.4
10185,2085,437476.2,6478402.7,3120.4
10188,2085,437485.3,6478439.1,3102.8
10191,2085,437494.3,6478475.4,3080.3
10194,2085,437503.4,6478511.8,3061.9
10197,2085,437512.5,6478548.2,3036.7
10200,2085,437521.6,6478584.6,3011.4
10203,2085,437530.6,6478621.0,2986.0
10206,2085,437539.7,6478657.4,2973.0
10209,2085,437548.8,6478693.8,2955.8
10212,2085,437557.9,6478730.1,2935.0
10215,2085,437566.9,6478766.5,2924.2
10218,2085,437576.0,6478802.9,2906.9
10221,2085,437585.1,6478839.3,2892.5
10224,2085,437594.1,6478875.7,2881.1
10227,2085,437603.2,6478912.1,2879.1
10230,2085,437612.3,6478948.5,2872.6
10233,2085,437621.4,6478984.8,2867.2
10236,2085,437630.4,6479021.2,2860.2
10239,2085,437639.5,6479057.6,2860.7
10242,2085,437648.6,6479094.0,2854.7
10245,2085,437657.7,6479130.4,2849.7
10248,2085,437666.7,6479166.8,2850.6
10251,2085,437675.8,6479203.2,2852.3
10254,2085,437684.9,6479239.5,2862.3
10257,2085,437693.9,6479275.9,2872.6
10260,2085,437703.0,6479312.3,2879.8
10263,2085,437712.1,6479348.7,2883.2
10266,2085,437721.2,6479385.1,2883.7
10269,2085,437730.2,6479421.5,2882.7
10272,2085,437739.3,6479457.9,2880.3
10275,2085,437748.4,6479494.2,2878.1
10278,2085,437757.5,6479530.6,2875.1
10281,2085,437766.5,6479567.0,2873.2
10284,2085,437775.6,6479603.4,2871.6
10287,2085,437784.7,6479639.8,2869.9
10290,2085,437793.8,6479676.2,2869.2
10293,2085,437802.8,6479712.6,2870.7
10296,2085,437811.9,6479748.9,2872.4
10299,2085,437821.0,6479785.3,2874.1
10302,2085,437830.0,6479821.7,2875.6
10305,2085,437839.1,6479858.1,2876.9
10308,2085,437848.2,6479894.5,2879.6
10311,2085,437857.3,6479930.9,2881.9
10314,2085,437866.3,6479967.3,2886.4
10317,2085,437875.4,6480003.7,2891.2
10320,2085,437884.5,6480040.0,2896.7
10323,2085,437893.6,6480076.4,2904.7
10326,2085,437902.6,6480112.8,2910.3
10329,2085,437911.7,6480149.2,2916.4
10332,2085,437920.8,6480185.6,2923.2
10335,2085,437929.8,6480222.0,2934.8
10338,2085,437938.9,6480258.3,2940.2
10341,2085,437948.0,6480294.7,2946.7
10344,2085,437957.1,6480331.1,2954.1
10347,2085,437966.1,6480367.5,2961.9
10350,2085,437975.2,6480403.9,2968.1
10353,2085,437984.3,6480440.3,2971.5
10356,2085,437993.4,6480476.7,2978.9
10359,2085,438002.4,6480513.1,2982.5
9975,2082,436877.5,6475846.6,3036.5
9978,2082,436886.5,6475883.0,3036.4
9981,2082,436895.6,6475919.4,3035.7
9984,2082,436904.7,6475955.8,3043.7
9987,2082,436913.8,6475992.1,3047.4
9990,2082,436922.8,6476028.5,3054.8
9993,2082,436931.9,6476064.9,3058.8
9996,2082,436941.0,6476101.3,3061.9
9999,2082,436950.0,6476137.7,3061.9
10002,2082,436959.1,6476174.1,3056.7
10005,2082,436968.2,6476210.5,3046.4
10008,2082,436977.3,6476246.8,3036.0
10011,2082,436986.3,6476283.2,3013.8
10014,2082,436995.4,6476319.6,2993.7
10017,2082,437004.5,6476356.0,2980.4
10020,2082,437013.6,6476392.4,2972.9
10023,2082,437022.6,6476428.8,2969.8
10026,2082,437031.7,6476465.2,2976.2
10029,2082,437040.8,6476501.5,2980.4
10032,2082,437049.8,6476537.9,2993.4
10035,2082,437058.9,6476574.3,3018.0
10038,2082,437068.0,6476610.7,3035.9
10041,2082,437077.1,6476647.1,3038.1
10044,2082,437086.1,6476683.5,3038.5
10047,2082,437095.2,6476719.9,3037.0
10050,2082,437104.3,6476756.2,3039.3
10053,2082,437113.4,6476792.6,3034.8
10056,2082,437122.4,6476829.0,3034.4
10059,2082,437131.5,6476865.4,3043.1
10062,2082,437140.6,6476901.8,3051.3
10065,2082,437149.7,6476938.2,3058.3
10068,2082,437158.7,6476974.6,3061.5
10071,2082,437167.8,6477010.9,3063.5
10074,2082,437176.9,6477047.3,3062.4
10077,2082,437185.9,6477083.7,3063.6
10080,2082,437195.0,6477120.1,3065.4
10083,2082,437204.1,6477156.5,3068.9
10086,2082,437213.2,6477192.9,3072.7
10089,2082,437222.2,6477229.3,3077.3
10092,2082,437231.3,6477265.6,3079.9
10095,2082,437240.4,6477302.0,3080.3
10098,2082,437249.5,6477338.4,3077.2
10101,2082,437258.5,6477374.8,3077.2
10104,2082,437267.6,6477411.2,3076.7
10107,2082,437276.7,6477447.6,3075.0
10110,2082,437285.8,6477484.0,3075.0
10113,2082,437294.8,6477520.3,3076.0
10116,2082,437303.9,6477556.7,3075.8
10119,2082,437313.0,6477593.1,3075.8
10122,2082,437322.0,6477629.5,3075.2
10125,2082,437331.1,6477665.9,3074.2
10128,2082,437340.2,6477702.3,3075.5
10131,2082,437349.3,6477738.7,3078.2
10134,2082,437358.3,6477775.0,3082.2
10137,2082,437367.4,6477811.4,3084.3
10140,2082,437376.5,6477847.8,3086.2
10143,2082,437385.6,6477884.2,3086.8
10146,2082,437394.6,6477920.6,3088.4
10149,2082,437403.7,6477957.0,3088.0
10152,2082,437412.8,6477993.4,3090.2
10155,2082,437421.8,6478029.7,3093.9
10158,2082,437430.9,6478066.1,3098.1
10161,2082,437440.0,6478102.5,3103.3
10164,2082,437449.1,6478138.9,3110.1
10167,2082,437458.1,6478175.3,3119.1
10170,2082,437467.2,6478211.7,3131.8
10173,2082,437476.3,6478248.1,3138.1
10176,2082,437485.4,6478284.4,3134.5
10179,2082,437494.4,6478320.8,3122.0
10182,2082,437503.5,6478357.2,3115.6
10185,2082,437512.6,6478393.6,3103.3
10188,2082,437521.7,6478430.0,3084.6
10191,2082,437530.7,6478466.4,3069.7
10194,2082,437539.8,6478502.8,3042.6
10197,2082,437548.9,6478539.1,3015.8
10200,2082,437557.9,6478575.5,2989.6
10203,2082,437567.0,6478611.9,2973.1
10206,2082,437576.1,6478648.3,2950.1
10209,2082,437585.2,6478684.7,2928.8
10212,2082,437594.2,6478721.1,2909.6
10215,2082,437603.3,6478757.5,2900.6
10218,2082,437612.4,6478793.8,2888.4
10221,2082,437621.5,6478830.2,2876.0
10224,2082,437630.5,6478866.6,2870.5
10227,2082,437639.6,6478903.0,2862.0
10230,2082,437648.7,6478939.4,2856.1
10233,2082,437657.7,6478975.8,2851.6
10236,2082,437666.8,6479012.2,2850.2
10239,2082,437675.9,6479048.5,2845.8
10242,2082,437685.0,6479084.9,2844.1
10245,2082,437694.0,6479121.3,2841.5
10248,2082,437703.1,6479157.7,2840.2
10251,2082,437712.2,6479194.1,2843.9
10254,2082,437721.3,6479230.5,2851.2
10257,2082,437730.3,6479266.9,2866.3
10260,2082,437739.4,6479303.2,2876.0
10263,2082,437748.5,6479339.6,2880.7
10266,2082,437757.6,6479376.0,2882.1
10269,2082,437766.6,6479412.4,2882.2
10272,2082,437775.7,6479448.8,2880.1
10275,2082,437784.8,6479485.2,2877.6
10278,2082,437793.8,6479521.6,2875.5
10281,2082,437802.9,6479557.9,2873.6
10284,2082,437812.0,6479594.3,2871.8
10287,2082,437821.1,6479630.7,2870.0
10290,2082,437830.1,6479667.1,2868.7
10293,2082,437839.2,6479703.5,2868.9
10296,2082,437848.3,6479739.9,2868.7
10299,2082,437857.4,6479776.3,2869.0
10302,2082,437866.4,6479812.6,2869.2
10305,2082,437875.5,6479849.0,2869.2
10308,2082,437884.6,6479885.4,2870.2
10311,2082,437893.6,6479921.8,2871.6
10314,2082,437902.7,6479958.2,2877.3
10317,2082,437911.8,6479994.6,2881.6
10320,2082,437920.9,6480031.0,2884.6
10323,2082,437929.9,6480067.3,2892.3
10326,2082,437939.0,6480103.7,2897.6
10329,2082,437948.1,6480140.1,2902.5
10332,2082,437957.2,6480176.5,2908.9
10335,2082,437966.2,6480212.9,2920.8
10338,2082,437975.3,6480249.3,2926.6
10341,2082,437984.4,6480285.7,2933.1
10344,2082,437993.5,6480322.0,2938.8
10347,2082,438002.5,6480358.4,2949.6
10350,2082,438011.6,6480394.8,2956.0
10353,2082,438020.7,6480431.2,2957.8
10356,2082,438029.7,6480467.6,2965.2
10359,2082,438038.8,6480504.0,2968.5
9975,2079,436913.8,6475837.5,3025.7
9978,2079,436922.9,6475873.9,3025.2
9981,2079,436932.0,6475910.3,3026.2
9984,2079,436941.1,6475946.7,3036.2
9987,2079,436950.1,6475983.1,3045.1
9990,2079,436959.2,6476019.4,3050.4
9993,2079,436968.3,6476055.8,3055.7
9996,2079,436977.4,6476092.2,3057.5
9999,2079,436986.4,6476128.6,3056.3
10002,2079,436995.5,6476165.0,3049.0
10005,2079,437004.6,6476201.4,3039.4
10008,2079,437013.7,6476237.8,3017.6
10011,2079,437022.7,6476274.1,2990.5
10014,2079,437031.8,6476310.5,2967.1
10017,2079,437040.9,6476346.9,2960.0
10020,2079,437049.9,6476383.3,2954.9
10023,2079,437059.0,6476419.7,2953.0
10026,2079,437068.1,6476456.1,2955.0
10029,2079,437077.2,6476492.5,2959.5
10032,2079,437086.2,6476528.8,2970.1
10035,2079,437095.3,6476565.2,2989.8
10038,2079,437104.4,6476601.6,3014.2
10041,2079,437113.5,6476638.0,3020.1
10044,2079,437122.5,6476674.4,3019.9
10047,2079,437131.6,6476710.8,3016.0
10050,2079,437140.7,6476747.2,3018.7
10053,2079,437149.7,6476783.6,3018.3
10056,2079,437158.8,6476819.9,3024.2
10059,2079,437167.9,6476856.3,3034.6
10062,2079,437177.0,6476892.7,3047.0
10065,2079,437186.0,6476929.1,3055.7
10068,2079,437195.1,6476965.5,3060.5
10071,2079,437204.2,6477001.9,3063.2
10074,2079,437213.3,6477038.3,3063.8
10077,2079,437222.3,6477074.6,3064.7
10080,2079,437231.4,6477111.0,3065.7
10083,2079,437240.5,6477147.4,3068.3
10086,2079,437249.6,6477183.8,3073.5
10089,2079,437258.6,6477220.2,3077.0
10092,2079,437267.7,6477256.6,3078.5
10095,2079,437276.8,6477293.0,3078.5
10098,2079,437285.8,6477329.3,3077.0
10101,2079,437294.9,6477365.7,3077.4
10104,2079,437304.0,6477402.1,3077.7
10107,2079,437313.1,6477438.5,3077.6
10110,2079,437322.1,6477474.9,3078.4
10113,2079,437331.2,6477511.3,3079.0
10116,2079,437340.3,6477547.7,3077.9
10119,2079,437349.4,6477584.0,3076.7
10122,2079,437358.4,6477620.4,3075.4
10125,2079,437367.5,6477656.8,3076.0
10128,2079,437376.6,6477693.2,3077.2
10131,2079,437385.6,6477729.6,3079.9
10134,2079,437394.7,6477766.0,3083.3
10137,2079,437403.8,6477802.4,3086.0
10140,2079,437412.9,6477838.7,3087.4
10143,2079,437421.9,6477875.1,3087.6
10146,2079,437431.0,6477911.5,3090.2
10149,2079,437440.1,6477947.9,3091.9
10152,2079,437449.2,6477984.3,3094.9
10155,2079,437458.2,6478020.7,3098.6
10158,2079,437467.3,6478057.1,3101.3
10161,2079,437476.4,6478093.4,3103.5
10164,2079,437485.5,6478129.8,3106.5
10167,2079,437494.5,6478166.2,3110.3
10170,2079,437503.6,6478202.6,3116.5
10173,2079,437512.7,6478239.0,3120.8
10176,2079,437521.7,6478275.4,3117.7
10179,2079,437530.8,6478311.8,3112.2
10182,2079,437539.9,6478348.1,3100.1
10185,2079,437549.0,6478384.5,3083.8
10188,2079,437558.0,6478420.9,3062.1
10191,2079,437567.1,6478457.3,3045.2
10194,2079,437576.2,6478493.7,3017.0
10197,2079,437585.3,6478530.1,2995.4
10200,2079,437594.3,6478566.5,2977.2
10203,2079,437603.4,6478602.8,2951.4
10206,2079,437612.5,6478639.2,2927.7
10209,2079,437621.5,6478675.6,2906.7
10212,2079,437630.6,6478712.0,2896.8
10215,2079,437639.7,6478748.4,2882.8
10218,2079,437648.8,6478784.8,2871.9
10221,2079,437657.8,6478821.2,2863.1
10224,2079,437666.9,6478857.5,2858.4
10227,2079,437676.0,6478893.9,2853.0
10230,2079,437685.1,6478930.3,2850.0
10233,2079,437694.1,6478966.7,2847.4
10236,2079,437703.2,6479003.1,2843.1
10239,2079,437712.3,6479039.5,2840.8
10242,2079,437721.4,6479075.9,2840.3
10245,2079,437730.4,6479112.2,2839.4
10248,2079,437739.5,6479148.6,2835.4
10251,2079,437748.6,6479185.0,2837.8
10254,2079,437757.6,6479221.4,2849.3
10257,2079,437766.7,6479257.8,2865.6
10260,2079,437775.8,6479294.2,2875.4
10263,2079,437784.9,6479330.6,2878.1
10266,2079,437793.9,6479366.9,2880.4
10269,2079,437803.0,6479403.3,2881.2
10272,2079,437812.1,6479439.7,2879.3
10275,2079,437821.2,6479476.1,2876.9
10278,2079,437830.2,6479512.5,2875.7
10281,2079,437839.3,6479548.9,2874.0
10284,2079,437848.4,6479585.3,2871.6
10287,2079,437857.5,6479621.6,2869.0
10290,2079,437866.5,6479658.0,2868.4
10293,2079,437875.6,6479694.4,2867.5
10296,2079,437884.7,6479730.8,2866.0
10299,2079,437893.7,6479767.2,2865.7
10302,2079,437902.8,6479803.6,2862.8
10305,2079,437911.9,6479840.0,2861.0
10308,2079,437921.0,6479876.3,2861.4
10311,2079,437930.0,6479912.7,2864.9
10314,2079,437939.1,6479949.1,2867.1
10317,2079,437948.2,6479985.5,2871.2
10320,2079,437957.3,6480021.9,2876.3
10323,2079,437966.3,6480058.3,2883.4
10326,2079,437975.4,6480094.7,2887.8
10329,2079,437984.5,6480131.0,2890.0
10332,2079,437993.5,6480167.4,2899.0
10335,2079,438002.6,6480203.8,2906.0
10338,2079,438011.7,6480240.2,2913.4
10341,2079,438020.8,6480276.6,2920.3
10344,2079,438029.8,6480313.0,2929.2
10347,2079,438038.9,6480349.4,2934.9
10350,2079,438048.0,6480385.7,2941.9
10353,2079,438057.1,6480422.1,2947.1
10356,2079,438066.1,6480458.5,2954.5
10359,2079,438075.2,6480494.9,2956.5
9975,2076,436950.2,6475828.4,3006.3
9978,2076,436959.3,6475864.8,3005.5
9981,2076,436968.4,6475901.2,3013.2
9984,2076,436977.5,6475937.6,3022.0
9987,2076,436986.5,6475974.0,3035.3
9990,2076,436995.6,6476010.4,3045.7
9993,2076,437004.7,6476046.8,3051.9
9996,2076,437013.7,6476083.1,3052.6
9999,2076,437022.8,6476119.5,3047.6
10002,2076,437031.9,6476155.9,3036.5
10005,2076,437041.0,6476192.3,3019.1
10008,2076,437050.0,6476228.7,2991.0
10011,2076,437059.1,6476265.1,2966.5
10014,2076,437068.2,6476301.5,2957.9
10017,2076,437077.3,6476337.8,2950.3
10020,2076,437086.3,6476374.2,2948.0
10023,2076,437095.4,6476410.6,2947.6
10026,2076,437104.5,6476447.0,2950.1
10029,2076,437113.5,6476483.4,2954.4
10032,2076,437122.6,6476519.8,2962.2
10035,2076,437131.7,6476556.2,2974.7
10038,2076,437140.8,6476592.5,2988.8
10041,2076,437149.8,6476628.9,2996.0
10044,2076,437158.9,6476665.3,2997.4
10047,2076,437168.0,6476701.7,3002.0
10050,2076,437177.1,6476738.1,3003.0
10053,2076,437186.1,6476774.5,3008.8
10056,2076,437195.2,6476810.9,3017.1
10059,2076,437204.3,6476847.2,3030.4
10062,2076,437213.4,6476883.6,3044.7
10065,2076,437222.4,6476920.0,3053.3
10068,2076,437231.5,6476956.4,3057.9
10071,2076,437240.6,6476992.8,3060.9
10074,2076,437249.6,6477029.2,3062.3
10077,2076,437258.7,6477065.6,3064.5
10080,2076,437267.8,6477102.0,3066.4
10083,2076,437276.9,6477138.3,3069.2
10086,2076,437285.9,6477174.7,3072.7
10089,2076,437295.0,6477211.1,3076.1
10092,2076,437304.1,6477247.5,3077.6
10095,2076,437313.2,6477283.9,3077.3
10098,2076,437322.2,6477320.3,3076.8
10101,2076,437331.3,6477356.7,3077.5
10104,2076,437340.4,6477393.0,3078.9
10107,2076,437349.4,6477429.4,3079.4
10110,2076,437358.5,6477465.8,3079.9
10113,2076,437367.6,6477502.2,3079.9
10116,2076,437376.7,6477538.6,3078.6
10119,2076,437385.7,6477575.0,3075.2
10122,2076,437394.8,6477611.4,3073.6
10125,2076,437403.9,6477647.7,3075.8
10128,2076,437413.0,6477684.1,3079.1
10131,2076,437422.0,6477720.5,3082.5
10134,2076,437431.1,6477756.9,3085.2
10137,2076,437440.2,6477793.3,3087.2
10140,2076,437449.3,6477829.7,3087.3
10143,2076,437458.3,6477866.1,3088.8
10146,2076,437467.4,6477902.4,3090.9
10149,2076,437476.5,6477938.8,3094.7
10152,2076,437485.5,6477975.2,3098.5
10155,2076,437494.6,6478011.6,3102.5
10158,2076,437503.7,6478048.0,3104.5
10161,2076,437512.8,6478084.4,3105.7
10164,2076,437521.8,6478120.8,3105.9
10167,2076,437530.9,6478157.1,3107.4
10170,2076,437540.0,6478193.5,3110.5
10173,2076,437549.1,6478229.9,3110.5
10176,2076,437558.1,6478266.3,3105.6
10179,2076,437567.2,6478302.7,3099.3
10182,2076,437576.3,6478339.1,3085.9
10185,2076,437585.4,6478375.5,3067.7
10188,2076,437594.4,6478411.8,3043.9
10191,2076,437603.5,6478448.2,3026.2
10194,2076,437612.6,6478484.6,2997.7
10197,2076,437621.6,6478521.0,2969.1
10200,2076,437630.7,6478557.4,2949.1
10203,2076,437639.8,6478593.8,2925.6
10206,2076,437648.9,6478630.2,2907.2
10209,2076,437657.9,6478666.5,2886.9
10212,2076,437667.0,6478702.9,2878.4
10215,2076,437676.1,6478739.3,2867.1
10218,2076,437685.2,6478775.7,2860.8
10221,2076,437694.2,6478812.1,2856.2
10224,2076,437703.3,6478848.5,2853.2
10227,2076,437712.4,6478884.9,2849.8
10230,2076,437721.4,6478921.2,2848.0
10233,2076,437730.5,6478957.6,2844.6
10236,2076,437739.6,6478994.0,2839.7
10239,2076,437748.7,6479030.4,2838.4
10242,2076,437757.7,6479066.8,2837.5
10245,2076,437766.8,6479103.2,2836.5
10248,2076,437775.9,6479139.6,2832.6
10251,2076,437785.0,6479175.9,2834.1
10254,2076,437794.0,6479212.3,2845.0
10257,2076,437803.1,6479248.7,2860.2
10260,2076,437812.2,6479285.1,2871.9
10263,2076,437821.3,6479321.5,2876.7
10266,2076,437830.3,6479357.9,2878.4
10269,2076,437839.4,6479394.3,2879.2
10272,2076,437848.5,6479430.6,2877.1
10275,2076,437857.5,6479467.0,2875.9
10278,2076,437866.6,6479503.4,2874.5
10281,2076,437875.7,6479539.8,2872.0
10284,2076,437884.8,6479576.2,2869.8
10287,2076,437893.8,6479612.6,2868.1
10290,2076,437902.9,6479649.0,2867.0
10293,2076,437912.0,6479685.3,2865.7
10296,2076,437921.1,6479721.7,2862.2
10299,2076,437930.1,6479758.1,2858.4
10302,2076,437939.2,6479794.5,2855.8
10305,2076,437948.3,6479830.9,2853.6
10308,2076,437957.3,6479867.3,2854.0
10311,2076,437966.4,6479903.7,2857.4
10314,2076,437975.5,6479940.0,2859.3
10317,2076,437984.6,6479976.4,2862.7
10320,2076,437993.6,6480012.8,2866.8
10323,2076,438002.7,6480049.2,2873.5
10326,2076,438011.8,6480085.6,2877.7
10329,2076,438020.9,6480122.0,2881.5
10332,2076,438029.9,6480158.4,2889.3
10335,2076,438039.0,6480194.7,2896.2
10338,2076,438048.1,6480231.1,2900.5
10341,2076,438057.2,6480267.5,2909.8
10344,2076,438066.2,6480303.9,2917.3
10347,2076,438075.3,6480340.3,2921.5
10350,2076,438084.4,6480376.7,2927.8
10353,2076,438093.4,6480413.1,2936.9
10356,2076,438102.5,6480449.4,2941.3
10359,2076,438111.6,6480485.8,2943.7
9975,2073,436986.6,6475819.4,2973.9
9978,2073,436995.7,6475855.8,2973.2
9981,2073,437004.8,6475892.1,2985.5
9984,2073,437013.8,6475928.5,2994.3
9987,2073,437022.9,6475964.9,3010.8
9990,2073,437032.0,6476001.3,3029.0
9993,2073,437041.1,6476037.7,3043.3
9996,2073,437050.1,6476074.1,3044.9
9999,2073,437059.2,6476110.5,3034.7
10002,2073,437068.3,6476146.8,3007.7
10005,2073,437077.3,6476183.2,2987.5
10008,2073,437086.4,6476219.6,2962.3
10011,2073,437095.5,6476256.0,2950.3
10014,2073,437104.6,6476292.4,2947.5
10017,2073,437113.6,6476328.8,2945.3
10020,2073,437122.7,6476365.2,2945.3
10023,2073,437131.8,6476401.5,2945.1
10026,2073,437140.9,6476437.9,2949.0
10029,2073,437149.9,6476474.3,2953.6
10032,2073,437159.0,6476510.7,2958.8
10035,2073,437168.1,6476547.1,2965.6
10038,2073,437177.2,6476583.5,2975.8
10041,2073,437186.2,6476619.9,2981.9
10044,2073,437195.3,6476656.2,2983.9
10047,2073,437204.4,6476692.6,2989.8
10050,2073,437213.4,6476729.0,2996.7
10053,2073,437222.5,6476765.4,3005.6
10056,2073,437231.6,6476801.8,3013.4
10059,2073,437240.7,6476838.2,3021.9
10062,2073,437249.7,6476874.6,3031.8
10065,2073,437258.8,6476910.9,3041.3
10068,2073,437267.9,6476947.3,3051.1
10071,2073,437277.0,6476983.7,3055.5
10074,2073,437286.0,6477020.1,3058.4
10077,2073,437295.1,6477056.5,3062.2
10080,2073,437304.2,6477092.9,3066.4
10083,2073,437313.2,6477129.3,3070.3
10086,2073,437322.3,6477165.6,3073.4
10089,2073,437331.4,6477202.0,3075.9
10092,2073,437340.5,6477238.4,3078.5
10095,2073,437349.5,6477274.8,3079.1
10098,2073,437358.6,6477311.2,3078.0
10101,2073,437367.7,6477347.6,3077.9
10104,2073,437376.8,6477384.0,3079.9
10107,2073,437385.8,6477420.3,3079.5
10110,2073,437394.9,6477456.7,3078.3
10113,2073,437404.0,6477493.1,3077.5
10116,2073,437413.1,6477529.5,3074.9
10119,2073,437422.1,6477565.9,3071.6
10122,2073,437431.2,6477602.3,3071.2
10125,2073,437440.3,6477638.7,3073.0
10128,2073,437449.3,6477675.0,3077.2
10131,2073,437458.4,6477711.4,3081.5
10134,2073,437467.5,6477747.8,3085.9
10137,2073,437476.6,6477784.2,3087.9
10140,2073,437485.6,6477820.6,3088.1
10143,2073,437494.7,6477857.0,3089.0
10146,2073,437503.8,6477893.4,3093.0
10149,2073,437512.9,6477929.8,3096.5
10152,2073,437521.9,6477966.1,3100.6
10155,2073,437531.0,6478002.5,3103.7
10158,2073,437540.1,6478038.9,3106.6
10161,2073,437549.2,6478075.3,3106.1
10164,2073,437558.2,6478111.7,3102.5
10167,2073,437567.3,6478148.1,3103.4
10170,2073,437576.4,6478184.5,3103.9
10173,2073,437585.4,6478220.8,3101.7
10176,2073,437594.5,6478257.2,3096.3
10179,2073,437603.6,6478293.6,3084.7
10182,2073,437612.7,6478330.0,3072.1
10185,2073,437621.7,6478366.4,3050.6
10188,2073,437630.8,6478402.8,3033.7
10191,2073,437639.9,6478439.2,3007.5
10194,2073,437649.0,6478475.5,2978.3
10197,2073,437658.0,6478511.9,2950.0
10200,2073,437667.1,6478548.3,2930.8
10203,2073,437676.2,6478584.7,2906.0
10206,2073,437685.2,6478621.1,2883.7
10209,2073,437694.3,6478657.5,2871.1
10212,2073,437703.4,6478693.9,2860.1
10215,2073,437712.5,6478730.2,2853.2
10218,2073,437721.5,6478766.6,2849.9
10221,2073,437730.6,6478803.0,2851.6
10224,2073,437739.7,6478839.4,2848.8
10227,2073,437748.8,6478875.8,2846.4
10230,2073,437757.8,6478912.2,2844.8
10233,2073,437766.9,6478948.6,2842.0
10236,2073,437776.0,6478984.9,2837.9
10239,2073,437785.1,6479021.3,2836.2
10242,2073,437794.1,6479057.7,2834.4
10245,2073,437803.2,6479094.1,2832.4
10248,2073,437812.3,6479130.5,2830.3
10251,2073,437821.3,6479166.9,2831.7
10254,2073,437830.4,6479203.3,2841.2
10257,2073,437839.5,6479239.6,2855.3
10260,2073,437848.6,6479276.0,2867.1
10263,2073,437857.6,6479312.4,2872.4
10266,2073,437866.7,6479348.8,2875.5
10269,2073,437875.8,6479385.2,2875.2
10272,2073,437884.9,6479421.6,2873.4
10275,2073,437893.9,6479458.0,2872.9
10278,2073,437903.0,6479494.3,2871.8
10281,2073,437912.1,6479530.7,2869.8
10284,2073,437921.1,6479567.1,2868.0
10287,2073,437930.2,6479603.5,2866.9
10290,2073,437939.3,6479639.9,2865.4
10293,2073,437948.4,6479676.3,2862.8
10296,2073,437957.4,6479712.7,2857.8
10299,2073,437966.5,6479749.0,2855.3
10302,2073,437975.6,6479785.4,2850.3
10305,2073,437984.7,6479821.8,2848.2
10308,2073,437993.7,6479858.2,2849.5
10311,2073,438002.8,6479894.6,2851.9
10314,2073,438011.9,6479931.0,2852.0
10317,2073,438021.0,6479967.4,2853.8
10320,2073,438030.0,6480003.7,2859.5
10323,2073,438039.1,6480040.1,2864.8
10326,2073,438048.2,6480076.5,2870.3
10329,2073,438057.2,6480112.9,2872.8
10332,2073,438066.3,6480149.3,2879.0
10335,2073,438075.4,6480185.7,2884.7
10338,2073,438084.5,6480222.1,2892.3
10341,2073,438093.5,6480258.4,2899.7
10344,2073,438102.6,6480294.8,2908.5
10347,2073,438111.7,6480331.2,2910.2
10350,2073,438120.8,6480367.6,2915.7
10353,2073,438129.8,6480404.0,2923.8
10356,2073,438138.9,6480440.4,2927.7
10359,2073,438148.0,6480476.8,2930.9
9975,2070,437023.0,6475810.3,2934.9
9978,2070,437032.1,6475846.7,2943.7
9981,2070,437041.1,6475883.1,2955.5
9984,2070,437050.2,6475919.5,2962.1
9987,2070,437059.3,6475955.8,2967.7
9990,2070,437068.4,6475992.2,3004.7
9993,2070,437077.4,6476028.6,3022.5
9996,2070,437086.5,6476065.0,3025.2
9999,2070,437095.6,6476101.4,3011.9
10002,2070,437104.7,6476137.8,2993.9
10005,2070,437113.7,6476174.2,2965.0
10008,2070,437122.8,6476210.5,2947.8
10011,2070,437131.9,6476246.9,2940.4
10014,2070,437141.0,6476283.3,2942.0
10017,2070,437150.0,6476319.7,2942.6
10020,2070,437159.1,6476356.1,2942.9
10023,2070,437168.2,6476392.5,2943.7
10026,2070,437177.2,6476428.9,2948.9
10029,2070,437186.3,6476465.2,2955.1
10032,2070,437195.4,6476501.6,2960.2
10035,2070,437204.5,6476538.0,2964.2
10038,2070,437213.5,6476574.4,2969.7
10041,2070,437222.6,6476610.8,2976.3
10044,2070,437231.7,6476647.2,2982.7
10047,2070,437240.8,6476683.6,2988.5
10050,2070,437249.8,6476719.9,2997.4
10053,2070,437258.9,6476756.3,3003.9
10056,2070,437268.0,6476792.7,3011.4
10059,2070,437277.1,6476829.1,3015.7
10062,2070,437286.1,6476865.5,3020.5
10065,2070,437295.2,6476901.9,3025.7
10068,2070,437304.3,6476938.3,3035.3
10071,2070,437313.3,6476974.6,3040.6
10074,2070,437322.4,6477011.0,3047.8
10077,2070,437331.5,6477047.4,3055.3
10080,2070,437340.6,6477083.8,3065.7
10083,2070,437349.6,6477120.2,3072.2
10086,2070,437358.7,6477156.6,3074.5
10089,2070,437367.8,6477193.0,3077.8
10092,2070,437376.9,6477229.3,3081.0
10095,2070,437385.9,6477265.7,3081.9
10098,2070,437395.0,6477302.1,3079.9
10101,2070,437404.1,6477338.5,3078.2
10104,2070,437413.1,6477374.9,3079.1
10107,2070,437422.2,6477411.3,3076.8
10110,2070,437431.3,6477447.7,3071.9
10113,2070,437440.4,6477484.0,3070.8
10116,2070,437449.4,6477520.4,3068.7
10119,2070,437458.5,6477556.8,3067.2
10122,2070,437467.6,6477593.2,3066.8
10125,2070,437476.7,6477629.6,3068.5
10128,2070,437485.7,6477666.0,3072.2
10131,2070,437494.8,6477702.4,3076.4
10134,2070,437503.9,6477738.7,3083.2
10137,2070,437513.0,6477775.1,3087.3
10140,2070,437522.0,6477811.5,3088.3
10143,2070,437531.1,6477847.9,3089.1
10146,2070,437540.2,6477884.3,3093.6
10149,2070,437549.2,6477920.7,3099.3
10152,2070,437558.3,6477957.1,3102.5
10155,2070,437567.4,6477993.5,3107.0
10158,2070,437576.5,6478029.8,3107.3
10161,2070,437585.5,6478066.2,3104.1
10164,2070,437594.6,6478102.6,3098.4
10167,2070,437603.7,6478139.0,3096.9
10170,2070,437612.8,6478175.4,3095.5
10173,2070,437621.8,6478211.8,3090.8
10176,2070,437630.9,6478248.2,3081.1
10179,2070,437640.0,6478284.5,3072.4
10182,2070,437649.0,6478320.9,3052.8
10185,2070,437658.1,6478357.3,3034.0
10188,2070,437667.2,6478393.7,3009.8
10191,2070,437676.3,6478430.1,2989.4
10194,2070,437685.3,6478466.5,2960.3
10197,2070,437694.4,6478502.9,2931.6
10200,2070,437703.5,6478539.2,2912.2
10203,2070,437712.6,6478575.6,2887.0
10206,2070,437721.6,6478612.0,2866.1
10209,2070,437730.7,6478648.4,2850.5
10212,2070,437739.8,6478684.8,2846.4
10215,2070,437748.9,6478721.2,2841.2
10218,2070,437757.9,6478757.6,2841.1
10221,2070,437767.0,6478793.9,2843.2
10224,2070,437776.1,6478830.3,2841.6
10227,2070,437785.1,6478866.7,2841.1
10230,2070,437794.2,6478903.1,2841.4
10233,2070,437803.3,6478939.5,2837.4
10236,2070,437812.4,6478975.9,2834.7
10239,2070,437821.4,6479012.3,2834.0
10242,2070,437830.5,6479048.6,2832.8
10245,2070,437839.6,6479085.0,2829.9
10248,2070,437848.7,6479121.4,2828.4
10251,2070,437857.7,6479157.8,2832.6
10254,2070,437866.8,6479194.2,2842.9
10257,2070,437875.9,6479230.6,2851.1
10260,2070,437884.9,6479267.0,2860.2
10263,2070,437894.0,6479303.3,2866.9
10266,2070,437903.1,6479339.7,2867.4
10269,2070,437912.2,6479376.1,2866.1
10272,2070,437921.2,6479412.5,2865.0
10275,2070,437930.3,6479448.9,2868.4
10278,2070,437939.4,6479485.3,2867.9
10281,2070,437948.5,6479521.7,2866.7
10284,2070,437957.5,6479558.0,2865.2
10287,2070,437966.6,6479594.4,2864.1
10290,2070,437975.7,6479630.8,2862.7
10293,2070,437984.8,6479667.2,2858.7
10296,2070,437993.8,6479703.6,2854.9
10299,2070,438002.9,6479740.0,2850.2
10302,2070,438012.0,6479776.4,2845.9
10305,2070,438021.0,6479812.7,2845.0
10308,2070,438030.1,6479849.1,2847.1
10311,2070,438039.2,6479885.5,2847.9
10314,2070,438048.3,6479921.9,2847.9
10317,2070,438057.3,6479958.3,2849.0
10320,2070,438066.4,6479994.7,2853.7
10323,2070,438075.5,6480031.1,2857.5
10326,2070,438084.6,6480067.4,2863.3
10329,2070,438093.6,6480103.8,2867.9
10332,2070,438102.7,6480140.2,2871.7
10335,2070,438111.8,6480176.6,2876.3
10338,2070,438120.9,6480213.0,2882.8
10341,2070,438129.9,6480249.4,2891.6
10344,2070,438139.0,6480285.8,2898.1
10347,2070,438148.1,6480322.1,2902.7
10350,2070,438157.1,6480358.5,2907.8
10353,2070,438166.2,6480394.9,2914.0
10356,2070,438175.3,6480431.3,2914.6
10359,2070,438184.4,6480467.7,2917.9
9978,2067,437068.5,6475837.6,2925.6
9981,2067,437077.5,6475874.0,2925.0
9984,2067,437086.6,6475910.4,2929.2
9987,2067,437095.7,6475946.8,2942.6
9990,2067,437104.8,6475983.2,2972.5
9993,2067,437113.8,6476019.5,2990.4
9996,2067,437122.9,6476055.9,2988.6
9999,2067,437132.0,6476092.3,2981.6
10002,2067,437141.0,6476128.7,2969.4
10005,2067,437150.1,6476165.1,2950.8
10008,2067,437159.2,6476201.5,2939.0
10011,2067,437168.3,6476237.9,2936.1
10014,2067,437177.3,6476274.2,2936.9
10017,2067,437186.4,6476310.6,2938.7
10020,2067,437195.5,6476347.0,2940.5
10023,2067,437204.6,6476383.4,2944.1
10026,2067,437213.6,6476419.8,2950.5
10029,2067,437222.7,6476456.2,2955.3
10032,2067,437231.8,6476492.6,2961.0
10035,2067,437240.9,6476528.9,2965.4
10038,2067,437249.9,6476565.3,2970.6
10041,2067,437259.0,6476601.7,2977.0
10044,2067,437268.1,6476638.1,2982.9
10047,2067,437277.1,6476674.5,2989.4
10050,2067,437286.2,6476710.9,2997.3
10053,2067,437295.3,6476747.3,3005.8
10056,2067,437304.4,6476783.6,3011.3
10059,2067,437313.4,6476820.0,3014.6
10062,2067,437322.5,6476856.4,3015.8
10065,2067,437331.6,6476892.8,3018.3
10068,2067,437340.7,6476929.2,3021.9
10071,2067,437349.7,6476965.6,3027.9
10074,2067,437358.8,6477002.0,3034.0
10077,2067,437367.9,6477038.3,3045.5
10080,2067,437376.9,6477074.7,3060.6
10083,2067,437386.0,6477111.1,3071.8
10086,2067,437395.1,6477147.5,3077.1
10089,2067,437404.2,6477183.9,3079.6
10092,2067,437413.2,6477220.3,3082.4
10095,2067,437422.3,6477256.7,3083.6
10098,2067,437431.4,6477293.0,3080.6
10101,2067,437440.5,6477329.4,3078.0
10104,2067,437449.5,6477365.8,3075.7
10107,2067,437458.6,6477402.2,3070.6
10110,2067,437467.7,6477438.6,3066.6
10113,2067,437476.8,6477475.0,3063.1
10116,2067,437485.8,6477511.4,3063.0
10119,2067,437494.9,6477547.7,3062.2
10122,2067,437504.0,6477584.1,3063.1
10125,2067,437513.0,6477620.5,3064.6
10128,2067,437522.1,6477656.9,3065.2
10131,2067,437531.2,6477693.3,3069.6
10134,2067,437540.3,6477729.7,3074.9
10137,2067,437549.3,6477766.1,3081.2
10140,2067,437558.4,6477802.4,3086.0
10143,2067,437567.5,6477838.8,3089.9
10146,2067,437576.6,6477875.2,3094.8
10149,2067,437585.6,6477911.6,3098.3
10152,2067,437594.7,6477948.0,3103.9
10155,2067,437603.8,6477984.4,3107.6
10158,2067,437612.8,6478020.8,3106.8
10161,2067,437621.9,6478057.1,3102.4
10164,2067,437631.0,6478093.5,3095.3
10167,2067,437640.1,6478129.9,3091.3
10170,2067,437649.1,6478166.3,3085.9
10173,2067,437658.2,6478202.7,3078.8
10176,2067,437667.3,6478239.1,3072.4
10179,2067,437676.4,6478275.5,3057.1
10182,2067,437685.4,6478311.8,3037.0
10185,2067,437694.5,6478348.2,3012.4
10188,2067,437703.6,6478384.6,2993.3
10191,2067,437712.7,6478421.0,2965.3
10194,2067,437721.7,6478457.4,2936.8
10197,2067,437730.8,6478493.8,2915.8
10200,2067,437739.9,6478530.2,2894.7
10203,2067,437748.9,6478566.5,2869.4
10206,2067,437758.0,6478602.9,2849.3
10209,2067,437767.1,6478639.3,2840.6
10212,2067,437776.2,6478675.7,2833.5
10215,2067,437785.2,6478712.1,2831.0
10218,2067,437794.3,6478748.5,2831.9
10221,2067,437803.4,6478784.9,2834.7
10224,2067,437812.5,6478821.2,2834.5
10227,2067,437821.5,6478857.6,2834.6
10230,2067,437830.6,6478894.0,2833.8
10233,2067,437839.7,6478930.4,2832.2
10236,2067,437848.8,6478966.8,2829.6
10239,2067,437857.8,6479003.2,2829.2
10242,2067,437866.9,6479039.6,2830.3
10245,2067,437876.0,6479076.0,2828.0
10248,2067,437885.0,6479112.3,2827.4
10251,2067,437894.1,6479148.7,2831.8
10254,2067,437903.2,6479185.1,2841.3
10257,2067,437912.3,6479221.5,2850.7
10260,2067,437921.3,6479257.9,2855.7
10263,2067,437930.4,6479294.3,2857.4
10266,2067,437939.5,6479330.7,2857.5
10269,2067,437948.6,6479367.0,2854.9
10272,2067,437957.6,6479403.4,2853.4
10275,2067,437966.7,6479439.8,2857.7
10278,2067,437975.8,6479476.2,2860.1
10281,2067,437984.8,6479512.6,2861.7
10284,2067,437993.9,6479549.0,2862.1
10287,2067,438003.0,6479585.4,2862.0
10290,2067,438012.1,6479621.7,2859.4
10293,2067,438021.1,6479658.1,2855.0
10296,2067,438030.2,6479694.5,2850.3
10299,2067,438039.3,6479730.9,2845.9
10302,2067,438048.4,6479767.3,2843.0
10305,2067,438057.4,6479803.7,2843.6
10308,2067,438066.5,6479840.1,2846.4
10311,2067,438075.6,6479876.4,2847.8
10314,2067,438084.7,6479912.8,2847.8
10317,2067,438093.7,6479949.2,2847.4
10320,2067,438102.8,6479985.6,2849.1
10323,2067,438111.9,6480022.0,2853.4
10326,2067,438120.9,6480058.4,2857.7
10329,2067,438130.0,6480094.8,2862.9
10332,2067,438139.1,6480131.1,2868.6
10335,2067,438148.2,6480167.5,2871.9
10338,2067,438157.2,6480203.9,2877.6
10341,2067,438166.3,6480240.3,2885.0
10344,2067,438175.4,6480276.7,2891.8
10347,2067,438184.5,6480313.1,2895.7
10350,2067,438193.5,6480349.5,2899.4
10353,2067,438202.6,6480385.8,2904.4
10356,2067,438211.7,6480422.2,2907.5
10359,2067,438220.7,6480458.6,2909.5
9978,2064,437104.8,6475828.5,2910.2
9981,2064,437113.9,6475864.9,2913.1
9984,2064,437123.0,6475901.3,2916.3
9987,2064,437132.1,6475937.7,2927.1
9990,2064,437141.1,6475974.1,2942.8
9993,2064,437150.2,6476010.5,2952.6
9996,2064,437159.3,6476046.9,2956.3
9999,2064,437168.4,6476083.2,2951.2
10002,2064,437177.4,6476119.6,2949.1
10005,2064,437186.5,6476156.0,2942.5
10008,2064,437195.6,6476192.4,2935.1
10011,2064,437204.7,6476228.8,2932.1
10014,2064,437213.7,6476265.2,2933.2
10017,2064,437222.8,6476301.6,2934.9
10020,2064,437231.9,6476337.9,2937.5
10023,2064,437240.9,6476374.3,2943.2
10026,2064,437250.0,6476410.7,2950.5
10029,2064,437259.1,6476447.1,2957.5
10032,2064,437268.2,6476483.5,2963.6
10035,2064,437277.2,6476519.9,2969.0
10038,2064,437286.3,6476556.3,2973.9
10041,2064,437295.4,6476592.6,2980.6
10044,2064,437304.5,6476629.0,2985.5
10047,2064,437313.5,6476665.4,2992.0
10050,2064,437322.6,6476701.8,2998.9
10053,2064,437331.7,6476738.2,3006.3
10056,2064,437340.7,6476774.6,3011.7
10059,2064,437349.8,6476811.0,3014.5
10062,2064,437358.9,6476847.3,3014.8
10065,2064,437368.0,6476883.7,3014.3
10068,2064,437377.0,6476920.1,3018.1
10071,2064,437386.1,6476956.5,3021.1
10074,2064,437395.2,6476992.9,3025.7
10077,2064,437404.3,6477029.3,3035.5
10080,2064,437413.3,6477065.7,3051.3
10083,2064,437422.4,6477102.0,3067.8
10086,2064,437431.5,6477138.4,3075.2
10089,2064,437440.6,6477174.8,3079.3
10092,2064,437449.6,6477211.2,3081.7
10095,2064,437458.7,6477247.6,3080.9
10098,2064,437467.8,6477284.0,3075.9
10101,2064,437476.8,6477320.4,3073.3
10104,2064,437485.9,6477356.7,3068.9
10107,2064,437495.0,6477393.1,3060.8
10110,2064,437504.1,6477429.5,3058.7
10113,2064,437513.1,6477465.9,3057.1
10116,2064,437522.2,6477502.3,3057.3
10119,2064,437531.3,6477538.7,3058.8
10122,2064,437540.4,6477575.1,3059.3
10125,2064,437549.4,6477611.4,3059.4
10128,2064,437558.5,6477647.8,3059.6
10131,2064,437567.6,6477684.2,3062.6
10134,2064,437576.7,6477720.6,3066.8
10137,2064,437585.7,6477757.0,3074.4
10140,2064,437594.8,6477793.4,3082.2
10143,2064,437603.9,6477829.8,3090.5
10146,2064,437612.9,6477866.1,3095.8
10149,2064,437622.0,6477902.5,3099.0
10152,2064,437631.1,6477938.9,3103.1
10155,2064,437640.2,6477975.3,3107.1
10158,2064,437649.2,6478011.7,3104.9
10161,2064,437658.3,6478048.1,3097.3
10164,2064,437667.4,6478084.5,3091.7
10167,2064,437676.5,6478120.8,3084.0
10170,2064,437685.5,6478157.2,3075.3
10173,2064,437694.6,6478193.6,3068.2
10176,2064,437703.7,6478230.0,3059.1
10179,2064,437712.7,6478266.4,3042.4
10182,2064,437721.8,6478302.8,3021.9
10185,2064,437730.9,6478339.2,3004.6
10188,2064,437740.0,6478375.5,2978.1
10191,2064,437749.0,6478411.9,2949.3
10194,2064,437758.1,6478448.3,2921.7
10197,2064,437767.2,6478484.7,2900.8
10200,2064,437776.3,6478521.1,2872.9
10203,2064,437785.3,6478557.5,2849.3
10206,2064,437794.4,6478593.9,2836.4
10209,2064,437803.5,6478630.2,2828.1
10212,2064,437812.6,6478666.6,2823.5
10215,2064,437821.6,6478703.0,2822.8
10218,2064,437830.7,6478739.4,2825.6
10221,2064,437839.8,6478775.8,2826.2
10224,2064,437848.8,6478812.2,2825.7
10227,2064,437857.9,6478848.6,2825.8
10230,2064,437867.0,6478884.9,2827.0
10233,2064,437876.1,6478921.3,2824.2
10236,2064,437885.1,6478957.7,2823.2
10239,2064,437894.2,6478994.1,2824.6
10242,2064,437903.3,6479030.5,2826.6
10245,2064,437912.4,6479066.9,2827.8
10248,2064,437921.4,6479103.3,2827.6
10251,2064,437930.5,6479139.7,2830.7
10254,2064,437939.6,6479176.0,2839.5
10257,2064,437948.6,6479212.4,2846.6
10260,2064,437957.7,6479248.8,2848.8
10263,2064,437966.8,6479285.2,2850.4
10266,2064,437975.9,6479321.6,2847.3
10269,2064,437984.9,6479358.0,2845.4
10272,2064,437994.0,6479394.3,2845.4
10275,2064,438003.1,6479430.7,2849.0
10278,2064,438012.2,6479467.1,2851.7
10281,2064,438021.2,6479503.5,2856.8
10284,2064,438030.3,6479539.9,2860.2
10287,2064,438039.4,6479576.3,2860.5
10290,2064,438048.5,6479612.7,2857.4
10293,2064,438057.5,6479649.1,2853.8
10296,2064,438066.6,6479685.4,2848.5
10299,2064,438075.7,6479721.8,2843.5
10302,2064,438084.7,6479758.2,2842.6
10305,2064,438093.8,6479794.6,2844.3
10308,2064,438102.9,6479831.0,2847.6
10311,2064,438112.0,6479867.4,2848.8
10314,2064,438121.0,6479903.8,2848.9
10317,2064,438130.1,6479940.1,2847.9
10320,2064,438139.2,6479976.5,2848.3
10323,2064,438148.3,6480012.9,2850.2
10326,2064,438157.3,6480049.3,2852.8
10329,2064,438166.4,6480085.7,2857.7
10332,2064,438175.5,6480122.1,2864.6
10335,2064,438184.5,6480158.5,2871.1
10338,2064,438193.6,6480194.8,2876.2
10341,2064,438202.7,6480231.2,2884.2
10344,2064,438211.8,6480267.6,2888.8
10347,2064,438220.8,6480304.0,2892.1
10350,2064,438229.9,6480340.4,2895.0
10353,2064,438239.0,6480376.8,2897.3
10356,2064,438248.1,6480413.2,2900.0
10359,2064,438257.1,6480449.5,2902.1
9978,2061,437141.2,6475819.5,2906.7
9981,2061,437150.3,6475855.9,2910.4
9984,2061,437159.4,6475892.2,2915.7
9987,2061,437168.5,6475928.6,2924.0
9990,2061,437177.5,6475965.0,2932.2
9993,2061,437186.6,6476001.4,2935.6
9996,2061,437195.7,6476037.8,2937.9
9999,2061,437204.7,6476074.2,2940.8
10002,2061,437213.8,6476110.6,2939.1
10005,2061,437222.9,6476146.9,2936.5
10008,2061,437232.0,6476183.3,2931.6
10011,2061,437241.0,6476219.7,2930.4
10014,2061,437250.1,6476256.1,2930.5
10017,2061,437259.2,6476292.5,2932.1
10020,2061,437268.3,6476328.9,2935.6
10023,2061,437277.3,6476365.3,2942.4
10026,2061,437286.4,6476401.6,2951.0
10029,2061,437295.5,6476438.0,2958.5
10032,2061,437304.6,6476474.4,2964.4
10035,2061,437313.6,6476510.8,2972.1
10038,2061,437322.7,6476547.2,2979.5
10041,2061,437331.8,6476583.6,2987.3
10044,2061,437340.8,6476620.0,2991.6
10047,2061,437349.9,6476656.3,2995.8
10050,2061,437359.0,6476692.7,3001.5
10053,2061,437368.1,6476729.1,3006.5
10056,2061,437377.1,6476765.5,3012.0
10059,2061,437386.2,6476801.9,3014.0
10062,2061,437395.3,6476838.3,3013.9
10065,2061,437404.4,6476874.7,3013.7
10068,2061,437413.4,6476911.0,3016.1
10071,2061,437422.5,6476947.4,3019.0
10074,2061,437431.6,6476983.8,3022.9
10077,2061,437440.6,6477020.2,3031.8
10080,2061,437449.7,6477056.6,3046.3
10083,2061,437458.8,6477093.0,3055.3
10086,2061,437467.9,6477129.4,3067.6
10089,2061,437476.9,6477165.7,3070.5
10092,2061,437486.0,6477202.1,3071.8
10095,2061,437495.1,6477238.5,3069.2
10098,2061,437504.2,6477274.9,3068.7
10101,2061,437513.2,6477311.3,3062.4
10104,2061,437522.3,6477347.7,3054.7
10107,2061,437531.4,6477384.1,3050.8
10110,2061,437540.5,6477420.4,3052.1
10113,2061,437549.5,6477456.8,3052.6
10116,2061,437558.6,6477493.2,3052.8
10119,2061,437567.7,6477529.6,3055.1
10122,2061,437576.7,6477566.0,3056.1
10125,2061,437585.8,6477602.4,3056.2
10128,2061,437594.9,6477638.8,3056.0
10131,2061,437604.0,6477675.1,3056.8
10134,2061,437613.0,6477711.5,3058.5
10137,2061,437622.1,6477747.9,3064.0
10140,2061,437631.2,6477784.3,3076.5
10143,2061,437640.3,6477820.7,3091.3
10146,2061,437649.3,6477857.1,3098.6
10149,2061,437658.4,6477893.5,3102.1
10152,2061,437667.5,6477929.8,3105.6
10155,2061,437676.5,6477966.2,3106.6
10158,2061,437685.6,6478002.6,3101.6
10161,2061,437694.7,6478039.0,3092.6
10164,2061,437703.8,6478075.4,3086.1
10167,2061,437712.8,6478111.8,3077.6
10170,2061,437721.9,6478148.2,3066.3
10173,2061,437731.0,6478184.5,3053.5
10176,2061,437740.1,6478220.9,3043.0
10179,2061,437749.1,6478257.3,3024.1
10182,2061,437758.2,6478293.7,3008.1
10185,2061,437767.3,6478330.1,2990.5
10188,2061,437776.4,6478366.5,2964.3
10191,2061,437785.4,6478402.9,2934.8
10194,2061,437794.5,6478439.2,2906.9
10197,2061,437803.6,6478475.6,2887.1
10200,2061,437812.6,6478512.0,2860.5
10203,2061,437821.7,6478548.4,2837.5
10206,2061,437830.8,6478584.8,2822.7
10209,2061,437839.9,6478621.2,2819.0
10212,2061,437848.9,6478657.6,2817.5
10215,2061,437858.0,6478693.9,2816.5
10218,2061,437867.1,6478730.3,2818.6
10221,2061,437876.2,6478766.7,2817.3
10224,2061,437885.2,6478803.1,2816.4
10227,2061,437894.3,6478839.5,2817.1
10230,2061,437903.4,6478875.9,2817.9
10233,2061,437912.4,6478912.3,2815.4
10236,2061,437921.5,6478948.6,2816.3
10239,2061,437930.6,6478985.0,2820.6
10242,2061,437939.7,6479021.4,2825.5
10245,2061,437948.7,6479057.8,2828.1
10248,2061,437957.8,6479094.2,2828.5
10251,2061,437966.9,6479130.6,2832.0
10254,2061,437976.0,6479167.0,2837.1
10257,2061,437985.0,6479203.3,2842.0
10260,2061,437994.1,6479239.7,2844.3
10263,2061,438003.2,6479276.1,2844.4
10266,2061,438012.3,6479312.5,2841.7
10269,2061,438021.3,6479348.9,2840.1
10272,2061,438030.4,6479385.3,2840.8
10275,2061,438039.5,6479421.7,2844.1
10278,2061,438048.5,6479458.0,2848.8
10281,2061,438057.6,6479494.4,2854.1
10284,2061,438066.7,6479530.8,2858.7
10287,2061,438075.8,6479567.2,2858.6
10290,2061,438084.8,6479603.6,2855.1
10293,2061,438093.9,6479640.0,2852.7
10296,2061,438103.0,6479676.4,2847.8
10299,2061,438112.1,6479712.8,2844.0
10302,2061,438121.1,6479749.1,2844.3
10305,2061,438130.2,6479785.5,2846.0
10308,2061,438139.3,6479821.9,2849.7
10311,2061,438148.4,6479858.3,2850.9
10314,2061,438157.4,6479894.7,2850.2
10317,2061,438166.5,6479931.1,2849.4
10320,2061,438175.6,6479967.5,2850.3
10323,2061,438184.6,6480003.8,2851.3
10326,2061,438193.7,6480040.2,2851.9
10329,2061,438202.8,6480076.6,2855.2
10332,2061,438211.9,6480113.0,2862.5
10335,2061,438220.9,6480149.4,2869.7
10338,2061,438230.0,6480185.8,2875.5
10341,2061,438239.1,6480222.2,2882.4
10344,2061,438248.2,6480258.5,2889.0
10347,2061,438257.2,6480294.9,2890.3
10350,2061,438266.3,6480331.3,2891.2
10353,2061,438275.4,6480367.7,2891.5
10356,2061,438284.4,6480404.1,2893.6
10359,2061,438293.5,6480440.5,2897.2
9978,2058,437177.6,6475810.4,2911.2
9981,2058,437186.7,6475846.8,2916.5
9984,2058,437195.8,6475883.2,2923.8
9987,2058,437204.8,6475919.6,2928.6
9990,2058,437213.9,6475955.9,2932.1
9993,2058,437223.0,6475992.3,2932.6
9996,2058,437232.1,6476028.7,2933.1
9999,2058,437241.1,6476065.1,2935.1
10002,2058,437250.2,6476101.5,2934.7
10005,2058,437259.3,6476137.9,2933.4
10008,2058,437268.4,6476174.3,2930.7
10011,2058,437277.4,6476210.6,2928.3
10014,2058,437286.5,6476247.0,2929.0
10017,2058,437295.6,6476283.4,2931.8
10020,2058,437304.6,6476319.8,2937.2
10023,2058,437313.7,6476356.2,2945.3
10026,2058,437322.8,6476392.6,2951.2
10029,2058,437331.9,6476429.0,2958.5
10032,2058,437340.9,6476465.3,2966.8
10035,2058,437350.0,6476501.7,2976.2
10038,2058,437359.1,6476538.1,2984.5
10041,2058,437368.2,6476574.5,2990.1
10044,2058,437377.2,6476610.9,2996.9
10047,2058,437386.3,6476647.3,3000.9
10050,2058,437395.4,6476683.7,3005.6
10053,2058,437404.4,6476720.0,3009.2
10056,2058,437413.5,6476756.4,3011.9
10059,2058,437422.6,6476792.8,3012.3
10062,2058,437431.7,6476829.2,3012.7
10065,2058,437440.7,6476865.6,3013.1
10068,2058,437449.8,6476902.0,3015.1
10071,2058,437458.9,6476938.4,3017.4
10074,2058,437468.0,6476974.7,3020.6
10077,2058,437477.0,6477011.1,3026.2
10080,2058,437486.1,6477047.5,3033.3
10083,2058,437495.2,6477083.9,3039.9
10086,2058,437504.3,6477120.3,3049.2
10089,2058,437513.3,6477156.7,3050.8
10092,2058,437522.4,6477193.1,3048.6
10095,2058,437531.5,6477229.4,3054.5
10098,2058,437540.5,6477265.8,3050.0
10101,2058,437549.6,6477302.2,3045.9
10104,2058,437558.7,6477338.6,3043.8
10107,2058,437567.8,6477375.0,3046.0
10110,2058,437576.8,6477411.4,3047.3
10113,2058,437585.9,6477447.8,3048.6
10116,2058,437595.0,6477484.1,3049.9
10119,2058,437604.1,6477520.5,3052.7
10122,2058,437613.1,6477556.9,3053.7
10125,2058,437622.2,6477593.3,3054.4
10128,2058,437631.3,6477629.7,3054.8
10131,2058,437640.3,6477666.1,3054.7
10134,2058,437649.4,6477702.5,3054.8
10137,2058,437658.5,6477738.8,3057.7
10140,2058,437667.6,6477775.2,3069.0
10143,2058,437676.6,6477811.6,3086.0
10146,2058,437685.7,6477848.0,3098.8
10149,2058,437694.8,6477884.4,3105.3
10152,2058,437703.9,6477920.8,3108.4
10155,2058,437712.9,6477957.2,3104.8
10158,2058,437722.0,6477993.5,3098.7
10161,2058,437731.1,6478029.9,3088.4
10164,2058,437740.2,6478066.3,3080.3
10167,2058,437749.2,6478102.7,3070.8
10170,2058,437758.3,6478139.1,3058.0
10173,2058,437767.4,6478175.5,3047.7
10176,2058,437776.4,6478211.9,3031.1
10179,2058,437785.5,6478248.2,3011.7
10182,2058,437794.6,6478284.6,2989.8
10185,2058,437803.7,6478321.0,2971.6
10188,2058,437812.7,6478357.4,2944.0
10191,2058,437821.8,6478393.8,2921.8
10194,2058,437830.9,6478430.2,2895.0
10197,2058,437840.0,6478466.6,2873.8
10200,2058,437849.0,6478502.9,2849.6
10203,2058,437858.1,6478539.3,2829.1
10206,2058,437867.2,6478575.7,2820.2
10209,2058,437876.3,6478612.1,2815.8
10212,2058,437885.3,6478648.5,2815.2
10215,2058,437894.4,6478684.9,2813.7
10218,2058,437903.5,6478721.3,2813.6
10221,2058,437912.5,6478757.6,2812.8
10224,2058,437921.6,6478794.0,2813.0
10227,2058,437930.7,6478830.4,2814.1
10230,2058,437939.8,6478866.8,2813.1
10233,2058,437948.8,6478903.2,2810.5
10236,2058,437957.9,6478939.6,2812.1
10239,2058,437967.0,6478976.0,2817.4
10242,2058,437976.1,6479012.3,2823.1
10245,2058,437985.1,6479048.7,2827.3
10248,2058,437994.2,6479085.1,2829.2
10251,2058,438003.3,6479121.5,2831.9
10254,2058,438012.3,6479157.9,2837.3
10257,2058,438021.4,6479194.3,2839.2
10260,2058,438030.5,6479230.7,2841.0
10263,2058,438039.6,6479267.0,2842.2
10266,2058,438048.6,6479303.4,2840.8
10269,2058,438057.7,6479339.8,2839.8
10272,2058,438066.8,6479376.2,2840.3
10275,2058,438075.9,6479412.6,2843.1
10278,2058,438084.9,6479449.0,2847.1
10281,2058,438094.0,6479485.4,2852.5
10284,2058,438103.1,6479521.7,2856.4
10287,2058,438112.2,6479558.1,2856.6
10290,2058,438121.2,6479594.5,2854.3
10293,2058,438130.3,6479630.9,2850.9
10296,2058,438139.4,6479667.3,2847.8
10299,2058,438148.4,6479703.7,2844.9
10302,2058,438157.5,6479740.1,2846.0
10305,2058,438166.6,6479776.4,2848.9
10308,2058,438175.7,6479812.8,2852.6
10311,2058,438184.7,6479849.2,2854.1
10314,2058,438193.8,6479885.6,2852.4
10317,2058,438202.9,6479922.0,2852.0
10320,2058,438212.0,6479958.4,2853.4
10323,2058,438221.0,6479994.8,2854.5
10326,2058,438230.1,6480031.1,2854.7
10329,2058,438239.2,6480067.5,2855.9
10332,2058,438248.2,6480103.9,2861.6
10335,2058,438257.3,6480140.3,2868.1
10338,2058,438266.4,6480176.7,2875.0
10341,2058,438275.5,6480213.1,2881.3
10344,2058,438284.5,6480249.5,2885.5
10347,2058,438293.6,6480285.8,2887.1
10350,2058,438302.7,6480322.2,2887.4
10353,2058,438311.8,6480358.6,2888.2
10356,2058,438320.8,6480395.0,2890.5
10359,2058,438329.9,6480431.4,2893.3
9981,2055,437223.1,6475837.7,2933.5
9984,2055,437232.2,6475874.1,2940.6
9987,2055,437241.2,6475910.5,2938.7
9990,2055,437250.3,6475946.9,2938.1
9993,2055,437259.4,6475983.2,2935.2
9996,2055,437268.4,6476019.6,2933.8
9999,2055,437277.5,6476056.0,2933.7
10002,2055,437286.6,6476092.4,2932.8
10005,2055,437295.7,6476128.8,2931.1
10008,2055,437304.7,6476165.2,2928.8
10011,2055,437313.8,6476201.6,2926.6
10014,2055,437322.9,6476238.0,2927.8
10017,2055,437332.0,6476274.3,2932.7
10020,2055,437341.0,6476310.7,2938.5
10023,2055,437350.1,6476347.1,2946.0
10026,2055,437359.2,6476383.5,2954.4
10029,2055,437368.2,6476419.9,2961.6
10032,2055,437377.3,6476456.3,2971.9
10035,2055,437386.4,6476492.7,2979.4
10038,2055,437395.5,6476529.0,2988.8
10041,2055,437404.5,6476565.4,2994.5
10044,2055,437413.6,6476601.8,2999.9
10047,2055,437422.7,6476638.2,3004.1
10050,2055,437431.8,6476674.6,3007.1
10053,2055,437440.8,6476711.0,3009.6
10056,2055,437449.9,6476747.4,3010.8
10059,2055,437459.0,6476783.7,3010.6
10062,2055,437468.1,6476820.1,3010.9
10065,2055,437477.1,6476856.5,3012.8
10068,2055,437486.2,6476892.9,3015.1
10071,2055,437495.3,6476929.3,3018.0
10074,2055,437504.3,6476965.7,3020.4
10077,2055,437513.4,6477002.1,3023.8
10080,2055,437522.5,6477038.4,3026.8
10083,2055,437531.6,6477074.8,3028.4
10086,2055,437540.6,6477111.2,3031.7
10089,2055,437549.7,6477147.6,3031.7
10092,2055,437558.8,6477184.0,3032.3
10095,2055,437567.9,6477220.4,3033.0
10098,2055,437576.9,6477256.8,3036.9
10101,2055,437586.0,6477293.1,3036.6
10104,2055,437595.1,6477329.5,3038.3
10107,2055,437604.1,6477365.9,3041.0
10110,2055,437613.2,6477402.3,3043.2
10113,2055,437622.3,6477438.7,3044.5
10116,2055,437631.4,6477475.1,3046.6
10119,2055,437640.4,6477511.5,3049.8
10122,2055,437649.5,6477547.8,3051.2
10125,2055,437658.6,6477584.2,3053.1
10128,2055,437667.7,6477620.6,3054.0
10131,2055,437676.7,6477657.0,3053.9
10134,2055,437685.8,6477693.4,3053.2
10137,2055,437694.9,6477729.8,3053.4
10140,2055,437704.0,6477766.2,3061.3
10143,2055,437713.0,6477802.5,3076.9
10146,2055,437722.1,6477838.9,3093.7
10149,2055,437731.2,6477875.3,3104.5
10152,2055,437740.2,6477911.7,3109.1
10155,2055,437749.3,6477948.1,3104.6
10158,2055,437758.4,6477984.5,3093.8
10161,2055,437767.5,6478020.9,3083.8
10164,2055,437776.5,6478057.2,3073.0
10167,2055,437785.6,6478093.6,3065.2
10170,2055,437794.7,6478130.0,3051.0
10173,2055,437803.8,6478166.4,3038.8
10176,2055,437812.8,6478202.8,3020.9
10179,2055,437821.9,6478239.2,3000.4
10182,2055,437831.0,6478275.6,2983.7
10185,2055,437840.1,6478311.9,2959.2
10188,2055,437849.1,6478348.3,2931.9
10191,2055,437858.2,6478384.7,2902.5
10194,2055,437867.3,6478421.1,2880.8
10197,2055,437876.3,6478457.5,2856.3
10200,2055,437885.4,6478493.9,2840.4
10203,2055,437894.5,6478530.3,2823.4
10206,2055,437903.6,6478566.6,2818.3
10209,2055,437912.6,6478603.0,2816.1
10212,2055,437921.7,6478639.4,2814.5
10215,2055,437930.8,6478675.8,2813.1
10218,2055,437939.9,6478712.2,2812.0
10221,2055,437948.9,6478748.6,2812.3
10224,2055,437958.0,6478785.0,2814.4
10227,2055,437967.1,6478821.3,2814.3
10230,2055,437976.1,6478857.7,2812.1
10233,2055,437985.2,6478894.1,2810.0
10236,2055,437994.3,6478930.5,2810.6
10239,2055,438003.4,6478966.9,2815.2
10242,2055,438012.4,6479003.3,2820.9
10245,2055,438021.5,6479039.7,2824.9
10248,2055,438030.6,6479076.0,2828.7
10251,2055,438039.7,6479112.4,2832.3
10254,2055,438048.7,6479148.8,2836.8
10257,2055,438057.8,6479185.2,2839.0
10260,2055,438066.9,6479221.6,2840.8
10263,2055,438076.0,6479258.0,2842.5
10266,2055,438085.0,6479294.4,2841.7
10269,2055,438094.1,6479330.7,2840.7
10272,2055,438103.2,6479367.1,2841.5
10275,2055,438112.2,6479403.5,2843.7
10278,2055,438121.3,6479439.9,2846.4
10281,2055,438130.4,6479476.3,2850.3
10284,2055,438139.5,6479512.7,2853.7
10287,2055,438148.5,6479549.1,2854.5
10290,2055,438157.6,6479585.4,2852.3
10293,2055,438166.7,6479621.8,2850.4
10296,2055,438175.8,6479658.2,2847.3
10299,2055,438184.8,6479694.6,2845.6
10302,2055,438193.9,6479731.0,2847.3
10305,2055,438203.0,6479767.4,2850.6
10308,2055,438212.0,6479803.8,2854.9
10311,2055,438221.1,6479840.1,2857.2
10314,2055,438230.2,6479876.5,2854.9
10317,2055,438239.3,6479912.9,2854.8
10320,2055,438248.3,6479949.3,2856.7
10323,2055,438257.4,6479985.7,2858.4
10326,2055,438266.5,6480022.1,2857.9
10329,2055,438275.6,6480058.5,2859.0
10332,2055,438284.6,6480094.8,2863.8
10335,2055,438293.7,6480131.2,2868.7
10338,2055,438302.8,6480167.6,2874.4
10341,2055,438311.9,6480204.0,2880.1
10344,2055,438320.9,6480240.4,2882.7
10347,2055,438330.0,6480276.8,2884.9
10350,2055,438339.1,6480313.2,2885.6
10353,2055,438348.1,6480349.5,2886.5
10356,2055,438357.2,6480385.9,2889.1
10359,2055,438366.3,6480422.3,2891.3
9981,2052,437259.5,6475828.6,2964.8
9984,2052,437268.5,6475865.0,2963.1
9987,2052,437277.6,6475901.4,2964.1
9990,2052,437286.7,6475937.8,2953.0
9993,2052,437295.8,6475974.2,2941.4
9996,2052,437304.8,6476010.6,2935.1
9999,2052,437313.9,6476046.9,2933.2
10002,2052,437323.0,6476083.3,2931.2
10005,2052,437332.0,6476119.7,2929.4
10008,2052,437341.1,6476156.1,2927.5
10011,2052,437350.2,6476192.5,2927.5
10014,2052,437359.3,6476228.9,2929.9
10017,2052,437368.3,6476265.3,2933.4
10020,2052,437377.4,6476301.6,2940.8
10023,2052,437386.5,6476338.0,2948.0
10026,2052,437395.6,6476374.4,2955.3
10029,2052,437404.6,6476410.8,2963.1
10032,2052,437413.7,6476447.2,2973.3
10035,2052,437422.8,6476483.6,2984.4
10038,2052,437431.9,6476520.0,2992.0
10041,2052,437440.9,6476556.3,2998.3
10044,2052,437450.0,6476592.7,3001.4
10047,2052,437459.1,6476629.1,3004.8
10050,2052,437468.1,6476665.5,3006.8
10053,2052,437477.2,6476701.9,3009.0
10056,2052,437486.3,6476738.3,3010.2
10059,2052,437495.4,6476774.7,3010.3
10062,2052,437504.4,6476811.0,3010.4
10065,2052,437513.5,6476847.4,3012.1
10068,2052,437522.6,6476883.8,3015.6
10071,2052,437531.7,6476920.2,3018.2
10074,2052,437540.7,6476956.6,3020.9
10077,2052,437549.8,6476993.0,3022.5
10080,2052,437558.9,6477029.4,3024.2
10083,2052,437568.0,6477065.8,3025.3
10086,2052,437577.0,6477102.1,3025.5
10089,2052,437586.1,6477138.5,3024.5
10092,2052,437595.2,6477174.9,3023.9
10095,2052,437604.2,6477211.3,3026.7
10098,2052,437613.3,6477247.7,3030.2
10101,2052,437622.4,6477284.1,3033.9
10104,2052,437631.5,6477320.5,3036.1
10107,2052,437640.5,6477356.8,3038.1
10110,2052,437649.6,6477393.2,3039.5
10113,2052,437658.7,6477429.6,3041.9
10116,2052,437667.8,6477466.0,3044.5
10119,2052,437676.8,6477502.4,3047.1
10122,2052,437685.9,6477538.8,3049.4
10125,2052,437695.0,6477575.2,3052.1
10128,2052,437704.0,6477611.5,3053.2
10131,2052,437713.1,6477647.9,3053.1
10134,2052,437722.2,6477684.3,3051.5
10137,2052,437731.3,6477720.7,3051.7
10140,2052,437740.3,6477757.1,3058.4
10143,2052,437749.4,6477793.5,3067.0
10146,2052,437758.5,6477829.9,3083.0
10149,2052,437767.6,6477866.2,3099.5
10152,2052,437776.6,6477902.6,3105.5
10155,2052,437785.7,6477939.0,3102.8
10158,2052,437794.8,6477975.4,3092.4
10161,2052,437803.9,6478011.8,3081.2
10164,2052,437812.9,6478048.2,3068.9
10167,2052,437822.0,6478084.6,3057.2
10170,2052,437831.1,6478120.9,3041.5
10173,2052,437840.1,6478157.3,3027.2
10176,2052,437849.2,6478193.7,3012.3
10179,2052,437858.3,6478230.1,2990.2
10182,2052,437867.4,6478266.5,2971.6
10185,2052,437876.4,6478302.9,2947.5
10188,2052,437885.5,6478339.3,2921.9
10191,2052,437894.6,6478375.6,2892.5
10194,2052,437903.7,6478412.0,2870.5
10197,2052,437912.7,6478448.4,2846.8
10200,2052,437921.8,6478484.8,2829.2
10203,2052,437930.9,6478521.2,2819.1
10206,2052,437939.9,6478557.6,2817.1
10209,2052,437949.0,6478594.0,2816.7
10212,2052,437958.1,6478630.3,2815.2
10215,2052,437967.2,6478666.7,2813.1
10218,2052,437976.2,6478703.1,2812.4
10221,2052,437985.3,6478739.5,2813.0
10224,2052,437994.4,6478775.9,2815.9
10227,2052,438003.5,6478812.3,2816.7
10230,2052,438012.5,6478848.7,2813.5
10233,2052,438021.6,6478885.0,2811.2
10236,2052,438030.7,6478921.4,2811.5
10239,2052,438039.8,6478957.8,2815.6
10242,2052,438048.8,6478994.2,2818.3
10245,2052,438057.9,6479030.6,2822.3
10248,2052,438067.0,6479067.0,2827.3
10251,2052,438076.0,6479103.4,2832.2
10254,2052,438085.1,6479139.7,2836.9
10257,2052,438094.2,6479176.1,2839.4
10260,2052,438103.3,6479212.5,2841.3
10263,2052,438112.3,6479248.9,2843.0
10266,2052,438121.4,6479285.3,2842.9
10269,2052,438130.5,6479321.7,2843.2
10272,2052,438139.6,6479358.1,2843.8
10275,2052,438148.6,6479394.4,2845.7
10278,2052,438157.7,6479430.8,2846.8
10281,2052,438166.8,6479467.2,2849.6
10284,2052,438175.8,6479503.6,2852.8
10287,2052,438184.9,6479540.0,2853.1
10290,2052,438194.0,6479576.4,2850.8
10293,2052,438203.1,6479612.8,2848.9
10296,2052,438212.1,6479649.1,2847.0
10299,2052,438221.2,6479685.5,2846.0
10302,2052,438230.3,6479721.9,2848.6
10305,2052,438239.4,6479758.3,2852.9
10308,2052,438248.4,6479794.7,2858.5
10311,2052,438257.5,6479831.1,2859.7
10314,2052,438266.6,6479867.5,2858.6
10317,2052,438275.7,6479903.8,2858.5
10320,2052,438284.7,6479940.2,2861.4
10323,2052,438293.8,6479976.6,2862.8
10326,2052,438302.9,6480013.0,2863.9
10329,2052,438311.9,6480049.4,2863.2
10332,2052,438321.0,6480085.8,2866.0
10335,2052,438330.1,6480122.2,2870.1
10338,2052,438339.2,6480158.5,2877.6
10341,2052,438348.2,6480194.9,2882.0
10344,2052,438357.3,6480231.3,2883.3
10347,2052,438366.4,6480267.7,2884.2
10350,2052,438375.5,6480304.1,2884.9
10353,2052,438384.5,6480340.5,2886.8
10356,2052,438393.6,6480376.9,2888.8
10359,2052,438402.7,6480413.2,2890.3
9981,2049,437295.9,6475819.6,3005.0
9984,2049,437304.9,6475855.9,3011.9
9987,2049,437314.0,6475892.3,3001.2
9990,2049,437323.1,6475928.7,2973.7
9993,2049,437332.1,6475965.1,2949.4
9996,2049,437341.2,6476001.5,2938.0
9999,2049,437350.3,6476037.9,2933.7
10002,2049,437359.4,6476074.3,2930.0
10005,2049,437368.4,6476110.6,2928.6
10008,2049,437377.5,6476147.0,2928.1
10011,2049,437386.6,6476183.4,2930.1
10014,2049,437395.7,6476219.8,2933.2
10017,2049,437404.7,6476256.2,2938.4
10020,2049,437413.8,6476292.6,2944.0
10023,2049,437422.9,6476329.0,2950.5
10026,2049,437431.9,6476365.3,2956.4
10029,2049,437441.0,6476401.7,2963.6
10032,2049,437450.1,6476438.1,2974.4
10035,2049,437459.2,6476474.5,2986.9
10038,2049,437468.2,6476510.9,2996.0
10041,2049,437477.3,6476547.3,3000.3
10044,2049,437486.4,6476583.7,3003.4
10047,2049,437495.5,6476620.0,3005.0
10050,2049,437504.5,6476656.4,3007.0
10053,2049,437513.6,6476692.8,3007.8
10056,2049,437522.7,6476729.2,3008.8
10059,2049,437531.8,6476765.6,3010.1
10062,2049,437540.8,6476802.0,3010.1
10065,2049,437549.9,6476838.4,3011.5
10068,2049,437559.0,6476874.7,3014.5
10071,2049,437568.0,6476911.1,3017.0
10074,2049,437577.1,6476947.5,3019.3
10077,2049,437586.2,6476983.9,3021.0
10080,2049,437595.3,6477020.3,3022.1
10083,2049,437604.3,6477056.7,3023.6
10086,2049,437613.4,6477093.1,3023.2
10089,2049,437622.5,6477129.4,3021.1
10092,2049,437631.6,6477165.8,3021.0
10095,2049,437640.6,6477202.2,3022.9
10098,2049,437649.7,6477238.6,3027.5
10101,2049,437658.8,6477275.0,3031.7
10104,2049,437667.8,6477311.4,3033.9
10107,2049,437676.9,6477347.8,3035.0
10110,2049,437686.0,6477384.2,3038.5
10113,2049,437695.1,6477420.5,3041.7
10116,2049,437704.1,6477456.9,3044.4
10119,2049,437713.2,6477493.3,3047.1
10122,2049,437722.3,6477529.7,3049.8
10125,2049,437731.4,6477566.1,3051.8
10128,2049,437740.4,6477602.5,3052.9
10131,2049,437749.5,6477638.9,3052.4
10134,2049,437758.6,6477675.2,3051.3
10137,2049,437767.7,6477711.6,3050.3
10140,2049,437776.7,6477748.0,3053.0
10143,2049,437785.8,6477784.4,3061.7
10146,2049,437794.9,6477820.8,3075.9
10149,2049,437803.9,6477857.2,3092.9
10152,2049,437813.0,6477893.6,3097.0
10155,2049,437822.1,6477929.9,3096.1
10158,2049,437831.2,6477966.3,3091.6
10161,2049,437840.2,6478002.7,3078.9
10164,2049,437849.3,6478039.1,3066.3
10167,2049,437858.4,6478075.5,3053.9
10170,2049,437867.5,6478111.9,3040.4
10173,2049,437876.5,6478148.3,3021.9
10176,2049,437885.6,6478184.6,3000.1
10179,2049,437894.7,6478221.0,2976.0
10182,2049,437903.7,6478257.4,2954.7
10185,2049,437912.8,6478293.8,2936.2
10188,2049,437921.9,6478330.2,2912.4
10191,2049,437931.0,6478366.6,2889.5
10194,2049,437940.0,6478403.0,2862.3
10197,2049,437949.1,6478439.3,2839.9
10200,2049,437958.2,6478475.7,2825.2
10203,2049,437967.3,6478512.1,2818.8
10206,2049,437976.3,6478548.5,2817.8
10209,2049,437985.4,6478584.9,2817.7
10212,2049,437994.5,6478621.3,2816.3
10215,2049,438003.6,6478657.7,2814.4
10218,2049,438012.6,6478694.0,2813.5
10221,2049,438021.7,6478730.4,2814.1
10224,2049,438030.8,6478766.8,2816.2
10227,2049,438039.8,6478803.2,2817.9
10230,2049,438048.9,6478839.6,2814.9
10233,2049,438058.0,6478876.0,2813.1
10236,2049,438067.1,6478912.4,2812.2
10239,2049,438076.1,6478948.7,2815.3
10242,2049,438085.2,6478985.1,2818.0
10245,2049,438094.3,6479021.5,2821.7
10248,2049,438103.4,6479057.9,2827.3
10251,2049,438112.4,6479094.3,2833.1
10254,2049,438121.5,6479130.7,2837.2
10257,2049,438130.6,6479167.1,2840.4
10260,2049,438139.7,6479203.4,2842.8
10263,2049,438148.7,6479239.8,2844.3
10266,2049,438157.8,6479276.2,2844.8
10269,2049,438166.9,6479312.6,2844.5
10272,2049,438175.9,6479349.0,2845.2
10275,2049,438185.0,6479385.4,2846.5
10278,2049,438194.1,6479421.8,2847.5
10281,2049,438203.2,6479458.1,2850.4
10284,2049,438212.2,6479494.5,2851.7
10287,2049,438221.3,6479530.9,2850.4
10290,2049,438230.4,6479567.3,2849.3
10293,2049,438239.5,6479603.7,2846.9
10296,2049,438248.5,6479640.1,2846.1
10299,2049,438257.6,6479676.5,2846.4
10302,2049,438266.7,6479712.8,2849.8
10305,2049,438275.7,6479749.2,2855.1
10308,2049,438284.8,6479785.6,2861.0
10311,2049,438293.9,6479822.0,2863.1
10314,2049,438303.0,6479858.4,2861.6
10317,2049,438312.0,6479894.8,2862.5
10320,2049,438321.1,6479931.2,2865.1
10323,2049,438330.2,6479967.5,2868.2
10326,2049,438339.3,6480003.9,2869.3
10329,2049,438348.3,6480040.3,2867.4
10332,2049,438357.4,6480076.7,2868.7
10335,2049,438366.5,6480113.1,2872.8
10338,2049,438375.6,6480149.5,2879.3
10341,2049,438384.6,6480185.9,2883.6
10344,2049,438393.7,6480222.2,2885.3
10347,2049,438402.8,6480258.6,2884.8
10350,2049,438411.8,6480295.0,2884.8
10353,2049,438420.9,6480331.4,2886.8
10356,2049,438430.0,6480367.8,2889.2
10359,2049,438439.1,6480404.2,2890.4
9981,2046,437332.2,6475810.5,3026.1
9984,2046,437341.3,6475846.9,3026.7
9987,2046,437350.4,6475883.3,3002.7
9990,2046,437359.5,6475919.6,2980.0
9993,2046,437368.5,6475956.0,2951.3
9996,2046,437377.6,6475992.4,2940.9
9999,2046,437386.7,6476028.8,2933.9
10002,2046,437395.7,6476065.2,2930.1
10005,2046,437404.8,6476101.6,2929.7
10008,2046,437413.9,6476138.0,2930.1
10011,2046,437423.0,6476174.3,2932.4
10014,2046,437432.0,6476210.7,2936.7
10017,2046,437441.1,6476247.1,2941.2
10020,2046,437450.2,6476283.5,2947.8
10023,2046,437459.3,6476319.9,2952.4
10026,2046,437468.3,6476356.3,2957.6
10029,2046,437477.4,6476392.7,2965.0
10032,2046,437486.5,6476429.0,2977.9
10035,2046,437495.6,6476465.4,2989.5
10038,2046,437504.6,6476501.8,2996.2
10041,2046,437513.7,6476538.2,3001.2
10044,2046,437522.8,6476574.6,3003.3
10047,2046,437531.8,6476611.0,3004.1
10050,2046,437540.9,6476647.4,3004.9
10053,2046,437550.0,6476683.7,3005.4
10056,2046,437559.1,6476720.1,3006.9
10059,2046,437568.1,6476756.5,3008.1
10062,2046,437577.2,6476792.9,3009.3
10065,2046,437586.3,6476829.3,3009.3
10068,2046,437595.4,6476865.7,3011.9
10071,2046,437604.4,6476902.1,3014.6
10074,2046,437613.5,6476938.4,3016.2
10077,2046,437622.6,6476974.8,3017.7
10080,2046,437631.6,6477011.2,3018.9
10083,2046,437640.7,6477047.6,3020.7
10086,2046,437649.8,6477084.0,3019.8
10089,2046,437658.9,6477120.4,3018.2
10092,2046,437667.9,6477156.8,3019.2
10095,2046,437677.0,6477193.1,3021.7
10098,2046,437686.1,6477229.5,3026.4
10101,2046,437695.2,6477265.9,3029.4
10104,2046,437704.2,6477302.3,3031.1
10107,2046,437713.3,6477338.7,3033.3
10110,2046,437722.4,6477375.1,3037.6
10113,2046,437731.5,6477411.5,3041.7
10116,2046,437740.5,6477447.8,3045.2
10119,2046,437749.6,6477484.2,3050.5
10122,2046,437758.7,6477520.6,3052.7
10125,2046,437767.7,6477557.0,3053.0
10128,2046,437776.8,6477593.4,3052.9
10131,2046,437785.9,6477629.8,3052.8
10134,2046,437795.0,6477666.2,3052.1
10137,2046,437804.0,6477702.5,3050.8
10140,2046,437813.1,6477738.9,3051.1
10143,2046,437822.2,6477775.3,3055.9
10146,2046,437831.3,6477811.7,3064.0
10149,2046,437840.3,6477848.1,3077.0
10152,2046,437849.4,6477884.5,3086.1
10155,2046,437858.5,6477920.9,3085.8
10158,2046,437867.6,6477957.2,3082.8
10161,2046,437876.6,6477993.6,3071.7
10164,2046,437885.7,6478030.0,3063.7
10167,2046,437894.8,6478066.4,3051.8
10170,2046,437903.8,6478102.8,3037.5
10173,2046,437912.9,6478139.2,3018.8
10176,2046,437922.0,6478175.6,2996.6
10179,2046,437931.1,6478212.0,2971.3
10182,2046,437940.1,6478248.3,2948.3
10185,2046,437949.2,6478284.7,2920.5
10188,2046,437958.3,6478321.1,2896.6
10191,2046,437967.4,6478357.5,2875.2
10194,2046,437976.4,6478393.9,2849.2
10197,2046,437985.5,6478430.3,2834.7
10200,2046,437994.6,6478466.7,2823.8
10203,2046,438003.6,6478503.0,2818.4
10206,2046,438012.7,6478539.4,2818.6
10209,2046,438021.8,6478575.8,2818.8
10212,2046,438030.9,6478612.2,2817.9
10215,2046,438039.9,6478648.6,2816.8
10218,2046,438049.0,6478685.0,2815.3
10221,2046,438058.1,6478721.4,2815.3
10224,2046,438067.2,6478757.7,2817.3
10227,2046,438076.2,6478794.1,2817.4
10230,2046,438085.3,6478830.5,2816.3
10233,2046,438094.4,6478866.9,2813.8
10236,2046,438103.5,6478903.3,2812.4
10239,2046,438112.5,6478939.7,2813.9
10242,2046,438121.6,6478976.1,2816.0
10245,2046,438130.7,6479012.4,2819.4
10248,2046,438139.7,6479048.8,2824.3
10251,2046,438148.8,6479085.2,2830.7
10254,2046,438157.9,6479121.6,2838.1
10257,2046,438167.0,6479158.0,2841.9
10260,2046,438176.0,6479194.4,2844.9
10263,2046,438185.1,6479230.8,2846.5
10266,2046,438194.2,6479267.1,2846.5
10269,2046,438203.3,6479303.5,2845.5
10272,2046,438212.3,6479339.9,2845.7
10275,2046,438221.4,6479376.3,2845.8
10278,2046,438230.5,6479412.7,2847.0
10281,2046,438239.5,6479449.1,2849.2
10284,2046,438248.6,6479485.5,2849.7
10287,2046,438257.7,6479521.8,2846.7
10290,2046,438266.8,6479558.2,2845.3
10293,2046,438275.8,6479594.6,2845.1
10296,2046,438284.9,6479631.0,2845.8
10299,2046,438294.0,6479667.4,2846.6
10302,2046,438303.1,6479703.8,2850.0
10305,2046,438312.1,6479740.2,2856.3
10308,2046,438321.2,6479776.5,2863.3
10311,2046,438330.3,6479812.9,2865.3
10314,2046,438339.4,6479849.3,2866.4
10317,2046,438348.4,6479885.7,2866.0
10320,2046,438357.5,6479922.1,2868.6
10323,2046,438366.6,6479958.5,2871.6
10326,2046,438375.6,6479994.9,2871.5
10329,2046,438384.7,6480031.2,2870.6
10332,2046,438393.8,6480067.6,2871.3
10335,2046,438402.9,6480104.0,2874.8
10338,2046,438411.9,6480140.4,2880.3
10341,2046,438421.0,6480176.8,2885.0
10344,2046,438430.1,6480213.2,2886.6
10347,2046,438439.2,6480249.6,2886.8
10350,2046,438448.2,6480285.9,2885.6
10353,2046,438457.3,6480322.3,2887.7
10356,2046,438466.4,6480358.7,2889.6
10359,2046,438475.4,6480395.1,2890.7
9984,2043,437377.7,6475837.8,3016.0
9987,2043,437386.8,6475874.2,2997.7
9990,2043,437395.8,6475910.6,2969.5
9993,2043,437404.9,6475947.0,2950.2
9996,2043,437414.0,6475983.3,2939.5
9999,2043,437423.1,6476019.7,2933.1
10002,2043,437432.1,6476056.1,2930.8
10005,2043,437441.2,6476092.5,2930.9
10008,2043,437450.3,6476128.9,2931.1
10011,2043,437459.4,6476165.3,2932.8
10014,2043,437468.4,6476201.7,2936.6
10017,2043,437477.5,6476238.0,2942.2
10020,2043,437486.6,6476274.4,2948.1
10023,2043,437495.6,6476310.8,2952.7
10026,2043,437504.7,6476347.2,2959.8
10029,2043,437513.8,6476383.6,2972.1
10032,2043,437522.9,6476420.0,2984.0
10035,2043,437531.9,6476456.4,2990.6
10038,2043,437541.0,6476492.7,2996.1
10041,2043,437550.1,6476529.1,2999.4
10044,2043,437559.2,6476565.5,3000.3
10047,2043,437568.2,6476601.9,3001.9
10050,2043,437577.3,6476638.3,3001.7
10053,2043,437586.4,6476674.7,3002.2
10056,2043,437595.5,6476711.1,3003.2
10059,2043,437604.5,6476747.4,3005.5
10062,2043,437613.6,6476783.8,3006.6
10065,2043,437622.7,6476820.2,3007.3
10068,2043,437631.7,6476856.6,3009.1
10071,2043,437640.8,6476893.0,3011.2
10074,2043,437649.9,6476929.4,3012.7
10077,2043,437659.0,6476965.8,3014.8
10080,2043,437668.0,6477002.1,3017.1
10083,2043,437677.1,6477038.5,3018.1
10086,2043,437686.2,6477074.9,3017.5
10089,2043,437695.3,6477111.3,3016.6
10092,2043,437704.3,6477147.7,3018.5
10095,2043,437713.4,6477184.1,3021.6
10098,2043,437722.5,6477220.5,3025.7
10101,2043,437731.5,6477256.8,3027.9
10104,2043,437740.6,6477293.2,3030.5
10107,2043,437749.7,6477329.6,3033.1
10110,2043,437758.8,6477366.0,3037.9
10113,2043,437767.8,6477402.4,3042.4
10116,2043,437776.9,6477438.8,3048.2
10119,2043,437786.0,6477475.2,3053.2
10122,2043,437795.1,6477511.5,3054.7
10125,2043,437804.1,6477547.9,3053.6
10128,2043,437813.2,6477584.3,3053.3
10131,2043,437822.3,6477620.7,3053.4
10134,2043,437831.4,6477657.1,3052.8
10137,2043,437840.4,6477693.5,3051.7
10140,2043,437849.5,6477729.9,3052.2
10143,2043,437858.6,6477766.2,3055.1
10146,2043,437867.6,6477802.6,3059.8
10149,2043,437876.7,6477839.0,3065.8
10152,2043,437885.8,6477875.4,3070.5
10155,2043,437894.9,6477911.8,3073.3
10158,2043,437903.9,6477948.2,3073.6
10161,2043,437913.0,6477984.6,3066.6
10164,2043,437922.1,6478020.9,3057.6
10167,2043,437931.2,6478057.3,3048.4
10170,2043,437940.2,6478093.7,3030.2
10173,2043,437949.3,6478130.1,3016.4
10176,2043,437958.4,6478166.5,2994.1
10179,2043,437967.4,6478202.9,2971.7
10182,2043,437976.5,6478239.3,2943.6
10185,2043,437985.6,6478275.7,2914.5
10188,2043,437994.7,6478312.0,2889.8
10191,2043,438003.7,6478348.4,2869.4
10194,2043,438012.8,6478384.8,2845.5
10197,2043,438021.9,6478421.2,2827.9
10200,2043,438031.0,6478457.6,2819.6
10203,2043,438040.0,6478494.0,2817.0
10206,2043,438049.1,6478530.3,2817.5
10209,2043,438058.2,6478566.7,2818.3
10212,2043,438067.3,6478603.1,2818.8
10215,2043,438076.3,6478639.5,2818.6
10218,2043,438085.4,6478675.9,2815.8
10221,2043,438094.5,6478712.3,2815.3
10224,2043,438103.5,6478748.7,2816.6
10227,2043,438112.6,6478785.1,2818.1
10230,2043,438121.7,6478821.4,2817.3
10233,2043,438130.8,6478857.8,2814.2
10236,2043,438139.8,6478894.2,2812.2
10239,2043,438148.9,6478930.6,2812.9
10242,2043,438158.0,6478967.0,2814.0
10245,2043,438167.1,6479003.4,2816.3
10248,2043,438176.1,6479039.8,2820.9
10251,2043,438185.2,6479076.1,2827.4
10254,2043,438194.3,6479112.5,2835.3
10257,2043,438203.3,6479148.9,2841.0
10260,2043,438212.4,6479185.3,2844.7
10263,2043,438221.5,6479221.7,2847.5
10266,2043,438230.6,6479258.1,2847.3
10269,2043,438239.6,6479294.5,2846.0
10272,2043,438248.7,6479330.8,2845.9
10275,2043,438257.8,6479367.2,2845.8
10278,2043,438266.9,6479403.6,2846.5
10281,2043,438275.9,6479440.0,2847.9
10284,2043,438285.0,6479476.4,2848.1
10287,2043,438294.1,6479512.8,2845.9
10290,2043,438303.2,6479549.2,2843.7
10293,2043,438312.2,6479585.5,2843.7
10296,2043,438321.3,6479621.9,2845.1
10299,2043,438330.4,6479658.3,2847.0
10302,2043,438339.4,6479694.7,2851.4
10305,2043,438348.5,6479731.1,2856.8
10308,2043,438357.6,6479767.5,2865.0
10311,2043,438366.7,6479803.9,2868.1
10314,2043,438375.7,6479840.2,2870.4
10317,2043,438384.8,6479876.6,2870.7
10320,2043,438393.9,6479913.0,2873.0
10323,2043,438403.0,6479949.4,2875.1
10326,2043,438412.0,6479985.8,2874.4
10329,2043,438421.1,6480022.2,2872.8
10332,2043,438430.2,6480058.6,2874.1
10335,2043,438439.3,6480094.9,2877.0
10338,2043,438448.3,6480131.3,2880.6
10341,2043,438457.4,6480167.7,2885.3
10344,2043,438466.5,6480204.1,2886.8
10347,2043,438475.5,6480240.5,2887.0
10350,2043,438484.6,6480276.9,2886.1
10353,2043,438493.7,6480313.3,2887.4
10356,2043,438502.8,6480349.6,2889.6
10359,2043,438511.8,6480386.0,2890.2
9984,2040,437414.1,6475828.7,3001.4
9987,2040,437423.2,6475865.1,2988.7
9990,2040,437432.2,6475901.5,2969.1
9993,2040,437441.3,6475937.9,2952.6
9996,2040,437450.4,6475974.3,2942.7
9999,2040,437459.4,6476010.7,2936.8
10002,2040,437468.5,6476047.0,2932.6
10005,2040,437477.6,6476083.4,2931.2
10008,2040,437486.7,6476119.8,2931.9
10011,2040,437495.7,6476156.2,2934.1
10014,2040,437504.8,6476192.6,2938.0
10017,2040,437513.9,6476229.0,2943.6
10020,2040,437523.0,6476265.4,2949.5
10023,2040,437532.0,6476301.7,2954.6
10026,2040,437541.1,6476338.1,2963.1
10029,2040,437550.2,6476374.5,2975.4
10032,2040,437559.3,6476410.9,2984.5
10035,2040,437568.3,6476447.3,2990.1
10038,2040,437577.4,6476483.7,2995.0
10041,2040,437586.5,6476520.1,2996.3
10044,2040,437595.5,6476556.4,2995.6
10047,2040,437604.6,6476592.8,2998.1
10050,2040,437613.7,6476629.2,2997.8
10053,2040,437622.8,6476665.6,2998.2
10056,2040,437631.8,6476702.0,2998.3
10059,2040,437640.9,6476738.4,3000.3
10062,2040,437650.0,6476774.8,3001.0
10065,2040,437659.1,6476811.1,3001.8
10068,2040,437668.1,6476847.5,3003.6
10071,2040,437677.2,6476883.9,3007.7
10074,2040,437686.3,6476920.3,3010.1
10077,2040,437695.3,6476956.7,3011.8
10080,2040,437704.4,6476993.1,3015.7
10083,2040,437713.5,6477029.5,3016.3
10086,2040,437722.6,6477065.8,3016.5
10089,2040,437731.6,6477102.2,3015.1
10092,2040,437740.7,6477138.6,3017.3
10095,2040,437749.8,6477175.0,3020.6
10098,2040,437758.9,6477211.4,3024.1
10101,2040,437767.9,6477247.8,3027.2
10104,2040,437777.0,6477284.2,3029.8
10107,2040,437786.1,6477320.5,3034.6
10110,2040,437795.2,6477356.9,3038.9
10113,2040,437804.2,6477393.3,3045.1
10116,2040,437813.3,6477429.7,3049.4
10119,2040,437822.4,6477466.1,3053.9
10122,2040,437831.4,6477502.5,3055.3
10125,2040,437840.5,6477538.9,3055.5
10128,2040,437849.6,6477575.2,3055.5
10131,2040,437858.7,6477611.6,3055.4
10134,2040,437867.7,6477648.0,3054.1
10137,2040,437876.8,6477684.4,3053.3
10140,2040,437885.9,6477720.8,3054.8
10143,2040,437895.0,6477757.2,3056.7
10146,2040,437904.0,6477793.6,3060.3
10149,2040,437913.1,6477829.9,3063.2
10152,2040,437922.2,6477866.3,3065.6
10155,2040,437931.2,6477902.7,3067.1
10158,2040,437940.3,6477939.1,3065.8
10161,2040,437949.4,6477975.5,3062.5
10164,2040,437958.5,6478011.9,3056.1
10167,2040,437967.5,6478048.3,3046.1
10170,2040,437976.6,6478084.6,3029.6
10173,2040,437985.7,6478121.0,3009.0
10176,2040,437994.8,6478157.4,2985.2
10179,2040,438003.8,6478193.8,2962.0
10182,2040,438012.9,6478230.2,2941.4
10185,2040,438022.0,6478266.6,2911.0
10188,2040,438031.1,6478303.0,2888.5
10191,2040,438040.1,6478339.3,2863.8
10194,2040,438049.2,6478375.7,2841.7
10197,2040,438058.3,6478412.1,2826.3
10200,2040,438067.3,6478448.5,2817.6
10203,2040,438076.4,6478484.9,2814.8
10206,2040,438085.5,6478521.3,2816.4
10209,2040,438094.6,6478557.7,2817.7
10212,2040,438103.6,6478594.0,2818.6
10215,2040,438112.7,6478630.4,2818.0
10218,2040,438121.8,6478666.8,2816.0
10221,2040,438130.9,6478703.2,2815.0
10224,2040,438139.9,6478739.6,2817.3
10227,2040,438149.0,6478776.0,2819.3
10230,2040,438158.1,6478812.4,2819.2
10233,2040,438167.2,6478848.8,2815.7
10236,2040,438176.2,6478885.1,2812.9
10239,2040,438185.3,6478921.5,2813.4
10242,2040,438194.4,6478957.9,2813.7
10245,2040,438203.4,6478994.3,2815.4
10248,2040,438212.5,6479030.7,2817.9
10251,2040,438221.6,6479067.1,2823.9
10254,2040,438230.7,6479103.5,2831.4
10257,2040,438239.7,6479139.8,2837.4
10260,2040,438248.8,6479176.2,2842.6
10263,2040,438257.9,6479212.6,2846.7
10266,2040,438267.0,6479249.0,2847.4
10269,2040,438276.0,6479285.4,2845.6
10272,2040,438285.1,6479321.8,2845.6
10275,2040,438294.2,6479358.2,2845.9
10278,2040,438303.2,6479394.5,2846.2
10281,2040,438312.3,6479430.9,2846.4
10284,2040,438321.4,6479467.3,2846.8
10287,2040,438330.5,6479503.7,2846.1
10290,2040,438339.5,6479540.1,2844.6
10293,2040,438348.6,6479576.5,2843.5
10296,2040,438357.7,6479612.9,2843.7
10299,2040,438366.8,6479649.2,2846.7
10302,2040,438375.8,6479685.6,2850.7
10305,2040,438384.9,6479722.0,2859.5
10308,2040,438394.0,6479758.4,2868.3
10311,2040,438403.1,6479794.8,2871.0
10314,2040,438412.1,6479831.2,2873.6
10317,2040,438421.2,6479867.6,2875.0
10320,2040,438430.3,6479903.9,2875.9
10323,2040,438439.3,6479940.3,2879.0
10326,2040,438448.4,6479976.7,2877.5
10329,2040,438457.5,6480013.1,2875.4
10332,2040,438466.6,6480049.5,2875.2
10335,2040,438475.6,6480085.9,2876.9
10338,2040,438484.7,6480122.3,2882.1
10341,2040,438493.8,6480158.6,2885.8
10344,2040,438502.9,6480195.0,2886.6
10347,2040,438511.9,6480231.4,2886.8
10350,2040,438521.0,6480267.8,2887.6
10353,2040,438530.1,6480304.2,2888.8
10356,2040,438539.1,6480340.6,2890.4
10359,2040,438548.2,6480377.0,2890.0
9984,2037,437450.5,6475819.7,2986.8
9987,2037,437459.5,6475856.0,2980.6
9990,2037,437468.6,6475892.4,2967.6
9993,2037,437477.7,6475928.8,2955.9
9996,2037,437486.8,6475965.2,2946.3
9999,2037,437495.8,6476001.6,2939.0
10002,2037,437504.9,6476038.0,2933.3
10005,2037,437514.0,6476074.4,2931.4
10008,2037,437523.1,6476110.7,2933.7
10011,2037,437532.1,6476147.1,2937.3
10014,2037,437541.2,6476183.5,2941.8
10017,2037,437550.3,6476219.9,2947.5
10020,2037,437559.3,6476256.3,2951.6
10023,2037,437568.4,6476292.7,2957.6
10026,2037,437577.5,6476329.1,2965.1
10029,2037,437586.6,6476365.4,2973.9
10032,2037,437595.6,6476401.8,2980.1
10035,2037,437604.7,6476438.2,2986.8
10038,2037,437613.8,6476474.6,2990.6
10041,2037,437622.9,6476511.0,2991.5
10044,2037,437631.9,6476547.4,2990.6
10047,2037,437641.0,6476583.8,2992.0
10050,2037,437650.1,6476620.1,2991.1
10053,2037,437659.1,6476656.5,2989.7
10056,2037,437668.2,6476692.9,2992.9
10059,2037,437677.3,6476729.3,2994.6
10062,2037,437686.4,6476765.7,2993.9
10065,2037,437695.4,6476802.1,2992.0
10068,2037,437704.5,6476838.5,2996.5
10071,2037,437713.6,6476874.8,3000.3
10074,2037,437722.7,6476911.2,3005.2
10077,2037,437731.7,6476947.6,3008.8
10080,2037,437740.8,6476984.0,3012.9
10083,2037,437749.9,6477020.4,3014.4
10086,2037,437759.0,6477056.8,3013.4
10089,2037,437768.0,6477093.2,3012.5
10092,2037,437777.1,6477129.5,3014.6
10095,2037,437786.2,6477165.9,3018.7
10098,2037,437795.2,6477202.3,3022.8
10101,2037,437804.3,6477238.7,3026.7
10104,2037,437813.4,6477275.1,3029.5
10107,2037,437822.5,6477311.5,3034.2
10110,2037,437831.5,6477347.9,3039.0
10113,2037,437840.6,6477384.2,3044.7
10116,2037,437849.7,6477420.6,3050.9
10119,2037,437858.8,6477457.0,3054.0
10122,2037,437867.8,6477493.4,3056.2
10125,2037,437876.9,6477529.8,3057.2
10128,2037,437886.0,6477566.2,3058.5
10131,2037,437895.0,6477602.6,3059.5
10134,2037,437904.1,6477638.9,3057.7
10137,2037,437913.2,6477675.3,3056.6
10140,2037,437922.3,6477711.7,3057.1
10143,2037,437931.3,6477748.1,3058.9
10146,2037,437940.4,6477784.5,3061.0
10149,2037,437949.5,6477820.9,3064.7
10152,2037,437958.6,6477857.3,3066.9
10155,2037,437967.6,6477893.6,3067.1
10158,2037,437976.7,6477930.0,3066.7
10161,2037,437985.8,6477966.4,3064.7
10164,2037,437994.9,6478002.8,3059.7
10167,2037,438003.9,6478039.2,3048.6
10170,2037,438013.0,6478075.6,3032.6
10173,2037,438022.1,6478112.0,3011.1
10176,2037,438031.1,6478148.3,2986.4
10179,2037,438040.2,6478184.7,2962.1
10182,2037,438049.3,6478221.1,2931.5
10185,2037,438058.4,6478257.5,2901.3
10188,2037,438067.4,6478293.9,2880.2
10191,2037,438076.5,6478330.3,2860.0
10194,2037,438085.6,6478366.7,2837.3
10197,2037,438094.7,6478403.0,2822.6
10200,2037,438103.7,6478439.4,2815.8
10203,2037,438112.8,6478475.8,2813.2
10206,2037,438121.9,6478512.2,2813.9
10209,2037,438131.0,6478548.6,2815.2
10212,2037,438140.0,6478585.0,2816.4
10215,2037,438149.1,6478621.4,2815.7
10218,2037,438158.2,6478657.7,2815.4
10221,2037,438167.2,6478694.1,2816.7
10224,2037,438176.3,6478730.5,2819.4
10227,2037,438185.4,6478766.9,2820.8
10230,2037,438194.5,6478803.3,2820.0
10233,2037,438203.5,6478839.7,2816.2
10236,2037,438212.6,6478876.1,2813.1
10239,2037,438221.7,6478912.4,2813.9
10242,2037,438230.8,6478948.8,2813.9
10245,2037,438239.8,6478985.2,2815.1
10248,2037,438248.9,6479021.6,2819.1
10251,2037,438258.0,6479058.0,2824.5
10254,2037,438267.0,6479094.4,2830.5
10257,2037,438276.1,6479130.8,2833.5
10260,2037,438285.2,6479167.1,2839.0
10263,2037,438294.3,6479203.5,2845.0
10266,2037,438303.3,6479239.9,2846.2
10269,2037,438312.4,6479276.3,2845.9
10272,2037,438321.5,6479312.7,2846.8
10275,2037,438330.6,6479349.1,2846.2
10278,2037,438339.6,6479385.5,2845.7
10281,2037,438348.7,6479421.8,2845.5
10284,2037,438357.8,6479458.2,2845.5
10287,2037,438366.9,6479494.6,2844.6
10290,2037,438375.9,6479531.0,2843.8
10293,2037,438385.0,6479567.4,2842.8
10296,2037,438394.1,6479603.8,2842.7
10299,2037,438403.1,6479640.2,2846.7
10302,2037,438412.2,6479676.5,2850.5
10305,2037,438421.3,6479712.9,2859.9
10308,2037,438430.4,6479749.3,2867.9
10311,2037,438439.4,6479785.7,2871.7
10314,2037,438448.5,6479822.1,2875.2
10317,2037,438457.6,6479858.5,2876.3
10320,2037,438466.7,6479894.9,2878.2
10323,2037,438475.7,6479931.3,2878.9
10326,2037,438484.8,6479967.6,2878.1
10329,2037,438493.9,6480004.0,2876.1
10332,2037,438502.9,6480040.4,2876.2
10335,2037,438512.0,6480076.8,2876.8
10338,2037,438521.1,6480113.2,2881.3
10341,2037,438530.2,6480149.6,2884.8
10344,2037,438539.2,6480186.0,2885.6
10347,2037,438548.3,6480222.3,2886.1
10350,2037,438557.4,6480258.7,2888.2
10353,2037,438566.5,6480295.1,2889.5
10356,2037,438575.5,6480331.5,2889.4
10359,2037,438584.6,6480367.9,2886.0
9984,2034,437486.9,6475810.6,2977.1
9987,2034,437495.9,6475847.0,2971.3
9990,2034,437505.0,6475883.4,2963.4
9993,2034,437514.1,6475919.7,2953.4
9996,2034,437523.1,6475956.1,2947.9
9999,2034,437532.2,6475992.5,2940.1
10002,2034,437541.3,6476028.9,2934.4
10005,2034,437550.4,6476065.3,2933.7
10008,2034,437559.4,6476101.7,2936.0
10011,2034,437568.5,6476138.1,2938.8
10014,2034,437577.6,6476174.4,2945.2
10017,2034,437586.7,6476210.8,2950.0
10020,2034,437595.7,6476247.2,2954.9
10023,2034,437604.8,6476283.6,2959.8
10026,2034,437613.9,6476320.0,2965.5
10029,2034,437622.9,6476356.4,2968.4
10032,2034,437632.0,6476392.8,2974.3
10035,2034,437641.1,6476429.1,2980.3
10038,2034,437650.2,6476465.5,2984.9
10041,2034,437659.2,6476501.9,2984.8
10044,2034,437668.3,6476538.3,2984.3
10047,2034,437677.4,6476574.7,2977.3
10050,2034,437686.5,6476611.1,2971.2
10053,2034,437695.5,6476647.5,2972.3
10056,2034,437704.6,6476683.8,2982.5
10059,2034,437713.7,6476720.2,2982.5
10062,2034,437722.8,6476756.6,2977.1
10065,2034,437731.8,6476793.0,2978.1
10068,2034,437740.9,6476829.4,2983.8
10071,2034,437750.0,6476865.8,2991.6
10074,2034,437759.0,6476902.2,2997.6
10077,2034,437768.1,6476938.5,3003.9
10080,2034,437777.2,6476974.9,3007.6
10083,2034,437786.3,6477011.3,3009.4
10086,2034,437795.3,6477047.7,3007.9
10089,2034,437804.4,6477084.1,3009.4
10092,2034,437813.5,6477120.5,3013.2
10095,2034,437822.6,6477156.9,3016.9
10098,2034,437831.6,6477193.2,3022.7
10101,2034,437840.7,6477229.6,3026.9
10104,2034,437849.8,6477266.0,3031.2
10107,2034,437858.9,6477302.4,3034.9
10110,2034,437867.9,6477338.8,3039.0
10113,2034,437877.0,6477375.2,3045.0
10116,2034,437886.1,6477411.6,3051.2
10119,2034,437895.1,6477447.9,3055.9
10122,2034,437904.2,6477484.3,3057.7
10125,2034,437913.3,6477520.7,3060.3
10128,2034,437922.4,6477557.1,3062.4
10131,2034,437931.4,6477593.5,3063.3
10134,2034,437940.5,6477629.9,3063.1
10137,2034,437949.6,6477666.3,3061.6
10140,2034,437958.7,6477702.6,3060.5
10143,2034,437967.7,6477739.0,3060.2
10146,2034,437976.8,6477775.4,3062.7
10149,2034,437985.9,6477811.8,3066.1
10152,2034,437994.9,6477848.2,3069.2
10155,2034,438004.0,6477884.6,3070.0
10158,2034,438013.1,6477921.0,3070.6
10161,2034,438022.2,6477957.3,3069.0
10164,2034,438031.2,6477993.7,3064.0
10167,2034,438040.3,6478030.1,3054.3
10170,2034,438049.4,6478066.5,3037.9
10173,2034,438058.5,6478102.9,3015.3
10176,2034,438067.5,6478139.3,2991.3
10179,2034,438076.6,6478175.7,2964.5
10182,2034,438085.7,6478212.0,2933.4
10185,2034,438094.8,6478248.4,2901.7
10188,2034,438103.8,6478284.8,2876.4
10191,2034,438112.9,6478321.2,2850.1
10194,2034,438122.0,6478357.6,2827.5
10197,2034,438131.0,6478394.0,2817.2
10200,2034,438140.1,6478430.4,2811.8
10203,2034,438149.2,6478466.7,2810.1
10206,2034,438158.3,6478503.1,2811.1
10209,2034,438167.3,6478539.5,2813.3
10212,2034,438176.4,6478575.9,2814.7
10215,2034,438185.5,6478612.3,2814.6
10218,2034,438194.6,6478648.7,2815.2
10221,2034,438203.6,6478685.1,2817.5
10224,2034,438212.7,6478721.4,2820.2
10227,2034,438221.8,6478757.8,2820.7
10230,2034,438230.8,6478794.2,2819.2
10233,2034,438239.9,6478830.6,2815.8
10236,2034,438249.0,6478867.0,2812.4
10239,2034,438258.1,6478903.4,2813.5
10242,2034,438267.1,6478939.8,2813.9
10245,2034,438276.2,6478976.1,2815.2
10248,2034,438285.3,6479012.5,2818.3
10251,2034,438294.4,6479048.9,2823.0
10254,2034,438303.4,6479085.3,2828.3
10257,2034,438312.5,6479121.7,2831.4
10260,2034,438321.6,6479158.1,2835.4
10263,2034,438330.7,6479194.5,2839.1
10266,2034,438339.7,6479230.8,2841.1
10269,2034,438348.8,6479267.2,2842.4
10272,2034,438357.9,6479303.6,2845.0
10275,2034,438366.9,6479340.0,2846.5
10278,2034,438376.0,6479376.4,2844.7
10281,2034,438385.1,6479412.8,2844.1
10284,2034,438394.2,6479449.2,2843.7
10287,2034,438403.2,6479485.5,2843.2
10290,2034,438412.3,6479521.9,2842.8
10293,2034,438421.4,6479558.3,2842.6
10296,2034,438430.5,6479594.7,2843.4
10299,2034,438439.5,6479631.1,2847.3
10302,2034,438448.6,6479667.5,2850.2
10305,2034,438457.7,6479703.9,2859.1
10308,2034,438466.7,6479740.2,2867.7
10311,2034,438475.8,6479776.6,2871.8
10314,2034,438484.9,6479813.0,2874.5
10317,2034,438494.0,6479849.4,2875.7
10320,2034,438503.0,6479885.8,2877.7
10323,2034,438512.1,6479922.2,2877.4
10326,2034,438521.2,6479958.6,2876.7
10329,2034,438530.3,6479995.0,2876.0
10332,2034,438539.3,6480031.3,2876.4
10335,2034,438548.4,6480067.7,2877.2
10338,2034,438557.5,6480104.1,2880.5
10341,2034,438566.6,6480140.5,2884.1
10344,2034,438575.6,6480176.9,2884.5
10347,2034,438584.7,6480213.3,2884.5
10350,2034,438593.8,6480249.7,2887.1
10353,2034,438602.8,6480286.0,2887.2
10356,2034,438611.9,6480322.4,2886.4
10359,2034,438621.0,6480358.8,2879.7
9987,2031,437532.3,6475837.9,2963.2
9990,2031,437541.4,6475874.3,2958.9
9993,2031,437550.5,6475910.7,2951.6
9996,2031,437559.5,6475947.0,2946.6
9999,2031,437568.6,6475983.4,2941.3
10002,2031,437577.7,6476019.8,2936.6
10005,2031,437586.8,6476056.2,2936.5
10008,2031,437595.8,6476092.6,2937.9
10011,2031,437604.9,6476129.0,2941.8
10014,2031,437614.0,6476165.4,2947.2
10017,2031,437623.0,6476201.8,2950.8
10020,2031,437632.1,6476238.1,2954.9
10023,2031,437641.2,6476274.5,2959.1
10026,2031,437650.3,6476310.9,2962.1
10029,2031,437659.3,6476347.3,2963.9
10032,2031,437668.4,6476383.7,2967.8
10035,2031,437677.5,6476420.1,2976.1
10038,2031,437686.6,6476456.5,2977.0
10041,2031,437695.6,6476492.8,2972.1
10044,2031,437704.7,6476529.2,2966.9
10047,2031,437713.8,6476565.6,2949.9
10050,2031,437722.8,6476602.0,2939.3
10053,2031,437731.9,6476638.4,2939.3
10056,2031,437741.0,6476674.8,2954.4
10059,2031,437750.1,6476711.2,2954.9
10062,2031,437759.1,6476747.5,2945.9
10065,2031,437768.2,6476783.9,2950.8
10068,2031,437777.3,6476820.3,2972.9
10071,2031,437786.4,6476856.7,2982.9
10074,2031,437795.4,6476893.1,2990.9
10077,2031,437804.5,6476929.5,2996.3
10080,2031,437813.6,6476965.9,2999.8
10083,2031,437822.7,6477002.2,3002.8
10086,2031,437831.7,6477038.6,3002.8
10089,2031,437840.8,6477075.0,3005.2
10092,2031,437849.9,6477111.4,3010.3
10095,2031,437858.9,6477147.8,3017.6
10098,2031,437868.0,6477184.2,3024.9
10101,2031,437877.1,6477220.6,3030.5
10104,2031,437886.2,6477256.9,3035.8
10107,2031,437895.2,6477293.3,3039.8
10110,2031,437904.3,6477329.7,3043.2
10113,2031,437913.4,6477366.1,3048.7
10116,2031,437922.5,6477402.5,3053.7
10119,2031,437931.5,6477438.9,3058.6
10122,2031,437940.6,6477475.3,3061.3
10125,2031,437949.7,6477511.6,3065.2
10128,2031,437958.7,6477548.0,3068.5
10131,2031,437967.8,6477584.4,3070.2
10134,2031,437976.9,6477620.8,3068.5
10137,2031,437986.0,6477657.2,3066.4
10140,2031,437995.0,6477693.6,3064.7
10143,2031,438004.1,6477730.0,3063.5
10146,2031,438013.2,6477766.3,3065.1
10149,2031,438022.3,6477802.7,3067.9
10152,2031,438031.3,6477839.1,3070.5
10155,2031,438040.4,6477875.5,3073.2
10158,2031,438049.5,6477911.9,3076.0
10161,2031,438058.6,6477948.3,3075.4
10164,2031,438067.6,6477984.7,3068.7
10167,2031,438076.7,6478021.0,3056.8
10170,2031,438085.8,6478057.4,3037.8
10173,2031,438094.8,6478093.8,3017.5
10176,2031,438103.9,6478130.2,2996.5
10179,2031,438113.0,6478166.6,2969.8
10182,2031,438122.1,6478203.0,2938.6
10185,2031,438131.1,6478239.4,2906.4
10188,2031,438140.2,6478275.7,2875.8
10191,2031,438149.3,6478312.1,2848.2
10194,2031,438158.4,6478348.5,2824.0
10197,2031,438167.4,6478384.9,2811.7
10200,2031,438176.5,6478421.3,2805.8
10203,2031,438185.6,6478457.7,2806.7
10206,2031,438194.6,6478494.1,2807.5
10209,2031,438203.7,6478530.4,2809.7
10212,2031,438212.8,6478566.8,2813.8
10215,2031,438221.9,6478603.2,2815.1
10218,2031,438230.9,6478639.6,2815.1
10221,2031,438240.0,6478676.0,2816.1
10224,2031,438249.1,6478712.4,2817.9
10227,2031,438258.2,6478748.8,2818.9
10230,2031,438267.2,6478785.1,2817.8
10233,2031,438276.3,6478821.5,2813.5
10236,2031,438285.4,6478857.9,2811.6
10239,2031,438294.5,6478894.3,2812.6
10242,2031,438303.5,6478930.7,2812.9
10245,2031,438312.6,6478967.1,2813.9
10248,2031,438321.7,6479003.5,2816.3
10251,2031,438330.7,6479039.8,2820.3
10254,2031,438339.8,6479076.2,2823.9
10257,2031,438348.9,6479112.6,2826.0
10260,2031,438358.0,6479149.0,2827.5
10263,2031,438367.0,6479185.4,2832.0
10266,2031,438376.1,6479221.8,2833.6
10269,2031,438385.2,6479258.2,2837.6
10272,2031,438394.3,6479294.5,2841.8
10275,2031,438403.3,6479330.9,2844.0
10278,2031,438412.4,6479367.3,2843.2
10281,2031,438421.5,6479403.7,2842.7
10284,2031,438430.6,6479440.1,2842.7
10287,2031,438439.6,6479476.5,2842.1
10290,2031,438448.7,6479512.9,2841.6
10293,2031,438457.8,6479549.2,2842.8
10296,2031,438466.8,6479585.6,2844.0
10299,2031,438475.9,6479622.0,2846.1
10302,2031,438485.0,6479658.4,2851.7
10305,2031,438494.1,6479694.8,2858.8
10308,2031,438503.1,6479731.2,2868.2
10311,2031,438512.2,6479767.6,2871.2
10314,2031,438521.3,6479803.9,2873.7
10317,2031,438530.4,6479840.3,2874.4
10320,2031,438539.4,6479876.7,2874.3
10323,2031,438548.5,6479913.1,2874.2
10326,2031,438557.6,6479949.5,2874.6
10329,2031,438566.6,6479985.9,2874.0
10332,2031,438575.7,6480022.3,2874.2
10335,2031,438584.8,6480058.6,2876.3
10338,2031,438593.9,6480095.0,2879.5
10341,2031,438602.9,6480131.4,2884.3
10344,2031,438612.0,6480167.8,2884.5
10347,2031,438621.1,6480204.2,2881.9
10350,2031,438630.2,6480240.6,2885.4
10353,2031,438639.2,6480277.0,2880.2
10356,2031,438648.3,6480313.3,2879.6
10359,2031,438657.4,6480349.7,2873.0
9987,2028,437568.7,6475828.8,2961.4
9990,2028,437577.8,6475865.2,2957.1
9993,2028,437586.8,6475901.6,2951.2
9996,2028,437595.9,6475938.0,2946.9
9999,2028,437605.0,6475974.4,2943.1
10002,2028,437614.1,6476010.7,2940.6
10005,2028,437623.1,6476047.1,2938.8
10008,2028,437632.2,6476083.5,2940.3
10011,2028,437641.3,6476119.9,2944.0
10014,2028,437650.4,6476156.3,2947.1
10017,2028,437659.4,6476192.7,2950.6
10020,2028,437668.5,6476229.1,2953.6
10023,2028,437677.6,6476265.4,2956.2
10026,2028,437686.6,6476301.8,2958.3
10029,2028,437695.7,6476338.2,2960.8
10032,2028,437704.8,6476374.6,2964.1
10035,2028,437713.9,6476411.0,2967.6
10038,2028,437722.9,6476447.4,2963.9
10041,2028,437732.0,6476483.8,2949.7
10044,2028,437741.1,6476520.2,2939.6
10047,2028,437750.2,6476556.5,2925.3
10050,2028,437759.2,6476592.9,2917.9
10053,2028,437768.3,6476629.3,2919.7
10056,2028,437777.4,6476665.7,2918.7
10059,2028,437786.5,6476702.1,2917.5
10062,2028,437795.5,6476738.5,2919.5
10065,2028,437804.6,6476774.9,2937.0
10068,2028,437813.7,6476811.2,2964.9
10071,2028,437822.7,6476847.6,2981.4
10074,2028,437831.8,6476884.0,2987.1
10077,2028,437840.9,6476920.4,2991.4
10080,2028,437850.0,6476956.8,2994.7
10083,2028,437859.0,6476993.2,2996.9
10086,2028,437868.1,6477029.6,3000.2
10089,2028,437877.2,6477065.9,3002.5
10092,2028,437886.3,6477102.3,3009.0
10095,2028,437895.3,6477138.7,3018.3
10098,2028,437904.4,6477175.1,3025.5
10101,2028,437913.5,6477211.5,3034.7
10104,2028,437922.5,6477247.9,3042.4
10107,2028,437931.6,6477284.3,3048.4
10110,2028,437940.7,6477320.6,3051.4
10113,2028,437949.8,6477357.0,3055.2
10116,2028,437958.8,6477393.4,3058.6
10119,2028,437967.9,6477429.8,3061.2
10122,2028,437977.0,6477466.2,3067.2
10125,2028,437986.1,6477502.6,3072.5
10128,2028,437995.1,6477539.0,3075.0
10131,2028,438004.2,6477575.3,3074.7
10134,2028,438013.3,6477611.7,3074.7
10137,2028,438022.4,6477648.1,3072.8
10140,2028,438031.4,6477684.5,3070.8
10143,2028,438040.5,6477720.9,3067.9
10146,2028,438049.6,6477757.3,3068.5
10149,2028,438058.6,6477793.7,3070.2
10152,2028,438067.7,6477830.0,3072.5
10155,2028,438076.8,6477866.4,3075.9
10158,2028,438085.9,6477902.8,3079.3
10161,2028,438094.9,6477939.2,3080.8
10164,2028,438104.0,6477975.6,3075.7
10167,2028,438113.1,6478012.0,3065.4
10170,2028,438122.2,6478048.4,3046.3
10173,2028,438131.2,6478084.7,3020.8
10176,2028,438140.3,6478121.1,2994.0
10179,2028,438149.4,6478157.5,2966.2
10182,2028,438158.5,6478193.9,2944.4
10185,2028,438167.5,6478230.3,2908.2
10188,2028,438176.6,6478266.7,2878.8
10191,2028,438185.7,6478303.1,2848.6
10194,2028,438194.7,6478339.4,2822.6
10197,2028,438203.8,6478375.8,2808.4
10200,2028,438212.9,6478412.2,2801.6
10203,2028,438222.0,6478448.6,2802.7
10206,2028,438231.0,6478485.0,2802.5
10209,2028,438240.1,6478521.4,2807.4
10212,2028,438249.2,6478557.8,2812.4
10215,2028,438258.3,6478594.1,2813.7
10218,2028,438267.3,6478630.5,2813.6
10221,2028,438276.4,6478666.9,2814.0
10224,2028,438285.5,6478703.3,2815.6
10227,2028,438294.5,6478739.7,2817.2
10230,2028,438303.6,6478776.1,2816.7
10233,2028,438312.7,6478812.5,2812.6
10236,2028,438321.8,6478848.8,2810.6
10239,2028,438330.8,6478885.2,2810.2
10242,2028,438339.9,6478921.6,2810.5
10245,2028,438349.0,6478958.0,2811.4
10248,2028,438358.1,6478994.4,2812.5
10251,2028,438367.1,6479030.8,2817.0
10254,2028,438376.2,6479067.2,2817.6
10257,2028,438385.3,6479103.5,2818.5
10260,2028,438394.4,6479139.9,2818.1
10263,2028,438403.4,6479176.3,2822.1
10266,2028,438412.5,6479212.7,2825.3
10269,2028,438421.6,6479249.1,2830.3
10272,2028,438430.6,6479285.5,2834.8
10275,2028,438439.7,6479321.9,2840.1
10278,2028,438448.8,6479358.2,2841.7
10281,2028,438457.9,6479394.6,2841.7
10284,2028,438466.9,6479431.0,2841.5
10287,2028,438476.0,6479467.4,2841.2
10290,2028,438485.1,6479503.8,2841.3
10293,2028,438494.2,6479540.2,2842.5
10296,2028,438503.2,6479576.6,2844.5
10299,2028,438512.3,6479612.9,2845.6
10302,2028,438521.4,6479649.3,2849.9
10305,2028,438530.4,6479685.7,2858.0
10308,2028,438539.5,6479722.1,2866.0
10311,2028,438548.6,6479758.5,2870.8
10314,2028,438557.7,6479794.9,2873.4
10317,2028,438566.7,6479831.3,2872.6
10320,2028,438575.8,6479867.6,2871.7
10323,2028,438584.9,6479904.0,2872.0
10326,2028,438594.0,6479940.4,2873.1
10329,2028,438603.0,6479976.8,2871.9
10332,2028,438612.1,6480013.2,2871.4
10335,2028,438621.2,6480049.6,2872.0
10338,2028,438630.3,6480086.0,2876.7
10341,2028,438639.3,6480122.3,2880.2
10344,2028,438648.4,6480158.7,2880.9
10347,2028,438657.5,6480195.1,2876.6
10350,2028,438666.5,6480231.5,2878.4
10353,2028,438675.6,6480267.9,2871.1
10356,2028,438684.7,6480304.3,2872.6
10359,2028,438693.8,6480340.7,2868.1
9987,2025,437605.1,6475819.7,2960.3
9990,2025,437614.2,6475856.1,2958.1
9993,2025,437623.2,6475892.5,2954.7
9996,2025,437632.3,6475928.9,2949.4
9999,2025,437641.4,6475965.3,2945.6
10002,2025,437650.4,6476001.7,2943.9
10005,2025,437659.5,6476038.1,2941.1
10008,2025,437668.6,6476074.4,2941.5
10011,2025,437677.7,6476110.8,2943.9
10014,2025,437686.7,6476147.2,2947.9
10017,2025,437695.8,6476183.6,2950.8
10020,2025,437704.9,6476220.0,2952.6
10023,2025,437714.0,6476256.4,2954.1
10026,2025,437723.0,6476292.8,2955.8
10029,2025,437732.1,6476329.1,2959.0
10032,2025,437741.2,6476365.5,2960.1
10035,2025,437750.3,6476401.9,2955.1
10038,2025,437759.3,6476438.3,2942.7
10041,2025,437768.4,6476474.7,2935.4
10044,2025,437777.5,6476511.1,2922.3
10047,2025,437786.5,6476547.5,2913.9
10050,2025,437795.6,6476583.8,2907.0
10053,2025,437804.7,6476620.2,2905.2
10056,2025,437813.8,6476656.6,2901.9
10059,2025,437822.8,6476693.0,2900.7
10062,2025,437831.9,6476729.4,2908.5
10065,2025,437841.0,6476765.8,2928.0
10068,2025,437850.1,6476802.2,2959.2
10071,2025,437859.1,6476838.5,2975.7
10074,2025,437868.2,6476874.9,2983.5
10077,2025,437877.3,6476911.3,2986.2
10080,2025,437886.3,6476947.7,2990.2
10083,2025,437895.4,6476984.1,2994.0
10086,2025,437904.5,6477020.5,2997.9
10089,2025,437913.6,6477056.9,3003.2
10092,2025,437922.6,6477093.2,3009.2
10095,2025,437931.7,6477129.6,3018.6
10098,2025,437940.8,6477166.0,3028.5
10101,2025,437949.9,6477202.4,3038.8
10104,2025,437958.9,6477238.8,3046.5
10107,2025,437968.0,6477275.2,3051.1
10110,2025,437977.1,6477311.6,3056.8
10113,2025,437986.2,6477348.0,3061.3
10116,2025,437995.2,6477384.3,3065.7
10119,2025,438004.3,6477420.7,3069.4
10122,2025,438013.4,6477457.1,3076.4
10125,2025,438022.4,6477493.5,3079.8
10128,2025,438031.5,6477529.9,3080.0
10131,2025,438040.6,6477566.3,3080.7
10134,2025,438049.7,6477602.7,3080.0
10137,2025,438058.7,6477639.0,3079.5
10140,2025,438067.8,6477675.4,3075.7
10143,2025,438076.9,6477711.8,3073.6
10146,2025,438086.0,6477748.2,3073.0
10149,2025,438095.0,6477784.6,3073.9
10152,2025,438104.1,6477821.0,3075.3
10155,2025,438113.2,6477857.4,3078.6
10158,2025,438122.3,6477893.7,3081.2
10161,2025,438131.3,6477930.1,3083.7
10164,2025,438140.4,6477966.5,3082.4
10167,2025,438149.5,6478002.9,3073.2
10170,2025,438158.5,6478039.3,3055.8
10173,2025,438167.6,6478075.7,3030.2
10176,2025,438176.7,6478112.1,3001.1
10179,2025,438185.8,6478148.4,2972.8
10182,2025,438194.8,6478184.8,2940.7
10185,2025,438203.9,6478221.2,2907.1
10188,2025,438213.0,6478257.6,2873.8
10191,2025,438222.1,6478294.0,2851.6
10194,2025,438231.1,6478330.4,2821.2
10197,2025,438240.2,6478366.8,2807.3
10200,2025,438249.3,6478403.1,2800.7
10203,2025,438258.3,6478439.5,2800.3
10206,2025,438267.4,6478475.9,2800.9
10209,2025,438276.5,6478512.3,2802.6
10212,2025,438285.6,6478548.7,2807.5
10215,2025,438294.6,6478585.1,2809.9
10218,2025,438303.7,6478621.5,2811.6
10221,2025,438312.8,6478657.8,2811.8
10224,2025,438321.9,6478694.2,2812.9
10227,2025,438330.9,6478730.6,2815.7
10230,2025,438340.0,6478767.0,2815.4
10233,2025,438349.1,6478803.4,2812.2
10236,2025,438358.2,6478839.8,2809.8
10239,2025,438367.2,6478876.2,2808.5
10242,2025,438376.3,6478912.5,2805.8
10245,2025,438385.4,6478948.9,2805.5
10248,2025,438394.4,6478985.3,2806.2
10251,2025,438403.5,6479021.7,2809.8
10254,2025,438412.6,6479058.1,2811.4
10257,2025,438421.7,6479094.5,2811.3
10260,2025,438430.7,6479130.9,2811.5
10263,2025,438439.8,6479167.2,2813.3
10266,2025,438448.9,6479203.6,2818.5
10269,2025,438458.0,6479240.0,2824.6
10272,2025,438467.0,6479276.4,2830.4
10275,2025,438476.1,6479312.8,2834.3
10278,2025,438485.2,6479349.2,2839.4
10281,2025,438494.2,6479385.6,2840.3
10284,2025,438503.3,6479421.9,2840.7
10287,2025,438512.4,6479458.3,2840.8
10290,2025,438521.5,6479494.7,2840.9
10293,2025,438530.5,6479531.1,2842.6
10296,2025,438539.6,6479567.5,2843.9
10299,2025,438548.7,6479603.9,2845.9
10302,2025,438557.8,6479640.3,2848.0
10305,2025,438566.8,6479676.6,2854.1
10308,2025,438575.9,6479713.0,2863.2
10311,2025,438585.0,6479749.4,2868.5
10314,2025,438594.1,6479785.8,2871.0
10317,2025,438603.1,6479822.2,2870.5
10320,2025,438612.2,6479858.6,2869.1
10323,2025,438621.3,6479895.0,2869.3
10326,2025,438630.3,6479931.3,2868.5
10329,2025,438639.4,6479967.7,2867.6
10332,2025,438648.5,6480004.1,2865.4
10335,2025,438657.6,6480040.5,2867.2
10338,2025,438666.6,6480076.9,2871.1
10341,2025,438675.7,6480113.3,2874.5
10344,2025,438684.8,6480149.7,2876.2
10347,2025,438693.9,6480186.0,2868.6
10350,2025,438702.9,6480222.4,2866.1
10353,2025,438712.0,6480258.8,2858.6
10356,2025,438721.1,6480295.2,2857.7
10359,2025,438730.2,6480331.6,2859.0
9987,2022,437641.5,6475810.7,2960.6
9990,2022,437650.5,6475847.1,2961.1
9993,2022,437659.6,6475883.4,2957.0
9996,2022,437668.7,6475919.8,2953.0
9999,2022,437677.8,6475956.2,2948.0
10002,2022,437686.8,6475992.6,2945.1
10005,2022,437695.9,6476029.0,2942.2
10008,2022,437705.0,6476065.4,2942.0
10011,2022,437714.1,6476101.8,2943.8
10014,2022,437723.1,6476138.1,2946.9
10017,2022,437732.2,6476174.5,2950.1
10020,2022,437741.3,6476210.9,2952.1
10023,2022,437750.3,6476247.3,2954.0
10026,2022,437759.4,6476283.7,2955.7
10029,2022,437768.5,6476320.1,2955.5
10032,2022,437777.6,6476356.5,2949.9
10035,2022,437786.6,6476392.8,2938.5
10038,2022,437795.7,6476429.2,2921.9
10041,2022,437804.8,6476465.6,2918.2
10044,2022,437813.9,6476502.0,2911.9
10047,2022,437822.9,6476538.4,2907.5
10050,2022,437832.0,6476574.8,2902.0
10053,2022,437841.1,6476611.2,2898.9
10056,2022,437850.2,6476647.5,2896.4
10059,2022,437859.2,6476683.9,2898.5
10062,2022,437868.3,6476720.3,2907.9
10065,2022,437877.4,6476756.7,2926.5
10068,2022,437886.4,6476793.1,2941.9
10071,2022,437895.5,6476829.5,2962.6
10074,2022,437904.6,6476865.9,2976.0
10077,2022,437913.7,6476902.2,2981.7
10080,2022,437922.7,6476938.6,2986.0
10083,2022,437931.8,6476975.0,2990.2
10086,2022,437940.9,6477011.4,2995.7
10089,2022,437950.0,6477047.8,3003.9
10092,2022,437959.0,6477084.2,3015.6
10095,2022,437968.1,6477120.6,3026.8
10098,2022,437977.2,6477156.9,3034.0
10101,2022,437986.2,6477193.3,3040.9
10104,2022,437995.3,6477229.7,3048.8
10107,2022,438004.4,6477266.1,3053.9
10110,2022,438013.5,6477302.5,3059.6
10113,2022,438022.5,6477338.9,3065.4
10116,2022,438031.6,6477375.3,3071.4
10119,2022,438040.7,6477411.6,3075.6
10122,2022,438049.8,6477448.0,3081.6
10125,2022,438058.8,6477484.4,3083.8
10128,2022,438067.9,6477520.8,3084.5
10131,2022,438077.0,6477557.2,3085.1
10134,2022,438086.1,6477593.6,3085.1
10137,2022,438095.1,6477630.0,3084.7
10140,2022,438104.2,6477666.3,3081.5
10143,2022,438113.3,6477702.7,3078.9
10146,2022,438122.3,6477739.1,3077.2
10149,2022,438131.4,6477775.5,3077.4
10152,2022,438140.5,6477811.9,3077.6
10155,2022,438149.6,6477848.3,3079.1
10158,2022,438158.6,6477884.7,3081.6
10161,2022,438167.7,6477921.1,3084.8
10164,2022,438176.8,6477957.4,3084.9
10167,2022,438185.9,6477993.8,3080.4
10170,2022,438194.9,6478030.2,3065.5
10173,2022,438204.0,6478066.6,3040.8
10176,2022,438213.1,6478103.0,3010.6
10179,2022,438222.1,6478139.4,2982.0
10182,2022,438231.2,6478175.8,2950.0
10185,2022,438240.3,6478212.1,2916.8
10188,2022,438249.4,6478248.5,2881.0
10191,2022,438258.4,6478284.9,2847.9
10194,2022,438267.5,6478321.3,2822.5
10197,2022,438276.6,6478357.7,2806.9
10200,2022,438285.7,6478394.1,2801.8
10203,2022,438294.7,6478430.5,2799.4
10206,2022,438303.8,6478466.8,2799.6
10209,2022,438312.9,6478503.2,2800.2
10212,2022,438322.0,6478539.6,2802.3
10215,2022,438331.0,6478576.0,2804.7
10218,2022,438340.1,6478612.4,2806.4
10221,2022,438349.2,6478648.8,2807.7
10224,2022,438358.2,6478685.2,2810.7
10227,2022,438367.3,6478721.5,2813.5
10230,2022,438376.4,6478757.9,2812.7
10233,2022,438385.5,6478794.3,2810.5
10236,2022,438394.5,6478830.7,2808.0
10239,2022,438403.6,6478867.1,2806.2
10242,2022,438412.7,6478903.5,2801.5
10245,2022,438421.8,6478939.9,2797.9
10248,2022,438430.8,6478976.2,2798.9
10251,2022,438439.9,6479012.6,2799.3
10254,2022,438449.0,6479049.0,2803.0
10257,2022,438458.0,6479085.4,2805.1
10260,2022,438467.1,6479121.8,2806.4
10263,2022,438476.2,6479158.2,2808.8
10266,2022,438485.3,6479194.6,2815.3
10269,2022,438494.3,6479230.9,2820.8
10272,2022,438503.4,6479267.3,2825.9
10275,2022,438512.5,6479303.7,2831.1
10278,2022,438521.6,6479340.1,2834.9
10281,2022,438530.6,6479376.5,2838.1
10284,2022,438539.7,6479412.9,2839.4
10287,2022,438548.8,6479449.3,2839.7
10290,2022,438557.9,6479485.6,2840.4
10293,2022,438566.9,6479522.0,2841.7
10296,2022,438576.0,6479558.4,2842.3
10299,2022,438585.1,6479594.8,2844.9
10302,2022,438594.1,6479631.2,2846.2
10305,2022,438603.2,6479667.6,2849.4
10308,2022,438612.3,6479704.0,2857.9
10311,2022,438621.4,6479740.3,2864.0
10314,2022,438630.4,6479776.7,2867.0
10317,2022,438639.5,6479813.1,2865.6
10320,2022,438648.6,6479849.5,2862.8
10323,2022,438657.7,6479885.9,2860.6
10326,2022,438666.7,6479922.3,2860.6
10329,2022,438675.8,6479958.7,2857.1
10332,2022,438684.9,6479995.0,2856.5
10335,2022,438694.0,6480031.4,2861.3
10338,2022,438703.0,6480067.8,2864.2
10341,2022,438712.1,6480104.2,2866.9
10344,2022,438721.2,6480140.6,2860.3
10347,2022,438730.2,6480177.0,2861.6
10350,2022,438739.3,6480213.4,2858.0
10353,2022,438748.4,6480249.7,2851.5
10356,2022,438757.5,6480286.1,2849.5
10359,2022,438766.5,6480322.5,2852.1
9990,2019,437686.9,6475838.0,2960.3
9993,2019,437696.0,6475874.4,2957.1
9996,2019,437705.1,6475910.8,2952.9
9999,2019,437714.1,6475947.1,2947.3
10002,2019,437723.2,6475983.5,2942.6
10005,2019,437732.3,6476019.9,2941.0
10008,2019,437741.4,6476056.3,2942.0
10011,2019,437750.4,6476092.7,2943.6
10014,2019,437759.5,6476129.1,2947.6
10017,2019,437768.6,6476165.5,2950.1
10020,2019,437777.7,6476201.8,2952.3
10023,2019,437786.7,6476238.2,2954.4
10026,2019,437795.8,6476274.6,2953.3
10029,2019,437804.9,6476311.0,2949.4
10032,2019,437814.0,6476347.4,2936.5
10035,2019,437823.0,6476383.8,2917.7
10038,2019,437832.1,6476420.2,2908.7
10041,2019,437841.2,6476456.5,2907.5
10044,2019,437850.2,6476492.9,2905.1
10047,2019,437859.3,6476529.3,2902.1
10050,2019,437868.4,6476565.7,2899.5
10053,2019,437877.5,6476602.1,2896.4
10056,2019,437886.5,6476638.5,2895.6
10059,2019,437895.6,6476674.9,2897.4
10062,2019,437904.7,6476711.2,2903.9
10065,2019,437913.8,6476747.6,2914.6
10068,2019,437922.8,6476784.0,2933.0
10071,2019,437931.9,6476820.4,2958.4
10074,2019,437941.0,6476856.8,2972.5
10077,2019,437950.0,6476893.2,2978.1
10080,2019,437959.1,6476929.6,2983.3
10083,2019,437968.2,6476965.9,2988.1
10086,2019,437977.3,6477002.3,2996.5
10089,2019,437986.3,6477038.7,3008.5
10092,2019,437995.4,6477075.1,3021.2
10095,2019,438004.5,6477111.5,3029.0
10098,2019,438013.6,6477147.9,3037.1
10101,2019,438022.6,6477184.3,3046.4
10104,2019,438031.7,6477220.6,3054.1
10107,2019,438040.8,6477257.0,3058.5
10110,2019,438049.9,6477293.4,3062.9
10113,2019,438058.9,6477329.8,3069.4
10116,2019,438068.0,6477366.2,3074.2
10119,2019,438077.1,6477402.6,3079.7
10122,2019,438086.1,6477439.0,3084.4
10125,2019,438095.2,6477475.3,3085.4
10128,2019,438104.3,6477511.7,3086.0
10131,2019,438113.4,6477548.1,3088.6
10134,2019,438122.4,6477584.5,3089.7
10137,2019,438131.5,6477620.9,3088.1
10140,2019,438140.6,6477657.3,3085.1
10143,2019,438149.7,6477693.7,3083.6
10146,2019,438158.7,6477730.0,3081.6
10149,2019,438167.8,6477766.4,3080.2
10152,2019,438176.9,6477802.8,3080.5
10155,2019,438185.9,6477839.2,3080.3
10158,2019,438195.0,6477875.6,3081.2
10161,2019,438204.1,6477912.0,3083.6
10164,2019,438213.2,6477948.4,3087.3
10167,2019,438222.2,6477984.8,3082.0
10170,2019,438231.3,6478021.1,3067.0
10173,2019,438240.4,6478057.5,3042.0
10176,2019,438249.5,6478093.9,3022.2
10179,2019,438258.5,6478130.3,2992.4
10182,2019,438267.6,6478166.7,2960.1
10185,2019,438276.7,6478203.1,2925.1
10188,2019,438285.8,6478239.5,2890.5
10191,2019,438294.8,6478275.8,2858.3
10194,2019,438303.9,6478312.2,2830.4
10197,2019,438313.0,6478348.6,2811.3
10200,2019,438322.0,6478385.0,2801.6
10203,2019,438331.1,6478421.4,2798.1
10206,2019,438340.2,6478457.8,2798.9
10209,2019,438349.3,6478494.2,2798.2
10212,2019,438358.3,6478530.5,2798.1
10215,2019,438367.4,6478566.9,2799.5
10218,2019,438376.5,6478603.3,2800.7
10221,2019,438385.6,6478639.7,2802.0
10224,2019,438394.6,6478676.1,2804.4
10227,2019,438403.7,6478712.5,2808.2
10230,2019,438412.8,6478748.9,2807.6
10233,2019,438421.9,6478785.2,2804.6
10236,2019,438430.9,6478821.6,2802.0
10239,2019,438440.0,6478858.0,2801.6
10242,2019,438449.1,6478894.4,2794.9
10245,2019,438458.1,6478930.8,2790.5
10248,2019,438467.2,6478967.2,2789.4
10251,2019,438476.3,6479003.6,2790.9
10254,2019,438485.4,6479039.9,2795.6
10257,2019,438494.4,6479076.3,2799.5
10260,2019,438503.5,6479112.7,2802.1
10263,2019,438512.6,6479149.1,2804.3
10266,2019,438521.7,6479185.5,2810.7
10269,2019,438530.7,6479221.9,2816.9
10272,2019,438539.8,6479258.3,2824.3
10275,2019,438548.9,6479294.6,2830.6
10278,2019,438557.9,6479331.0,2831.9
10281,2019,438567.0,6479367.4,2834.8
10284,2019,438576.1,6479403.8,2836.5
10287,2019,438585.2,6479440.2,2838.3
10290,2019,438594.2,6479476.6,2839.5
10293,2019,438603.3,6479513.0,2840.3
10296,2019,438612.4,6479549.3,2841.0
10299,2019,438621.5,6479585.7,2843.1
10302,2019,438630.5,6479622.1,2844.7
10305,2019,438639.6,6479658.5,2848.9
10308,2019,438648.7,6479694.9,2855.2
10311,2019,438657.8,6479731.3,2857.6
10314,2019,438666.8,6479767.7,2859.6
10317,2019,438675.9,6479804.0,2857.4
10320,2019,438685.0,6479840.4,2853.9
10323,2019,438694.0,6479876.8,2850.5
10326,2019,438703.1,6479913.2,2849.1
10329,2019,438712.2,6479949.6,2844.1
10332,2019,438721.3,6479986.0,2844.9
10335,2019,438730.3,6480022.4,2853.6
10338,2019,438739.4,6480058.7,2856.3
10341,2019,438748.5,6480095.1,2855.9
10344,2019,438757.6,6480131.5,2849.7
10347,2019,438766.6,6480167.9,2851.5
10350,2019,438775.7,6480204.3,2848.4
10353,2019,438784.8,6480240.7,2842.3
10356,2019,438793.8,6480277.1,2842.6
10359,2019,438802.9,6480313.4,2841.7
9990,2016,437723.3,6475828.9,2956.7
9993,2016,437732.4,6475865.3,2951.8
9996,2016,437741.5,6475901.7,2948.0
9999,2016,437750.5,6475938.1,2942.0
10002,2016,437759.6,6475974.5,2939.4
10005,2016,437768.7,6476010.8,2938.6
10008,2016,437777.8,6476047.2,2941.4
10011,2016,437786.8,6476083.6,2946.3
10014,2016,437795.9,6476120.0,2950.6
10017,2016,437805.0,6476156.4,2952.1
10020,2016,437814.0,6476192.8,2952.8
10023,2016,437823.1,6476229.2,2952.8
10026,2016,437832.2,6476265.5,2948.2
10029,2016,437841.3,6476301.9,2939.0
10032,2016,437850.3,6476338.3,2918.7
10035,2016,437859.4,6476374.7,2907.4
10038,2016,437868.5,6476411.1,2902.4
10041,2016,437877.6,6476447.5,2901.5
10044,2016,437886.6,6476483.9,2899.8
10047,2016,437895.7,6476520.2,2897.1
10050,2016,437904.8,6476556.6,2895.6
10053,2016,437913.8,6476593.0,2894.5
10056,2016,437922.9,6476629.4,2894.3
10059,2016,437932.0,6476665.8,2895.0
10062,2016,437941.1,6476702.2,2899.5
10065,2016,437950.1,6476738.6,2907.5
10068,2016,437959.2,6476774.9,2927.1
10071,2016,437968.3,6476811.3,2956.7
10074,2016,437977.4,6476847.7,2970.9
10077,2016,437986.4,6476884.1,2978.5
10080,2016,437995.5,6476920.5,2982.9
10083,2016,438004.6,6476956.9,2989.3
10086,2016,438013.7,6476993.3,2997.6
10089,2016,438022.7,6477029.6,3011.8
10092,2016,438031.8,6477066.0,3021.4
10095,2016,438040.9,6477102.4,3031.0
10098,2016,438049.9,6477138.8,3039.3
10101,2016,438059.0,6477175.2,3051.4
10104,2016,438068.1,6477211.6,3057.5
10107,2016,438077.2,6477248.0,3063.4
10110,2016,438086.2,6477284.3,3068.7
10113,2016,438095.3,6477320.7,3074.7
10116,2016,438104.4,6477357.1,3079.0
10119,2016,438113.5,6477393.5,3082.3
10122,2016,438122.5,6477429.9,3085.5
10125,2016,438131.6,6477466.3,3086.5
10128,2016,438140.7,6477502.7,3088.5
10131,2016,438149.8,6477539.0,3091.4
10134,2016,438158.8,6477575.4,3093.0
10137,2016,438167.9,6477611.8,3089.6
10140,2016,438177.0,6477648.2,3088.9
10143,2016,438186.0,6477684.6,3088.2
10146,2016,438195.1,6477721.0,3087.5
10149,2016,438204.2,6477757.4,3085.3
10152,2016,438213.3,6477793.7,3084.6
10155,2016,438222.3,6477830.1,3081.5
10158,2016,438231.4,6477866.5,3081.2
10161,2016,438240.5,6477902.9,3084.5
10164,2016,438249.6,6477939.3,3089.0
10167,2016,438258.6,6477975.7,3086.7
10170,2016,438267.7,6478012.1,3074.3
10173,2016,438276.8,6478048.4,3052.1
10176,2016,438285.8,6478084.8,3023.2
10179,2016,438294.9,6478121.2,2993.3
10182,2016,438304.0,6478157.6,2960.6
10185,2016,438313.1,6478194.0,2925.8
10188,2016,438322.1,6478230.4,2903.0
10191,2016,438331.2,6478266.8,2871.5
10194,2016,438340.3,6478303.1,2841.4
10197,2016,438349.4,6478339.5,2818.5
10200,2016,438358.4,6478375.9,2804.7
10203,2016,438367.5,6478412.3,2797.4
10206,2016,438376.6,6478448.7,2796.0
10209,2016,438385.7,6478485.1,2794.8
10212,2016,438394.7,6478521.5,2794.3
10215,2016,438403.8,6478557.8,2796.1
10218,2016,438412.9,6478594.2,2796.3
10221,2016,438421.9,6478630.6,2795.8
10224,2016,438431.0,6478667.0,2798.5
10227,2016,438440.1,6478703.4,2798.9
10230,2016,438449.2,6478739.8,2797.1
10233,2016,438458.2,6478776.2,2794.2
10236,2016,438467.3,6478812.5,2795.7
10239,2016,438476.4,6478848.9,2794.5
10242,2016,438485.5,6478885.3,2788.4
10245,2016,438494.5,6478921.7,2782.4
10248,2016,438503.6,6478958.1,2782.6
10251,2016,438512.7,6478994.5,2786.9
10254,2016,438521.7,6479030.9,2790.4
10257,2016,438530.8,6479067.3,2795.7
10260,2016,438539.9,6479103.6,2798.5
10263,2016,438549.0,6479140.0,2801.1
10266,2016,438558.0,6479176.4,2806.5
10269,2016,438567.1,6479212.8,2813.2
10272,2016,438576.2,6479249.2,2819.2
10275,2016,438585.3,6479285.6,2826.5
10278,2016,438594.3,6479322.0,2830.6
10281,2016,438603.4,6479358.3,2832.3
10284,2016,438612.5,6479394.7,2833.6
10287,2016,438621.6,6479431.1,2836.3
10290,2016,438630.6,6479467.5,2839.0
10293,2016,438639.7,6479503.9,2838.8
10296,2016,438648.8,6479540.3,2839.7
10299,2016,438657.8,6479576.7,2841.0
10302,2016,438666.9,6479613.0,2843.5
10305,2016,438676.0,6479649.4,2846.5
10308,2016,438685.1,6479685.8,2850.5
10311,2016,438694.1,6479722.2,2851.3
10314,2016,438703.2,6479758.6,2850.2
10317,2016,438712.3,6479795.0,2846.6
10320,2016,438721.4,6479831.4,2843.1
10323,2016,438730.4,6479867.7,2842.4
10326,2016,438739.5,6479904.1,2839.3
10329,2016,438748.6,6479940.5,2835.2
10332,2016,438757.6,6479976.9,2835.1
10335,2016,438766.7,6480013.3,2842.6
10338,2016,438775.8,6480049.7,2842.3
10341,2016,438784.9,6480086.1,2840.8
10344,2016,438793.9,6480122.4,2837.1
10347,2016,438803.0,6480158.8,2840.8
10350,2016,438812.1,6480195.2,2834.2
10353,2016,438821.2,6480231.6,2829.5
10356,2016,438830.2,6480268.0,2830.9
10359,2016,438839.3,6480304.4,2829.7
9990,2013,437759.7,6475819.8,2948.7
9993,2013,437768.8,6475856.2,2945.3
9996,2013,437777.8,6475892.6,2941.7
9999,2013,437786.9,6475929.0,2938.2
10002,2013,437796.0,6475965.4,2937.2
10005,2013,437805.1,6476001.8,2937.5
10008,2013,437814.1,6476038.2,2940.7
10011,2013,437823.2,6476074.5,2946.9
10014,2013,437832.3,6476110.9,2952.6
10017,2013,437841.4,6476147.3,2952.8
10020,2013,437850.4,6476183.7,2951.4
10023,2013,437859.5,6476220.1,2947.8
10026,2013,437868.6,6476256.5,2940.4
10029,2013,437877.7,6476292.9,2926.1
10032,2013,437886.7,6476329.2,2907.5
10035,2013,437895.8,6476365.6,2899.7
10038,2013,437904.9,6476402.0,2899.0
10041,2013,437913.9,6476438.4,2896.4
10044,2013,437923.0,6476474.8,2894.8
10047,2013,437932.1,6476511.2,2893.5
10050,2013,437941.2,6476547.6,2893.5
10053,2013,437950.2,6476583.9,2893.0
10056,2013,437959.3,6476620.3,2892.9
10059,2013,437968.4,6476656.7,2893.6
10062,2013,437977.5,6476693.1,2897.1
10065,2013,437986.5,6476729.5,2909.6
10068,2013,437995.6,6476765.9,2934.0
10071,2013,438004.7,6476802.3,2957.2
10074,2013,438013.7,6476838.6,2972.7
10077,2013,438022.8,6476875.0,2978.6
10080,2013,438031.9,6476911.4,2982.9
10083,2013,438041.0,6476947.8,2988.6
10086,2013,438050.0,6476984.2,2999.3
10089,2013,438059.1,6477020.6,3009.0
10092,2013,438068.2,6477057.0,3016.5
10095,2013,438077.3,6477093.3,3024.9
10098,2013,438086.3,6477129.7,3037.5
10101,2013,438095.4,6477166.1,3054.0
10104,2013,438104.5,6477202.5,3063.8
10107,2013,438113.6,6477238.9,3069.2
10110,2013,438122.6,6477275.3,3073.0
10113,2013,438131.7,6477311.7,3076.9
10116,2013,438140.8,6477348.0,3080.9
10119,2013,438149.8,6477384.4,3084.0
10122,2013,438158.9,6477420.8,3086.8
10125,2013,438168.0,6477457.2,3088.3
10128,2013,438177.1,6477493.6,3091.2
10131,2013,438186.1,6477530.0,3094.1
10134,2013,438195.2,6477566.4,3096.1
10137,2013,438204.3,6477602.7,3093.2
10140,2013,438213.4,6477639.1,3094.2
10143,2013,438222.4,6477675.5,3095.9
10146,2013,438231.5,6477711.9,3095.9
10149,2013,438240.6,6477748.3,3092.3
10152,2013,438249.6,6477784.7,3088.1
10155,2013,438258.7,6477821.1,3082.4
10158,2013,438267.8,6477857.4,3083.0
10161,2013,438276.9,6477893.8,3088.1
10164,2013,438285.9,6477930.2,3092.5
10167,2013,438295.0,6477966.6,3090.7
10170,2013,438304.1,6478003.0,3080.5
10173,2013,438313.2,6478039.4,3060.0
10176,2013,438322.2,6478075.8,3031.9
10179,2013,438331.3,6478112.1,3003.4
10182,2013,438340.4,6478148.5,2972.3
10185,2013,438349.5,6478184.9,2939.1
10188,2013,438358.5,6478221.3,2906.0
10191,2013,438367.6,6478257.7,2875.2
10194,2013,438376.7,6478294.1,2845.2
10197,2013,438385.7,6478330.5,2830.1
10200,2013,438394.8,6478366.8,2811.3
10203,2013,438403.9,6478403.2,2797.8
10206,2013,438413.0,6478439.6,2792.1
10209,2013,438422.0,6478476.0,2790.3
10212,2013,438431.1,6478512.4,2789.6
10215,2013,438440.2,6478548.8,2791.2
10218,2013,438449.3,6478585.2,2791.2
10221,2013,438458.3,6478621.5,2790.5
10224,2013,438467.4,6478657.9,2791.0
10227,2013,438476.5,6478694.3,2788.4
10230,2013,438485.5,6478730.7,2785.7
10233,2013,438494.6,6478767.1,2786.7
10236,2013,438503.7,6478803.5,2785.0
10239,2013,438512.8,6478839.9,2785.6
10242,2013,438521.8,6478876.2,2782.1
10245,2013,438530.9,6478912.6,2778.2
10248,2013,438540.0,6478949.0,2777.3
10251,2013,438549.1,6478985.4,2782.7
10254,2013,438558.1,6479021.8,2788.2
10257,2013,438567.2,6479058.2,2792.8
10260,2013,438576.3,6479094.6,2795.6
10263,2013,438585.4,6479131.0,2797.4
10266,2013,438594.4,6479167.3,2802.7
10269,2013,438603.5,6479203.7,2808.2
10272,2013,438612.6,6479240.1,2814.4
10275,2013,438621.6,6479276.5,2821.3
10278,2013,438630.7,6479312.9,2828.0
10281,2013,438639.8,6479349.3,2829.9
10284,2013,438648.9,6479385.7,2831.9
10287,2013,438657.9,6479422.0,2836.1
10290,2013,438667.0,6479458.4,2838.2
10293,2013,438676.1,6479494.8,2837.2
10296,2013,438685.2,6479531.2,2837.3
10299,2013,438694.2,6479567.6,2839.0
10302,2013,438703.3,6479604.0,2841.9
10305,2013,438712.4,6479640.4,2844.9
10308,2013,438721.5,6479676.7,2848.9
10311,2013,438730.5,6479713.1,2847.9
10314,2013,438739.6,6479749.5,2842.0
10317,2013,438748.7,6479785.9,2838.5
10320,2013,438757.7,6479822.3,2835.8
10323,2013,438766.8,6479858.7,2835.5
10326,2013,438775.9,6479895.1,2831.9
10329,2013,438785.0,6479931.4,2829.8
10332,2013,438794.0,6479967.8,2828.7
10335,2013,438803.1,6480004.2,2832.4
10338,2013,438812.2,6480040.6,2828.2
10341,2013,438821.3,6480077.0,2827.7
10344,2013,438830.3,6480113.4,2829.0
10347,2013,438839.4,6480149.8,2826.3
10350,2013,438848.5,6480186.1,2820.5
10353,2013,438857.5,6480222.5,2817.4
10356,2013,438866.6,6480258.9,2821.2
10359,2013,438875.7,6480295.3,2820.0
9990,2010,437796.1,6475810.8,2940.0
9993,2010,437805.2,6475847.2,2938.8
9996,2010,437814.2,6475883.5,2936.0
9999,2010,437823.3,6475919.9,2934.7
10002,2010,437832.4,6475956.3,2935.5
10005,2010,437841.5,6475992.7,2937.0
10008,2010,437850.5,6476029.1,2938.3
10011,2010,437859.6,6476065.5,2942.5
10014,2010,437868.7,6476101.9,2949.5
10017,2010,437877.7,6476138.2,2949.4
10020,2010,437886.8,6476174.6,2945.5
10023,2010,437895.9,6476211.0,2937.7
10026,2010,437905.0,6476247.4,2929.5
10029,2010,437914.0,6476283.8,2908.8
10032,2010,437923.1,6476320.2,2897.2
10035,2010,437932.2,6476356.6,2894.5
10038,2010,437941.3,6476392.9,2893.5
10041,2010,437950.3,6476429.3,2891.7
10044,2010,437959.4,6476465.7,2890.4
10047,2010,437968.5,6476502.1,2891.5
10050,2010,437977.5,6476538.5,2891.2
10053,2010,437986.6,6476574.9,2890.0
10056,2010,437995.7,6476611.3,2889.6
10059,2010,438004.8,6476647.6,2891.7
10062,2010,438013.8,6476684.0,2899.3
10065,2010,438022.9,6476720.4,2920.9
10068,2010,438032.0,6476756.8,2945.8
10071,2010,438041.1,6476793.2,2968.6
10074,2010,438050.1,6476829.6,2976.2
10077,2010,438059.2,6476866.0,2979.7
10080,2010,438068.3,6476902.3,2982.9
10083,2010,438077.4,6476938.7,2988.7
10086,2010,438086.4,6476975.1,2997.2
10089,2010,438095.5,6477011.5,3004.0
10092,2010,438104.6,6477047.9,3010.7
10095,2010,438113.6,6477084.3,3019.5
10098,2010,438122.7,6477120.7,3033.5
10101,2010,438131.8,6477157.0,3050.4
10104,2010,438140.9,6477193.4,3067.2
10107,2010,438149.9,6477229.8,3071.4
10110,2010,438159.0,6477266.2,3074.9
10113,2010,438168.1,6477302.6,3077.0
10116,2010,438177.2,6477339.0,3080.9
10119,2010,438186.2,6477375.4,3083.6
10122,2010,438195.3,6477411.7,3088.2
10125,2010,438204.4,6477448.1,3090.2
10128,2010,438213.4,6477484.5,3094.0
10131,2010,438222.5,6477520.9,3098.6
10134,2010,438231.6,6477557.3,3099.3
10137,2010,438240.7,6477593.7,3098.3
10140,2010,438249.7,6477630.1,3099.8
10143,2010,438258.8,6477666.4,3102.4
10146,2010,438267.9,6477702.8,3101.6
10149,2010,438277.0,6477739.2,3100.2
10152,2010,438286.0,6477775.6,3093.9
10155,2010,438295.1,6477812.0,3086.6
10158,2010,438304.2,6477848.4,3084.5
10161,2010,438313.3,6477884.8,3089.1
10164,2010,438322.3,6477921.1,3094.4
10167,2010,438331.4,6477957.5,3090.4
10170,2010,438340.5,6477993.9,3078.6
10173,2010,438349.5,6478030.3,3064.6
10176,2010,438358.6,6478066.7,3037.7
10179,2010,438367.7,6478103.1,3011.7
10182,2010,438376.8,6478139.5,2983.5
10185,2010,438385.8,6478175.8,2948.7
10188,2010,438394.9,6478212.2,2918.5
10191,2010,438404.0,6478248.6,2889.6
10194,2010,438413.1,6478285.0,2862.3
10197,2010,438422.1,6478321.4,2836.6
10200,2010,438431.2,6478357.8,2813.2
10203,2010,438440.3,6478394.2,2796.1
10206,2010,438449.4,6478430.5,2788.9
10209,2010,438458.4,6478466.9,2785.4
10212,2010,438467.5,6478503.3,2786.2
10215,2010,438476.6,6478539.7,2786.7
10218,2010,438485.6,6478576.1,2786.3
10221,2010,438494.7,6478612.5,2785.5
10224,2010,438503.8,6478648.9,2784.0
10227,2010,438512.9,6478685.2,2779.2
10230,2010,438521.9,6478721.6,2777.1
10233,2010,438531.0,6478758.0,2775.3
10236,2010,438540.1,6478794.4,2775.7
10239,2010,438549.2,6478830.8,2775.5
10242,2010,438558.2,6478867.2,2775.0
10245,2010,438567.3,6478903.6,2773.1
10248,2010,438576.4,6478939.9,2772.8
10251,2010,438585.4,6478976.3,2779.1
10254,2010,438594.5,6479012.7,2784.2
10257,2010,438603.6,6479049.1,2788.2
10260,2010,438612.7,6479085.5,2791.2
10263,2010,438621.7,6479121.9,2795.5
10266,2010,438630.8,6479158.3,2799.2
10269,2010,438639.9,6479194.6,2805.7
10272,2010,438649.0,6479231.0,2809.8
10275,2010,438658.0,6479267.4,2817.6
10278,2010,438667.1,6479303.8,2824.4
10281,2010,438676.2,6479340.2,2827.3
10284,2010,438685.3,6479376.6,2830.3
10287,2010,438694.3,6479413.0,2833.4
10290,2010,438703.4,6479449.3,2836.4
10293,2010,438712.5,6479485.7,2835.6
10296,2010,438721.5,6479522.1,2835.9
10299,2010,438730.6,6479558.5,2836.7
10302,2010,438739.7,6479594.9,2841.2
10305,2010,438748.8,6479631.3,2844.5
10308,2010,438757.8,6479667.7,2848.0
10311,2010,438766.9,6479704.0,2844.2
10314,2010,438776.0,6479740.4,2838.7
10317,2010,438785.1,6479776.8,2833.3
10320,2010,438794.1,6479813.2,2828.9
10323,2010,438803.2,6479849.6,2829.4
10326,2010,438812.3,6479886.0,2828.2
10329,2010,438821.3,6479922.4,2825.9
10332,2010,438830.4,6479958.8,2818.3
10335,2010,438839.5,6479995.1,2817.8
10338,2010,438848.6,6480031.5,2814.9
10341,2010,438857.6,6480067.9,2816.3
10344,2010,438866.7,6480104.3,2816.9
10347,2010,438875.8,6480140.7,2811.0
10350,2010,438884.9,6480177.1,2808.1
10353,2010,438893.9,6480213.5,2806.7
10356,2010,438903.0,6480249.8,2809.9
10359,2010,438912.1,6480286.2,2813.6
9993,2007,437841.5,6475838.1,2931.5
9996,2007,437850.6,6475874.5,2930.3
9999,2007,437859.7,6475910.9,2929.6
10002,2007,437868.8,6475947.2,2930.5
10005,2007,437877.8,6475983.6,2932.5
10008,2007,437886.9,6476020.0,2928.8
10011,2007,437896.0,6476056.4,2926.2
10014,2007,437905.1,6476092.8,2932.8
10017,2007,437914.1,6476129.2,2933.7
10020,2007,437923.2,6476165.6,2926.8
10023,2007,437932.3,6476201.9,2915.3
10026,2007,437941.3,6476238.3,2910.1
10029,2007,437950.4,6476274.7,2895.7
10032,2007,437959.5,6476311.1,2889.1
10035,2007,437968.6,6476347.5,2888.4
10038,2007,437977.6,6476383.9,2889.3
10041,2007,437986.7,6476420.3,2887.9
10044,2007,437995.8,6476456.6,2887.1
10047,2007,438004.9,6476493.0,2887.6
10050,2007,438013.9,6476529.4,2887.9
10053,2007,438023.0,6476565.8,2886.7
10056,2007,438032.1,6476602.2,2886.5
10059,2007,438041.2,6476638.6,2889.3
10062,2007,438050.2,6476675.0,2897.8
10065,2007,438059.3,6476711.3,2929.8
10068,2007,438068.4,6476747.7,2962.4
10071,2007,438077.4,6476784.1,2975.3
10074,2007,438086.5,6476820.5,2980.0
10077,2007,438095.6,6476856.9,2981.6
10080,2007,438104.7,6476893.3,2985.4
10083,2007,438113.7,6476929.7,2989.4
10086,2007,438122.8,6476966.0,2996.1
10089,2007,438131.9,6477002.4,3002.2
10092,2007,438141.0,6477038.8,3007.0
10095,2007,438150.0,6477075.2,3012.0
10098,2007,438159.1,6477111.6,3021.6
10101,2007,438168.2,6477148.0,3037.1
10104,2007,438177.2,6477184.4,3059.3
10107,2007,438186.3,6477220.7,3069.7
10110,2007,438195.4,6477257.1,3073.5
10113,2007,438204.5,6477293.5,3078.7
10116,2007,438213.5,6477329.9,3082.3
10119,2007,438222.6,6477366.3,3085.4
10122,2007,438231.7,6477402.7,3089.4
10125,2007,438240.8,6477439.1,3093.8
10128,2007,438249.8,6477475.4,3098.3
10131,2007,438258.9,6477511.8,3102.1
10134,2007,438268.0,6477548.2,3102.7
10137,2007,438277.1,6477584.6,3103.5
10140,2007,438286.1,6477621.0,3104.4
10143,2007,438295.2,6477657.4,3107.5
10146,2007,438304.3,6477693.8,3107.8
10149,2007,438313.3,6477730.1,3107.7
10152,2007,438322.4,6477766.5,3101.1
10155,2007,438331.5,6477802.9,3091.4
10158,2007,438340.6,6477839.3,3086.6
10161,2007,438349.6,6477875.7,3087.0
10164,2007,438358.7,6477912.1,3088.1
10167,2007,438367.8,6477948.5,3086.3
10170,2007,438376.9,6477984.8,3075.9
10173,2007,438385.9,6478021.2,3057.7
10176,2007,438395.0,6478057.6,3034.1
10179,2007,438404.1,6478094.0,3010.8
10182,2007,438413.2,6478130.4,2993.3
10185,2007,438422.2,6478166.8,2959.9
10188,2007,438431.3,6478203.2,2930.5
10191,2007,438440.4,6478239.5,2904.7
10194,2007,438449.4,6478275.9,2878.1
10197,2007,438458.5,6478312.3,2849.1
10200,2007,438467.6,6478348.7,2820.3
10203,2007,438476.7,6478385.1,2796.9
10206,2007,438485.7,6478421.5,2784.7
10209,2007,438494.8,6478457.9,2781.9
10212,2007,438503.9,6478494.2,2783.1
10215,2007,438513.0,6478530.6,2782.9
10218,2007,438522.0,6478567.0,2783.3
10221,2007,438531.1,6478603.4,2782.6
10224,2007,438540.2,6478639.8,2779.0
10227,2007,438549.2,6478676.2,2774.0
10230,2007,438558.3,6478712.6,2771.0
10233,2007,438567.4,6478748.9,2770.6
10236,2007,438576.5,6478785.3,2768.2
10239,2007,438585.5,6478821.7,2768.1
10242,2007,438594.6,6478858.1,2766.0
10245,2007,438603.7,6478894.5,2762.8
10248,2007,438612.8,6478930.9,2765.2
10251,2007,438621.8,6478967.3,2773.8
10254,2007,438630.9,6479003.6,2779.5
10257,2007,438640.0,6479040.0,2782.0
10260,2007,438649.1,6479076.4,2785.3
10263,2007,438658.1,6479112.8,2790.7
10266,2007,438667.2,6479149.2,2795.9
10269,2007,438676.3,6479185.6,2801.2
10272,2007,438685.3,6479222.0,2808.3
10275,2007,438694.4,6479258.3,2815.6
10278,2007,438703.5,6479294.7,2822.0
10281,2007,438712.6,6479331.1,2823.9
10284,2007,438721.6,6479367.5,2826.8
10287,2007,438730.7,6479403.9,2830.7
10290,2007,438739.8,6479440.3,2832.4
10293,2007,438748.9,6479476.7,2833.9
10296,2007,438757.9,6479513.0,2835.9
10299,2007,438767.0,6479549.4,2835.7
10302,2007,438776.1,6479585.8,2839.5
10305,2007,438785.1,6479622.2,2845.1
10308,2007,438794.2,6479658.6,2847.6
10311,2007,438803.3,6479695.0,2842.4
10314,2007,438812.4,6479731.4,2837.5
10317,2007,438821.4,6479767.7,2822.7
10320,2007,438830.5,6479804.1,2820.6
10323,2007,438839.6,6479840.5,2818.6
10326,2007,438848.7,6479876.9,2819.8
10329,2007,438857.7,6479913.3,2809.4
10332,2007,438866.8,6479949.7,2807.9
10335,2007,438875.9,6479986.1,2811.0
10338,2007,438885.0,6480022.4,2807.4
10341,2007,438894.0,6480058.8,2807.6
10344,2007,438903.1,6480095.2,2806.4
10347,2007,438912.2,6480131.6,2802.3
10350,2007,438921.2,6480168.0,2801.1
10353,2007,438930.3,6480204.4,2801.9
10356,2007,438939.4,6480240.8,2803.0
10359,2007,438948.5,6480277.2,2804.5
9993,2004,437877.9,6475829.0,2921.6
9996,2004,437887.0,6475865.4,2918.8
9999,2004,437896.1,6475901.8,2918.3
10002,2004,437905.1,6475938.2,2921.7
10005,2004,437914.2,6475974.5,2917.9
10008,2004,437923.3,6476010.9,2909.6
10011,2004,437932.4,6476047.3,2906.3
10014,2004,437941.4,6476083.7,2913.0
10017,2004,437950.5,6476120.1,2908.5
10020,2004,437959.6,6476156.5,2900.9
10023,2004,437968.7,6476192.9,2894.9
10026,2004,437977.7,6476229.2,2890.7
10029,2004,437986.8,6476265.6,2884.1
10032,2004,437995.9,6476302.0,2882.2
10035,2004,438005.0,6476338.4,2885.3
10038,2004,438014.0,6476374.8,2885.4
10041,2004,438023.1,6476411.2,2883.5
10044,2004,438032.2,6476447.6,2882.5
10047,2004,438041.2,6476484.0,2883.7
10050,2004,438050.3,6476520.3,2883.1
10053,2004,438059.4,6476556.7,2881.5
10056,2004,438068.5,6476593.1,2882.4
10059,2004,438077.5,6476629.5,2885.8
10062,2004,438086.6,6476665.9,2900.8
10065,2004,438095.7,6476702.3,2940.9
10068,2004,438104.8,6476738.7,2965.8
10071,2004,438113.8,6476775.0,2980.8
10074,2004,438122.9,6476811.4,2982.9
10077,2004,438132.0,6476847.8,2984.7
10080,2004,438141.1,6476884.2,2986.2
10083,2004,438150.1,6476920.6,2991.4
10086,2004,438159.2,6476957.0,2996.0
10089,2004,438168.3,6476993.4,3002.3
10092,2004,438177.3,6477029.7,3006.6
10095,2004,438186.4,6477066.1,3012.5
10098,2004,438195.5,6477102.5,3017.3
10101,2004,438204.6,6477138.9,3026.5
10104,2004,438213.6,6477175.3,3042.7
10107,2004,438222.7,6477211.7,3060.9
10110,2004,438231.8,6477248.1,3072.8
10113,2004,438240.9,6477284.4,3080.2
10116,2004,438249.9,6477320.8,3085.6
10119,2004,438259.0,6477357.2,3088.3
10122,2004,438268.1,6477393.6,3093.9
10125,2004,438277.1,6477430.0,3098.0
10128,2004,438286.2,6477466.4,3102.1
10131,2004,438295.3,6477502.8,3105.8
10134,2004,438304.4,6477539.1,3106.8
10137,2004,438313.4,6477575.5,3108.2
10140,2004,438322.5,6477611.9,3108.7
10143,2004,438331.6,6477648.3,3111.7
10146,2004,438340.7,6477684.7,3113.7
10149,2004,438349.7,6477721.1,3111.5
10152,2004,438358.8,6477757.5,3103.9
10155,2004,438367.9,6477793.8,3095.9
10158,2004,438377.0,6477830.2,3089.9
10161,2004,438386.0,6477866.6,3084.1
10164,2004,438395.1,6477903.0,3078.9
10167,2004,438404.2,6477939.4,3077.2
10170,2004,438413.2,6477975.8,3069.1
10173,2004,438422.3,6478012.2,3054.7
10176,2004,438431.4,6478048.5,3034.2
10179,2004,438440.5,6478084.9,3015.8
10182,2004,438449.5,6478121.3,2990.2
10185,2004,438458.6,6478157.7,2959.0
10188,2004,438467.7,6478194.1,2938.2
10191,2004,438476.8,6478230.5,2917.9
10194,2004,438485.8,6478266.9,2893.1
10197,2004,438494.9,6478303.2,2861.5
10200,2004,438504.0,6478339.6,2827.6
10203,2004,438513.0,6478376.0,2796.9
10206,2004,438522.1,6478412.4,2782.1
10209,2004,438531.2,6478448.8,2778.1
10212,2004,438540.3,6478485.2,2780.4
10215,2004,438549.3,6478521.6,2781.4
10218,2004,438558.4,6478557.9,2780.3
10221,2004,438567.5,6478594.3,2778.5
10224,2004,438576.6,6478630.7,2776.4
10227,2004,438585.6,6478667.1,2771.3
10230,2004,438594.7,6478703.5,2766.2
10233,2004,438603.8,6478739.9,2764.6
10236,2004,438612.9,6478776.3,2762.8
10239,2004,438621.9,6478812.6,2762.3
10242,2004,438631.0,6478849.0,2760.5
10245,2004,438640.1,6478885.4,2757.6
10248,2004,438649.1,6478921.8,2762.6
10251,2004,438658.2,6478958.2,2770.5
10254,2004,438667.3,6478994.6,2774.8
10257,2004,438676.4,6479031.0,2774.7
10260,2004,438685.4,6479067.3,2777.0
10263,2004,438694.5,6479103.7,2783.3
10266,2004,438703.6,6479140.1,2790.8
10269,2004,438712.7,6479176.5,2796.5
10272,2004,438721.7,6479212.9,2803.5
10275,2004,438730.8,6479249.3,2811.4
10278,2004,438739.9,6479285.7,2817.3
10281,2004,438748.9,6479322.0,2821.9
10284,2004,438758.0,6479358.4,2825.6
10287,2004,438767.1,6479394.8,2828.7
10290,2004,438776.2,6479431.2,2829.3
10293,2004,438785.2,6479467.6,2830.8
10296,2004,438794.3,6479504.0,2835.2
10299,2004,438803.4,6479540.4,2834.5
10302,2004,438812.5,6479576.7,2837.5
10305,2004,438821.5,6479613.1,2834.6
10308,2004,438830.6,6479649.5,2846.2
10311,2004,438839.7,6479685.9,2840.3
10314,2004,438848.8,6479722.3,2825.1
10317,2004,438857.8,6479758.7,2814.9
10320,2004,438866.9,6479795.1,2814.2
10323,2004,438876.0,6479831.4,2811.4
10326,2004,438885.0,6479867.8,2807.1
10329,2004,438894.1,6479904.2,2803.0
10332,2004,438903.2,6479940.6,2799.1
10335,2004,438912.3,6479977.0,2798.0
10338,2004,438921.3,6480013.4,2803.7
10341,2004,438930.4,6480049.8,2804.9
10344,2004,438939.5,6480086.1,2802.2
10347,2004,438948.6,6480122.5,2800.1
10350,2004,438957.6,6480158.9,2799.6
10353,2004,438966.7,6480195.3,2799.2
10356,2004,438975.8,6480231.7,2800.0
10359,2004,438984.9,6480268.1,2800.3
9993,2001,437914.3,6475819.9,2909.4
9996,2001,437923.4,6475856.3,2905.8
9999,2001,437932.5,6475892.7,2903.3
10002,2001,437941.5,6475929.1,2904.0
10005,2001,437950.6,6475965.5,2898.5
10008,2001,437959.7,6476001.9,2892.4
10011,2001,437968.8,6476038.2,2887.7
10014,2001,437977.8,6476074.6,2891.3
10017,2001,437986.9,6476111.0,2887.4
10020,2001,437996.0,6476147.4,2881.1
10023,2001,438005.0,6476183.8,2879.4
10026,2001,438014.1,6476220.2,2877.1
10029,2001,438023.2,6476256.6,2875.3
10032,2001,438032.3,6476292.9,2877.4
10035,2001,438041.3,6476329.3,2880.2
10038,2001,438050.4,6476365.7,2880.4
10041,2001,438059.5,6476402.1,2877.5
10044,2001,438068.6,6476438.5,2878.3
10047,2001,438077.6,6476474.9,2878.3
10050,2001,438086.7,6476511.3,2876.8
10053,2001,438095.8,6476547.6,2875.7
10056,2001,438104.9,6476584.0,2877.8
10059,2001,438113.9,6476620.4,2887.8
10062,2001,438123.0,6476656.8,2906.2
10065,2001,438132.1,6476693.2,2950.0
10068,2001,438141.1,6476729.6,2971.2
10071,2001,438150.2,6476766.0,2983.1
10074,2001,438159.3,6476802.3,2985.4
10077,2001,438168.4,6476838.7,2986.7
10080,2001,438177.4,6476875.1,2988.6
10083,2001,438186.5,6476911.5,2992.2
10086,2001,438195.6,6476947.9,2998.1
10089,2001,438204.7,6476984.3,3003.1
10092,2001,438213.7,6477020.7,3008.9
10095,2001,438222.8,6477057.1,3014.8
10098,2001,438231.9,6477093.4,3016.4
10101,2001,438240.9,6477129.8,3018.0
10104,2001,438250.0,6477166.2,3024.4
10107,2001,438259.1,6477202.6,3043.5
10110,2001,438268.2,6477239.0,3067.7
10113,2001,438277.2,6477275.4,3081.2
10116,2001,438286.3,6477311.8,3088.0
10119,2001,438295.4,6477348.1,3092.9
10122,2001,438304.5,6477384.5,3097.1
10125,2001,438313.5,6477420.9,3102.9
10128,2001,438322.6,6477457.3,3107.1
10131,2001,438331.7,6477493.7,3109.7
10134,2001,438340.8,6477530.1,3111.2
10137,2001,438349.8,6477566.5,3112.9
10140,2001,438358.9,6477602.8,3114.4
10143,2001,438368.0,6477639.2,3114.4
10146,2001,438377.0,6477675.6,3115.5
10149,2001,438386.1,6477712.0,3113.6
10152,2001,438395.2,6477748.4,3107.6
10155,2001,438404.3,6477784.8,3098.3
10158,2001,438413.3,6477821.2,3089.8
10161,2001,438422.4,6477857.5,3079.1
10164,2001,438431.5,6477893.9,3072.1
10167,2001,438440.6,6477930.3,3067.8
10170,2001,438449.6,6477966.7,3062.5
10173,2001,438458.7,6478003.1,3050.0
10176,2001,438467.8,6478039.5,3034.5
10179,2001,438476.8,6478075.9,3015.1
10182,2001,438485.9,6478112.2,2990.2
10185,2001,438495.0,6478148.6,2963.1
10188,2001,438504.1,6478185.0,2941.5
10191,2001,438513.1,6478221.4,2918.3
10194,2001,438522.2,6478257.8,2893.0
10197,2001,438531.3,6478294.2,2864.5
10200,2001,438540.4,6478330.6,2832.4
10203,2001,438549.4,6478366.9,2797.0
10206,2001,438558.5,6478403.3,2779.1
10209,2001,438567.6,6478439.7,2775.2
10212,2001,438576.7,6478476.1,2778.1
10215,2001,438585.7,6478512.5,2781.2
10218,2001,438594.8,6478548.9,2778.7
10221,2001,438603.9,6478585.3,2776.7
10224,2001,438612.9,6478621.6,2774.2
10227,2001,438622.0,6478658.0,2768.1
10230,2001,438631.1,6478694.4,2762.4
10233,2001,438640.2,6478730.8,2760.5
10236,2001,438649.2,6478767.2,2759.6
10239,2001,438658.3,6478803.6,2758.5
10242,2001,438667.4,6478840.0,2758.5
10245,2001,438676.5,6478876.3,2756.4
10248,2001,438685.5,6478912.7,2759.6
10251,2001,438694.6,6478949.1,2764.8
10254,2001,438703.7,6478985.5,2767.7
10257,2001,438712.8,6479021.9,2765.9
10260,2001,438721.8,6479058.3,2768.7
10263,2001,438730.9,6479094.7,2775.7
10266,2001,438740.0,6479131.0,2786.0
10269,2001,438749.0,6479167.4,2790.1
10272,2001,438758.1,6479203.8,2797.1
10275,2001,438767.2,6479240.2,2804.8
10278,2001,438776.3,6479276.6,2810.7
10281,2001,438785.3,6479313.0,2817.6
10284,2001,438794.4,6479349.4,2823.5
10287,2001,438803.5,6479385.7,2827.4
10290,2001,438812.6,6479422.1,2826.9
10293,2001,438821.6,6479458.5,2827.1
10296,2001,438830.7,6479494.9,2829.7
10299,2001,438839.8,6479531.3,2833.8
10302,2001,438848.8,6479567.7,2835.0
10305,2001,438857.9,6479604.1,2833.2
10308,2001,438867.0,6479640.4,2836.8
10311,2001,438876.1,6479676.8,2829.3
10314,2001,438885.1,6479713.2,2821.0
10317,2001,438894.2,6479749.6,2817.5
10320,2001,438903.3,6479786.0,2816.6
10323,2001,438912.4,6479822.4,2815.3
10326,2001,438921.4,6479858.8,2812.7
10329,2001,438930.5,6479895.1,2808.0
10332,2001,438939.6,6479931.5,2803.1
10335,2001,438948.7,6479967.9,2804.5
10338,2001,438957.7,6480004.3,2804.6
10341,2001,438966.8,6480040.7,2804.4
10344,2001,438975.9,6480077.1,2803.3
10347,2001,438984.9,6480113.5,2803.9
10350,2001,438994.0,6480149.8,2803.0
10353,2001,439003.1,6480186.2,2798.9
10356,2001,439012.2,6480222.6,2799.1
10359,2001,439021.2,6480259.0,2799.3
9993,1998,437950.7,6475810.9,2899.1
9996,1998,437959.8,6475847.2,2895.8
9999,1998,437968.8,6475883.6,2892.6
10002,1998,437977.9,6475920.0,2890.7
10005,1998,437987.0,6475956.4,2884.8
10008,1998,437996.1,6475992.8,2879.7
10011,1998,438005.1,6476029.2,2878.7
10014,1998,438014.2,6476065.6,2876.5
10017,1998,438023.3,6476101.9,2874.4
10020,1998,438032.4,6476138.3,2869.9
10023,1998,438041.4,6476174.7,2868.0
10026,1998,438050.5,6476211.1,2868.8
10029,1998,438059.6,6476247.5,2869.2
10032,1998,438068.7,6476283.9,2870.2
10035,1998,438077.7,6476320.3,2873.4
10038,1998,438086.8,6476356.6,2872.5
10041,1998,438095.9,6476393.0,2870.4
10044,1998,438104.9,6476429.4,2872.4
10047,1998,438114.0,6476465.8,2872.8
10050,1998,438123.1,6476502.2,2871.4
10053,1998,438132.2,6476538.6,2870.7
10056,1998,438141.2,6476575.0,2874.2
10059,1998,438150.3,6476611.3,2889.3
10062,1998,438159.4,6476647.7,2927.0
10065,1998,438168.5,6476684.1,2963.9
10068,1998,438177.5,6476720.5,2979.1
10071,1998,438186.6,6476756.9,2985.7
10074,1998,438195.7,6476793.3,2987.9
10077,1998,438204.7,6476829.7,2989.7
10080,1998,438213.8,6476866.0,2991.4
10083,1998,438222.9,6476902.4,2994.3
10086,1998,438232.0,6476938.8,2999.6
10089,1998,438241.0,6476975.2,3004.3
10092,1998,438250.1,6477011.6,3009.9
10095,1998,438259.2,6477048.0,3014.0
10098,1998,438268.3,6477084.4,3015.3
10101,1998,438277.3,6477120.7,3014.9
10104,1998,438286.4,6477157.1,3021.3
10107,1998,438295.5,6477193.5,3036.1
10110,1998,438304.6,6477229.9,3063.2
10113,1998,438313.6,6477266.3,3081.7
10116,1998,438322.7,6477302.7,3089.8
10119,1998,438331.8,6477339.1,3096.2
10122,1998,438340.8,6477375.5,3099.8
10125,1998,438349.9,6477411.8,3105.2
10128,1998,438359.0,6477448.2,3109.6
10131,1998,438368.1,6477484.6,3113.8
10134,1998,438377.1,6477521.0,3114.9
10137,1998,438386.2,6477557.4,3116.0
10140,1998,438395.3,6477593.8,3115.8
10143,1998,438404.4,6477630.2,3115.5
10146,1998,438413.4,6477666.5,3114.7
10149,1998,438422.5,6477702.9,3111.5
10152,1998,438431.6,6477739.3,3106.1
10155,1998,438440.7,6477775.7,3099.2
10158,1998,438449.7,6477812.1,3089.5
10161,1998,438458.8,6477848.5,3076.1
10164,1998,438467.9,6477884.9,3067.7
10167,1998,438476.9,6477921.2,3062.0
10170,1998,438486.0,6477957.6,3056.3
10173,1998,438495.1,6477994.0,3045.7
10176,1998,438504.2,6478030.4,3032.0
10179,1998,438513.2,6478066.8,3012.9
10182,1998,438522.3,6478103.2,2988.7
10185,1998,438531.4,6478139.6,2965.5
10188,1998,438540.5,6478175.9,2943.3
10191,1998,438549.5,6478212.3,2920.4
10194,1998,438558.6,6478248.7,2893.1
10197,1998,438567.7,6478285.1,2862.3
10200,1998,438576.7,6478321.5,2820.8
10203,1998,438585.8,6478357.9,2787.5
10206,1998,438594.9,6478394.3,2775.0
10209,1998,438604.0,6478430.6,2772.1
10212,1998,438613.0,6478467.0,2775.1
10215,1998,438622.1,6478503.4,2779.4
10218,1998,438631.2,6478539.8,2777.4
10221,1998,438640.3,6478576.2,2774.0
10224,1998,438649.3,6478612.6,2771.0
10227,1998,438658.4,6478649.0,2766.2
10230,1998,438667.5,6478685.3,2760.2
10233,1998,438676.6,6478721.7,2757.8
10236,1998,438685.6,6478758.1,2757.3
10239,1998,438694.7,6478794.5,2756.7
10242,1998,438703.8,6478830.9,2755.6
10245,1998,438712.8,6478867.3,2754.4
10248,1998,438721.9,6478903.7,2756.2
10251,1998,438731.0,6478940.0,2760.0
10254,1998,438740.1,6478976.4,2759.3
10257,1998,438749.1,6479012.8,2756.9
10260,1998,438758.2,6479049.2,2761.0
10263,1998,438767.3,6479085.6,2771.0
10266,1998,438776.4,6479122.0,2780.4
10269,1998,438785.4,6479158.4,2787.7
10272,1998,438794.5,6479194.7,2793.2
10275,1998,438803.6,6479231.1,2800.8
10278,1998,438812.6,6479267.5,2803.8
10281,1998,438821.7,6479303.9,2809.6
10284,1998,438830.8,6479340.3,2818.5
10287,1998,438839.9,6479376.7,2824.6
10290,1998,438848.9,6479413.1,2824.7
10293,1998,438858.0,6479449.4,2822.1
10296,1998,438867.1,6479485.8,2825.0
10299,1998,438876.2,6479522.2,2829.5
10302,1998,438885.2,6479558.6,2834.0
10305,1998,438894.3,6479595.0,2836.0
10308,1998,438903.4,6479631.4,2833.2
10311,1998,438912.5,6479667.8,2832.3
10314,1998,438921.5,6479704.1,2826.4
10317,1998,438930.6,6479740.5,2821.1
10320,1998,438939.7,6479776.9,2822.4
10323,1998,438948.7,6479813.3,2822.4
10326,1998,438957.8,6479849.7,2820.8
10329,1998,438966.9,6479886.1,2813.8
10332,1998,438976.0,6479922.5,2809.0
10335,1998,438985.0,6479958.8,2807.9
10338,1998,438994.1,6479995.2,2805.4
10341,1998,439003.2,6480031.6,2805.3
10344,1998,439012.3,6480068.0,2805.8
10347,1998,439021.3,6480104.4,2807.4
10350,1998,439030.4,6480140.8,2806.0
10353,1998,439039.5,6480177.2,2802.4
10356,1998,439048.5,6480213.5,2802.2
9996,1995,437996.2,6475838.2,2886.7
9999,1995,438005.2,6475874.6,2886.2
10002,1995,438014.3,6475910.9,2880.3
10005,1995,438023.4,6475947.3,2874.2
10008,1995,438032.5,6475983.7,2869.8
10011,1995,438041.5,6476020.1,2868.6
10014,1995,438050.6,6476056.5,2867.4
10017,1995,438059.7,6476092.9,2865.2
10020,1995,438068.7,6476129.3,2864.8
10023,1995,438077.8,6476165.6,2860.5
10026,1995,438086.9,6476202.0,2862.2
10029,1995,438096.0,6476238.4,2863.0
10032,1995,438105.0,6476274.8,2864.4
10035,1995,438114.1,6476311.2,2864.8
10038,1995,438123.2,6476347.6,2864.5
10041,1995,438132.3,6476384.0,2865.0
10044,1995,438141.3,6476420.3,2868.1
10047,1995,438150.4,6476456.7,2868.5
10050,1995,438159.5,6476493.1,2867.7
10053,1995,438168.6,6476529.5,2868.4
10056,1995,438177.6,6476565.9,2873.9
10059,1995,438186.7,6476602.3,2897.4
10062,1995,438195.8,6476638.7,2939.0
10065,1995,438204.8,6476675.0,2964.3
10068,1995,438213.9,6476711.4,2980.8
10071,1995,438223.0,6476747.8,2986.4
10074,1995,438232.1,6476784.2,2992.1
10077,1995,438241.1,6476820.6,2994.3
10080,1995,438250.2,6476857.0,2996.0
10083,1995,438259.3,6476893.4,2997.9
10086,1995,438268.4,6476929.7,3000.6
10089,1995,438277.4,6476966.1,3005.7
10092,1995,438286.5,6477002.5,3010.3
10095,1995,438295.6,6477038.9,3013.2
10098,1995,438304.6,6477075.3,3014.4
10101,1995,438313.7,6477111.7,3013.8
10104,1995,438322.8,6477148.1,3019.9
10107,1995,438331.9,6477184.4,3045.3
10110,1995,438340.9,6477220.8,3070.0
10113,1995,438350.0,6477257.2,3086.6
10116,1995,438359.1,6477293.6,3093.0
10119,1995,438368.2,6477330.0,3097.6
10122,1995,438377.2,6477366.4,3100.9
10125,1995,438386.3,6477402.8,3105.3
10128,1995,438395.4,6477439.1,3109.1
10131,1995,438404.5,6477475.5,3113.5
10134,1995,438413.5,6477511.9,3115.5
10137,1995,438422.6,6477548.3,3114.9
10140,1995,438431.7,6477584.7,3113.2
10143,1995,438440.7,6477621.1,3112.7
10146,1995,438449.8,6477657.5,3110.4
10149,1995,438458.9,6477693.8,3107.3
10152,1995,438468.0,6477730.2,3102.5
10155,1995,438477.0,6477766.6,3096.7
10158,1995,438486.1,6477803.0,3085.7
10161,1995,438495.2,6477839.4,3074.3
10164,1995,438504.3,6477875.8,3066.5
10167,1995,438513.3,6477912.2,3060.6
10170,1995,438522.4,6477948.5,3055.2
10173,1995,438531.5,6477984.9,3041.2
10176,1995,438540.5,6478021.3,3025.0
10179,1995,438549.6,6478057.7,3003.5
10182,1995,438558.7,6478094.1,2985.7
10185,1995,438567.8,6478130.5,2960.0
10188,1995,438576.8,6478166.9,2939.2
10191,1995,438585.9,6478203.3,2913.6
10194,1995,438595.0,6478239.6,2884.3
10197,1995,438604.1,6478276.0,2855.9
10200,1995,438613.1,6478312.4,2816.9
10203,1995,438622.2,6478348.8,2784.6
10206,1995,438631.3,6478385.2,2770.2
10209,1995,438640.4,6478421.6,2768.2
10212,1995,438649.4,6478458.0,2774.1
10215,1995,438658.5,6478494.3,2776.4
10218,1995,438667.6,6478530.7,2774.0
10221,1995,438676.6,6478567.1,2771.2
10224,1995,438685.7,6478603.5,2766.9
10227,1995,438694.8,6478639.9,2763.5
10230,1995,438703.9,6478676.3,2759.1
10233,1995,438712.9,6478712.7,2756.0
10236,1995,438722.0,6478749.0,2755.6
10239,1995,438731.1,6478785.4,2754.1
10242,1995,438740.2,6478821.8,2753.2
10245,1995,438749.2,6478858.2,2752.5
10248,1995,438758.3,6478894.6,2752.6
10251,1995,438767.4,6478931.0,2752.9
10254,1995,438776.4,6478967.4,2752.4
10257,1995,438785.5,6479003.7,2750.5
10260,1995,438794.6,6479040.1,2756.0
10263,1995,438803.7,6479076.5,2767.7
10266,1995,438812.7,6479112.9,2778.3
10269,1995,438821.8,6479149.3,2783.4
10272,1995,438830.9,6479185.7,2788.3
10275,1995,438840.0,6479222.1,2795.3
10278,1995,438849.0,6479258.4,2800.7
10281,1995,438858.1,6479294.8,2802.9
10284,1995,438867.2,6479331.2,2813.7
10287,1995,438876.3,6479367.6,2819.0
10290,1995,438885.3,6479404.0,2821.8
10293,1995,438894.4,6479440.4,2817.3
10296,1995,438903.5,6479476.8,2820.3
10299,1995,438912.5,6479513.1,2823.9
10302,1995,438921.6,6479549.5,2831.9
10305,1995,438930.7,6479585.9,2837.2
10308,1995,438939.8,6479622.3,2835.9
10311,1995,438948.8,6479658.7,2839.7
10314,1995,438957.9,6479695.1,2833.2
10317,1995,438967.0,6479731.5,2825.2
10320,1995,438976.1,6479767.8,2826.8
10323,1995,438985.1,6479804.2,2827.9
10326,1995,438994.2,6479840.6,2825.9
10329,1995,439003.3,6479877.0,2821.1
10332,1995,439012.4,6479913.4,2814.0
10335,1995,439021.4,6479949.8,2806.9
10338,1995,439030.5,6479986.2,2805.2
10341,1995,439039.6,6480022.5,2806.2
10344,1995,439048.6,6480058.9,2808.3
10347,1995,439057.7,6480095.3,2810.4
10350,1995,439066.8,6480131.7,2808.7
10353,1995,439075.9,6480168.1,2807.3
10356,1995,439084.9,6480204.5,2806.1
9996,1992,438032.5,6475829.1,2876.5
9999,1992,438041.6,6475865.5,2877.0
10002,1992,438050.7,6475901.9,2871.4
10005,1992,438059.8,6475938.3,2867.1
10008,1992,438068.8,6475974.6,2860.4
10011,1992,438077.9,6476011.0,2858.4
10014,1992,438087.0,6476047.4,2855.5
10017,1992,438096.1,6476083.8,2853.8
10020,1992,438105.1,6476120.2,2854.2
10023,1992,438114.2,6476156.6,2852.4
10026,1992,438123.3,6476193.0,2853.8
10029,1992,438132.4,6476229.3,2855.7
10032,1992,438141.4,6476265.7,2857.8
10035,1992,438150.5,6476302.1,2858.6
10038,1992,438159.6,6476338.5,2858.4
10041,1992,438168.6,6476374.9,2860.3
10044,1992,438177.7,6476411.3,2864.1
10047,1992,438186.8,6476447.7,2866.1
10050,1992,438195.9,6476484.0,2866.9
10053,1992,438204.9,6476520.4,2870.7
10056,1992,438214.0,6476556.8,2887.0
10059,1992,438223.1,6476593.2,2913.1
10062,1992,438232.2,6476629.6,2942.3
10065,1992,438241.2,6476666.0,2966.1
10068,1992,438250.3,6476702.4,2979.8
10071,1992,438259.4,6476738.7,2986.9
10074,1992,438268.4,6476775.1,2994.0
10077,1992,438277.5,6476811.5,3000.7
10080,1992,438286.6,6476847.9,3002.3
10083,1992,438295.7,6476884.3,3003.5
10086,1992,438304.7,6476920.7,3005.2
10089,1992,438313.8,6476957.1,3009.5
10092,1992,438322.9,6476993.4,3011.9
10095,1992,438332.0,6477029.8,3013.9
10098,1992,438341.0,6477066.2,3014.5
10101,1992,438350.1,6477102.6,3014.2
10104,1992,438359.2,6477139.0,3019.5
10107,1992,438368.3,6477175.4,3041.1
10110,1992,438377.3,6477211.8,3070.6
10113,1992,438386.4,6477248.1,3088.8
10116,1992,438395.5,6477284.5,3096.2
10119,1992,438404.5,6477320.9,3099.6
10122,1992,438413.6,6477357.3,3102.1
10125,1992,438422.7,6477393.7,3103.8
10128,1992,438431.8,6477430.1,3106.6
10131,1992,438440.8,6477466.5,3109.6
10134,1992,438449.9,6477502.8,3110.8
10137,1992,438459.0,6477539.2,3110.9
10140,1992,438468.1,6477575.6,3110.6
10143,1992,438477.1,6477612.0,3106.6
10146,1992,438486.2,6477648.4,3103.4
10149,1992,438495.3,6477684.8,3100.3
10152,1992,438504.3,6477721.2,3097.0
10155,1992,438513.4,6477757.5,3089.5
10158,1992,438522.5,6477793.9,3082.7
10161,1992,438531.6,6477830.3,3072.0
10164,1992,438540.6,6477866.7,3065.3
10167,1992,438549.7,6477903.1,3059.9
10170,1992,438558.8,6477939.5,3052.2
10173,1992,438567.9,6477975.9,3040.7
10176,1992,438576.9,6478012.2,3020.8
10179,1992,438586.0,6478048.6,2997.2
10182,1992,438595.1,6478085.0,2971.9
10185,1992,438604.2,6478121.4,2950.1
10188,1992,438613.2,6478157.8,2923.3
10191,1992,438622.3,6478194.2,2903.0
10194,1992,438631.4,6478230.6,2871.1
10197,1992,438640.4,6478267.0,2844.2
10200,1992,438649.5,6478303.3,2809.0
10203,1992,438658.6,6478339.7,2780.4
10206,1992,438667.7,6478376.1,2768.0
10209,1992,438676.7,6478412.5,2764.0
10212,1992,438685.8,6478448.9,2770.0
10215,1992,438694.9,6478485.3,2771.9
10218,1992,438704.0,6478521.7,2768.7
10221,1992,438713.0,6478558.0,2767.6
10224,1992,438722.1,6478594.4,2765.8
10227,1992,438731.2,6478630.8,2761.5
10230,1992,438740.3,6478667.2,2757.1
10233,1992,438749.3,6478703.6,2753.7
10236,1992,438758.4,6478740.0,2752.9
10239,1992,438767.5,6478776.4,2751.9
10242,1992,438776.5,6478812.7,2749.6
10245,1992,438785.6,6478849.1,2749.9
10248,1992,438794.7,6478885.5,2748.3
10251,1992,438803.8,6478921.9,2748.2
10254,1992,438812.8,6478958.3,2746.0
10257,1992,438821.9,6478994.7,2744.7
10260,1992,438831.0,6479031.1,2753.3
10263,1992,438840.1,6479067.4,2764.8
10266,1992,438849.1,6479103.8,2773.1
10269,1992,438858.2,6479140.2,2774.7
10272,1992,438867.3,6479176.6,2782.8
10275,1992,438876.3,6479213.0,2790.8
10278,1992,438885.4,6479249.4,2795.6
10281,1992,438894.5,6479285.8,2799.4
10284,1992,438903.6,6479322.1,2804.8
10287,1992,438912.6,6479358.5,2811.3
10290,1992,438921.7,6479394.9,2811.8
10293,1992,438930.8,6479431.3,2813.1
10296,1992,438939.9,6479467.7,2815.8
10299,1992,438948.9,6479504.1,2821.0
10302,1992,438958.0,6479540.5,2829.7
10305,1992,438967.1,6479576.8,2835.8
10308,1992,438976.2,6479613.2,2836.1
10311,1992,438985.2,6479649.6,2833.5
10314,1992,438994.3,6479686.0,2828.6
10317,1992,439003.4,6479722.4,2827.0
10320,1992,439012.4,6479758.8,2829.4
10323,1992,439021.5,6479795.2,2829.4
10326,1992,439030.6,6479831.5,2827.8
10329,1992,439039.7,6479867.9,2824.1
10332,1992,439048.7,6479904.3,2816.4
10335,1992,439057.8,6479940.7,2808.4
10338,1992,439066.9,6479977.1,2806.3
10341,1992,439076.0,6480013.5,2807.8
10344,1992,439085.0,6480049.9,2810.2
10347,1992,439094.1,6480086.2,2811.8
10350,1992,439103.2,6480122.6,2810.9
10353,1992,439112.2,6480159.0,2809.0
10356,1992,439121.3,6480195.4,2806.1
9996,1989,438068.9,6475820.0,2866.8
9999,1989,438078.0,6475856.4,2865.5
10002,1989,438087.1,6475892.8,2861.6
10005,1989,438096.2,6475929.2,2857.4
10008,1989,438105.2,6475965.6,2854.4
10011,1989,438114.3,6476002.0,2849.5
10014,1989,438123.4,6476038.3,2847.1
10017,1989,438132.4,6476074.7,2845.9
10020,1989,438141.5,6476111.1,2845.4
10023,1989,438150.6,6476147.5,2845.6
10026,1989,438159.7,6476183.9,2848.9
10029,1989,438168.7,6476220.3,2850.9
10032,1989,438177.8,6476256.7,2853.5
10035,1989,438186.9,6476293.0,2853.2
10038,1989,438196.0,6476329.4,2853.4
10041,1989,438205.0,6476365.8,2857.2
10044,1989,438214.1,6476402.2,2861.7
10047,1989,438223.2,6476438.6,2865.9
10050,1989,438232.2,6476475.0,2870.9
10053,1989,438241.3,6476511.4,2880.0
10056,1989,438250.4,6476547.7,2906.7
10059,1989,438259.5,6476584.1,2940.4
10062,1989,438268.5,6476620.5,2961.4
10065,1989,438277.6,6476656.9,2971.9
10068,1989,438286.7,6476693.3,2979.9
10071,1989,438295.8,6476729.7,2988.1
10074,1989,438304.8,6476766.1,2997.8
10077,1989,438313.9,6476802.4,3007.0
10080,1989,438323.0,6476838.8,3009.5
10083,1989,438332.1,6476875.2,3010.5
10086,1989,438341.1,6476911.6,3010.1
10089,1989,438350.2,6476948.0,3013.2
10092,1989,438359.3,6476984.4,3015.1
10095,1989,438368.3,6477020.8,3016.1
10098,1989,438377.4,6477057.1,3015.6
10101,1989,438386.5,6477093.5,3015.6
10104,1989,438395.6,6477129.9,3019.3
10107,1989,438404.6,6477166.3,3035.9
10110,1989,438413.7,6477202.7,3067.1
10113,1989,438422.8,6477239.1,3087.9
10116,1989,438431.9,6477275.5,3095.6
10119,1989,438440.9,6477311.8,3099.5
10122,1989,438450.0,6477348.2,3101.6
10125,1989,438459.1,6477384.6,3102.2
10128,1989,438468.1,6477421.0,3103.7
10131,1989,438477.2,6477457.4,3106.0
10134,1989,438486.3,6477493.8,3105.5
10137,1989,438495.4,6477530.2,3106.1
10140,1989,438504.4,6477566.5,3106.2
10143,1989,438513.5,6477602.9,3100.7
10146,1989,438522.6,6477639.3,3096.2
10149,1989,438531.7,6477675.7,3093.4
10152,1989,438540.7,6477712.1,3090.9
10155,1989,438549.8,6477748.5,3083.6
10158,1989,438558.9,6477784.9,3076.2
10161,1989,438568.0,6477821.2,3065.9
10164,1989,438577.0,6477857.6,3060.7
10167,1989,438586.1,6477894.0,3055.8
10170,1989,438595.2,6477930.4,3046.4
10173,1989,438604.2,6477966.8,3035.9
10176,1989,438613.3,6478003.2,3015.1
10179,1989,438622.4,6478039.6,2990.2
10182,1989,438631.5,6478075.9,2963.7
10185,1989,438640.5,6478112.3,2941.1
10188,1989,438649.6,6478148.7,2912.6
10191,1989,438658.7,6478185.1,2884.2
10194,1989,438667.8,6478221.5,2851.4
10197,1989,438676.8,6478257.9,2824.1
10200,1989,438685.9,6478294.3,2801.4
10203,1989,438695.0,6478330.6,2776.0
10206,1989,438704.1,6478367.0,2764.4
10209,1989,438713.1,6478403.4,2761.1
10212,1989,438722.2,6478439.8,2765.7
10215,1989,438731.3,6478476.2,2766.8
10218,1989,438740.3,6478512.6,2763.1
10221,1989,438749.4,6478549.0,2764.6
10224,1989,438758.5,6478585.3,2763.8
10227,1989,438767.6,6478621.7,2759.6
10230,1989,438776.6,6478658.1,2753.6
10233,1989,438785.7,6478694.5,2751.3
10236,1989,438794.8,6478730.9,2749.8
10239,1989,438803.9,6478767.3,2748.3
10242,1989,438812.9,6478803.7,2745.3
10245,1989,438822.0,6478840.0,2745.7
10248,1989,438831.1,6478876.4,2745.2
10251,1989,438840.1,6478912.8,2742.4
10254,1989,438849.2,6478949.2,2740.9
10257,1989,438858.3,6478985.6,2741.7
10260,1989,438867.4,6479022.0,2751.4
10263,1989,438876.4,6479058.4,2765.2
10266,1989,438885.5,6479094.8,2768.2
10269,1989,438894.6,6479131.1,2769.4
10272,1989,438903.7,6479167.5,2775.7
10275,1989,438912.7,6479203.9,2783.3
10278,1989,438921.8,6479240.3,2790.8
10281,1989,438930.9,6479276.7,2796.0
10284,1989,438940.0,6479313.1,2799.9
10287,1989,438949.0,6479349.5,2805.0
10290,1989,438958.1,6479385.8,2806.5
10293,1989,438967.2,6479422.2,2810.0
10296,1989,438976.2,6479458.6,2814.7
10299,1989,438985.3,6479495.0,2820.2
10302,1989,438994.4,6479531.4,2825.9
10305,1989,439003.5,6479567.8,2827.9
10308,1989,439012.5,6479604.2,2832.6
10311,1989,439021.6,6479640.5,2826.1
10314,1989,439030.7,6479676.9,2823.5
10317,1989,439039.8,6479713.3,2825.3
10320,1989,439048.8,6479749.7,2828.7
10323,1989,439057.9,6479786.1,2828.7
10326,1989,439067.0,6479822.5,2827.1
10329,1989,439076.0,6479858.9,2820.8
10332,1989,439085.1,6479895.2,2814.0
10335,1989,439094.2,6479931.6,2809.4
10338,1989,439103.3,6479968.0,2807.0
10341,1989,439112.3,6480004.4,2808.7
10344,1989,439121.4,6480040.8,2810.1
10347,1989,439130.5,6480077.2,2812.1
10350,1989,439139.6,6480113.6,2813.0
10353,1989,439148.6,6480149.9,2812.9
9996,1986,438105.3,6475811.0,2856.2
9999,1986,438114.4,6475847.3,2852.9
10002,1986,438123.5,6475883.7,2850.5
10005,1986,438132.5,6475920.1,2848.4
10008,1986,438141.6,6475956.5,2846.4
10011,1986,438150.7,6475992.9,2843.5
10014,1986,438159.8,6476029.3,2843.1
10017,1986,438168.8,6476065.7,2843.3
10020,1986,438177.9,6476102.0,2840.8
10023,1986,438187.0,6476138.4,2841.2
10026,1986,438196.0,6476174.8,2843.8
10029,1986,438205.1,6476211.2,2846.1
10032,1986,438214.2,6476247.6,2847.6
10035,1986,438223.3,6476284.0,2848.5
10038,1986,438232.3,6476320.4,2851.1
10041,1986,438241.4,6476356.7,2856.3
10044,1986,438250.5,6476393.1,2861.4
10047,1986,438259.6,6476429.5,2869.8
10050,1986,438268.6,6476465.9,2876.5
10053,1986,438277.7,6476502.3,2897.8
10056,1986,438286.8,6476538.7,2930.6
10059,1986,438295.9,6476575.1,2953.0
10062,1986,438304.9,6476611.4,2964.5
10065,1986,438314.0,6476647.8,2975.2
10068,1986,438323.1,6476684.2,2982.9
10071,1986,438332.1,6476720.6,2991.6
10074,1986,438341.2,6476757.0,3003.7
10077,1986,438350.3,6476793.4,3010.9
10080,1986,438359.4,6476829.8,3015.4
10083,1986,438368.4,6476866.1,3015.8
10086,1986,438377.5,6476902.5,3016.9
10089,1986,438386.6,6476938.9,3018.8
10092,1986,438395.7,6476975.3,3019.4
10095,1986,438404.7,6477011.7,3018.8
10098,1986,438413.8,6477048.1,3019.0
10101,1986,438422.9,6477084.5,3018.8
10104,1986,438432.0,6477120.8,3023.5
10107,1986,438441.0,6477157.2,3039.6
10110,1986,438450.1,6477193.6,3059.3
10113,1986,438459.2,6477230.0,3081.2
10116,1986,438468.2,6477266.4,3092.7
10119,1986,438477.3,6477302.8,3097.3
10122,1986,438486.4,6477339.2,3098.5
10125,1986,438495.5,6477375.5,3098.6
10128,1986,438504.5,6477411.9,3101.0
10131,1986,438513.6,6477448.3,3100.9
10134,1986,438522.7,6477484.7,3101.3
10137,1986,438531.8,6477521.1,3101.6
10140,1986,438540.8,6477557.5,3100.1
10143,1986,438549.9,6477593.9,3096.2
10146,1986,438559.0,6477630.2,3089.9
10149,1986,438568.0,6477666.6,3088.1
10152,1986,438577.1,6477703.0,3084.1
10155,1986,438586.2,6477739.4,3076.5
10158,1986,438595.3,6477775.8,3067.2
10161,1986,438604.3,6477812.2,3060.4
10164,1986,438613.4,6477848.6,3052.8
10167,1986,438622.5,6477884.9,3047.8
10170,1986,438631.6,6477921.3,3037.7
10173,1986,438640.6,6477957.7,3025.5
10176,1986,438649.7,6477994.1,3002.3
10179,1986,438658.8,6478030.5,2982.4
10182,1986,438667.9,6478066.9,2960.4
10185,1986,438676.9,6478103.3,2930.9
10188,1986,438686.0,6478139.6,2901.6
10191,1986,438695.1,6478176.0,2874.3
10194,1986,438704.1,6478212.4,2847.6
10197,1986,438713.2,6478248.8,2814.8
10200,1986,438722.3,6478285.2,2786.7
10203,1986,438731.4,6478321.6,2766.2
10206,1986,438740.4,6478358.0,2758.9
10209,1986,438749.5,6478394.3,2757.7
10212,1986,438758.6,6478430.7,2759.4
10215,1986,438767.7,6478467.1,2761.0
10218,1986,438776.7,6478503.5,2759.9
10221,1986,438785.8,6478539.9,2761.1
10224,1986,438794.9,6478576.3,2760.4
10227,1986,438803.9,6478612.7,2757.0
10230,1986,438813.0,6478649.0,2751.4
10233,1986,438822.1,6478685.4,2749.5
10236,1986,438831.2,6478721.8,2746.6
10239,1986,438840.2,6478758.2,2744.7
10242,1986,438849.3,6478794.6,2742.5
10245,1986,438858.4,6478831.0,2741.4
10248,1986,438867.5,6478867.4,2740.5
10251,1986,438876.5,6478903.7,2737.2
10254,1986,438885.6,6478940.1,2736.7
10257,1986,438894.7,6478976.5,2738.9
10260,1986,438903.8,6479012.9,2745.9
10263,1986,438912.8,6479049.3,2757.5
10266,1986,438921.9,6479085.7,2762.1
10269,1986,438931.0,6479122.1,2764.1
10272,1986,438940.0,6479158.4,2770.9
10275,1986,438949.1,6479194.8,2780.4
10278,1986,438958.2,6479231.2,2785.7
10281,1986,438967.3,6479267.6,2791.7
10284,1986,438976.3,6479304.0,2797.1
10287,1986,438985.4,6479340.4,2802.4
10290,1986,438994.5,6479376.8,2805.2
10293,1986,439003.6,6479413.2,2808.1
10296,1986,439012.6,6479449.5,2812.5
10299,1986,439021.7,6479485.9,2815.0
10302,1986,439030.8,6479522.3,2816.6
10305,1986,439039.8,6479558.7,2821.6
10308,1986,439048.9,6479595.1,2825.9
10311,1986,439058.0,6479631.5,2819.4
10314,1986,439067.1,6479667.8,2822.5
10317,1986,439076.1,6479704.2,2822.4
10320,1986,439085.2,6479740.6,2825.9
10323,1986,439094.3,6479777.0,2826.7
10326,1986,439103.4,6479813.4,2824.1
10329,1986,439112.4,6479849.8,2815.5
10332,1986,439121.5,6479886.2,2812.4
10335,1986,439130.6,6479922.6,2808.8
10338,1986,439139.7,6479958.9,2807.4
10341,1986,439148.7,6479995.3,2812.5
10344,1986,439157.8,6480031.7,2815.4
10347,1986,439166.9,6480068.1,2815.5
10350,1986,439175.9,6480104.5,2814.8
10353,1986,439185.0,6480140.9,2816.9
9999,1983,438150.8,6475838.3,2842.9
10002,1983,438159.9,6475874.7,2841.9
10005,1983,438168.9,6475911.0,2842.6
10008,1983,438178.0,6475947.4,2841.6
10011,1983,438187.1,6475983.8,2840.6
10014,1983,438196.1,6476020.2,2840.4
10017,1983,438205.2,6476056.6,2839.5
10020,1983,438214.3,6476093.0,2838.1
10023,1983,438223.4,6476129.4,2839.0
10026,1983,438232.4,6476165.7,2841.1
10029,1983,438241.5,6476202.1,2842.1
10032,1983,438250.6,6476238.5,2843.7
10035,1983,438259.7,6476274.9,2844.5
10038,1983,438268.7,6476311.3,2848.8
10041,1983,438277.8,6476347.7,2855.3
10044,1983,438286.9,6476384.1,2867.4
10047,1983,438295.9,6476420.4,2884.5
10050,1983,438305.0,6476456.8,2899.4
10053,1983,438314.1,6476493.2,2923.4
10056,1983,438323.2,6476529.6,2944.9
10059,1983,438332.2,6476566.0,2960.3
10062,1983,438341.3,6476602.4,2968.7
10065,1983,438350.4,6476638.8,2979.2
10068,1983,438359.5,6476675.1,2986.4
10071,1983,438368.5,6476711.5,2995.1
10074,1983,438377.6,6476747.9,3005.3
10077,1983,438386.7,6476784.3,3016.6
10080,1983,438395.8,6476820.7,3021.6
10083,1983,438404.8,6476857.1,3022.9
10086,1983,438413.9,6476893.5,3024.1
10089,1983,438423.0,6476929.8,3023.7
10092,1983,438432.0,6476966.2,3023.2
10095,1983,438441.1,6477002.6,3022.6
10098,1983,438450.2,6477039.0,3023.7
10101,1983,438459.3,6477075.4,3023.5
10104,1983,438468.3,6477111.8,3024.2
10107,1983,438477.4,6477148.2,3035.6
10110,1983,438486.5,6477184.5,3058.9
10113,1983,438495.6,6477220.9,3077.7
10116,1983,438504.6,6477257.3,3090.6
10119,1983,438513.7,6477293.7,3094.1
10122,1983,438522.8,6477330.1,3092.2
10125,1983,438531.8,6477366.5,3095.7
10128,1983,438540.9,6477402.9,3097.2
10131,1983,438550.0,6477439.2,3097.0
10134,1983,438559.1,6477475.6,3097.8
10137,1983,438568.1,6477512.0,3099.0
10140,1983,438577.2,6477548.4,3095.9
10143,1983,438586.3,6477584.8,3090.6
10146,1983,438595.4,6477621.2,3081.5
10149,1983,438604.4,6477657.6,3079.1
10152,1983,438613.5,6477693.9,3074.5
10155,1983,438622.6,6477730.3,3067.9
10158,1983,438631.7,6477766.7,3062.5
10161,1983,438640.7,6477803.1,3052.5
10164,1983,438649.8,6477839.5,3047.7
10167,1983,438658.9,6477875.9,3044.4
10170,1983,438667.9,6477912.3,3036.5
10173,1983,438677.0,6477948.6,3020.1
10176,1983,438686.1,6477985.0,2996.2
10179,1983,438695.2,6478021.4,2969.3
10182,1983,438704.2,6478057.8,2945.7
10185,1983,438713.3,6478094.2,2914.3
10188,1983,438722.4,6478130.6,2893.8
10191,1983,438731.5,6478167.0,2871.3
10194,1983,438740.5,6478203.3,2840.5
10197,1983,438749.6,6478239.7,2810.4
10200,1983,438758.7,6478276.1,2783.8
10203,1983,438767.7,6478312.5,2765.7
10206,1983,438776.8,6478348.9,2756.1
10209,1983,438785.9,6478385.3,2755.4
10212,1983,438795.0,6478421.7,2757.5
10215,1983,438804.0,6478458.0,2758.1
10218,1983,438813.1,6478494.4,2758.2
10221,1983,438822.2,6478530.8,2758.9
10224,1983,438831.3,6478567.2,2759.2
10227,1983,438840.3,6478603.6,2755.4
10230,1983,438849.4,6478640.0,2750.8
10233,1983,438858.5,6478676.4,2748.6
10236,1983,438867.6,6478712.7,2746.3
10239,1983,438876.6,6478749.1,2743.5
10242,1983,438885.7,6478785.5,2739.7
10245,1983,438894.8,6478821.9,2737.5
10248,1983,438903.8,6478858.3,2734.9
10251,1983,438912.9,6478894.7,2732.9
10254,1983,438922.0,6478931.1,2733.7
10257,1983,438931.1,6478967.4,2737.5
10260,1983,438940.1,6479003.8,2743.9
10263,1983,438949.2,6479040.2,2755.2
10266,1983,438958.3,6479076.6,2758.7
10269,1983,438967.4,6479113.0,2760.9
10272,1983,438976.4,6479149.4,2764.7
10275,1983,438985.5,6479185.8,2775.5
10278,1983,438994.6,6479222.1,2785.2
10281,1983,439003.7,6479258.5,2791.4
10284,1983,439012.7,6479294.9,2797.0
10287,1983,439021.8,6479331.3,2800.3
10290,1983,439030.9,6479367.7,2802.6
10293,1983,439039.9,6479404.1,2806.6
10296,1983,439049.0,6479440.5,2811.4
10299,1983,439058.1,6479476.8,2813.4
10302,1983,439067.2,6479513.2,2814.5
10305,1983,439076.2,6479549.6,2818.8
10308,1983,439085.3,6479586.0,2821.4
10311,1983,439094.4,6479622.4,2813.5
10314,1983,439103.5,6479658.8,2815.6
10317,1983,439112.5,6479695.2,2820.5
10320,1983,439121.6,6479731.5,2823.2
10323,1983,439130.7,6479767.9,2824.8
10326,1983,439139.7,6479804.3,2821.9
10329,1983,439148.8,6479840.7,2815.0
10332,1983,439157.9,6479877.1,2812.0
10335,1983,439167.0,6479913.5,2807.7
10338,1983,439176.0,6479949.9,2808.3
10341,1983,439185.1,6479986.2,2814.3
10344,1983,439194.2,6480022.6,2819.4
10347,1983,439203.3,6480059.0,2820.6
10350,1983,439212.3,6480095.4,2821.7
9999,1980,438187.2,6475829.2,2837.1
10002,1980,438196.2,6475865.6,2838.3
10005,1980,438205.3,6475902.0,2840.0
10008,1980,438214.4,6475938.3,2839.1
10011,1980,438223.5,6475974.7,2837.8
10014,1980,438232.5,6476011.1,2836.9
10017,1980,438241.6,6476047.5,2836.8
10020,1980,438250.7,6476083.9,2836.3
10023,1980,438259.7,6476120.3,2838.3
10026,1980,438268.8,6476156.7,2839.6
10029,1980,438277.9,6476193.1,2840.3
10032,1980,438287.0,6476229.4,2841.9
10035,1980,438296.0,6476265.8,2844.1
10038,1980,438305.1,6476302.2,2848.1
10041,1980,438314.2,6476338.6,2857.7
10044,1980,438323.3,6476375.0,2876.3
10047,1980,438332.3,6476411.4,2905.0
10050,1980,438341.4,6476447.8,2924.1
10053,1980,438350.5,6476484.1,2943.5
10056,1980,438359.6,6476520.5,2956.1
10059,1980,438368.6,6476556.9,2964.5
10062,1980,438377.7,6476593.3,2974.2
10065,1980,438386.8,6476629.7,2981.3
10068,1980,438395.8,6476666.1,2990.4
10071,1980,438404.9,6476702.5,2998.3
10074,1980,438414.0,6476738.8,3005.9
10077,1980,438423.1,6476775.2,3019.7
10080,1980,438432.1,6476811.6,3026.8
10083,1980,438441.2,6476848.0,3029.7
10086,1980,438450.3,6476884.4,3029.0
10089,1980,438459.4,6476920.8,3027.2
10092,1980,438468.4,6476957.2,3026.0
10095,1980,438477.5,6476993.5,3026.0
10098,1980,438486.6,6477029.9,3027.7
10101,1980,438495.6,6477066.3,3029.2
10104,1980,438504.7,6477102.7,3029.0
10107,1980,438513.8,6477139.1,3035.8
10110,1980,438522.9,6477175.5,3052.8
10113,1980,438531.9,6477211.9,3074.0
10116,1980,438541.0,6477248.2,3086.2
10119,1980,438550.1,6477284.6,3090.7
10122,1980,438559.2,6477321.0,3086.9
10125,1980,438568.2,6477357.4,3088.8
10128,1980,438577.3,6477393.8,3094.7
10131,1980,438586.4,6477430.2,3095.0
10134,1980,438595.5,6477466.6,3095.1
10137,1980,438604.5,6477502.9,3094.9
10140,1980,438613.6,6477539.3,3090.8
10143,1980,438622.7,6477575.7,3083.9
10146,1980,438631.7,6477612.1,3072.5
10149,1980,438640.8,6477648.5,3068.8
10152,1980,438649.9,6477684.9,3064.2
10155,1980,438659.0,6477721.3,3057.6
10158,1980,438668.0,6477757.6,3052.1
10161,1980,438677.1,6477794.0,3045.4
10164,1980,438686.2,6477830.4,3042.8
10167,1980,438695.3,6477866.8,3039.8
10170,1980,438704.3,6477903.2,3031.9
10173,1980,438713.4,6477939.6,3014.2
10176,1980,438722.5,6477976.0,2989.4
10179,1980,438731.6,6478012.3,2963.5
10182,1980,438740.6,6478048.7,2939.5
10185,1980,438749.7,6478085.1,2908.8
10188,1980,438758.8,6478121.5,2879.6
10191,1980,438767.8,6478157.9,2852.7
10194,1980,438776.9,6478194.3,2827.6
10197,1980,438786.0,6478230.7,2808.2
10200,1980,438795.1,6478267.0,2783.2
10203,1980,438804.1,6478303.4,2764.9
10206,1980,438813.2,6478339.8,2756.4
10209,1980,438822.3,6478376.2,2755.0
10212,1980,438831.4,6478412.6,2756.4
10215,1980,438840.4,6478449.0,2757.7
10218,1980,438849.5,6478485.4,2757.1
10221,1980,438858.6,6478521.7,2757.7
10224,1980,438867.6,6478558.1,2756.3
10227,1980,438876.7,6478594.5,2753.5
10230,1980,438885.8,6478630.9,2750.1
10233,1980,438894.9,6478667.3,2747.6
10236,1980,438903.9,6478703.7,2746.7
10239,1980,438913.0,6478740.1,2744.2
10242,1980,438922.1,6478776.4,2738.9
10245,1980,438931.2,6478812.8,2735.3
10248,1980,438940.2,6478849.2,2731.0
10251,1980,438949.3,6478885.6,2729.3
10254,1980,438958.4,6478922.0,2732.0
10257,1980,438967.5,6478958.4,2736.8
10260,1980,438976.5,6478994.8,2746.7
10263,1980,438985.6,6479031.1,2755.1
10266,1980,438994.7,6479067.5,2757.0
10269,1980,439003.7,6479103.9,2757.4
10272,1980,439012.8,6479140.3,2760.6
10275,1980,439021.9,6479176.7,2772.2
10278,1980,439031.0,6479213.1,2782.8
10281,1980,439040.0,6479249.5,2790.3
10284,1980,439049.1,6479285.8,2796.3
10287,1980,439058.2,6479322.2,2798.9
10290,1980,439067.3,6479358.6,2799.8
10293,1980,439076.3,6479395.0,2806.2
10296,1980,439085.4,6479431.4,2810.3
10299,1980,439094.5,6479467.8,2813.7
10302,1980,439103.5,6479504.2,2814.9
10305,1980,439112.6,6479540.5,2817.4
10308,1980,439121.7,6479576.9,2819.6
10311,1980,439130.8,6479613.3,2810.8
10314,1980,439139.8,6479649.7,2805.5
10317,1980,439148.9,6479686.1,2817.3
10320,1980,439158.0,6479722.5,2820.6
10323,1980,439167.1,6479758.9,2823.3
10326,1980,439176.1,6479795.2,2820.3
10329,1980,439185.2,6479831.6,2815.9
10332,1980,439194.3,6479868.0,2811.5
10335,1980,439203.4,6479904.4,2809.3
10338,1980,439212.4,6479940.8,2808.0
10341,1980,439221.5,6479977.2,2809.9
10344,1980,439230.6,6480013.6,2814.2
10347,1980,439239.6,6480049.9,2818.4
9999,1977,438223.5,6475820.1,2835.4
10002,1977,438232.6,6475856.5,2836.1
10005,1977,438241.7,6475892.9,2837.3
10008,1977,438250.8,6475929.3,2836.0
10011,1977,438259.8,6475965.7,2834.0
10014,1977,438268.9,6476002.0,2835.2
10017,1977,438278.0,6476038.4,2835.1
10020,1977,438287.1,6476074.8,2835.9
10023,1977,438296.1,6476111.2,2836.1
10026,1977,438305.2,6476147.6,2837.4
10029,1977,438314.3,6476184.0,2839.5
10032,1977,438323.4,6476220.4,2840.8
10035,1977,438332.4,6476256.7,2842.5
10038,1977,438341.5,6476293.1,2850.3
10041,1977,438350.6,6476329.5,2862.4
10044,1977,438359.6,6476365.9,2890.7
10047,1977,438368.7,6476402.3,2916.7
10050,1977,438377.8,6476438.7,2938.9
10053,1977,438386.9,6476475.1,2952.2
10056,1977,438395.9,6476511.5,2961.3
10059,1977,438405.0,6476547.8,2967.7
10062,1977,438414.1,6476584.2,2975.5
10065,1977,438423.2,6476620.6,2985.2
10068,1977,438432.2,6476657.0,2992.0
10071,1977,438441.3,6476693.4,3001.7
10074,1977,438450.4,6476729.8,3008.5
10077,1977,438459.5,6476766.2,3021.6
10080,1977,438468.5,6476802.5,3029.0
10083,1977,438477.6,6476838.9,3028.4
10086,1977,438486.7,6476875.3,3031.3
10089,1977,438495.7,6476911.7,3029.9
10092,1977,438504.8,6476948.1,3030.0
10095,1977,438513.9,6476984.5,3031.0
10098,1977,438523.0,6477020.9,3034.1
10101,1977,438532.0,6477057.2,3037.8
10104,1977,438541.1,6477093.6,3042.5
10107,1977,438550.2,6477130.0,3051.2
10110,1977,438559.3,6477166.4,3064.6
10113,1977,438568.3,6477202.8,3074.5
10116,1977,438577.4,6477239.2,3085.9
10119,1977,438586.5,6477275.6,3088.8
10122,1977,438595.5,6477311.9,3086.4
10125,1977,438604.6,6477348.3,3088.7
10128,1977,438613.7,6477384.7,3093.5
10131,1977,438622.8,6477421.1,3094.7
10134,1977,438631.8,6477457.5,3093.3
10137,1977,438640.9,6477493.9,3088.2
10140,1977,438650.0,6477530.3,3081.4
10143,1977,438659.1,6477566.6,3073.6
10146,1977,438668.1,6477603.0,3068.2
10149,1977,438677.2,6477639.4,3061.9
10152,1977,438686.3,6477675.8,3056.1
10155,1977,438695.4,6477712.2,3050.1
10158,1977,438704.4,6477748.6,3045.8
10161,1977,438713.5,6477785.0,3039.8
10164,1977,438722.6,6477821.3,3037.6
10167,1977,438731.6,6477857.7,3031.4
10170,1977,438740.7,6477894.1,3022.5
10173,1977,438749.8,6477930.5,3007.4
10176,1977,438758.9,6477966.9,2982.7
10179,1977,438767.9,6478003.3,2960.6
10182,1977,438777.0,6478039.7,2933.5
10185,1977,438786.1,6478076.0,2904.7
10188,1977,438795.2,6478112.4,2875.2
10191,1977,438804.2,6478148.8,2853.1
10194,1977,438813.3,6478185.2,2826.2
10197,1977,438822.4,6478221.6,2801.0
10200,1977,438831.4,6478258.0,2778.6
10203,1977,438840.5,6478294.4,2763.4
10206,1977,438849.6,6478330.7,2757.5
10209,1977,438858.7,6478367.1,2750.9
10212,1977,438867.7,6478403.5,2754.3
10215,1977,438876.8,6478439.9,2756.5
10218,1977,438885.9,6478476.3,2754.0
10221,1977,438895.0,6478512.7,2755.4
10224,1977,438904.0,6478549.1,2755.8
10227,1977,438913.1,6478585.4,2751.1
10230,1977,438922.2,6478621.8,2747.4
10233,1977,438931.3,6478658.2,2745.1
10236,1977,438940.3,6478694.6,2745.8
10239,1977,438949.4,6478731.0,2742.8
10242,1977,438958.5,6478767.4,2737.5
10245,1977,438967.5,6478803.8,2733.7
10248,1977,438976.6,6478840.1,2728.9
10251,1977,438985.7,6478876.5,2727.4
10254,1977,438994.8,6478912.9,2730.6
10257,1977,439003.8,6478949.3,2735.0
10260,1977,439012.9,6478985.7,2743.7
10263,1977,439022.0,6479022.1,2755.4
10266,1977,439031.1,6479058.5,2757.0
10269,1977,439040.1,6479094.8,2756.7
10272,1977,439049.2,6479131.2,2758.9
10275,1977,439058.3,6479167.6,2770.4
10278,1977,439067.3,6479204.0,2781.7
10281,1977,439076.4,6479240.4,2791.1
10284,1977,439085.5,6479276.8,2798.3
10287,1977,439094.6,6479313.2,2797.3
10290,1977,439103.6,6479349.5,2797.8
10293,1977,439112.7,6479385.9,2804.0
10296,1977,439121.8,6479422.3,2810.2
10299,1977,439130.9,6479458.7,2813.1
10302,1977,439139.9,6479495.1,2813.6
10305,1977,439149.0,6479531.5,2817.9
10308,1977,439158.1,6479567.9,2814.8
10311,1977,439167.2,6479604.2,2809.8
10314,1977,439176.2,6479640.6,2803.6
10317,1977,439185.3,6479677.0,2806.9
10320,1977,439194.4,6479713.4,2807.8
10323,1977,439203.4,6479749.8,2812.6
10326,1977,439212.5,6479786.2,2813.2
10329,1977,439221.6,6479822.6,2813.3
10332,1977,439230.7,6479858.9,2809.6
10335,1977,439239.7,6479895.3,2809.4
10338,1977,439248.8,6479931.7,2808.1
10341,1977,439257.9,6479968.1,2809.3
9999,1974,438259.9,6475811.0,2833.2
10002,1974,438269.0,6475847.4,2833.1
10005,1974,438278.1,6475883.8,2834.2
10008,1974,438287.2,6475920.2,2832.7
10011,1974,438296.2,6475956.6,2832.1
10014,1974,438305.3,6475993.0,2833.4
10017,1974,438314.4,6476029.4,2834.2
10020,1974,438323.4,6476065.7,2835.0
10023,1974,438332.5,6476102.1,2834.8
10026,1974,438341.6,6476138.5,2836.2
10029,1974,438350.7,6476174.9,2838.4
10032,1974,438359.7,6476211.3,2838.9
10035,1974,438368.8,6476247.7,2842.8
10038,1974,438377.9,6476284.1,2849.7
10041,1974,438387.0,6476320.4,2873.1
10044,1974,438396.0,6476356.8,2897.7
10047,1974,438405.1,6476393.2,2930.3
10050,1974,438414.2,6476429.6,2943.9
10053,1974,438423.3,6476466.0,2953.4
10056,1974,438432.3,6476502.4,2960.5
10059,1974,438441.4,6476538.8,2966.1
10062,1974,438450.5,6476575.1,2973.5
10065,1974,438459.5,6476611.5,2986.0
10068,1974,438468.6,6476647.9,2993.6
10071,1974,438477.7,6476684.3,3003.2
10074,1974,438486.8,6476720.7,3013.3
10077,1974,438495.8,6476757.1,3019.6
10080,1974,438504.9,6476793.5,3030.0
10083,1974,438514.0,6476829.8,3026.6
10086,1974,438523.1,6476866.2,3030.7
10089,1974,438532.1,6476902.6,3031.0
10092,1974,438541.2,6476939.0,3034.2
10095,1974,438550.3,6476975.4,3038.5
10098,1974,438559.3,6477011.8,3041.4
10101,1974,438568.4,6477048.2,3048.7
10104,1974,438577.5,6477084.5,3056.2
10107,1974,438586.6,6477120.9,3067.0
10110,1974,438595.6,6477157.3,3073.6
10113,1974,438604.7,6477193.7,3081.2
10116,1974,438613.8,6477230.1,3084.3
10119,1974,438622.9,6477266.5,3086.1
10122,1974,438631.9,6477302.9,3085.3
10125,1974,438641.0,6477339.3,3086.2
10128,1974,438650.1,6477375.6,3091.3
10131,1974,438659.2,6477412.0,3091.4
10134,1974,438668.2,6477448.4,3089.0
10137,1974,438677.3,6477484.8,3082.9
10140,1974,438686.4,6477521.2,3072.9
10143,1974,438695.4,6477557.6,3066.4
10146,1974,438704.5,6477594.0,3062.4
10149,1974,438713.6,6477630.3,3057.2
10152,1974,438722.7,6477666.7,3050.2
10155,1974,438731.7,6477703.1,3046.5
10158,1974,438740.8,6477739.5,3039.1
10161,1974,438749.9,6477775.9,3032.8
10164,1974,438759.0,6477812.3,3030.1
10167,1974,438768.0,6477848.7,3024.1
10170,1974,438777.1,6477885.0,3009.0
10173,1974,438786.2,6477921.4,2992.3
10176,1974,438795.2,6477957.8,2967.3
10179,1974,438804.3,6477994.2,2946.2
10182,1974,438813.4,6478030.6,2927.9
10185,1974,438822.5,6478067.0,2899.8
10188,1974,438831.5,6478103.4,2875.5
10191,1974,438840.6,6478139.7,2850.4
10194,1974,438849.7,6478176.1,2826.1
10197,1974,438858.8,6478212.5,2803.3
10200,1974,438867.8,6478248.9,2782.7
10203,1974,438876.9,6478285.3,2767.4
10206,1974,438886.0,6478321.7,2759.1
10209,1974,438895.1,6478358.1,2750.5
10212,1974,438904.1,6478394.4,2753.5
10215,1974,438913.2,6478430.8,2754.6
10218,1974,438922.3,6478467.2,2752.2
10221,1974,438931.3,6478503.6,2754.8
10224,1974,438940.4,6478540.0,2754.5
10227,1974,438949.5,6478576.4,2749.1
10230,1974,438958.6,6478612.8,2744.9
10233,1974,438967.6,6478649.1,2742.8
10236,1974,438976.7,6478685.5,2742.3
10239,1974,438985.8,6478721.9,2739.2
10242,1974,438994.9,6478758.3,2735.0
10245,1974,439003.9,6478794.7,2730.5
10248,1974,439013.0,6478831.1,2727.6
10251,1974,439022.1,6478867.5,2725.7
10254,1974,439031.2,6478903.8,2729.1
10257,1974,439040.2,6478940.2,2733.3
10260,1974,439049.3,6478976.6,2741.0
10263,1974,439058.4,6479013.0,2751.6
10266,1974,439067.4,6479049.4,2756.4
10269,1974,439076.5,6479085.8,2755.9
10272,1974,439085.6,6479122.2,2760.0
10275,1974,439094.7,6479158.5,2772.6
10278,1974,439103.7,6479194.9,2783.9
10281,1974,439112.8,6479231.3,2790.6
10284,1974,439121.9,6479267.7,2797.8
10287,1974,439131.0,6479304.1,2796.6
10290,1974,439140.0,6479340.5,2795.6
10293,1974,439149.1,6479376.9,2801.7
10296,1974,439158.2,6479413.2,2809.0
10299,1974,439167.2,6479449.6,2812.3
10302,1974,439176.3,6479486.0,2811.6
10305,1974,439185.4,6479522.4,2810.1
10308,1974,439194.5,6479558.8,2810.1
10311,1974,439203.5,6479595.2,2806.7
10314,1974,439212.6,6479631.6,2800.5
10317,1974,439221.7,6479667.9,2798.9
10320,1974,439230.8,6479704.3,2799.8
10323,1974,439239.8,6479740.7,2801.6
10326,1974,439248.9,6479777.1,2806.2
10329,1974,439258.0,6479813.5,2807.8
10332,1974,439267.1,6479849.9,2806.8
10335,1974,439276.1,6479886.3,2807.0
10002,1971,438305.4,6475838.4,2831.8
10005,1971,438314.5,6475874.7,2832.0
10008,1971,438323.5,6475911.1,2832.9
10011,1971,438332.6,6475947.5,2832.7
10014,1971,438341.7,6475983.9,2832.3
10017,1971,438350.8,6476020.3,2832.9
10020,1971,438359.8,6476056.7,2832.8
10023,1971,438368.9,6476093.1,2834.3
10026,1971,438378.0,6476129.4,2836.0
10029,1971,438387.1,6476165.8,2837.4
10032,1971,438396.1,6476202.2,2835.9
10035,1971,438405.2,6476238.6,2839.9
10038,1971,438414.3,6476275.0,2849.8
10041,1971,438423.3,6476311.4,2873.0
10044,1971,438432.4,6476347.8,2906.2
10047,1971,438441.5,6476384.1,2926.6
10050,1971,438450.6,6476420.5,2939.8
10053,1971,438459.6,6476456.9,2944.5
10056,1971,438468.7,6476493.3,2948.7
10059,1971,438477.8,6476529.7,2953.7
10062,1971,438486.9,6476566.1,2964.0
10065,1971,438495.9,6476602.5,2982.2
10068,1971,438505.0,6476638.8,2990.0
10071,1971,438514.1,6476675.2,3003.1
10074,1971,438523.1,6476711.6,3007.1
10077,1971,438532.2,6476748.0,3015.1
10080,1971,438541.3,6476784.4,3024.8
10083,1971,438550.4,6476820.8,3024.5
10086,1971,438559.4,6476857.2,3024.4
10089,1971,438568.5,6476893.5,3030.8
10092,1971,438577.6,6476929.9,3036.9
10095,1971,438586.7,6476966.3,3045.4
10098,1971,438595.7,6477002.7,3046.7
10101,1971,438604.8,6477039.1,3048.4
10104,1971,438613.9,6477075.5,3057.2
10107,1971,438623.0,6477111.9,3068.6
10110,1971,438632.0,6477148.2,3071.7
10113,1971,438641.1,6477184.6,3080.3
10116,1971,438650.2,6477221.0,3084.0
10119,1971,438659.2,6477257.4,3084.2
10122,1971,438668.3,6477293.8,3083.3
10125,1971,438677.4,6477330.2,3083.0
10128,1971,438686.5,6477366.6,3084.5
10131,1971,438695.5,6477402.9,3083.7
10134,1971,438704.6,6477439.3,3085.0
10137,1971,438713.7,6477475.7,3078.1
10140,1971,438722.8,6477512.1,3069.3
10143,1971,438731.8,6477548.5,3063.6
10146,1971,438740.9,6477584.9,3056.7
10149,1971,438750.0,6477621.3,3051.2
10152,1971,438759.0,6477657.7,3044.3
10155,1971,438768.1,6477694.0,3038.7
10158,1971,438777.2,6477730.4,3032.2
10161,1971,438786.3,6477766.8,3023.9
10164,1971,438795.3,6477803.2,3019.5
10167,1971,438804.4,6477839.6,3006.4
10170,1971,438813.5,6477876.0,2987.0
10173,1971,438822.6,6477912.4,2982.2
10176,1971,438831.6,6477948.7,2961.3
10179,1971,438840.7,6477985.1,2939.9
10182,1971,438849.8,6478021.5,2914.9
10185,1971,438858.9,6478057.9,2887.5
10188,1971,438867.9,6478094.3,2867.7
10191,1971,438877.0,6478130.7,2847.7
10194,1971,438886.1,6478167.1,2827.0
10197,1971,438895.1,6478203.4,2806.7
10200,1971,438904.2,6478239.8,2787.8
10203,1971,438913.3,6478276.2,2772.1
10206,1971,438922.4,6478312.6,2762.3
10209,1971,438931.4,6478349.0,2755.5
10212,1971,438940.5,6478385.4,2753.6
10215,1971,438949.6,6478421.8,2750.3
10218,1971,438958.7,6478458.1,2753.1
10221,1971,438967.7,6478494.5,2756.4
10224,1971,438976.8,6478530.9,2755.8
10227,1971,438985.9,6478567.3,2748.7
10230,1971,438995.0,6478603.7,2742.9
10233,1971,439004.0,6478640.1,2739.1
10236,1971,439013.1,6478676.5,2733.7
10239,1971,439022.2,6478712.8,2733.5
10242,1971,439031.2,6478749.2,2733.8
10245,1971,439040.3,6478785.6,2729.3
10248,1971,439049.4,6478822.0,2726.0
10251,1971,439058.5,6478858.4,2724.4
10254,1971,439067.5,6478894.8,2727.4
10257,1971,439076.6,6478931.2,2732.5
10260,1971,439085.7,6478967.5,2737.8
10263,1971,439094.8,6479003.9,2746.2
10266,1971,439103.8,6479040.3,2751.6
10269,1971,439112.9,6479076.7,2755.0
10272,1971,439122.0,6479113.1,2759.6
10275,1971,439131.0,6479149.5,2770.8
10278,1971,439140.1,6479185.9,2781.7
10281,1971,439149.2,6479222.2,2791.6
10284,1971,439158.3,6479258.6,2796.7
10287,1971,439167.3,6479295.0,2795.1
10290,1971,439176.4,6479331.4,2795.8
10293,1971,439185.5,6479367.8,2800.5
10296,1971,439194.6,6479404.2,2807.9
10299,1971,439203.6,6479440.6,2812.4
10302,1971,439212.7,6479476.9,2813.2
10305,1971,439221.8,6479513.3,2811.7
10308,1971,439230.9,6479549.7,2810.5
10311,1971,439239.9,6479586.1,2805.7
10314,1971,439249.0,6479622.5,2797.9
10317,1971,439258.1,6479658.9,2796.7
10320,1971,439267.1,6479695.3,2796.8
10323,1971,439276.2,6479731.6,2797.2
10326,1971,439285.3,6479768.0,2797.7
10329,1971,439294.4,6479804.4,2800.6
10002,1968,438341.8,6475829.3,2830.9
10005,1968,438350.9,6475865.7,2829.9
10008,1968,438359.9,6475902.1,2833.1
10011,1968,438369.0,6475938.4,2837.2
10014,1968,438378.1,6475974.8,2833.1
10017,1968,438387.1,6476011.2,2833.2
10020,1968,438396.2,6476047.6,2834.3
10023,1968,438405.3,6476084.0,2835.4
10026,1968,438414.4,6476120.4,2836.9
10029,1968,438423.4,6476156.8,2837.6
10032,1968,438432.5,6476193.1,2838.0
10035,1968,438441.6,6476229.5,2839.7
10038,1968,438450.7,6476265.9,2847.6
10041,1968,438459.7,6476302.3,2869.6
10044,1968,438468.8,6476338.7,2897.4
10047,1968,438477.9,6476375.1,2925.5
10050,1968,438486.9,6476411.5,2942.5
10053,1968,438496.0,6476447.8,2948.0
10056,1968,438505.1,6476484.2,2951.8
10059,1968,438514.2,6476520.6,2957.1
10062,1968,438523.2,6476557.0,2967.9
10065,1968,438532.3,6476593.4,2976.3
10068,1968,438541.4,6476629.8,2986.0
10071,1968,438550.5,6476666.2,2996.8
10074,1968,438559.5,6476702.5,3009.3
10077,1968,438568.6,6476738.9,3019.7
10080,1968,438577.7,6476775.3,3037.7
10083,1968,438586.8,6476811.7,3031.1
10086,1968,438595.8,6476848.1,3023.8
10089,1968,438604.9,6476884.5,3025.8
10092,1968,438614.0,6476920.9,3027.3
10095,1968,438623.0,6476957.2,3036.1
10098,1968,438632.1,6476993.6,3040.0
10101,1968,438641.2,6477030.0,3043.8
10104,1968,438650.3,6477066.4,3053.5
10107,1968,438659.3,6477102.8,3063.2
10110,1968,438668.4,6477139.2,3068.9
10113,1968,438677.5,6477175.6,3074.2
10116,1968,438686.6,6477211.9,3078.3
10119,1968,438695.6,6477248.3,3082.2
10122,1968,438704.7,6477284.7,3082.2
10125,1968,438713.8,6477321.1,3080.2
10128,1968,438722.9,6477357.5,3079.8
10131,1968,438731.9,6477393.9,3079.2
10134,1968,438741.0,6477430.3,3079.8
10137,1968,438750.1,6477466.6,3073.7
10140,1968,438759.1,6477503.0,3064.1
10143,1968,438768.2,6477539.4,3059.5
10146,1968,438777.3,6477575.8,3053.6
10149,1968,438786.4,6477612.2,3046.4
10152,1968,438795.4,6477648.6,3039.2
10155,1968,438804.5,6477685.0,3034.0
10158,1968,438813.6,6477721.3,3024.9
10161,1968,438822.7,6477757.7,3015.9
10164,1968,438831.7,6477794.1,3014.8
10167,1968,438840.8,6477830.5,3002.5
10170,1968,438849.9,6477866.9,2987.5
10173,1968,438858.9,6477903.3,2975.8
10176,1968,438868.0,6477939.7,2961.5
10179,1968,438877.1,6477976.0,2936.7
10182,1968,438886.2,6478012.4,2910.8
10185,1968,438895.2,6478048.8,2884.7
10188,1968,438904.3,6478085.2,2862.5
10191,1968,438913.4,6478121.6,2838.0
10194,1968,438922.5,6478158.0,2821.2
10197,1968,438931.5,6478194.4,2805.2
10200,1968,438940.6,6478230.8,2785.0
10203,1968,438949.7,6478267.1,2775.0
10206,1968,438958.8,6478303.5,2765.2
10209,1968,438967.8,6478339.9,2758.7
10212,1968,438976.9,6478376.3,2754.2
10215,1968,438986.0,6478412.7,2748.4
10218,1968,438995.0,6478449.1,2753.5
10221,1968,439004.1,6478485.5,2756.0
10224,1968,439013.2,6478521.8,2753.7
10227,1968,439022.3,6478558.2,2746.3
10230,1968,439031.3,6478594.6,2741.2
10233,1968,439040.4,6478631.0,2737.3
10236,1968,439049.5,6478667.4,2734.9
10239,1968,439058.6,6478703.8,2732.7
10242,1968,439067.6,6478740.2,2732.1
10245,1968,439076.7,6478776.5,2728.3
10248,1968,439085.8,6478812.9,2723.3
10251,1968,439094.8,6478849.3,2726.9
10254,1968,439103.9,6478885.7,2726.1
10257,1968,439113.0,6478922.1,2729.9
10260,1968,439122.1,6478958.5,2735.0
10263,1968,439131.1,6478994.9,2742.2
10266,1968,439140.2,6479031.2,2749.1
10269,1968,439149.3,6479067.6,2750.7
10272,1968,439158.4,6479104.0,2754.7
10275,1968,439167.4,6479140.4,2765.6
10278,1968,439176.5,6479176.8,2775.8
10281,1968,439185.6,6479213.2,2788.3
10284,1968,439194.7,6479249.6,2792.0
10287,1968,439203.7,6479285.9,2793.2
10290,1968,439212.8,6479322.3,2795.5
10293,1968,439221.9,6479358.7,2803.3
10296,1968,439230.9,6479395.1,2809.8
10299,1968,439240.0,6479431.5,2815.3
10302,1968,439249.1,6479467.9,2818.4
10305,1968,439258.2,6479504.3,2817.1
10308,1968,439267.2,6479540.6,2814.0
10311,1968,439276.3,6479577.0,2807.6
10314,1968,439285.4,6479613.4,2799.0
10317,1968,439294.5,6479649.8,2796.0
10320,1968,439303.5,6479686.2,2795.1
10323,1968,439312.6,6479722.6,2794.3
10032,1965,438468.9,6476184.1,2839.4
10035,1965,438478.0,6476220.5,2841.4
10038,1965,438487.0,6476256.8,2857.7
10041,1965,438496.1,6476293.2,2887.0
10044,1965,438505.2,6476329.6,2911.4
10047,1965,438514.3,6476366.0,2936.6
10050,1965,438523.3,6476402.4,2943.8
10053,1965,438532.4,6476438.8,2947.7
10056,1965,438541.5,6476475.2,2951.7
10059,1965,438550.6,6476511.5,2958.1
10062,1965,438559.6,6476547.9,2969.6
10065,1965,438568.7,6476584.3,2982.1
10068,1965,438577.8,6476620.7,2992.1
10071,1965,438586.8,6476657.1,3002.1
10074,1965,438595.9,6476693.5,3011.1
10077,1965,438605.0,6476729.9,3022.5
10080,1965,438614.1,6476766.2,3037.4
10083,1965,438623.1,6476802.6,3033.7
10086,1965,438632.2,6476839.0,3023.7
10089,1965,438641.3,6476875.4,3024.1
10092,1965,438650.4,6476911.8,3025.5
10095,1965,438659.4,6476948.2,3036.1
10098,1965,438668.5,6476984.6,3041.6
10101,1965,438677.6,6477020.9,3046.8
10104,1965,438686.7,6477057.3,3055.0
10107,1965,438695.7,6477093.7,3060.2
10110,1965,438704.8,6477130.1,3067.2
10113,1965,438713.9,6477166.5,3071.3
10116,1965,438722.9,6477202.9,3074.9
10119,1965,438732.0,6477239.3,3077.5
10122,1965,438741.1,6477275.6,3078.8
10125,1965,438750.2,6477312.0,3077.5
10128,1965,438759.2,6477348.4,3077.5
10131,1965,438768.3,6477384.8,3075.6
10134,1965,438777.4,6477421.2,3075.4
10137,1965,438786.5,6477457.6,3068.4
10140,1965,438795.5,6477494.0,3062.1
10143,1965,438804.6,6477530.3,3056.5
10146,1965,438813.7,6477566.7,3053.9
10149,1965,438822.7,6477603.1,3046.7
10152,1965,438831.8,6477639.5,3039.6
10155,1965,438840.9,6477675.9,3031.9
10158,1965,438850.0,6477712.3,3023.3
10161,1965,438859.0,6477748.7,3013.9
10164,1965,438868.1,6477785.0,3007.2
10167,1965,438877.2,6477821.4,2990.4
10170,1965,438886.3,6477857.8,2978.9
10173,1965,438895.3,6477894.2,2968.7
10176,1965,438904.4,6477930.6,2947.8
10179,1965,438913.5,6477967.0,2932.8
10182,1965,438922.6,6478003.4,2910.0
10185,1965,438931.6,6478039.7,2884.6
10188,1965,438940.7,6478076.1,2862.4
10191,1965,438949.8,6478112.5,2837.3
10194,1965,438958.8,6478148.9,2817.2
10197,1965,438967.9,6478185.3,2800.4
10200,1965,438977.0,6478221.7,2783.0
10203,1965,438986.1,6478258.1,2772.0
10206,1965,438995.1,6478294.4,2766.8
10209,1965,439004.2,6478330.8,2760.7
10212,1965,439013.3,6478367.2,2759.5
10215,1965,439022.4,6478403.6,2755.7
10218,1965,439031.4,6478440.0,2757.3
10221,1965,439040.5,6478476.4,2759.2
10224,1965,439049.6,6478512.8,2756.4
10227,1965,439058.6,6478549.2,2748.7
10230,1965,439067.7,6478585.5,2742.4
10233,1965,439076.8,6478621.9,2739.9
10236,1965,439085.9,6478658.3,2737.6
10239,1965,439094.9,6478694.7,2736.6
10242,1965,439104.0,6478731.1,2735.1
10245,1965,439113.1,6478767.5,2734.2
10248,1965,439122.2,6478803.8,2733.4
10251,1965,439131.2,6478840.2,2731.4
10254,1965,439140.3,6478876.6,2734.7
10257,1965,439149.4,6478913.0,2734.7
10260,1965,439158.5,6478949.4,2746.2
10263,1965,439167.5,6478985.8,2747.1
10266,1965,439176.6,6479022.2,2756.6
10269,1965,439185.7,6479058.6,2758.0
10272,1965,439194.7,6479094.9,2765.7
10275,1965,439203.8,6479131.3,2770.7
10278,1965,439212.9,6479167.7,2782.4
10281,1965,439222.0,6479204.1,2791.5
10284,1965,439231.0,6479240.5,2793.0
10287,1965,439240.1,6479276.9,2794.0
10290,1965,439249.2,6479313.3,2802.1
10293,1965,439258.3,6479349.6,2803.6
10296,1965,439267.3,6479386.0,2810.5
10299,1965,439276.4,6479422.4,2816.1
10302,1965,439285.5,6479458.8,2812.4
10305,1965,439294.6,6479495.2,2810.1
10308,1965,439303.6,6479531.6,2808.4
10311,1965,439312.7,6479568.0,2804.2
10314,1965,439321.8,6479604.3,2798.8
10317,1965,439330.8,6479640.7,2796.8
10083,1962,438659.5,6476793.6,3035.7
10086,1962,438668.6,6476829.9,3028.0
10089,1962,438677.7,6476866.3,3030.6
10092,1962,438686.7,6476902.7,3035.2
10095,1962,438695.8,6476939.1,3044.2
10098,1962,438704.9,6476975.5,3052.6
10101,1962,438714.0,6477011.9,3054.0
10104,1962,438723.0,6477048.3,3064.7
10107,1962,438732.1,6477084.6,3070.6
10110,1962,438741.2,6477121.0,3074.8
10113,1962,438750.3,6477157.4,3080.5
10116,1962,438759.3,6477193.8,3080.4
10119,1962,438768.4,6477230.2,3082.5
10122,1962,438777.5,6477266.6,3084.9
10125,1962,438786.5,6477303.0,3079.1
10128,1962,438795.6,6477339.3,3085.7
10131,1962,438804.7,6477375.7,3077.4
10134,1962,438813.8,6477412.1,3085.8
10137,1962,438822.8,6477448.5,3072.2
10140,1962,438831.9,6477484.9,3070.4
10143,1962,438841.0,6477521.3,3061.1
10146,1962,438850.1,6477557.7,3057.2
10149,1962,438859.1,6477594.0,3052.9
10152,1962,438868.2,6477630.4,3044.6
10155,1962,438877.3,6477666.8,3037.6
10158,1962,438886.4,6477703.2,3035.2
10161,1962,438895.4,6477739.6,3020.8
10164,1962,438904.5,6477776.0,3015.6
10167,1962,438913.6,6477812.4,2992.9
10170,1962,438922.6,6477848.7,2990.1
10173,1962,438931.7,6477885.1,2974.9
10176,1962,438940.8,6477921.5,2954.3
10179,1962,438949.9,6477957.9,2932.1
10182,1962,438958.9,6477994.3,2920.6
10185,1962,438968.0,6478030.7,2889.2
10188,1962,438977.1,6478067.1,2870.6
10191,1962,438986.2,6478103.4,2844.3
10194,1962,438995.2,6478139.8,2831.3
10197,1962,439004.3,6478176.2,2806.2
10200,1962,439013.4,6478212.6,2789.5
10203,1962,439022.5,6478249.0,2778.5
10206,1962,439031.5,6478285.4,2787.7
10209,1962,439040.6,6478321.8,2765.5
10212,1962,439049.7,6478358.1,2765.6
10215,1962,439058.7,6478394.5,2778.5
10218,1962,439067.8,6478430.9,2776.2
10221,1962,439076.9,6478467.3,2765.0
10224,1962,439086.0,6478503.7,2767.2
10227,1962,439095.0,6478540.1,2750.0
10230,1962,439104.1,6478576.5,2744.4
10233,1962,439113.2,6478612.8,2741.6
10236,1962,439122.3,6478649.2,2739.4
10239,1962,439131.3,6478685.6,2738.4
10242,1962,439140.4,6478722.0,2738.0
10245,1962,439149.5,6478758.4,2735.7
10248,1962,439158.5,6478794.8,2735.7
10251,1962,439167.6,6478831.2,2735.8
10254,1962,439176.7,6478867.5,2736.2
10257,1962,439185.8,6478903.9,2738.8
10260,1962,439194.8,6478940.3,2742.8
10263,1962,439203.9,6478976.7,2747.5
10266,1962,439213.0,6479013.1,2752.3
10269,1962,439222.1,6479049.5,2757.1
