campo,cuenca,operadora,tipo_recurso,mes,petroleo_m3,agua_m3,iny_agua_m3
El Corcobo Norte,Neuquina,PETRO ANDINA RESOURCES LTD.,convencional,2006-01,503.2,2.0,0.0
El Corcobo Norte,Neuquina,PETRO ANDINA RESOURCES LTD.,convencional,2006-02,1388.5,58.5,0.0
El Corcobo Norte,Neuquina,PETRO ANDINA RESOURCES LTD.,convencional,2006-03,2164.3,55.6,0.0
El Corcobo Norte,Neuquina,PETRO ANDINA RESOURCES LTD.,convencional,2006-04,3353.8,141.3,0.0
El Corcobo Norte,Neuquina,PETRO ANDINA RESOURCES LTD.,convencional,2006-05,4083.4,499.8,0.0
El Corcobo Norte,Neuquina,PETRO ANDINA RESOURCES LTD.,convencional,2006-06,4941.3,723.6,0.0
El Corcobo Norte,Neuquina,PETRO ANDINA RESOURCES LTD.,convencional,2006-07,5047.2,1201.8,0.0
El Corcobo Norte,Neuquina,PETRO ANDINA RESOURCES LTD.,convencional,2006-08,6348.8,1859.8,0.0
El Corcobo Norte,Neuquina,PETRO ANDINA RESOURCES LTD.,convencional,2006-09,10565.3,2794.3,0.0
El Corcobo Norte,Neuquina,PETRO ANDINA RESOURCES LTD.,convencional,2006-10,17676.7,4473.8,0.0
El Corcobo Norte,Neuquina,PETRO ANDINA RESOURCES LTD.,convencional,2006-11,18485.0,7762.6,0.0
El Corcobo Norte,Neuquina,PETRO ANDINA RESOURCES LTD.,convencional,2006-12,20180.1,8352.7,0.0
El Corcobo Norte,Neuquina,PETRO ANDINA RESOURCES LTD.,convencional,2007-01,21859.2,8607.3,0.0
El Corcobo Norte,Neuquina,PETRO ANDINA RESOURCES LTD.,convencional,2007-02,21268.9,6423.7,0.0
El Corcobo Norte,Neuquina,PETRO ANDINA RESOURCES LTD.,convencional,2007-03,27321.2,4280.9,0.0
El Corcobo Norte,Neuquina,PETRO ANDINA RESOURCES LTD.,convencional,2007-04,40124.5,4300.7,0.0
El Corcobo Norte,Neuquina,PETRO ANDINA RESOURCES LTD.,convencional,2007-05,43430.8,7074.2,0.0
El Corcobo Norte,Neuquina,PETRO ANDINA RESOURCES LTD.,convencional,2007-06,40820.7,6286.9,0.0
El Corcobo Norte,Neuquina,PETRO ANDINA RESOURCES LTD.,convencional,2007-07,39897.0,7345.5,3663.3
El Corcobo Norte,Neuquina,PETRO ANDINA RESOURCES LTD.,convencional,2007-08,49000.4,8975.7,6458.5
El Corcobo Norte,Neuquina,PETRO ANDINA RESOURCES LTD.,convencional,2007-09,53980.9,10270.1,8801.9
El Corcobo Norte,Neuquina,PETRO ANDINA RESOURCES LTD.,convencional,2007-10,52920.6,15152.8,11782.8
El Corcobo Norte,Neuquina,PETRO ANDINA RESOURCES LTD.,convencional,2007-11,54989.1,18073.7,19932.4
El Corcobo Norte,Neuquina,PETRO ANDINA RESOURCES LTD.,convencional,2007-12,64081.3,20169.0,23631.3
El Corcobo Norte,Neuquina,PETRO ANDINA RESOURCES LTD.,convencional,2008-01,67418.1,19175.6,35139.0
El Corcobo Norte,Neuquina,PETRO ANDINA RESOURCES LTD.,convencional,2008-02,69951.8,19642.4,57015.6
El Corcobo Norte,Neuquina,PETRO ANDINA RESOURCES LTD.,convencional,2008-03,84148.7,27462.8,74727.5
El Corcobo Norte,Neuquina,PETRO ANDINA RESOURCES LTD.,convencional,2008-04,87808.8,30314.5,79480.7
El Corcobo Norte,Neuquina,PETRO ANDINA RESOURCES LTD.,convencional,2008-05,88429.0,30161.3,82305.7
El Corcobo Norte,Neuquina,PETRO ANDINA RESOURCES LTD.,convencional,2008-06,88268.2,33077.8,75329.5
El Corcobo Norte,Neuquina,PETRO ANDINA RESOURCES LTD.,convencional,2008-07,95921.1,39045.7,85810.8
El Corcobo Norte,Neuquina,PETRO ANDINA RESOURCES LTD.,convencional,2008-08,100577.1,51472.1,104185.0
El Corcobo Norte,Neuquina,PETRO ANDINA RESOURCES LTD.,convencional,2008-09,100929.8,56911.7,110762.1
El Corcobo Norte,Neuquina,PETRO ANDINA RESOURCES LTD.,convencional,2008-10,109723.1,64490.5,138218.4
El Corcobo Norte,Neuquina,PETRO ANDINA RESOURCES LTD.,convencional,2008-11,105153.9,76694.0,160035.8
El Corcobo Norte,Neuquina,PETRO ANDINA RESOURCES LTD.,convencional,2008-12,101619.5,90740.6,147987.5
El Corcobo Norte,Neuquina,PETRO ANDINA RESOURCES LTD.,convencional,2009-01,96533.0,80023.9,133630.2
El Corcobo Norte,Neuquina,PETRO ANDINA RESOURCES LTD.,convencional,2009-02,88661.9,64800.7,122889.7
El Corcobo Norte,Neuquina,PETRO ANDINA RESOURCES LTD.,convencional,2009-03,97810.4,79037.3,140534.3
El Corcobo Norte,Neuquina,PETRO ANDINA RESOURCES LTD.,convencional,2009-04,92028.7,86862.9,132464.1
El Corcobo Norte,Neuquina,PETRO ANDINA RESOURCES LTD.,convencional,2009-05,91866.8,88524.1,139720.1
El Corcobo Norte,Neuquina,PETRO ANDINA RESOURCES LTD.,convencional,2009-06,90800.2,86590.6,171419.0
El Corcobo Norte,Neuquina,PETRO ANDINA RESOURCES LTD.,convencional,2009-07,92927.4,102916.5,193357.1
El Corcobo Norte,Neuquina,PETRO ANDINA RESOURCES LTD.,convencional,2009-08,92495.0,115635.2,195244.0
El Corcobo Norte,Neuquina,PETRO ANDINA RESOURCES LTD.,convencional,2009-09,88102.9,130326.6,208237.2
El Corcobo Norte,Neuquina,PETRO ANDINA RESOURCES LTD.,convencional,2009-10,90421.6,141161.2,224141.4
El Corcobo Norte,Neuquina,PETRO ANDINA RESOURCES LTD.,convencional,2009-11,84383.6,145911.2,236066.6
El Corcobo Norte,Neuquina,PETRO ANDINA RESOURCES LTD.,convencional,2009-12,89442.3,162705.1,249334.0
El Corcobo Norte,Neuquina,PETRO ANDINA RESOURCES LTD.,convencional,2010-01,86265.4,158998.5,253764.3
El Corcobo Norte,Neuquina,PETRO ANDINA RESOURCES LTD.,convencional,2010-02,78697.9,152098.3,232084.2
El Corcobo Norte,Neuquina,PETRO ANDINA RESOURCES LTD.,convencional,2010-03,83303.5,166194.4,282947.2
El Corcobo Norte,Neuquina,PETRO ANDINA RESOURCES LTD.,convencional,2010-04,81769.4,159443.1,277876.2
El Corcobo Norte,Neuquina,PETRO ANDINA RESOURCES LTD.,convencional,2010-05,87762.3,165877.8,296568.8
El Corcobo Norte,Neuquina,PETRO ANDINA RESOURCES LTD.,convencional,2010-06,87014.8,166873.2,286805.6
El Corcobo Norte,Neuquina,PETRO ANDINA RESOURCES LTD.,convencional,2010-07,91154.3,174945.5,296964.1
El Corcobo Norte,Neuquina,PETRO ANDINA RESOURCES LTD.,convencional,2010-08,93186.2,179813.2,323950.9
El Corcobo Norte,Neuquina,PETRO ANDINA RESOURCES LTD.,convencional,2010-09,91395.9,167791.7,303755.9
El Corcobo Norte,Neuquina,PETRO ANDINA RESOURCES LTD.,convencional,2010-10,96313.8,180011.6,328984.3
El Corcobo Norte,Neuquina,PETRO ANDINA RESOURCES LTD.,convencional,2010-11,90545.0,182320.3,314236.3
El Corcobo Norte,Neuquina,PETRO ANDINA RESOURCES LTD.,convencional,2010-12,95280.6,179074.3,329439.9
El Corcobo Norte,Neuquina,PETRO ANDINA RESOURCES LTD.,convencional,2011-01,92423.9,177116.2,308916.4
El Corcobo Norte,Neuquina,PETRO ANDINA RESOURCES LTD.,convencional,2011-02,81368.5,153834.7,274703.1
El Corcobo Norte,Neuquina,PETRO ANDINA RESOURCES LTD.,convencional,2011-03,91691.2,165016.8,306326.6
El Corcobo Norte,Neuquina,PETRO ANDINA RESOURCES LTD.,convencional,2011-04,89342.9,161634.0,309738.4
El Corcobo Norte,Neuquina,PETRO ANDINA RESOURCES LTD.,convencional,2011-05,87818.1,171026.1,322664.6
El Corcobo Norte,Neuquina,PETRO ANDINA RESOURCES LTD.,convencional,2011-06,83802.7,171386.6,314759.8
El Corcobo Norte,Neuquina,PLUSPETROL S.A.,convencional,2011-07,85789.7,176358.8,313933.3
El Corcobo Norte,Neuquina,PLUSPETROL S.A.,convencional,2011-08,83483.1,173512.2,329733.5
El Corcobo Norte,Neuquina,PLUSPETROL S.A.,convencional,2011-09,79870.4,176838.3,322253.1
El Corcobo Norte,Neuquina,PLUSPETROL S.A.,convencional,2011-10,81494.6,196940.4,329720.5
El Corcobo Norte,Neuquina,PLUSPETROL S.A.,convencional,2011-11,79745.1,210493.6,327370.8
El Corcobo Norte,Neuquina,PLUSPETROL S.A.,convencional,2011-12,82925.4,222339.5,342114.6
El Corcobo Norte,Neuquina,PLUSPETROL S.A.,convencional,2012-01,82125.5,214950.3,338172.3
El Corcobo Norte,Neuquina,PLUSPETROL S.A.,convencional,2012-02,78094.7,216951.5,314050.0
El Corcobo Norte,Neuquina,PLUSPETROL S.A.,convencional,2012-03,81216.6,230919.3,349236.8
El Corcobo Norte,Neuquina,PLUSPETROL S.A.,convencional,2012-04,76375.7,228861.8,336734.2
El Corcobo Norte,Neuquina,PLUSPETROL S.A.,convencional,2012-05,77328.6,246942.1,351066.5
El Corcobo Norte,Neuquina,PLUSPETROL S.A.,convencional,2012-06,83429.2,271665.5,345851.3
El Corcobo Norte,Neuquina,PLUSPETROL S.A.,convencional,2012-07,83709.7,284817.4,356550.2
El Corcobo Norte,Neuquina,PLUSPETROL S.A.,convencional,2012-08,84517.8,304983.2,373161.8
El Corcobo Norte,Neuquina,PLUSPETROL S.A.,convencional,2012-09,78883.6,297505.4,351927.7
El Corcobo Norte,Neuquina,PLUSPETROL S.A.,convencional,2012-10,81025.3,306808.7,362593.9
El Corcobo Norte,Neuquina,PLUSPETROL S.A.,convencional,2012-11,71729.6,291371.4,346165.6
El Corcobo Norte,Neuquina,PLUSPETROL S.A.,convencional,2012-12,78764.7,313360.5,374547.4
El Corcobo Norte,Neuquina,PLUSPETROL S.A.,convencional,2013-01,79912.6,322680.4,374314.0
El Corcobo Norte,Neuquina,PLUSPETROL S.A.,convencional,2013-02,74163.9,308128.5,357342.8
El Corcobo Norte,Neuquina,PLUSPETROL S.A.,convencional,2013-03,82393.8,346376.8,397612.0
El Corcobo Norte,Neuquina,PLUSPETROL S.A.,convencional,2013-04,83219.3,349682.9,391302.6
El Corcobo Norte,Neuquina,PLUSPETROL S.A.,convencional,2013-05,85339.6,369253.7,408855.7
El Corcobo Norte,Neuquina,PLUSPETROL S.A.,convencional,2013-06,79935.0,350607.0,386062.3
El Corcobo Norte,Neuquina,PLUSPETROL S.A.,convencional,2013-07,83381.9,376077.0,401868.0
El Corcobo Norte,Neuquina,PLUSPETROL S.A.,convencional,2013-08,82557.2,384654.5,409988.5
El Corcobo Norte,Neuquina,PLUSPETROL S.A.,convencional,2013-09,80424.8,377807.2,400295.0
El Corcobo Norte,Neuquina,PLUSPETROL S.A.,convencional,2013-10,84975.8,393637.1,412066.0
El Corcobo Norte,Neuquina,PLUSPETROL S.A.,convencional,2013-11,80012.8,383279.5,413192.0
El Corcobo Norte,Neuquina,PLUSPETROL S.A.,convencional,2013-12,82068.1,405579.6,423522.9
El Corcobo Norte,Neuquina,PLUSPETROL S.A.,convencional,2014-01,81763.5,406754.7,411550.0
El Corcobo Norte,Neuquina,PLUSPETROL S.A.,convencional,2014-02,74037.8,366561.6,386318.9
El Corcobo Norte,Neuquina,PLUSPETROL S.A.,convencional,2014-03,78945.5,413862.2,432772.0
El Corcobo Norte,Neuquina,PLUSPETROL S.A.,convencional,2014-04,77544.1,402778.9,418117.0
El Corcobo Norte,Neuquina,PLUSPETROL S.A.,convencional,2014-05,79216.4,421723.8,439438.0
El Corcobo Norte,Neuquina,PLUSPETROL S.A.,convencional,2014-06,76468.7,417173.5,427637.0
El Corcobo Norte,Neuquina,PLUSPETROL S.A.,convencional,2014-07,77404.0,415032.6,429809.5
El Corcobo Norte,Neuquina,PLUSPETROL S.A.,convencional,2014-08,77716.5,423712.8,446234.0
El Corcobo Norte,Neuquina,PLUSPETROL S.A.,convencional,2014-09,77471.4,424449.0,447113.0
El Corcobo Norte,Neuquina,PLUSPETROL S.A.,convencional,2014-10,79342.8,448407.9,466916.0
El Corcobo Norte,Neuquina,PLUSPETROL S.A.,convencional,2014-11,69626.9,406988.7,422264.8
El Corcobo Norte,Neuquina,PLUSPETROL S.A.,convencional,2014-12,77163.0,456743.8,467572.0
El Corcobo Norte,Neuquina,PLUSPETROL S.A.,convencional,2015-01,77819.0,455665.1,460572.0
El Corcobo Norte,Neuquina,PLUSPETROL S.A.,convencional,2015-02,67926.2,408486.7,422983.0
El Corcobo Norte,Neuquina,PLUSPETROL S.A.,convencional,2015-03,76173.3,466533.2,476032.0
El Corcobo Norte,Neuquina,PLUSPETROL S.A.,convencional,2015-04,76956.8,463760.3,463372.0
El Corcobo Norte,Neuquina,PLUSPETROL S.A.,convencional,2015-05,80836.6,484194.5,480504.0
El Corcobo Norte,Neuquina,PLUSPETROL S.A.,convencional,2015-06,75774.3,467073.1,468008.0
El Corcobo Norte,Neuquina,PLUSPETROL S.A.,convencional,2015-07,76991.6,486618.6,485148.0
El Corcobo Norte,Neuquina,PLUSPETROL S.A.,convencional,2015-08,76984.8,473020.8,489339.0
El Corcobo Norte,Neuquina,PLUSPETROL S.A.,convencional,2015-09,74607.1,459817.2,489134.8
El Corcobo Norte,Neuquina,PLUSPETROL S.A.,convencional,2015-10,73788.9,471278.2,505052.0
El Corcobo Norte,Neuquina,PLUSPETROL S.A.,convencional,2015-11,71149.1,462812.0,493022.0
El Corcobo Norte,Neuquina,PLUSPETROL S.A.,convencional,2015-12,70123.2,491298.8,509478.0
El Corcobo Norte,Neuquina,PLUSPETROL S.A.,convencional,2016-01,66508.1,516718.2,509607.0
El Corcobo Norte,Neuquina,PLUSPETROL S.A.,convencional,2016-02,64839.8,505086.8,474639.0
El Corcobo Norte,Neuquina,PLUSPETROL S.A.,convencional,2016-03,71460.7,551576.1,511203.0
El Corcobo Norte,Neuquina,PLUSPETROL S.A.,convencional,2016-04,70935.8,540489.2,499862.0
El Corcobo Norte,Neuquina,PLUSPETROL S.A.,convencional,2016-05,69477.7,537089.3,502370.2
El Corcobo Norte,Neuquina,PLUSPETROL S.A.,convencional,2016-06,63979.8,514572.2,477336.4
El Corcobo Norte,Neuquina,PLUSPETROL S.A.,convencional,2016-07,70140.7,566976.8,531331.0
El Corcobo Norte,Neuquina,PLUSPETROL S.A.,convencional,2016-08,69540.1,568798.7,530443.0
El Corcobo Norte,Neuquina,PLUSPETROL S.A.,convencional,2016-09,65535.0,551926.3,515940.0
El Corcobo Norte,Neuquina,PLUSPETROL S.A.,convencional,2016-10,65936.6,575207.9,545369.0
El Corcobo Norte,Neuquina,PLUSPETROL S.A.,convencional,2016-11,65483.7,568982.8,530958.0
El Corcobo Norte,Neuquina,PLUSPETROL S.A.,convencional,2016-12,65888.8,584041.5,528689.0
El Corcobo Norte,Neuquina,PLUSPETROL S.A.,convencional,2017-01,65686.7,583755.5,533909.0
El Corcobo Norte,Neuquina,PLUSPETROL S.A.,convencional,2017-02,57842.4,521486.0,479082.0
El Corcobo Norte,Neuquina,PLUSPETROL S.A.,convencional,2017-03,63531.2,583156.2,539981.0
El Corcobo Norte,Neuquina,PLUSPETROL S.A.,convencional,2017-04,60806.0,551818.7,513942.0
El Corcobo Norte,Neuquina,PLUSPETROL S.A.,convencional,2017-05,55695.5,534728.6,499059.0
El Corcobo Norte,Neuquina,PLUSPETROL S.A.,convencional,2017-06,62082.4,592070.3,536310.0
El Corcobo Norte,Neuquina,PLUSPETROL S.A.,convencional,2017-07,68416.5,614209.2,552697.0
El Corcobo Norte,Neuquina,PLUSPETROL S.A.,convencional,2017-08,66151.1,600866.9,542646.0
El Corcobo Norte,Neuquina,PLUSPETROL S.A.,convencional,2017-09,65654.0,584950.1,520259.0
El Corcobo Norte,Neuquina,PLUSPETROL S.A.,convencional,2017-10,68766.5,609967.4,542817.0
El Corcobo Norte,Neuquina,PLUSPETROL S.A.,convencional,2017-11,64422.2,607161.1,520634.0
El Corcobo Norte,Neuquina,PLUSPETROL S.A.,convencional,2017-12,65173.1,624504.1,543982.0
El Corcobo Norte,Neuquina,PLUSPETROL S.A.,convencional,2018-01,63221.5,619077.4,542318.0
El Corcobo Norte,Neuquina,PLUSPETROL S.A.,convencional,2018-02,55582.6,555581.9,483672.0
El Corcobo Norte,Neuquina,PLUSPETROL S.A.,convencional,2018-03,64016.2,627906.8,546956.0
El Corcobo Norte,Neuquina,PLUSPETROL S.A.,convencional,2018-04,61528.6,605385.2,548006.0
El Corcobo Norte,Neuquina,PLUSPETROL S.A.,convencional,2018-05,62032.8,629951.2,574822.0
El Corcobo Norte,Neuquina,PLUSPETROL S.A.,convencional,2018-06,61051.0,623622.5,547441.0
El Corcobo Norte,Neuquina,PLUSPETROL S.A.,convencional,2018-07,60469.4,650721.3,567014.0
El Corcobo Norte,Neuquina,PLUSPETROL S.A.,convencional,2018-08,60250.9,658243.2,565971.0
El Corcobo Norte,Neuquina,PLUSPETROL S.A.,convencional,2018-09,59229.9,640638.3,552019.0
El Corcobo Norte,Neuquina,PLUSPETROL S.A.,convencional,2018-10,61159.3,666095.0,570517.0
El Corcobo Norte,Neuquina,PLUSPETROL S.A.,convencional,2018-11,56835.6,632582.1,546622.0
El Corcobo Norte,Neuquina,PLUSPETROL S.A.,convencional,2018-12,59028.9,658406.2,568011.0
El Corcobo Norte,Neuquina,PLUSPETROL S.A.,convencional,2019-02,50830.0,582081.9,510664.2
El Corcobo Norte,Neuquina,PLUSPETROL S.A.,convencional,2019-03,57517.6,645262.3,564788.8
El Corcobo Norte,Neuquina,PLUSPETROL S.A.,convencional,2019-04,54200.1,618571.7,538484.1
El Corcobo Norte,Neuquina,PLUSPETROL S.A.,convencional,2019-05,56907.0,652086.9,565012.8
El Corcobo Norte,Neuquina,PLUSPETROL S.A.,convencional,2019-06,55512.7,623760.3,550019.3
El Corcobo Norte,Neuquina,PLUSPETROL S.A.,convencional,2019-07,55429.0,634050.0,559790.9
El Corcobo Norte,Neuquina,PLUSPETROL S.A.,convencional,2019-08,55994.8,653878.7,579258.3
El Corcobo Norte,Neuquina,PLUSPETROL S.A.,convencional,2019-09,54538.1,631380.5,573603.7
El Corcobo Norte,Neuquina,PLUSPETROL S.A.,convencional,2019-10,57074.4,665308.0,584859.5
El Corcobo Norte,Neuquina,PLUSPETROL S.A.,convencional,2019-11,56505.2,637077.8,536052.0
El Corcobo Norte,Neuquina,PLUSPETROL S.A.,convencional,2019-12,56968.5,655406.7,547270.2
El Corcobo Norte,Neuquina,PLUSPETROL S.A.,convencional,2020-01,55099.6,660539.6,567868.5
El Corcobo Norte,Neuquina,PLUSPETROL S.A.,convencional,2020-02,52706.4,615194.5,511738.6
El Corcobo Norte,Neuquina,PLUSPETROL S.A.,convencional,2020-03,57305.1,654624.2,560460.0
El Corcobo Norte,Neuquina,PLUSPETROL S.A.,convencional,2020-04,44778.4,553264.2,503911.9
El Corcobo Norte,Neuquina,PLUSPETROL S.A.,convencional,2020-05,46892.8,585153.2,545109.2
El Corcobo Norte,Neuquina,PLUSPETROL S.A.,convencional,2020-06,47557.8,565912.7,504556.8
El Corcobo Norte,Neuquina,PLUSPETROL S.A.,convencional,2020-07,49635.7,605230.0,538728.5
El Corcobo Norte,Neuquina,PLUSPETROL S.A.,convencional,2020-08,49386.3,606652.5,549186.0
El Corcobo Norte,Neuquina,PLUSPETROL S.A.,convencional,2020-09,48568.2,600107.1,545885.0
El Corcobo Norte,Neuquina,PLUSPETROL S.A.,convencional,2020-10,49165.4,612525.3,558737.2
El Corcobo Norte,Neuquina,PLUSPETROL S.A.,convencional,2020-11,48568.7,593526.7,531004.0
El Corcobo Norte,Neuquina,PLUSPETROL S.A.,convencional,2020-12,44821.3,595206.9,530241.2
El Corcobo Norte,Neuquina,PLUSPETROL S.A.,convencional,2021-01,45681.2,608134.6,540721.4
El Corcobo Norte,Neuquina,PLUSPETROL S.A.,convencional,2021-02,44352.3,579097.0,499975.0
El Corcobo Norte,Neuquina,PLUSPETROL S.A.,convencional,2021-03,51225.3,656495.6,552485.0
El Corcobo Norte,Neuquina,PLUSPETROL S.A.,convencional,2021-04,50683.5,651912.4,550200.0
El Corcobo Norte,Neuquina,PLUSPETROL S.A.,convencional,2021-05,49515.0,658552.1,558886.2
El Corcobo Norte,Neuquina,PLUSPETROL S.A.,convencional,2021-06,46354.2,628328.7,527250.4
El Corcobo Norte,Neuquina,PLUSPETROL S.A.,convencional,2021-07,52990.2,697008.3,579747.0
El Corcobo Norte,Neuquina,PLUSPETROL S.A.,convencional,2021-08,49518.6,675783.1,588417.1
El Corcobo Norte,Neuquina,PLUSPETROL S.A.,convencional,2021-09,47662.5,651567.8,577081.0
El Corcobo Norte,Neuquina,PLUSPETROL S.A.,convencional,2021-10,48005.2,703352.8,609452.4
El Corcobo Norte,Neuquina,PLUSPETROL S.A.,convencional,2021-11,47358.9,668212.4,577256.2
El Corcobo Norte,Neuquina,PLUSPETROL S.A.,convencional,2021-12,47943.1,675490.1,568984.7
El Corcobo Norte,Neuquina,PLUSPETROL S.A.,convencional,2022-01,50563.7,696260.3,545950.8
El Corcobo Norte,Neuquina,PLUSPETROL S.A.,convencional,2022-02,45109.8,613384.2,451626.7
El Corcobo Norte,Neuquina,PLUSPETROL S.A.,convencional,2022-03,48920.6,659613.5,497630.8
El Corcobo Norte,Neuquina,PLUSPETROL S.A.,convencional,2022-04,47447.5,647855.1,558434.1
El Corcobo Norte,Neuquina,PLUSPETROL S.A.,convencional,2022-05,48859.4,659390.9,563057.6
El Corcobo Norte,Neuquina,PLUSPETROL S.A.,convencional,2022-06,47040.5,627158.6,559395.9
El Corcobo Norte,Neuquina,PLUSPETROL S.A.,convencional,2022-07,46274.6,645370.9,562690.1
El Corcobo Norte,Neuquina,PLUSPETROL S.A.,convencional,2022-08,46730.7,636175.4,557820.1
El Corcobo Norte,Neuquina,PLUSPETROL S.A.,convencional,2022-09,44708.8,621160.8,558515.3
El Corcobo Norte,Neuquina,PLUSPETROL S.A.,convencional,2022-10,46564.1,642946.7,555475.1
El Corcobo Norte,Neuquina,PLUSPETROL S.A.,convencional,2022-11,43577.1,653149.1,536251.9
El Corcobo Norte,Neuquina,PLUSPETROL S.A.,convencional,2022-12,46862.5,689348.0,561451.6
El Corcobo Norte,Neuquina,PLUSPETROL S.A.,convencional,2023-01,43670.8,660766.9,509110.3
El Corcobo Norte,Neuquina,PLUSPETROL S.A.,convencional,2023-02,42896.4,621973.7,508027.4
El Corcobo Norte,Neuquina,PLUSPETROL S.A.,convencional,2023-03,45797.9,688743.7,575714.2
El Corcobo Norte,Neuquina,PLUSPETROL S.A.,convencional,2023-04,43531.7,677837.6,555913.4
El Corcobo Norte,Neuquina,PLUSPETROL S.A.,convencional,2023-05,44425.5,703117.8,555951.7
El Corcobo Norte,Neuquina,PLUSPETROL S.A.,convencional,2023-06,43256.4,680222.1,545364.9
El Corcobo Norte,Neuquina,PLUSPETROL S.A.,convencional,2023-07,41697.2,675908.3,578018.9
El Corcobo Norte,Neuquina,PLUSPETROL S.A.,convencional,2023-08,44382.8,729636.0,616336.8
El Corcobo Norte,Neuquina,PLUSPETROL S.A.,convencional,2023-09,44444.2,715290.9,571709.0
El Corcobo Norte,Neuquina,PLUSPETROL S.A.,convencional,2023-10,44548.3,718162.4,577494.2
El Corcobo Norte,Neuquina,PLUSPETROL S.A.,convencional,2023-11,43432.3,698853.8,561885.3
El Corcobo Norte,Neuquina,PLUSPETROL S.A.,convencional,2023-12,43907.9,723676.5,577257.0
El Corcobo Norte,Neuquina,PLUSPETROL S.A.,convencional,2024-01,44315.7,706868.7,570805.3
El Corcobo Norte,Neuquina,PLUSPETROL S.A.,convencional,2024-02,41656.3,673312.1,547428.8
El Corcobo Norte,Neuquina,PLUSPETROL S.A.,convencional,2024-03,45044.5,715575.7,584797.0
El Corcobo Norte,Neuquina,PLUSPETROL S.A.,convencional,2024-04,43480.6,704908.5,567274.5
El Corcobo Norte,Neuquina,PLUSPETROL S.A.,convencional,2024-05,45764.2,726595.6,596561.8
El Corcobo Norte,Neuquina,PLUSPETROL S.A.,convencional,2024-06,44979.3,710250.6,579593.4
El Corcobo Norte,Neuquina,PLUSPETROL S.A.,convencional,2024-07,44185.4,725059.0,588408.2
El Corcobo Norte,Neuquina,PLUSPETROL S.A.,convencional,2024-08,44936.7,724441.2,587398.7
El Corcobo Norte,Neuquina,PLUSPETROL S.A.,convencional,2024-09,42352.3,674407.2,561024.8
El Corcobo Norte,Neuquina,PLUSPETROL S.A.,convencional,2024-10,43360.4,709362.8,591888.9
El Corcobo Norte,Neuquina,PLUSPETROL S.A.,convencional,2024-11,40987.7,691033.8,548204.5
El Corcobo Norte,Neuquina,PLUSPETROL S.A.,convencional,2024-12,42675.0,700300.3,583143.4
El Corcobo Norte,Neuquina,PLUSPETROL S.A.,convencional,2025-01,42211.9,702102.0,591149.0
El Corcobo Norte,Neuquina,PLUSPETROL S.A.,convencional,2025-02,37427.6,634110.2,530065.4
El Corcobo Norte,Neuquina,PLUSPETROL S.A.,convencional,2025-03,43198.2,696497.0,572281.0
El Corcobo Norte,Neuquina,PLUSPETROL S.A.,convencional,2025-04,41892.9,655765.7,546745.8
El Corcobo Norte,Neuquina,PLUSPETROL S.A.,convencional,2025-05,43033.2,690330.9,544244.0
El Corcobo Norte,Neuquina,PLUSPETROL S.A.,convencional,2025-06,42207.6,669326.2,520097.2
El Corcobo Norte,Neuquina,PLUSPETROL S.A.,convencional,2025-07,41612.3,682810.4,532436.8
El Corcobo Norte,Neuquina,PLUSPETROL S.A.,convencional,2025-08,41277.8,688092.0,544300.9
El Corcobo Norte,Neuquina,PLUSPETROL S.A.,convencional,2025-09,42157.0,671207.7,526790.8
El Corcobo Norte,Neuquina,PLUSPETROL S.A.,convencional,2025-10,41318.3,678111.8,548311.4
El Corcobo Norte,Neuquina,PLUSPETROL S.A.,convencional,2025-11,37982.3,669233.8,529026.5
El Corcobo Norte,Neuquina,PLUSPETROL S.A.,convencional,2025-12,40078.0,700534.2,551309.1
El Corcobo Norte,Neuquina,PLUSPETROL S.A.,convencional,2026-01,40650.0,686373.8,541195.5
El Corcobo Norte,Neuquina,PLUSPETROL S.A.,convencional,2026-02,38500.4,613589.9,483438.2
El Corcobo Norte,Neuquina,PLUSPETROL S.A.,convencional,2026-03,40618.2,682548.5,540061.4
El Corcobo Norte,Neuquina,PLUSPETROL S.A.,convencional,2026-04,37708.3,654076.7,498040.0
El Corcobo Norte,Neuquina,PLUSPETROL S.A.,convencional,2026-05,39142.2,678703.0,507515.5
El Corcobo Norte,Neuquina,PLUSPETROL S.A.,convencional,2026-06,38754.7,660106.8,507830.3
El Corcobo Norte,Neuquina,PLUSPETROL S.A.,convencional,2026-07,38246.2,678885.8,543576.6
Chihuido de la Sierra Negra,Neuquina,YPF S.A.,convencional,2006-01,111100.5,1275854.7,1527886.0
Chihuido de la Sierra Negra,Neuquina,YPF S.A.,no convencional,2006-01,0.0,0.0,0.0
Chihuido de la Sierra Negra,Neuquina,YPF S.A.,convencional,2006-02,97685.5,1126539.1,1348933.0
Chihuido de la Sierra Negra,Neuquina,YPF S.A.,no convencional,2006-02,0.0,0.0,0.0
Chihuido de la Sierra Negra,Neuquina,YPF S.A.,convencional,2006-03,102277.4,1161147.4,1348110.0
Chihuido de la Sierra Negra,Neuquina,YPF S.A.,no convencional,2006-03,0.0,0.0,0.0
Chihuido de la Sierra Negra,Neuquina,YPF S.A.,convencional,2006-04,96939.1,1042168.2,1393888.0
Chihuido de la Sierra Negra,Neuquina,YPF S.A.,no convencional,2006-04,0.0,0.0,0.0
Chihuido de la Sierra Negra,Neuquina,YPF S.A.,convencional,2006-05,103819.4,1216110.1,1489926.0
Chihuido de la Sierra Negra,Neuquina,YPF S.A.,no convencional,2006-05,0.0,0.0,0.0
Chihuido de la Sierra Negra,Neuquina,YPF S.A.,convencional,2006-06,99959.9,1203809.6,1440752.0
Chihuido de la Sierra Negra,Neuquina,YPF S.A.,no convencional,2006-06,0.0,0.0,0.0
Chihuido de la Sierra Negra,Neuquina,YPF S.A.,convencional,2006-07,100927.2,1231473.6,1496647.0
Chihuido de la Sierra Negra,Neuquina,YPF S.A.,no convencional,2006-07,0.0,0.0,0.0
Chihuido de la Sierra Negra,Neuquina,YPF S.A.,convencional,2006-08,98666.0,1211460.4,1516542.0
Chihuido de la Sierra Negra,Neuquina,YPF S.A.,no convencional,2006-08,0.0,0.0,0.0
Chihuido de la Sierra Negra,Neuquina,YPF S.A.,convencional,2006-09,95417.5,1165300.2,1445129.0
Chihuido de la Sierra Negra,Neuquina,YPF S.A.,no convencional,2006-09,0.0,0.0,0.0
Chihuido de la Sierra Negra,Neuquina,YPF S.A.,convencional,2006-10,97038.7,1202259.1,1498406.0
Chihuido de la Sierra Negra,Neuquina,YPF S.A.,no convencional,2006-10,0.0,0.0,0.0
Chihuido de la Sierra Negra,Neuquina,YPF S.A.,convencional,2006-11,88013.4,1117644.9,1367895.0
Chihuido de la Sierra Negra,Neuquina,YPF S.A.,no convencional,2006-11,0.0,0.0,0.0
Chihuido de la Sierra Negra,Neuquina,YPF S.A.,convencional,2006-12,93731.2,1152837.3,1422117.0
Chihuido de la Sierra Negra,Neuquina,YPF S.A.,no convencional,2006-12,0.0,0.0,0.0
Chihuido de la Sierra Negra,Neuquina,YPF S.A.,convencional,2007-01,90578.2,1179444.8,1443083.0
Chihuido de la Sierra Negra,Neuquina,YPF S.A.,no convencional,2007-01,0.0,0.0,0.0
Chihuido de la Sierra Negra,Neuquina,YPF S.A.,convencional,2007-02,85028.8,1091327.2,1341463.0
Chihuido de la Sierra Negra,Neuquina,YPF S.A.,no convencional,2007-02,0.0,0.0,0.0
Chihuido de la Sierra Negra,Neuquina,YPF S.A.,convencional,2007-03,91520.9,1186766.0,1434920.0
Chihuido de la Sierra Negra,Neuquina,YPF S.A.,no convencional,2007-03,0.0,0.0,0.0
Chihuido de la Sierra Negra,Neuquina,YPF S.A.,convencional,2007-04,88845.2,1155643.9,1406820.0
Chihuido de la Sierra Negra,Neuquina,YPF S.A.,no convencional,2007-04,0.0,0.0,0.0
Chihuido de la Sierra Negra,Neuquina,YPF S.A.,convencional,2007-05,90190.0,1189179.8,1522427.0
Chihuido de la Sierra Negra,Neuquina,YPF S.A.,no convencional,2007-05,0.0,0.0,0.0
Chihuido de la Sierra Negra,Neuquina,YPF S.A.,convencional,2007-06,87677.9,1161502.2,1442713.0
Chihuido de la Sierra Negra,Neuquina,YPF S.A.,no convencional,2007-06,0.0,0.0,0.0
Chihuido de la Sierra Negra,Neuquina,YPF S.A.,convencional,2007-07,89246.1,1184272.9,1439075.0
Chihuido de la Sierra Negra,Neuquina,YPF S.A.,no convencional,2007-07,0.0,0.0,0.0
Chihuido de la Sierra Negra,Neuquina,YPF S.A.,convencional,2007-08,87790.8,1192963.2,1447818.0
Chihuido de la Sierra Negra,Neuquina,YPF S.A.,no convencional,2007-08,0.0,0.0,0.0
Chihuido de la Sierra Negra,Neuquina,YPF S.A.,convencional,2007-09,82853.4,1137309.3,1360755.0
Chihuido de la Sierra Negra,Neuquina,YPF S.A.,no convencional,2007-09,0.0,0.0,0.0
Chihuido de la Sierra Negra,Neuquina,YPF S.A.,convencional,2007-10,85212.1,1173216.7,1387829.0
Chihuido de la Sierra Negra,Neuquina,YPF S.A.,no convencional,2007-10,0.0,0.0,0.0
Chihuido de la Sierra Negra,Neuquina,YPF S.A.,convencional,2007-11,83188.5,1145622.7,1397526.0
Chihuido de la Sierra Negra,Neuquina,YPF S.A.,no convencional,2007-11,0.0,0.0,0.0
Chihuido de la Sierra Negra,Neuquina,YPF S.A.,convencional,2007-12,82114.9,1170866.8,1410790.8
Chihuido de la Sierra Negra,Neuquina,YPF S.A.,no convencional,2007-12,0.0,0.0,0.0
Chihuido de la Sierra Negra,Neuquina,YPF S.A.,convencional,2008-01,80766.6,1190273.8,1403858.8
Chihuido de la Sierra Negra,Neuquina,YPF S.A.,no convencional,2008-01,0.0,0.0,0.0
Chihuido de la Sierra Negra,Neuquina,YPF S.A.,convencional,2008-02,74478.5,1086606.4,1297712.0
Chihuido de la Sierra Negra,Neuquina,YPF S.A.,no convencional,2008-02,0.0,0.0,0.0
Chihuido de la Sierra Negra,Neuquina,YPF S.A.,convencional,2008-03,79968.8,1175273.7,1390731.0
Chihuido de la Sierra Negra,Neuquina,YPF S.A.,no convencional,2008-03,0.0,0.0,0.0
Chihuido de la Sierra Negra,Neuquina,YPF S.A.,convencional,2008-04,75947.9,1119561.0,1293634.0
Chihuido de la Sierra Negra,Neuquina,YPF S.A.,no convencional,2008-04,0.0,0.0,0.0
Chihuido de la Sierra Negra,Neuquina,YPF S.A.,convencional,2008-05,78258.5,1151444.6,1365993.0
Chihuido de la Sierra Negra,Neuquina,YPF S.A.,no convencional,2008-05,0.0,0.0,0.0
Chihuido de la Sierra Negra,Neuquina,YPF S.A.,convencional,2008-06,75255.1,1110346.4,1321614.0
Chihuido de la Sierra Negra,Neuquina,YPF S.A.,no convencional,2008-06,0.0,0.0,0.0
Chihuido de la Sierra Negra,Neuquina,YPF S.A.,convencional,2008-07,77394.6,1146202.0,1361878.0
Chihuido de la Sierra Negra,Neuquina,YPF S.A.,no convencional,2008-07,0.0,0.0,0.0
Chihuido de la Sierra Negra,Neuquina,YPF S.A.,convencional,2008-08,76639.6,1143926.8,1415964.0
Chihuido de la Sierra Negra,Neuquina,YPF S.A.,no convencional,2008-08,0.0,0.0,0.0
Chihuido de la Sierra Negra,Neuquina,YPF S.A.,convencional,2008-09,75137.0,1116603.7,1367163.0
Chihuido de la Sierra Negra,Neuquina,YPF S.A.,convencional,2008-10,75588.9,1146718.0,1360106.0
Chihuido de la Sierra Negra,Neuquina,YPF S.A.,convencional,2008-11,73089.3,1099354.1,1320068.2
Chihuido de la Sierra Negra,Neuquina,YPF S.A.,convencional,2008-12,73285.2,1131589.6,1381144.0
Chihuido de la Sierra Negra,Neuquina,YPF S.A.,convencional,2009-01,73520.1,1129609.8,1384728.0
Chihuido de la Sierra Negra,Neuquina,YPF S.A.,convencional,2009-02,65792.9,1029482.9,1264058.0
Chihuido de la Sierra Negra,Neuquina,YPF S.A.,convencional,2009-03,72227.2,1146882.1,1400038.0
Chihuido de la Sierra Negra,Neuquina,YPF S.A.,convencional,2009-04,69037.1,1115405.0,1375667.0
Chihuido de la Sierra Negra,Neuquina,YPF S.A.,convencional,2009-05,67038.3,1127153.5,1404622.0
Chihuido de la Sierra Negra,Neuquina,YPF S.A.,convencional,2009-06,65904.3,1094160.2,1356375.9
Chihuido de la Sierra Negra,Neuquina,YPF S.A.,convencional,2009-07,58700.5,1001558.9,1247082.2
Chihuido de la Sierra Negra,Neuquina,YPF S.A.,convencional,2009-08,66386.7,1111810.6,1409019.7
Chihuido de la Sierra Negra,Neuquina,YPF S.A.,convencional,2009-09,61201.3,1040824.2,1313215.0
Chihuido de la Sierra Negra,Neuquina,YPF S.A.,convencional,2009-10,66009.2,1112381.8,1451078.3
Chihuido de la Sierra Negra,Neuquina,YPF S.A.,convencional,2009-11,62715.4,1081535.2,1366612.2
Chihuido de la Sierra Negra,Neuquina,YPF S.A.,convencional,2009-12,64855.1,1116083.4,1434199.0
Chihuido de la Sierra Negra,Neuquina,YPF S.A.,convencional,2010-01,64196.1,1110996.3,1455840.3
Chihuido de la Sierra Negra,Neuquina,YPF S.A.,convencional,2010-02,58209.5,1016593.1,1330394.0
Chihuido de la Sierra Negra,Neuquina,YPF S.A.,convencional,2010-03,62530.1,1110761.9,1410807.7
Chihuido de la Sierra Negra,Neuquina,YPF S.A.,convencional,2010-04,59642.2,1080697.1,1349919.4
Chihuido de la Sierra Negra,Neuquina,YPF S.A.,convencional,2010-05,59915.2,1123757.8,1426121.7
Chihuido de la Sierra Negra,Neuquina,YPF S.A.,convencional,2010-06,58767.0,1114122.0,1390275.1
Chihuido de la Sierra Negra,Neuquina,YPF S.A.,convencional,2010-07,60036.3,1145917.8,1402437.1
Chihuido de la Sierra Negra,Neuquina,YPF S.A.,convencional,2010-08,59874.3,1124682.1,1408264.1
Chihuido de la Sierra Negra,Neuquina,YPF S.A.,convencional,2010-09,57907.7,1100446.5,1379997.1
Chihuido de la Sierra Negra,Neuquina,YPF S.A.,convencional,2010-10,59190.8,1127513.4,1376041.2
Chihuido de la Sierra Negra,Neuquina,YPF S.A.,convencional,2010-11,55063.2,1037452.9,1312445.9
Chihuido de la Sierra Negra,Neuquina,YPF S.A.,convencional,2010-12,58958.9,1100456.0,1344291.2
Chihuido de la Sierra Negra,Neuquina,YPF S.A.,convencional,2011-01,57291.9,1070064.9,1299820.4
Chihuido de la Sierra Negra,Neuquina,YPF S.A.,convencional,2011-02,51829.3,959376.4,1177678.8
Chihuido de la Sierra Negra,Neuquina,YPF S.A.,convencional,2011-03,56468.1,1063482.4,1267668.6
Chihuido de la Sierra Negra,Neuquina,YPF S.A.,convencional,2011-04,53982.1,1032485.8,1237172.6
Chihuido de la Sierra Negra,Neuquina,YPF S.A.,convencional,2011-05,53800.8,1077651.8,1270120.0
Chihuido de la Sierra Negra,Neuquina,YPF S.A.,convencional,2011-06,50891.6,1051271.3,1269612.6
Chihuido de la Sierra Negra,Neuquina,YPF S.A.,convencional,2011-07,51930.0,1099091.2,1282189.2
Chihuido de la Sierra Negra,Neuquina,YPF S.A.,convencional,2011-08,52977.9,1104028.3,1278066.3
Chihuido de la Sierra Negra,Neuquina,YPF S.A.,convencional,2011-09,52187.6,1077600.5,1258981.0
Chihuido de la Sierra Negra,Neuquina,YPF S.A.,convencional,2011-10,55773.8,1106642.3,1284862.4
Chihuido de la Sierra Negra,Neuquina,YPF S.A.,convencional,2011-11,52871.6,1066102.0,1241762.8
Chihuido de la Sierra Negra,Neuquina,YPF S.A.,convencional,2011-12,53300.9,1102019.6,1258186.3
Chihuido de la Sierra Negra,Neuquina,YPF S.A.,convencional,2012-01,46721.8,1017364.3,1195627.8
Chihuido de la Sierra Negra,Neuquina,YPF S.A.,convencional,2012-02,47605.3,1008168.8,1221034.6
Chihuido de la Sierra Negra,Neuquina,YPF S.A.,convencional,2012-03,51065.4,1076130.7,1242954.1
Chihuido de la Sierra Negra,Neuquina,YPF S.A.,convencional,2012-04,46447.7,1007830.6,1211587.2
Chihuido de la Sierra Negra,Neuquina,YPF S.A.,convencional,2012-05,49832.2,1058700.0,1256330.1
Chihuido de la Sierra Negra,Neuquina,YPF S.A.,convencional,2012-06,47591.5,1020829.6,1243673.3
Chihuido de la Sierra Negra,Neuquina,YPF S.A.,convencional,2012-07,47373.1,1025365.0,1257241.3
Chihuido de la Sierra Negra,Neuquina,YPF S.A.,convencional,2012-08,47719.5,1019626.5,1298507.1
Chihuido de la Sierra Negra,Neuquina,YPF S.A.,convencional,2012-09,45914.5,981895.4,1216548.8
Chihuido de la Sierra Negra,Neuquina,YPF S.A.,convencional,2012-10,47924.3,1044174.2,1309771.2
Chihuido de la Sierra Negra,Neuquina,YPF S.A.,convencional,2012-11,41249.6,924908.3,1162444.6
Chihuido de la Sierra Negra,Neuquina,YPF S.A.,convencional,2012-12,46707.4,1027853.5,1308445.2
Chihuido de la Sierra Negra,Neuquina,YPF S.A.,convencional,2013-01,45841.4,1020989.4,1243497.0
Chihuido de la Sierra Negra,Neuquina,YPF S.A.,convencional,2013-02,41781.4,944821.5,1112767.4
Chihuido de la Sierra Negra,Neuquina,YPF S.A.,convencional,2013-03,46004.5,1003797.3,1209562.2
Chihuido de la Sierra Negra,Neuquina,YPF S.A.,convencional,2013-04,44563.7,969097.3,1186990.9
Chihuido de la Sierra Negra,Neuquina,YPF S.A.,convencional,2013-05,47333.2,1025684.8,1250750.6
Chihuido de la Sierra Negra,Neuquina,YPF S.A.,convencional,2013-06,41866.8,935830.0,1157658.8
Chihuido de la Sierra Negra,Neuquina,YPF S.A.,no convencional,2013-06,41.3,292.3,0.0
Chihuido de la Sierra Negra,Neuquina,YPF S.A.,convencional,2013-07,46447.4,998133.2,1195719.5
Chihuido de la Sierra Negra,Neuquina,YPF S.A.,no convencional,2013-07,0.0,0.0,0.0
Chihuido de la Sierra Negra,Neuquina,YPF S.A.,convencional,2013-08,39359.9,849936.4,1093955.6
Chihuido de la Sierra Negra,Neuquina,YPF S.A.,no convencional,2013-08,12.1,47.9,0.0
Chihuido de la Sierra Negra,Neuquina,YPF S.A.,convencional,2013-09,44406.9,969252.8,1188461.0
Chihuido de la Sierra Negra,Neuquina,YPF S.A.,no convencional,2013-09,43.2,336.8,0.0
Chihuido de la Sierra Negra,Neuquina,YPF S.A.,convencional,2013-10,45317.3,971731.5,1201723.5
Chihuido de la Sierra Negra,Neuquina,YPF S.A.,no convencional,2013-10,9.0,113.5,0.0
Chihuido de la Sierra Negra,Neuquina,YPF S.A.,convencional,2013-11,41444.4,899645.7,1149877.8
Chihuido de la Sierra Negra,Neuquina,YPF S.A.,no convencional,2013-11,18.8,264.7,0.0
Chihuido de la Sierra Negra,Neuquina,YPF S.A.,convencional,2013-12,42948.6,966033.6,1239461.2
Chihuido de la Sierra Negra,Neuquina,YPF S.A.,no convencional,2013-12,72.9,663.9,0.0
Chihuido de la Sierra Negra,Neuquina,YPF S.A.,convencional,2014-01,42592.9,969250.8,1231350.5
Chihuido de la Sierra Negra,Neuquina,YPF S.A.,no convencional,2014-01,79.5,696.6,0.0
Chihuido de la Sierra Negra,Neuquina,YPF S.A.,convencional,2014-02,37906.2,874668.9,1148611.8
Chihuido de la Sierra Negra,Neuquina,YPF S.A.,no convencional,2014-02,36.6,378.2,0.0
Chihuido de la Sierra Negra,Neuquina,YPF S.A.,convencional,2014-03,41645.9,956603.9,1217761.2
Chihuido de la Sierra Negra,Neuquina,YPF S.A.,no convencional,2014-03,21.3,286.7,0.0
Chihuido de la Sierra Negra,Neuquina,YPF S.A.,convencional,2014-04,35355.1,817710.6,964441.9
Chihuido de la Sierra Negra,Neuquina,YPF S.A.,no convencional,2014-04,12.3,171.0,0.0
Chihuido de la Sierra Negra,Neuquina,YPF S.A.,convencional,2014-05,41609.2,925396.2,1189757.1
Chihuido de la Sierra Negra,Neuquina,YPF S.A.,no convencional,2014-05,24.5,317.5,0.0
Chihuido de la Sierra Negra,Neuquina,YPF S.A.,convencional,2014-06,39864.1,892034.4,1168816.2
Chihuido de la Sierra Negra,Neuquina,YPF S.A.,no convencional,2014-06,27.2,360.3,0.0
Chihuido de la Sierra Negra,Neuquina,YPF S.A.,convencional,2014-07,39387.0,893642.9,1161878.7
Chihuido de la Sierra Negra,Neuquina,YPF S.A.,no convencional,2014-07,28.6,383.5,0.0
Chihuido de la Sierra Negra,Neuquina,YPF S.A.,convencional,2014-08,37931.7,903908.8,1212385.6
Chihuido de la Sierra Negra,Neuquina,YPF S.A.,no convencional,2014-08,26.2,359.4,0.0
Chihuido de la Sierra Negra,Neuquina,YPF S.A.,convencional,2014-09,40523.8,951507.3,1218964.4
Chihuido de la Sierra Negra,Neuquina,YPF S.A.,no convencional,2014-09,30.2,400.3,0.0
Chihuido de la Sierra Negra,Neuquina,YPF S.A.,convencional,2014-10,41507.9,984835.6,1250070.5
Chihuido de la Sierra Negra,Neuquina,YPF S.A.,no convencional,2014-10,32.1,438.2,0.0
Chihuido de la Sierra Negra,Neuquina,YPF S.A.,convencional,2014-11,39574.9,938187.6,1180163.5
Chihuido de la Sierra Negra,Neuquina,YPF S.A.,no convencional,2014-11,31.1,423.4,0.0
Chihuido de la Sierra Negra,Neuquina,YPF S.A.,convencional,2014-12,38424.7,950164.9,1203016.8
Chihuido de la Sierra Negra,Neuquina,YPF S.A.,no convencional,2014-12,29.0,408.6,0.0
Chihuido de la Sierra Negra,Neuquina,YPF S.A.,convencional,2015-01,39889.4,975408.3,1275918.1
Chihuido de la Sierra Negra,Neuquina,YPF S.A.,no convencional,2015-01,13.0,175.7,0.0
Chihuido de la Sierra Negra,Neuquina,YPF S.A.,convencional,2015-02,34552.8,855076.8,1120463.4
Chihuido de la Sierra Negra,Neuquina,YPF S.A.,no convencional,2015-02,13.2,357.6,0.0
Chihuido de la Sierra Negra,Neuquina,YPF S.A.,convencional,2015-03,39882.7,968492.7,1248342.4
Chihuido de la Sierra Negra,Neuquina,YPF S.A.,no convencional,2015-03,14.7,417.1,0.0
Chihuido de la Sierra Negra,Neuquina,YPF S.A.,convencional,2015-04,38104.2,939790.5,1212897.2
Chihuido de la Sierra Negra,Neuquina,YPF S.A.,no convencional,2015-04,19.2,332.4,0.0
Chihuido de la Sierra Negra,Neuquina,YPF S.A.,convencional,2015-05,39062.1,990107.3,1259843.3
Chihuido de la Sierra Negra,Neuquina,YPF S.A.,no convencional,2015-05,19.8,305.4,0.0
Chihuido de la Sierra Negra,Neuquina,YPF S.A.,convencional,2015-06,37214.0,975676.7,1200763.3
Chihuido de la Sierra Negra,Neuquina,YPF S.A.,no convencional,2015-06,0.0,0.0,0.0
Chihuido de la Sierra Negra,Neuquina,YPF S.A.,convencional,2015-07,38562.3,1009334.7,1255329.5
Chihuido de la Sierra Negra,Neuquina,YPF S.A.,no convencional,2015-07,0.0,0.0,0.0
Chihuido de la Sierra Negra,Neuquina,YPF S.A.,convencional,2015-08,37944.1,1014340.6,1255295.2
Chihuido de la Sierra Negra,Neuquina,YPF S.A.,no convencional,2015-08,0.0,0.0,0.0
Chihuido de la Sierra Negra,Neuquina,YPF S.A.,convencional,2015-09,36741.9,973010.5,1233231.8
Chihuido de la Sierra Negra,Neuquina,YPF S.A.,no convencional,2015-09,0.0,0.0,0.0
Chihuido de la Sierra Negra,Neuquina,YPF S.A.,convencional,2015-10,37572.6,969098.9,1243830.1
Chihuido de la Sierra Negra,Neuquina,YPF S.A.,no convencional,2015-10,0.0,0.0,0.0
Chihuido de la Sierra Negra,Neuquina,YPF S.A.,convencional,2015-11,34507.6,925302.8,1140834.4
Chihuido de la Sierra Negra,Neuquina,YPF S.A.,no convencional,2015-11,0.0,0.0,0.0
Chihuido de la Sierra Negra,Neuquina,YPF S.A.,convencional,2015-12,37036.5,1001419.3,1224303.3
Chihuido de la Sierra Negra,Neuquina,YPF S.A.,no convencional,2015-12,0.0,0.0,0.0
Chihuido de la Sierra Negra,Neuquina,YPF S.A.,convencional,2016-01,36475.7,992711.9,1191619.5
Chihuido de la Sierra Negra,Neuquina,YPF S.A.,no convencional,2016-01,0.0,0.0,0.0
Chihuido de la Sierra Negra,Neuquina,YPF S.A.,convencional,2016-02,33188.7,910320.4,1101265.4
Chihuido de la Sierra Negra,Neuquina,YPF S.A.,no convencional,2016-02,0.0,0.0,0.0
Chihuido de la Sierra Negra,Neuquina,YPF S.A.,convencional,2016-03,37218.9,1017398.9,1252257.2
Chihuido de la Sierra Negra,Neuquina,YPF S.A.,no convencional,2016-03,0.0,0.0,0.0
Chihuido de la Sierra Negra,Neuquina,YPF S.A.,convencional,2016-04,34895.6,961655.4,1176680.2
Chihuido de la Sierra Negra,Neuquina,YPF S.A.,no convencional,2016-04,0.0,0.0,0.0
Chihuido de la Sierra Negra,Neuquina,YPF S.A.,convencional,2016-05,35400.6,979393.0,1190109.4
Chihuido de la Sierra Negra,Neuquina,YPF S.A.,no convencional,2016-05,0.0,0.0,0.0
Chihuido de la Sierra Negra,Neuquina,YPF S.A.,convencional,2016-06,32063.0,911210.2,1099702.4
Chihuido de la Sierra Negra,Neuquina,YPF S.A.,no convencional,2016-06,0.0,0.0,0.0
Chihuido de la Sierra Negra,Neuquina,YPF S.A.,convencional,2016-07,34225.7,984593.1,1191048.8
Chihuido de la Sierra Negra,Neuquina,YPF S.A.,no convencional,2016-07,0.0,0.0,0.0
Chihuido de la Sierra Negra,Neuquina,YPF S.A.,convencional,2016-08,33330.1,940364.1,1167059.0
Chihuido de la Sierra Negra,Neuquina,YPF S.A.,no convencional,2016-08,0.0,0.0,0.0
Chihuido de la Sierra Negra,Neuquina,YPF S.A.,convencional,2016-09,31276.8,834861.2,1027023.9
Chihuido de la Sierra Negra,Neuquina,YPF S.A.,no convencional,2016-09,0.0,0.0,0.0
Chihuido de la Sierra Negra,Neuquina,YPF S.A.,convencional,2016-10,32350.3,853654.9,1053076.6
Chihuido de la Sierra Negra,Neuquina,YPF S.A.,no convencional,2016-10,0.0,0.0,0.0
Chihuido de la Sierra Negra,Neuquina,YPF S.A.,convencional,2016-11,30614.6,803540.9,1104599.0
Chihuido de la Sierra Negra,Neuquina,YPF S.A.,no convencional,2016-11,0.0,0.0,0.0
Chihuido de la Sierra Negra,Neuquina,YPF S.A.,convencional,2016-12,29030.4,750244.0,1011778.4
Chihuido de la Sierra Negra,Neuquina,YPF S.A.,no convencional,2016-12,0.0,0.0,0.0
Chihuido de la Sierra Negra,Neuquina,YPF S.A.,convencional,2017-01,29030.2,762019.4,1032654.9
Chihuido de la Sierra Negra,Neuquina,YPF S.A.,no convencional,2017-01,0.0,0.0,0.0
Chihuido de la Sierra Negra,Neuquina,YPF S.A.,convencional,2017-02,23559.2,650921.7,863088.3
Chihuido de la Sierra Negra,Neuquina,YPF S.A.,no convencional,2017-02,0.0,0.0,0.0
Chihuido de la Sierra Negra,Neuquina,YPF S.A.,convencional,2017-03,27785.9,773017.0,1013778.0
Chihuido de la Sierra Negra,Neuquina,YPF S.A.,no convencional,2017-03,0.0,0.0,0.0
Chihuido de la Sierra Negra,Neuquina,YPF S.A.,convencional,2017-04,23884.0,665501.7,889155.5
Chihuido de la Sierra Negra,Neuquina,YPF S.A.,no convencional,2017-04,0.0,0.0,0.0
Chihuido de la Sierra Negra,Neuquina,YPF S.A.,convencional,2017-05,24593.5,701333.0,930260.1
Chihuido de la Sierra Negra,Neuquina,YPF S.A.,no convencional,2017-05,0.0,0.0,0.0
Chihuido de la Sierra Negra,Neuquina,YPF S.A.,convencional,2017-06,27192.0,749351.9,999461.0
Chihuido de la Sierra Negra,Neuquina,YPF S.A.,no convencional,2017-06,0.0,0.0,0.0
Chihuido de la Sierra Negra,Neuquina,YPF S.A.,convencional,2017-07,28083.4,764030.3,1034581.0
Chihuido de la Sierra Negra,Neuquina,YPF S.A.,no convencional,2017-07,0.0,0.0,0.0
Chihuido de la Sierra Negra,Neuquina,YPF S.A.,convencional,2017-08,27638.3,732796.3,1029951.6
Chihuido de la Sierra Negra,Neuquina,YPF S.A.,no convencional,2017-08,0.0,0.0,0.0
Chihuido de la Sierra Negra,Neuquina,YPF S.A.,convencional,2017-09,27239.8,711919.1,988805.9
Chihuido de la Sierra Negra,Neuquina,YPF S.A.,no convencional,2017-09,0.0,0.0,0.0
Chihuido de la Sierra Negra,Neuquina,YPF S.A.,convencional,2017-10,27201.7,739988.5,1049908.2
Chihuido de la Sierra Negra,Neuquina,YPF S.A.,no convencional,2017-10,0.0,0.0,0.0
Chihuido de la Sierra Negra,Neuquina,YPF S.A.,convencional,2017-11,26047.2,730909.4,982575.9
Chihuido de la Sierra Negra,Neuquina,YPF S.A.,no convencional,2017-11,0.0,0.0,0.0
Chihuido de la Sierra Negra,Neuquina,YPF S.A.,convencional,2017-12,25533.2,747219.3,1004228.7
Chihuido de la Sierra Negra,Neuquina,YPF S.A.,no convencional,2017-12,0.0,0.0,0.0
Chihuido de la Sierra Negra,Neuquina,YPF S.A.,convencional,2018-01,26505.5,814059.2,1094613.2
Chihuido de la Sierra Negra,Neuquina,YPF S.A.,no convencional,2018-01,0.0,0.0,0.0
Chihuido de la Sierra Negra,Neuquina,YPF S.A.,convencional,2018-02,24204.3,748106.8,968059.6
Chihuido de la Sierra Negra,Neuquina,YPF S.A.,no convencional,2018-02,0.0,0.0,0.0
Chihuido de la Sierra Negra,Neuquina,YPF S.A.,convencional,2018-03,26934.2,819701.0,1050430.6
Chihuido de la Sierra Negra,Neuquina,YPF S.A.,no convencional,2018-03,0.0,0.0,0.0
Chihuido de la Sierra Negra,Neuquina,YPF S.A.,convencional,2018-04,26083.7,779837.2,1020938.4
Chihuido de la Sierra Negra,Neuquina,YPF S.A.,no convencional,2018-04,0.0,0.0,0.0
Chihuido de la Sierra Negra,Neuquina,YPF S.A.,convencional,2018-05,26906.1,818720.1,1064333.5
Chihuido de la Sierra Negra,Neuquina,YPF S.A.,no convencional,2018-05,0.0,0.0,0.0
Chihuido de la Sierra Negra,Neuquina,YPF S.A.,convencional,2018-06,25499.1,783706.0,1006929.7
Chihuido de la Sierra Negra,Neuquina,YPF S.A.,no convencional,2018-06,0.0,0.0,0.0
Chihuido de la Sierra Negra,Neuquina,YPF S.A.,convencional,2018-07,25069.4,820641.7,1091859.5
Chihuido de la Sierra Negra,Neuquina,YPF S.A.,no convencional,2018-07,0.0,0.0,0.0
Chihuido de la Sierra Negra,Neuquina,YPF S.A.,convencional,2018-08,25165.2,801788.5,1065046.8
Chihuido de la Sierra Negra,Neuquina,YPF S.A.,no convencional,2018-08,0.0,0.0,0.0
Chihuido de la Sierra Negra,Neuquina,YPF S.A.,convencional,2018-09,24141.9,759883.3,1013719.7
Chihuido de la Sierra Negra,Neuquina,YPF S.A.,no convencional,2018-09,0.0,0.0,0.0
Chihuido de la Sierra Negra,Neuquina,YPF S.A.,convencional,2018-10,24477.6,788282.5,1061972.6
Chihuido de la Sierra Negra,Neuquina,YPF S.A.,no convencional,2018-10,0.0,0.0,0.0
Chihuido de la Sierra Negra,Neuquina,YPF S.A.,convencional,2018-11,22749.7,765814.0,1009504.0
Chihuido de la Sierra Negra,Neuquina,YPF S.A.,no convencional,2018-11,0.0,0.0,0.0
Chihuido de la Sierra Negra,Neuquina,YPF S.A.,convencional,2018-12,23570.9,782140.4,1039864.1
Chihuido de la Sierra Negra,Neuquina,YPF S.A.,no convencional,2018-12,0.0,0.0,0.0
Chihuido de la Sierra Negra,Neuquina,YPF S.A.,convencional,2019-01,23448.9,786544.4,1031682.4
Chihuido de la Sierra Negra,Neuquina,YPF S.A.,no convencional,2019-01,0.0,0.0,0.0
Chihuido de la Sierra Negra,Neuquina,YPF S.A.,convencional,2019-02,21764.6,721583.1,935223.7
Chihuido de la Sierra Negra,Neuquina,YPF S.A.,no convencional,2019-02,0.0,0.0,0.0
Chihuido de la Sierra Negra,Neuquina,YPF S.A.,convencional,2019-03,23348.6,778428.6,1030527.5
Chihuido de la Sierra Negra,Neuquina,YPF S.A.,no convencional,2019-03,0.0,0.0,0.0
Chihuido de la Sierra Negra,Neuquina,YPF S.A.,convencional,2019-04,22142.7,759691.3,972725.4
Chihuido de la Sierra Negra,Neuquina,YPF S.A.,no convencional,2019-04,0.0,0.0,0.0
Chihuido de la Sierra Negra,Neuquina,YPF S.A.,convencional,2019-05,23368.7,787291.3,1026563.7
Chihuido de la Sierra Negra,Neuquina,YPF S.A.,no convencional,2019-05,0.0,0.0,0.0
Chihuido de la Sierra Negra,Neuquina,YPF S.A.,convencional,2019-06,21699.4,734436.0,1001448.8
Chihuido de la Sierra Negra,Neuquina,YPF S.A.,no convencional,2019-06,0.0,0.0,0.0
Chihuido de la Sierra Negra,Neuquina,YPF S.A.,convencional,2019-07,22703.5,793943.2,1077750.1
Chihuido de la Sierra Negra,Neuquina,YPF S.A.,no convencional,2019-07,0.0,0.0,0.0
Chihuido de la Sierra Negra,Neuquina,YPF S.A.,convencional,2019-08,22755.1,784609.3,1085128.2
Chihuido de la Sierra Negra,Neuquina,YPF S.A.,no convencional,2019-08,0.0,0.0,0.0
Chihuido de la Sierra Negra,Neuquina,YPF S.A.,convencional,2019-09,21708.4,762210.5,1043205.4
Chihuido de la Sierra Negra,Neuquina,YPF S.A.,no convencional,2019-09,0.0,0.0,0.0
Chihuido de la Sierra Negra,Neuquina,YPF S.A.,convencional,2019-10,21551.8,754036.3,991809.5
Chihuido de la Sierra Negra,Neuquina,YPF S.A.,no convencional,2019-10,0.0,0.0,0.0
Chihuido de la Sierra Negra,Neuquina,YPF S.A.,convencional,2019-11,20336.0,732265.4,1036610.3
Chihuido de la Sierra Negra,Neuquina,YPF S.A.,no convencional,2019-11,0.0,0.0,0.0
Chihuido de la Sierra Negra,Neuquina,YPF S.A.,convencional,2019-12,20131.5,731736.7,1005567.3
Chihuido de la Sierra Negra,Neuquina,YPF S.A.,no convencional,2019-12,0.0,0.0,0.0
Chihuido de la Sierra Negra,Neuquina,YPF S.A.,convencional,2020-01,21732.3,790048.7,1066735.9
Chihuido de la Sierra Negra,Neuquina,YPF S.A.,no convencional,2020-01,353.0,1123.4,0.0
Chihuido de la Sierra Negra,Neuquina,YPF S.A.,convencional,2020-02,20170.0,676322.4,924788.7
Chihuido de la Sierra Negra,Neuquina,YPF S.A.,no convencional,2020-02,2239.8,3357.8,0.0
Chihuido de la Sierra Negra,Neuquina,YPF S.A.,convencional,2020-03,19874.2,657453.0,931093.7
Chihuido de la Sierra Negra,Neuquina,YPF S.A.,no convencional,2020-03,4587.2,5297.9,0.0
Chihuido de la Sierra Negra,Neuquina,YPF S.A.,convencional,2020-04,18547.0,633251.3,895325.3
Chihuido de la Sierra Negra,Neuquina,YPF S.A.,no convencional,2020-04,5001.8,4779.8,0.0
Chihuido de la Sierra Negra,Neuquina,YPF S.A.,convencional,2020-05,17747.4,645025.6,916726.4
Chihuido de la Sierra Negra,Neuquina,YPF S.A.,no convencional,2020-05,4842.1,4245.5,0.0
Chihuido de la Sierra Negra,Neuquina,YPF S.A.,convencional,2020-06,16659.0,620130.9,886357.1
Chihuido de la Sierra Negra,Neuquina,YPF S.A.,no convencional,2020-06,3188.9,2333.5,0.0
Chihuido de la Sierra Negra,Neuquina,YPF S.A.,convencional,2020-07,16037.0,555872.5,810354.4
Chihuido de la Sierra Negra,Neuquina,YPF S.A.,no convencional,2020-07,1167.3,867.3,0.0
Chihuido de la Sierra Negra,Neuquina,YPF S.A.,convencional,2020-08,14670.8,513055.0,755570.4
Chihuido de la Sierra Negra,Neuquina,YPF S.A.,no convencional,2020-08,0.0,0.0,0.0
Chihuido de la Sierra Negra,Neuquina,YPF S.A.,convencional,2020-09,13896.1,451315.8,629064.3
Chihuido de la Sierra Negra,Neuquina,YPF S.A.,no convencional,2020-09,0.0,0.0,0.0
Chihuido de la Sierra Negra,Neuquina,YPF S.A.,convencional,2020-10,14099.7,495593.4,670390.8
Chihuido de la Sierra Negra,Neuquina,YPF S.A.,no convencional,2020-10,0.0,0.0,0.0
Chihuido de la Sierra Negra,Neuquina,YPF S.A.,convencional,2020-11,13462.8,524603.4,735354.1
Chihuido de la Sierra Negra,Neuquina,YPF S.A.,no convencional,2020-11,0.0,0.0,0.0
Chihuido de la Sierra Negra,Neuquina,YPF S.A.,convencional,2020-12,14567.7,568177.3,779751.2
Chihuido de la Sierra Negra,Neuquina,YPF S.A.,no convencional,2020-12,2142.6,1175.5,0.0
Chihuido de la Sierra Negra,Neuquina,YPF S.A.,convencional,2021-01,14790.0,572397.6,792991.1
Chihuido de la Sierra Negra,Neuquina,YPF S.A.,no convencional,2021-01,3904.6,1392.6,0.0
Chihuido de la Sierra Negra,Neuquina,YPF S.A.,convencional,2021-02,14027.6,529387.4,727643.9
Chihuido de la Sierra Negra,Neuquina,YPF S.A.,no convencional,2021-02,2907.6,1136.5,0.0
Chihuido de la Sierra Negra,Neuquina,YPF S.A.,convencional,2021-03,14232.7,555228.9,765959.8
Chihuido de la Sierra Negra,Neuquina,YPF S.A.,no convencional,2021-03,2658.5,1871.3,0.0
Chihuido de la Sierra Negra,Neuquina,YPF S.A.,convencional,2021-04,14598.8,552953.3,790023.9
Chihuido de la Sierra Negra,Neuquina,YPF S.A.,no convencional,2021-04,2338.9,2629.3,0.0
Chihuido de la Sierra Negra,Neuquina,YPF S.A.,convencional,2021-05,14940.3,582789.9,840490.2
Chihuido de la Sierra Negra,Neuquina,YPF S.A.,no convencional,2021-05,2336.9,2866.7,0.0
Chihuido de la Sierra Negra,Neuquina,YPF S.A.,convencional,2021-06,15056.8,571933.0,824815.9
Chihuido de la Sierra Negra,Neuquina,YPF S.A.,no convencional,2021-06,2133.8,2660.7,0.0
Chihuido de la Sierra Negra,Neuquina,YPF S.A.,convencional,2021-07,15494.3,576088.0,817224.3
Chihuido de la Sierra Negra,Neuquina,YPF S.A.,no convencional,2021-07,1744.5,2002.8,0.0
Chihuido de la Sierra Negra,Neuquina,YPF S.A.,convencional,2021-08,15371.2,580100.8,818535.3
Chihuido de la Sierra Negra,Neuquina,YPF S.A.,no convencional,2021-08,1666.3,1119.1,0.0
Chihuido de la Sierra Negra,Neuquina,YPF S.A.,convencional,2021-09,15726.2,572238.4,790867.3
Chihuido de la Sierra Negra,Neuquina,YPF S.A.,no convencional,2021-09,1508.5,493.3,0.0
Chihuido de la Sierra Negra,Neuquina,YPF S.A.,convencional,2021-10,16002.6,616710.6,828084.1
Chihuido de la Sierra Negra,Neuquina,YPF S.A.,no convencional,2021-10,1517.0,288.2,0.0
Chihuido de la Sierra Negra,Neuquina,YPF S.A.,convencional,2021-11,15594.5,605082.1,821797.3
Chihuido de la Sierra Negra,Neuquina,YPF S.A.,no convencional,2021-11,1385.8,195.2,0.0
Chihuido de la Sierra Negra,Neuquina,YPF S.A.,convencional,2021-12,15519.5,613004.3,829130.3
Chihuido de la Sierra Negra,Neuquina,YPF S.A.,no convencional,2021-12,1253.2,151.2,0.0
Chihuido de la Sierra Negra,Neuquina,YPF S.A.,convencional,2022-01,15760.6,614257.9,835802.5
Chihuido de la Sierra Negra,Neuquina,YPF S.A.,no convencional,2022-01,1235.5,144.5,0.0
Chihuido de la Sierra Negra,Neuquina,YPF S.A.,convencional,2022-02,14508.4,552910.4,741536.9
Chihuido de la Sierra Negra,Neuquina,YPF S.A.,no convencional,2022-02,1079.5,120.3,0.0
Chihuido de la Sierra Negra,Neuquina,YPF S.A.,convencional,2022-03,16279.7,617383.2,854939.9
Chihuido de la Sierra Negra,Neuquina,YPF S.A.,no convencional,2022-03,1191.5,156.6,0.0
Chihuido de la Sierra Negra,Neuquina,YPF S.A.,convencional,2022-04,15679.0,579938.7,813362.3
Chihuido de la Sierra Negra,Neuquina,YPF S.A.,no convencional,2022-04,1015.8,98.4,0.0
Chihuido de la Sierra Negra,Neuquina,YPF S.A.,convencional,2022-05,15307.1,536977.7,751926.3
Chihuido de la Sierra Negra,Neuquina,YPF S.A.,no convencional,2022-05,866.8,42.2,0.0
Chihuido de la Sierra Negra,Neuquina,YPF S.A.,convencional,2022-06,13658.4,482661.1,670453.0
Chihuido de la Sierra Negra,Neuquina,YPF S.A.,no convencional,2022-06,1373.4,1211.3,0.0
Chihuido de la Sierra Negra,Neuquina,YPF S.A.,convencional,2022-07,13960.8,521251.7,705162.3
Chihuido de la Sierra Negra,Neuquina,YPF S.A.,no convencional,2022-07,2528.9,2683.0,0.0
Chihuido de la Sierra Negra,Neuquina,YPF S.A.,convencional,2022-08,13390.3,493260.8,678580.6
Chihuido de la Sierra Negra,Neuquina,YPF S.A.,no convencional,2022-08,2175.7,2977.4,0.0
Chihuido de la Sierra Negra,Neuquina,YPF S.A.,convencional,2022-09,12362.7,453991.4,623995.4
Chihuido de la Sierra Negra,Neuquina,YPF S.A.,no convencional,2022-09,1912.8,2476.6,0.0
Chihuido de la Sierra Negra,Neuquina,YPF S.A.,convencional,2022-10,12495.6,464666.0,624328.3
Chihuido de la Sierra Negra,Neuquina,YPF S.A.,no convencional,2022-10,1800.8,2498.9,0.0
Chihuido de la Sierra Negra,Neuquina,YPF S.A.,convencional,2022-11,12114.3,459772.1,594659.1
Chihuido de la Sierra Negra,Neuquina,YPF S.A.,no convencional,2022-11,1694.7,2144.9,0.0
Chihuido de la Sierra Negra,Neuquina,YPF S.A.,convencional,2022-12,12652.8,488415.0,644364.0
Chihuido de la Sierra Negra,Neuquina,YPF S.A.,no convencional,2022-12,1584.3,2251.7,0.0
Chihuido de la Sierra Negra,Neuquina,YPF S.A.,convencional,2023-01,12468.3,503013.7,610674.8
Chihuido de la Sierra Negra,Neuquina,YPF S.A.,no convencional,2023-01,1674.8,1923.8,0.0
Chihuido de la Sierra Negra,Neuquina,YPF S.A.,convencional,2023-02,12497.8,498964.4,601990.7
Chihuido de la Sierra Negra,Neuquina,YPF S.A.,no convencional,2023-02,1321.2,1964.1,0.0
Chihuido de la Sierra Negra,Neuquina,YPF S.A.,convencional,2023-03,14315.2,583057.6,720811.8
Chihuido de la Sierra Negra,Neuquina,YPF S.A.,no convencional,2023-03,1283.7,2217.8,0.0
Chihuido de la Sierra Negra,Neuquina,YPF S.A.,convencional,2023-04,14178.9,560983.5,707128.6
Chihuido de la Sierra Negra,Neuquina,YPF S.A.,no convencional,2023-04,1280.3,2168.5,0.0
Chihuido de la Sierra Negra,Neuquina,YPF S.A.,convencional,2023-05,14212.0,579388.8,703829.9
Chihuido de la Sierra Negra,Neuquina,YPF S.A.,no convencional,2023-05,1035.7,1805.8,0.0
Chihuido de la Sierra Negra,Neuquina,YPF S.A.,convencional,2023-06,14144.3,563085.0,675852.5
Chihuido de la Sierra Negra,Neuquina,YPF S.A.,no convencional,2023-06,414.1,1456.0,0.0
Chihuido de la Sierra Negra,Neuquina,YPF S.A.,convencional,2023-07,14293.1,566036.0,700609.7
Chihuido de la Sierra Negra,Neuquina,YPF S.A.,no convencional,2023-07,1073.7,1546.2,0.0
Chihuido de la Sierra Negra,Neuquina,YPF S.A.,convencional,2023-08,14023.5,585209.8,729031.2
Chihuido de la Sierra Negra,Neuquina,YPF S.A.,no convencional,2023-08,1339.0,1970.8,0.0
Chihuido de la Sierra Negra,Neuquina,YPF S.A.,convencional,2023-09,13840.7,562552.6,698537.1
Chihuido de la Sierra Negra,Neuquina,YPF S.A.,no convencional,2023-09,1244.1,1756.3,0.0
Chihuido de la Sierra Negra,Neuquina,YPF S.A.,convencional,2023-10,13986.0,584561.4,720396.3
Chihuido de la Sierra Negra,Neuquina,YPF S.A.,no convencional,2023-10,1121.8,1730.8,0.0
Chihuido de la Sierra Negra,Neuquina,YPF S.A.,convencional,2023-11,13479.4,561903.6,682492.2
Chihuido de la Sierra Negra,Neuquina,YPF S.A.,no convencional,2023-11,1010.0,1628.4,0.0
Chihuido de la Sierra Negra,Neuquina,YPF S.A.,convencional,2023-12,14135.9,588837.2,756411.9
Chihuido de la Sierra Negra,Neuquina,YPF S.A.,no convencional,2023-12,986.3,1821.1,0.0
Chihuido de la Sierra Negra,Neuquina,YPF S.A.,convencional,2024-01,13983.7,596155.2,756559.1
Chihuido de la Sierra Negra,Neuquina,YPF S.A.,no convencional,2024-01,931.4,1654.8,0.0
Chihuido de la Sierra Negra,Neuquina,YPF S.A.,convencional,2024-02,13075.0,551349.8,678756.7
Chihuido de la Sierra Negra,Neuquina,YPF S.A.,no convencional,2024-02,856.8,1466.4,0.0
Chihuido de la Sierra Negra,Neuquina,YPF S.A.,convencional,2024-03,13658.9,581897.9,732301.6
Chihuido de la Sierra Negra,Neuquina,YPF S.A.,no convencional,2024-03,909.7,1560.7,0.0
Chihuido de la Sierra Negra,Neuquina,YPF S.A.,convencional,2024-04,12412.4,531699.8,651064.4
Chihuido de la Sierra Negra,Neuquina,YPF S.A.,no convencional,2024-04,884.7,1414.2,0.0
Chihuido de la Sierra Negra,Neuquina,YPF S.A.,convencional,2024-05,12816.9,530775.2,650522.3
Chihuido de la Sierra Negra,Neuquina,YPF S.A.,no convencional,2024-05,883.9,1382.2,0.0
Chihuido de la Sierra Negra,Neuquina,YPF S.A.,convencional,2024-06,12159.9,505086.2,621719.1
Chihuido de la Sierra Negra,Neuquina,YPF S.A.,no convencional,2024-06,821.8,1301.8,0.0
Chihuido de la Sierra Negra,Neuquina,YPF S.A.,convencional,2024-07,12955.9,531719.4,636795.1
Chihuido de la Sierra Negra,Neuquina,YPF S.A.,no convencional,2024-07,866.5,1301.1,0.0
Chihuido de la Sierra Negra,Neuquina,YPF S.A.,convencional,2024-08,13129.1,520214.6,640892.8
Chihuido de la Sierra Negra,Neuquina,YPF S.A.,no convencional,2024-08,863.2,1226.9,0.0
Chihuido de la Sierra Negra,Neuquina,YPF S.A.,convencional,2024-09,12186.8,459862.4,532178.7
Chihuido de la Sierra Negra,Neuquina,YPF S.A.,no convencional,2024-09,795.3,1180.4,0.0
Chihuido de la Sierra Negra,Neuquina,YPF S.A.,convencional,2024-10,12420.3,499065.0,593694.9
Chihuido de la Sierra Negra,Neuquina,YPF S.A.,no convencional,2024-10,816.4,1177.9,0.0
Chihuido de la Sierra Negra,Neuquina,YPF S.A.,convencional,2024-11,12480.8,494129.4,622592.2
Chihuido de la Sierra Negra,Neuquina,YPF S.A.,no convencional,2024-11,774.7,1050.3,0.0
Chihuido de la Sierra Negra,Neuquina,YPF S.A.,convencional,2024-12,12461.2,497985.4,626949.8
Chihuido de la Sierra Negra,Neuquina,YPF S.A.,no convencional,2024-12,773.1,1121.9,0.0
Chihuido de la Sierra Negra,Neuquina,YPF S.A.,convencional,2025-01,12759.9,494369.1,617996.3
Chihuido de la Sierra Negra,Neuquina,YPF S.A.,no convencional,2025-01,811.8,1098.3,0.0
Chihuido de la Sierra Negra,Neuquina,YPF S.A.,convencional,2025-02,11347.7,431771.2,550037.2
Chihuido de la Sierra Negra,Neuquina,YPF S.A.,no convencional,2025-02,712.7,902.0,0.0
Chihuido de la Sierra Negra,Neuquina,YPF S.A.,convencional,2025-03,12903.7,483639.4,596146.4
Chihuido de la Sierra Negra,Neuquina,YPF S.A.,no convencional,2025-03,723.0,1100.1,0.0
Chihuido de la Sierra Negra,Neuquina,YPF S.A.,convencional,2025-04,11938.8,458056.0,571304.4
Chihuido de la Sierra Negra,Neuquina,YPF S.A.,no convencional,2025-04,704.9,1018.7,0.0
Chihuido de la Sierra Negra,Neuquina,YPF S.A.,convencional,2025-05,12597.6,472703.9,604164.2
Chihuido de la Sierra Negra,Neuquina,YPF S.A.,no convencional,2025-05,683.6,1067.0,0.0
Chihuido de la Sierra Negra,Neuquina,YPF S.A.,convencional,2025-06,12164.5,451937.8,576656.3
Chihuido de la Sierra Negra,Neuquina,YPF S.A.,no convencional,2025-06,646.4,1091.0,0.0
Chihuido de la Sierra Negra,Neuquina,YPF S.A.,convencional,2025-07,12135.8,457571.4,578501.8
Chihuido de la Sierra Negra,Neuquina,YPF S.A.,no convencional,2025-07,662.0,1093.8,0.0
Chihuido de la Sierra Negra,Neuquina,YPF S.A.,convencional,2025-08,11932.6,469749.5,566976.4
Chihuido de la Sierra Negra,Neuquina,YPF S.A.,no convencional,2025-08,710.0,1038.7,0.0
Chihuido de la Sierra Negra,Neuquina,YPF S.A.,convencional,2025-09,11456.6,453676.9,545251.2
Chihuido de la Sierra Negra,Neuquina,YPF S.A.,no convencional,2025-09,651.0,1038.0,0.0
Chihuido de la Sierra Negra,Neuquina,YPF S.A.,convencional,2025-10,11997.1,460772.2,548089.3
Chihuido de la Sierra Negra,Neuquina,YPF S.A.,no convencional,2025-10,656.1,970.4,0.0
Chihuido de la Sierra Negra,Neuquina,YPF S.A.,convencional,2025-11,11007.7,407549.9,487270.1
Chihuido de la Sierra Negra,Neuquina,YPF S.A.,no convencional,2025-11,410.5,426.7,0.0
Chihuido de la Sierra Negra,Neuquina,YPF S.A.,convencional,2025-12,11623.1,427500.8,513770.4
Chihuido de la Sierra Negra,Neuquina,YPF S.A.,no convencional,2025-12,621.8,827.5,0.0
Chihuido de la Sierra Negra,Neuquina,YPF S.A.,convencional,2026-01,12024.1,418999.5,497911.4
Chihuido de la Sierra Negra,Neuquina,YPF S.A.,no convencional,2026-01,233.0,1015.2,0.0
Chihuido de la Sierra Negra,Neuquina,YPF S.A.,convencional,2026-02,10537.8,374808.9,440332.0
Chihuido de la Sierra Negra,Neuquina,YPF S.A.,no convencional,2026-02,214.9,854.2,0.0
Chihuido de la Sierra Negra,Neuquina,YPF S.A.,convencional,2026-03,11404.6,408325.3,536126.5
Chihuido de la Sierra Negra,Neuquina,YPF S.A.,no convencional,2026-03,310.6,574.2,0.0
Chihuido de la Sierra Negra,Neuquina,YPF S.A.,convencional,2026-04,11462.9,403943.3,539328.4
Chihuido de la Sierra Negra,Neuquina,YPF S.A.,no convencional,2026-04,278.1,813.6,0.0
Chihuido de la Sierra Negra,Neuquina,YPF S.A.,convencional,2026-05,11628.4,405638.5,549967.8
Chihuido de la Sierra Negra,Neuquina,YPF S.A.,no convencional,2026-05,312.0,806.7,0.0
Chihuido de la Sierra Negra,Neuquina,YPF S.A.,convencional,2026-06,11062.3,398448.1,485424.0
Chihuido de la Sierra Negra,Neuquina,YPF S.A.,no convencional,2026-06,268.3,1116.2,0.0
Chihuido de la Sierra Negra,Neuquina,YPF S.A.,convencional,2026-07,12046.4,409192.7,390927.8
Chihuido de la Sierra Negra,Neuquina,YPF S.A.,no convencional,2026-07,314.4,1143.3,0.0
El Trapial,Neuquina,CHEVRON ARGENTINA S.R.L.,convencional,2006-01,206192.0,1562668.0,540943.7
El Trapial,Neuquina,CHEVRON ARGENTINA S.R.L.,convencional,2006-02,183596.0,1433495.0,1942629.9
El Trapial,Neuquina,CHEVRON ARGENTINA S.R.L.,convencional,2006-03,201610.0,1584979.1,2149948.9
El Trapial,Neuquina,CHEVRON ARGENTINA S.R.L.,convencional,2006-04,188397.0,1526877.7,2071470.5
El Trapial,Neuquina,CHEVRON ARGENTINA S.R.L.,convencional,2006-05,199095.0,1626278.0,2196422.9
El Trapial,Neuquina,CHEVRON ARGENTINA S.R.L.,convencional,2006-06,196197.0,1515860.0,2059805.9
El Trapial,Neuquina,CHEVRON ARGENTINA S.R.L.,convencional,2006-07,203451.0,1584866.0,2131481.8
El Trapial,Neuquina,CHEVRON ARGENTINA S.R.L.,convencional,2006-08,206926.0,1627684.0,2187888.6
El Trapial,Neuquina,CHEVRON ARGENTINA S.R.L.,convencional,2006-09,200266.0,1596615.0,2116450.5
El Trapial,Neuquina,CHEVRON ARGENTINA S.R.L.,convencional,2006-10,209132.0,1625232.0,2123757.2
El Trapial,Neuquina,CHEVRON ARGENTINA S.R.L.,convencional,2006-11,191434.0,1515170.0,1980856.3
El Trapial,Neuquina,CHEVRON ARGENTINA S.R.L.,convencional,2006-12,206294.0,1573115.0,2047150.0
El Trapial,Neuquina,CHEVRON ARGENTINA S.R.L.,convencional,2007-01,206875.0,1567231.0,2051814.0
El Trapial,Neuquina,CHEVRON ARGENTINA S.R.L.,convencional,2007-02,187714.0,1384449.1,1806386.0
El Trapial,Neuquina,CHEVRON ARGENTINA S.R.L.,convencional,2007-03,210927.0,1657611.0,2135331.4
El Trapial,Neuquina,CHEVRON ARGENTINA S.R.L.,convencional,2007-04,208124.0,1539825.0,1995123.0
El Trapial,Neuquina,CHEVRON ARGENTINA S.R.L.,convencional,2007-05,213101.0,1564081.0,1902731.1
El Trapial,Neuquina,CHEVRON ARGENTINA S.R.L.,convencional,2007-06,206287.0,1531061.0,1962921.5
El Trapial,Neuquina,CHEVRON ARGENTINA S.R.L.,convencional,2007-07,203146.0,1563224.0,1964149.4
El Trapial,Neuquina,CHEVRON ARGENTINA S.R.L.,convencional,2007-08,206939.0,1589526.0,2050784.6
El Trapial,Neuquina,CHEVRON ARGENTINA S.R.L.,convencional,2007-09,205228.0,1502932.0,1953225.8
El Trapial,Neuquina,CHEVRON ARGENTINA S.R.L.,convencional,2007-10,216562.0,1544004.0,2002257.5
El Trapial,Neuquina,CHEVRON ARGENTINA S.R.L.,convencional,2007-11,213292.0,1502877.0,1943862.4
El Trapial,Neuquina,CHEVRON ARGENTINA S.R.L.,convencional,2007-12,220787.0,1493056.0,1911458.0
El Trapial,Neuquina,CHEVRON ARGENTINA S.R.L.,convencional,2008-01,219051.0,1471837.8,1869587.0
El Trapial,Neuquina,CHEVRON ARGENTINA S.R.L.,convencional,2008-02,204616.0,1393828.0,1759740.8
El Trapial,Neuquina,CHEVRON ARGENTINA S.R.L.,convencional,2008-03,216993.0,1528633.0,1849497.5
El Trapial,Neuquina,CHEVRON ARGENTINA S.R.L.,convencional,2008-04,206009.0,1429067.5,1798095.4
El Trapial,Neuquina,CHEVRON ARGENTINA S.R.L.,convencional,2008-05,208481.4,1470955.3,1848944.4
El Trapial,Neuquina,CHEVRON ARGENTINA S.R.L.,convencional,2008-06,200938.0,1380973.7,1694970.4
El Trapial,Neuquina,CHEVRON ARGENTINA S.R.L.,convencional,2008-07,202040.0,1462968.5,1832890.8
El Trapial,Neuquina,CHEVRON ARGENTINA S.R.L.,convencional,2008-08,202382.9,1494156.9,1873925.7
El Trapial,Neuquina,CHEVRON ARGENTINA S.R.L.,convencional,2008-09,200317.0,1435980.8,1795984.2
El Trapial,Neuquina,CHEVRON ARGENTINA S.R.L.,convencional,2008-10,205255.0,1443103.0,1805032.7
El Trapial,Neuquina,CHEVRON ARGENTINA S.R.L.,convencional,2008-11,200094.0,1377892.8,1730262.3
El Trapial,Neuquina,CHEVRON ARGENTINA S.R.L.,convencional,2008-12,204471.9,1461236.3,1816994.0
El Trapial,Neuquina,CHEVRON ARGENTINA S.R.L.,convencional,2009-01,205002.0,1457475.0,1834749.4
El Trapial,Neuquina,CHEVRON ARGENTINA S.R.L.,convencional,2009-02,185468.0,1333554.1,1671866.9
El Trapial,Neuquina,CHEVRON ARGENTINA S.R.L.,convencional,2009-03,183353.0,1443015.2,1810154.8
El Trapial,Neuquina,CHEVRON ARGENTINA S.R.L.,convencional,2009-04,195855.0,1370187.3,1729234.9
El Trapial,Neuquina,CHEVRON ARGENTINA S.R.L.,convencional,2009-05,200581.0,1418927.2,1783327.0
El Trapial,Neuquina,CHEVRON ARGENTINA S.R.L.,convencional,2009-06,197522.0,1392977.2,1742903.9
El Trapial,Neuquina,CHEVRON ARGENTINA S.R.L.,convencional,2009-07,199721.0,1418201.9,1771701.0
El Trapial,Neuquina,CHEVRON ARGENTINA S.R.L.,convencional,2009-08,203379.0,1441017.4,1813291.0
El Trapial,Neuquina,CHEVRON ARGENTINA S.R.L.,convencional,2009-09,189745.0,1336134.4,1673012.0
El Trapial,Neuquina,CHEVRON ARGENTINA S.R.L.,convencional,2009-10,202222.0,1393219.7,1760854.0
El Trapial,Neuquina,CHEVRON ARGENTINA S.R.L.,convencional,2009-11,193014.0,1336310.6,1705704.0
El Trapial,Neuquina,CHEVRON ARGENTINA S.R.L.,convencional,2009-12,195357.8,1371289.9,1741541.2
El Trapial,Neuquina,CHEVRON ARGENTINA S.R.L.,convencional,2010-01,198462.3,1315140.7,1670639.8
El Trapial,Neuquina,CHEVRON ARGENTINA S.R.L.,convencional,2010-02,179803.1,1196509.9,1635921.6
El Trapial,Neuquina,CHEVRON ARGENTINA S.R.L.,convencional,2010-03,199393.2,1339651.2,1724896.1
El Trapial,Neuquina,CHEVRON ARGENTINA S.R.L.,convencional,2010-04,192181.0,1285863.6,1625280.4
El Trapial,Neuquina,CHEVRON ARGENTINA S.R.L.,convencional,2010-05,195930.0,1315150.5,1641276.3
El Trapial,Neuquina,CHEVRON ARGENTINA S.R.L.,convencional,2010-06,186430.0,1292750.3,1565833.6
El Trapial,Neuquina,CHEVRON ARGENTINA S.R.L.,convencional,2010-07,190023.0,1347043.0,1647149.3
El Trapial,Neuquina,CHEVRON ARGENTINA S.R.L.,convencional,2010-08,187856.0,1335962.4,1622385.1
El Trapial,Neuquina,CHEVRON ARGENTINA S.R.L.,convencional,2010-09,180388.9,1299448.0,1616558.4
El Trapial,Neuquina,CHEVRON ARGENTINA S.R.L.,convencional,2010-10,186284.9,1334259.3,1666980.3
El Trapial,Neuquina,CHEVRON ARGENTINA S.R.L.,convencional,2010-11,178984.0,1284445.1,1598816.1
El Trapial,Neuquina,CHEVRON ARGENTINA S.R.L.,convencional,2010-12,182113.8,1319563.5,1647068.5
El Trapial,Neuquina,CHEVRON ARGENTINA S.R.L.,convencional,2011-01,181208.0,1309597.9,1641140.1
El Trapial,Neuquina,CHEVRON ARGENTINA S.R.L.,convencional,2011-02,161762.5,1184422.0,1473770.3
El Trapial,Neuquina,CHEVRON ARGENTINA S.R.L.,convencional,2011-03,175859.0,1309664.4,1632853.7
El Trapial,Neuquina,CHEVRON ARGENTINA S.R.L.,convencional,2011-04,165853.0,1263286.8,1576899.5
El Trapial,Neuquina,CHEVRON ARGENTINA S.R.L.,convencional,2011-05,167138.7,1331226.9,1629800.9
El Trapial,Neuquina,CHEVRON ARGENTINA S.R.L.,convencional,2011-06,155799.5,1287042.0,1567319.9
El Trapial,Neuquina,CHEVRON ARGENTINA S.R.L.,convencional,2011-07,153054.0,1347884.7,1639113.7
El Trapial,Neuquina,CHEVRON ARGENTINA S.R.L.,convencional,2011-08,153248.0,1333343.0,1612599.3
El Trapial,Neuquina,CHEVRON ARGENTINA S.R.L.,convencional,2011-09,149266.0,1275529.5,1581606.9
El Trapial,Neuquina,CHEVRON ARGENTINA S.R.L.,convencional,2011-10,153059.6,1260348.9,1525430.6
El Trapial,Neuquina,CHEVRON ARGENTINA S.R.L.,convencional,2011-11,143994.8,1196817.4,1453095.8
El Trapial,Neuquina,CHEVRON ARGENTINA S.R.L.,convencional,2011-12,143356.1,1246896.9,1507584.2
El Trapial,Neuquina,CHEVRON ARGENTINA S.R.L.,convencional,2012-01,139617.2,1204678.0,1473439.2
El Trapial,Neuquina,CHEVRON ARGENTINA S.R.L.,convencional,2012-02,131207.1,1120537.6,1331791.3
El Trapial,Neuquina,CHEVRON ARGENTINA S.R.L.,convencional,2012-03,135702.9,1213184.6,1485881.3
El Trapial,Neuquina,CHEVRON ARGENTINA S.R.L.,convencional,2012-04,124815.0,1177811.1,1445431.7
El Trapial,Neuquina,CHEVRON ARGENTINA S.R.L.,convencional,2012-05,130220.2,1241255.4,1479899.8
El Trapial,Neuquina,CHEVRON ARGENTINA S.R.L.,convencional,2012-06,124825.0,1219710.4,1483645.9
El Trapial,Neuquina,CHEVRON ARGENTINA S.R.L.,convencional,2012-07,127113.0,1284998.5,1542327.5
El Trapial,Neuquina,CHEVRON ARGENTINA S.R.L.,convencional,2012-08,124956.4,1309285.7,1607202.0
El Trapial,Neuquina,CHEVRON ARGENTINA S.R.L.,convencional,2012-09,118919.7,1268727.3,1541367.9
El Trapial,Neuquina,CHEVRON ARGENTINA S.R.L.,convencional,2012-10,118816.3,1353787.7,1654123.1
El Trapial,Neuquina,CHEVRON ARGENTINA S.R.L.,convencional,2012-11,99610.7,1206086.9,1443394.5
El Trapial,Neuquina,CHEVRON ARGENTINA S.R.L.,convencional,2012-12,114572.0,1275279.7,1516406.4
El Trapial,Neuquina,CHEVRON ARGENTINA S.R.L.,convencional,2013-01,106646.6,1248971.5,1510185.5
El Trapial,Neuquina,CHEVRON ARGENTINA S.R.L.,convencional,2013-02,96802.5,1168297.8,1407111.1
El Trapial,Neuquina,CHEVRON ARGENTINA S.R.L.,convencional,2013-03,106045.7,1273250.9,1537270.6
El Trapial,Neuquina,CHEVRON ARGENTINA S.R.L.,convencional,2013-04,98680.8,1237954.7,1492853.5
El Trapial,Neuquina,CHEVRON ARGENTINA S.R.L.,no convencional,2013-04,79.0,1337.9,0.0
El Trapial,Neuquina,CHEVRON ARGENTINA S.R.L.,convencional,2013-05,103417.6,1310129.6,1583165.6
El Trapial,Neuquina,CHEVRON ARGENTINA S.R.L.,no convencional,2013-05,39.0,475.0,0.0
El Trapial,Neuquina,CHEVRON ARGENTINA S.R.L.,convencional,2013-06,98367.6,1263843.2,1536682.1
El Trapial,Neuquina,CHEVRON ARGENTINA S.R.L.,no convencional,2013-06,123.4,864.0,0.0
El Trapial,Neuquina,CHEVRON ARGENTINA S.R.L.,convencional,2013-07,100290.3,1353832.4,1634021.5
El Trapial,Neuquina,CHEVRON ARGENTINA S.R.L.,no convencional,2013-07,171.8,1179.4,0.0
El Trapial,Neuquina,CHEVRON ARGENTINA S.R.L.,convencional,2013-08,97641.8,1341774.5,1622826.0
El Trapial,Neuquina,CHEVRON ARGENTINA S.R.L.,no convencional,2013-08,269.1,1454.4,0.0
El Trapial,Neuquina,CHEVRON ARGENTINA S.R.L.,convencional,2013-09,93136.3,1299211.8,1596921.3
El Trapial,Neuquina,CHEVRON ARGENTINA S.R.L.,no convencional,2013-09,90.7,354.0,0.0
El Trapial,Neuquina,CHEVRON ARGENTINA S.R.L.,convencional,2013-10,94531.6,1354948.4,1665270.5
El Trapial,Neuquina,CHEVRON ARGENTINA S.R.L.,no convencional,2013-10,320.1,1085.3,0.0
El Trapial,Neuquina,CHEVRON ARGENTINA S.R.L.,convencional,2013-11,90349.2,1338130.4,1618111.2
El Trapial,Neuquina,CHEVRON ARGENTINA S.R.L.,no convencional,2013-11,151.1,602.5,0.0
El Trapial,Neuquina,CHEVRON ARGENTINA S.R.L.,convencional,2013-12,90300.0,1414752.5,1683160.8
El Trapial,Neuquina,CHEVRON ARGENTINA S.R.L.,no convencional,2013-12,78.3,822.7,0.0
El Trapial,Neuquina,CHEVRON ARGENTINA S.R.L.,convencional,2014-01,86296.3,1417837.5,1703706.8
El Trapial,Neuquina,CHEVRON ARGENTINA S.R.L.,no convencional,2014-01,273.9,1394.6,0.0
El Trapial,Neuquina,CHEVRON ARGENTINA S.R.L.,convencional,2014-02,73747.5,1292177.2,1542079.6
El Trapial,Neuquina,CHEVRON ARGENTINA S.R.L.,no convencional,2014-02,652.5,3554.9,0.0
El Trapial,Neuquina,CHEVRON ARGENTINA S.R.L.,convencional,2014-03,79926.7,1435532.7,1716711.7
El Trapial,Neuquina,CHEVRON ARGENTINA S.R.L.,no convencional,2014-03,578.8,1175.0,0.0
El Trapial,Neuquina,CHEVRON ARGENTINA S.R.L.,convencional,2014-04,72156.2,1361320.3,1625386.8
El Trapial,Neuquina,CHEVRON ARGENTINA S.R.L.,no convencional,2014-04,91.1,776.0,0.0
El Trapial,Neuquina,CHEVRON ARGENTINA S.R.L.,convencional,2014-05,73019.9,1420337.5,1728346.5
El Trapial,Neuquina,CHEVRON ARGENTINA S.R.L.,no convencional,2014-05,341.1,116.7,0.0
El Trapial,Neuquina,CHEVRON ARGENTINA S.R.L.,convencional,2014-06,70116.0,1383073.2,1676237.2
El Trapial,Neuquina,CHEVRON ARGENTINA S.R.L.,no convencional,2014-06,211.8,249.1,0.0
El Trapial,Neuquina,CHEVRON ARGENTINA S.R.L.,convencional,2014-07,66192.3,1391624.9,1674917.3
El Trapial,Neuquina,CHEVRON ARGENTINA S.R.L.,no convencional,2014-07,452.3,498.0,0.0
El Trapial,Neuquina,CHEVRON ARGENTINA S.R.L.,convencional,2014-08,68998.9,1447420.7,1731491.1
El Trapial,Neuquina,CHEVRON ARGENTINA S.R.L.,no convencional,2014-08,367.9,359.2,0.0
El Trapial,Neuquina,CHEVRON ARGENTINA S.R.L.,convencional,2014-09,67264.8,1422995.8,1678216.6
El Trapial,Neuquina,CHEVRON ARGENTINA S.R.L.,no convencional,2014-09,276.6,234.7,0.0
El Trapial,Neuquina,CHEVRON ARGENTINA S.R.L.,convencional,2014-10,67663.9,1494485.7,1767945.7
El Trapial,Neuquina,CHEVRON ARGENTINA S.R.L.,no convencional,2014-10,266.7,348.8,0.0
El Trapial,Neuquina,CHEVRON ARGENTINA S.R.L.,convencional,2014-11,63949.7,1462798.2,1722855.2
El Trapial,Neuquina,CHEVRON ARGENTINA S.R.L.,no convencional,2014-11,201.8,290.7,0.0
El Trapial,Neuquina,CHEVRON ARGENTINA S.R.L.,convencional,2014-12,66127.0,1510398.2,1787451.9
El Trapial,Neuquina,CHEVRON ARGENTINA S.R.L.,no convencional,2014-12,228.8,291.9,0.0
El Trapial,Neuquina,CHEVRON ARGENTINA S.R.L.,convencional,2015-01,65297.1,1504092.1,1772201.5
El Trapial,Neuquina,CHEVRON ARGENTINA S.R.L.,no convencional,2015-01,221.6,170.8,0.0
El Trapial,Neuquina,CHEVRON ARGENTINA S.R.L.,convencional,2015-02,57143.5,1337559.7,2743165.4
El Trapial,Neuquina,CHEVRON ARGENTINA S.R.L.,no convencional,2015-02,168.7,96.2,0.0
El Trapial,Neuquina,CHEVRON ARGENTINA S.R.L.,convencional,2015-03,63587.5,1490289.0,1837970.3
El Trapial,Neuquina,CHEVRON ARGENTINA S.R.L.,no convencional,2015-03,129.7,81.2,0.0
El Trapial,Neuquina,CHEVRON ARGENTINA S.R.L.,convencional,2015-04,60080.4,1438749.4,1773442.0
El Trapial,Neuquina,CHEVRON ARGENTINA S.R.L.,no convencional,2015-04,135.6,76.8,0.0
El Trapial,Neuquina,CHEVRON ARGENTINA S.R.L.,convencional,2015-05,61611.9,1489634.6,1835031.8
El Trapial,Neuquina,CHEVRON ARGENTINA S.R.L.,no convencional,2015-05,139.5,77.5,0.0
El Trapial,Neuquina,CHEVRON ARGENTINA S.R.L.,convencional,2015-06,58313.8,1447512.2,1655265.8
El Trapial,Neuquina,CHEVRON ARGENTINA S.R.L.,no convencional,2015-06,223.8,127.5,0.0
El Trapial,Neuquina,CHEVRON ARGENTINA S.R.L.,convencional,2015-07,58125.3,1517094.5,1729344.5
El Trapial,Neuquina,CHEVRON ARGENTINA S.R.L.,no convencional,2015-07,184.7,165.1,0.0
El Trapial,Neuquina,CHEVRON ARGENTINA S.R.L.,convencional,2015-08,58319.9,1518572.6,1715930.7
El Trapial,Neuquina,CHEVRON ARGENTINA S.R.L.,no convencional,2015-08,147.1,220.5,0.0
El Trapial,Neuquina,CHEVRON ARGENTINA S.R.L.,convencional,2015-09,55016.9,1481345.0,1667958.6
El Trapial,Neuquina,CHEVRON ARGENTINA S.R.L.,no convencional,2015-09,109.1,160.2,0.0
El Trapial,Neuquina,CHEVRON ARGENTINA S.R.L.,convencional,2015-10,56209.5,1512802.5,1710245.8
El Trapial,Neuquina,CHEVRON ARGENTINA S.R.L.,no convencional,2015-10,139.5,158.2,0.0
El Trapial,Neuquina,CHEVRON ARGENTINA S.R.L.,convencional,2015-11,52873.3,1449634.5,1617774.9
El Trapial,Neuquina,CHEVRON ARGENTINA S.R.L.,no convencional,2015-11,90.7,148.8,0.0
El Trapial,Neuquina,CHEVRON ARGENTINA S.R.L.,convencional,2015-12,53184.6,1497871.7,1679808.6
El Trapial,Neuquina,CHEVRON ARGENTINA S.R.L.,no convencional,2015-12,73.3,123.7,0.0
El Trapial,Neuquina,CHEVRON ARGENTINA S.R.L.,convencional,2016-01,52007.3,1460407.6,1642416.6
El Trapial,Neuquina,CHEVRON ARGENTINA S.R.L.,no convencional,2016-01,19.8,0.0,0.0
El Trapial,Neuquina,CHEVRON ARGENTINA S.R.L.,convencional,2016-02,47561.9,1376252.9,1486569.3
El Trapial,Neuquina,CHEVRON ARGENTINA S.R.L.,no convencional,2016-02,44.1,0.0,0.0
El Trapial,Neuquina,CHEVRON ARGENTINA S.R.L.,convencional,2016-03,48937.8,1424280.0,1481857.6
El Trapial,Neuquina,CHEVRON ARGENTINA S.R.L.,no convencional,2016-03,47.1,0.0,0.0
El Trapial,Neuquina,CHEVRON ARGENTINA S.R.L.,convencional,2016-04,44490.6,1310860.0,1369639.5
El Trapial,Neuquina,CHEVRON ARGENTINA S.R.L.,no convencional,2016-04,67.4,27.3,0.0
El Trapial,Neuquina,CHEVRON ARGENTINA S.R.L.,convencional,2016-05,43070.1,1314988.9,1368468.5
El Trapial,Neuquina,CHEVRON ARGENTINA S.R.L.,no convencional,2016-05,122.0,37.9,0.0
El Trapial,Neuquina,CHEVRON ARGENTINA S.R.L.,convencional,2016-06,37991.5,1195502.3,1286086.0
El Trapial,Neuquina,CHEVRON ARGENTINA S.R.L.,no convencional,2016-06,71.5,4.9,0.0
El Trapial,Neuquina,CHEVRON ARGENTINA S.R.L.,convencional,2016-07,37468.7,1231960.0,1363051.2
El Trapial,Neuquina,CHEVRON ARGENTINA S.R.L.,no convencional,2016-07,5.4,5.5,0.0
El Trapial,Neuquina,CHEVRON ARGENTINA S.R.L.,convencional,2016-08,37325.8,1213479.7,1373743.8
El Trapial,Neuquina,CHEVRON ARGENTINA S.R.L.,no convencional,2016-08,72.2,12.4,0.0
El Trapial,Neuquina,CHEVRON ARGENTINA S.R.L.,convencional,2016-09,36120.4,1204199.0,1347506.4
El Trapial,Neuquina,CHEVRON ARGENTINA S.R.L.,no convencional,2016-09,69.6,8.7,0.0
El Trapial,Neuquina,CHEVRON ARGENTINA S.R.L.,convencional,2016-10,37908.8,1256376.0,1393842.8
El Trapial,Neuquina,CHEVRON ARGENTINA S.R.L.,no convencional,2016-10,116.2,97.1,0.0
El Trapial,Neuquina,CHEVRON ARGENTINA S.R.L.,convencional,2016-11,36354.8,1207842.8,1364022.4
El Trapial,Neuquina,CHEVRON ARGENTINA S.R.L.,no convencional,2016-11,124.2,116.4,0.0
El Trapial,Neuquina,CHEVRON ARGENTINA S.R.L.,convencional,2016-12,36627.6,1239698.2,1402317.5
El Trapial,Neuquina,CHEVRON ARGENTINA S.R.L.,no convencional,2016-12,128.3,120.3,0.0
El Trapial,Neuquina,CHEVRON ARGENTINA S.R.L.,convencional,2017-01,35635.4,1219934.1,1399091.8
El Trapial,Neuquina,CHEVRON ARGENTINA S.R.L.,no convencional,2017-01,44.6,0.0,0.0
El Trapial,Neuquina,CHEVRON ARGENTINA S.R.L.,convencional,2017-02,31594.9,1103574.9,1275870.6
El Trapial,Neuquina,CHEVRON ARGENTINA S.R.L.,no convencional,2017-02,58.0,9.5,0.0
El Trapial,Neuquina,CHEVRON ARGENTINA S.R.L.,convencional,2017-03,34278.0,1207693.7,1414237.2
El Trapial,Neuquina,CHEVRON ARGENTINA S.R.L.,no convencional,2017-03,147.0,66.3,0.0
El Trapial,Neuquina,CHEVRON ARGENTINA S.R.L.,convencional,2017-04,32669.4,1165047.5,1361732.9
El Trapial,Neuquina,CHEVRON ARGENTINA S.R.L.,no convencional,2017-04,162.6,90.3,0.0
El Trapial,Neuquina,CHEVRON ARGENTINA S.R.L.,convencional,2017-05,33353.2,1205958.3,1398928.1
El Trapial,Neuquina,CHEVRON ARGENTINA S.R.L.,no convencional,2017-05,85.8,108.1,0.0
El Trapial,Neuquina,CHEVRON ARGENTINA S.R.L.,convencional,2017-06,32038.2,1175135.7,1334014.9
El Trapial,Neuquina,CHEVRON ARGENTINA S.R.L.,no convencional,2017-06,107.8,33.8,0.0
El Trapial,Neuquina,CHEVRON ARGENTINA S.R.L.,convencional,2017-07,32041.9,1163118.5,1338767.5
El Trapial,Neuquina,CHEVRON ARGENTINA S.R.L.,no convencional,2017-07,143.1,226.9,0.0
El Trapial,Neuquina,CHEVRON ARGENTINA S.R.L.,convencional,2017-08,31802.5,1157221.5,1339434.3
El Trapial,Neuquina,CHEVRON ARGENTINA S.R.L.,no convencional,2017-08,109.4,264.2,0.0
El Trapial,Neuquina,CHEVRON ARGENTINA S.R.L.,convencional,2017-09,31669.8,1121267.9,1295352.4
El Trapial,Neuquina,CHEVRON ARGENTINA S.R.L.,no convencional,2017-09,30.2,108.1,0.0
El Trapial,Neuquina,CHEVRON ARGENTINA S.R.L.,convencional,2017-10,32653.3,1170562.6,1342949.0
El Trapial,Neuquina,CHEVRON ARGENTINA S.R.L.,no convencional,2017-10,51.0,70.4,0.0
El Trapial,Neuquina,CHEVRON ARGENTINA S.R.L.,convencional,2017-11,30538.2,1131254.9,1296634.4
El Trapial,Neuquina,CHEVRON ARGENTINA S.R.L.,no convencional,2017-11,58.3,63.4,0.0
El Trapial,Neuquina,CHEVRON ARGENTINA S.R.L.,convencional,2017-12,31267.3,1161053.8,1314489.6
El Trapial,Neuquina,CHEVRON ARGENTINA S.R.L.,no convencional,2017-12,51.7,80.6,0.0
El Trapial,Neuquina,CHEVRON ARGENTINA S.R.L.,convencional,2018-01,30596.4,1147703.8,1291445.3
El Trapial,Neuquina,CHEVRON ARGENTINA S.R.L.,no convencional,2018-01,71.6,82.3,0.0
El Trapial,Neuquina,CHEVRON ARGENTINA S.R.L.,convencional,2018-02,26820.5,1033769.3,1203981.5
El Trapial,Neuquina,CHEVRON ARGENTINA S.R.L.,no convencional,2018-02,65.5,69.9,0.0
El Trapial,Neuquina,CHEVRON ARGENTINA S.R.L.,convencional,2018-03,30777.0,1138612.7,1297108.3
El Trapial,Neuquina,CHEVRON ARGENTINA S.R.L.,no convencional,2018-03,0.0,79.0,0.0
El Trapial,Neuquina,CHEVRON ARGENTINA S.R.L.,convencional,2018-04,29398.0,1095998.3,1261994.1
El Trapial,Neuquina,CHEVRON ARGENTINA S.R.L.,no convencional,2018-04,23.0,118.6,0.0
El Trapial,Neuquina,CHEVRON ARGENTINA S.R.L.,convencional,2018-05,29621.5,1111531.3,1285654.2
El Trapial,Neuquina,CHEVRON ARGENTINA S.R.L.,no convencional,2018-05,16.4,67.0,0.0
El Trapial,Neuquina,CHEVRON ARGENTINA S.R.L.,convencional,2018-06,28385.4,1086940.3,1250215.6
El Trapial,Neuquina,CHEVRON ARGENTINA S.R.L.,no convencional,2018-06,25.6,50.1,0.0
El Trapial,Neuquina,CHEVRON ARGENTINA S.R.L.,convencional,2018-07,28986.9,1122980.1,1298527.3
El Trapial,Neuquina,CHEVRON ARGENTINA S.R.L.,no convencional,2018-07,35.0,21.4,0.0
El Trapial,Neuquina,CHEVRON ARGENTINA S.R.L.,convencional,2018-08,29285.5,1117939.8,1300292.1
El Trapial,Neuquina,CHEVRON ARGENTINA S.R.L.,no convencional,2018-08,38.4,12.7,0.0
El Trapial,Neuquina,CHEVRON ARGENTINA S.R.L.,convencional,2018-09,27592.7,1077326.6,1242589.1
El Trapial,Neuquina,CHEVRON ARGENTINA S.R.L.,no convencional,2018-09,21.2,6.5,0.0
El Trapial,Neuquina,CHEVRON ARGENTINA S.R.L.,convencional,2018-10,27285.1,1099187.4,1287829.7
El Trapial,Neuquina,CHEVRON ARGENTINA S.R.L.,no convencional,2018-10,26.9,8.2,0.0
El Trapial,Neuquina,CHEVRON ARGENTINA S.R.L.,convencional,2018-11,25915.3,1061145.6,1171511.1
El Trapial,Neuquina,CHEVRON ARGENTINA S.R.L.,no convencional,2018-11,13.7,4.2,0.0
El Trapial,Neuquina,CHEVRON ARGENTINA S.R.L.,convencional,2018-12,27004.2,1093860.9,1276065.5
El Trapial,Neuquina,CHEVRON ARGENTINA S.R.L.,no convencional,2018-12,38.8,11.8,0.0
El Trapial,Neuquina,CHEVRON ARGENTINA S.R.L.,convencional,2019-01,26474.1,1082490.6,1272435.3
El Trapial,Neuquina,CHEVRON ARGENTINA S.R.L.,no convencional,2019-01,78.9,55.4,0.0
El Trapial,Neuquina,CHEVRON ARGENTINA S.R.L.,convencional,2019-02,23186.9,974996.0,1128089.4
El Trapial,Neuquina,CHEVRON ARGENTINA S.R.L.,no convencional,2019-02,26.1,64.4,0.0
El Trapial,Neuquina,CHEVRON ARGENTINA S.R.L.,convencional,2019-03,26027.2,1074736.0,1240109.1
El Trapial,Neuquina,CHEVRON ARGENTINA S.R.L.,no convencional,2019-03,37.8,89.8,0.0
El Trapial,Neuquina,CHEVRON ARGENTINA S.R.L.,convencional,2019-04,25529.8,1034014.7,1178917.4
El Trapial,Neuquina,CHEVRON ARGENTINA S.R.L.,no convencional,2019-04,43.2,71.1,0.0
El Trapial,Neuquina,CHEVRON ARGENTINA S.R.L.,convencional,2019-05,26246.3,1076708.5,1209729.2
El Trapial,Neuquina,CHEVRON ARGENTINA S.R.L.,no convencional,2019-05,44.6,73.5,0.0
El Trapial,Neuquina,CHEVRON ARGENTINA S.R.L.,convencional,2019-06,23994.8,992181.0,1121194.3
El Trapial,Neuquina,CHEVRON ARGENTINA S.R.L.,no convencional,2019-06,25.2,41.5,0.0
El Trapial,Neuquina,CHEVRON ARGENTINA S.R.L.,convencional,2019-07,26329.3,1071089.4,1227039.3
El Trapial,Neuquina,CHEVRON ARGENTINA S.R.L.,no convencional,2019-07,46.7,80.3,0.0
El Trapial,Neuquina,CHEVRON ARGENTINA S.R.L.,convencional,2019-08,26490.0,1073362.4,1209959.2
El Trapial,Neuquina,CHEVRON ARGENTINA S.R.L.,no convencional,2019-08,70.1,128.7,0.0
El Trapial,Neuquina,CHEVRON ARGENTINA S.R.L.,convencional,2019-09,25222.2,1032350.6,1157766.4
El Trapial,Neuquina,CHEVRON ARGENTINA S.R.L.,no convencional,2019-09,67.8,124.5,0.0
El Trapial,Neuquina,CHEVRON ARGENTINA S.R.L.,convencional,2019-10,26168.0,1066888.2,1180865.3
El Trapial,Neuquina,CHEVRON ARGENTINA S.R.L.,no convencional,2019-10,70.1,128.7,0.0
El Trapial,Neuquina,CHEVRON ARGENTINA S.R.L.,convencional,2019-11,25665.6,1017383.0,1138273.2
El Trapial,Neuquina,CHEVRON ARGENTINA S.R.L.,no convencional,2019-11,62.5,114.8,0.0
El Trapial,Neuquina,CHEVRON ARGENTINA S.R.L.,convencional,2019-12,25460.2,1043825.6,1162489.9
El Trapial,Neuquina,CHEVRON ARGENTINA S.R.L.,no convencional,2019-12,67.8,124.5,0.0
El Trapial,Neuquina,CHEVRON ARGENTINA S.R.L.,convencional,2020-01,25318.9,1047045.2,1183885.0
El Trapial,Neuquina,CHEVRON ARGENTINA S.R.L.,no convencional,2020-01,70.1,128.7,0.0
El Trapial,Neuquina,CHEVRON ARGENTINA S.R.L.,convencional,2020-02,23955.5,968879.2,1092684.6
El Trapial,Neuquina,CHEVRON ARGENTINA S.R.L.,no convencional,2020-02,65.5,120.3,0.0
El Trapial,Neuquina,CHEVRON ARGENTINA S.R.L.,convencional,2020-03,23544.6,1005674.1,1153588.7
El Trapial,Neuquina,CHEVRON ARGENTINA S.R.L.,no convencional,2020-03,5.4,9.9,0.0
El Trapial,Neuquina,CHEVRON ARGENTINA S.R.L.,convencional,2020-04,23555.0,968745.3,1139220.7
El Trapial,Neuquina,CHEVRON ARGENTINA S.R.L.,no convencional,2020-04,0.0,0.0,0.0
El Trapial,Neuquina,CHEVRON ARGENTINA S.R.L.,convencional,2020-05,24206.8,957055.4,1126551.8
El Trapial,Neuquina,CHEVRON ARGENTINA S.R.L.,no convencional,2020-05,2.3,4.2,0.0
El Trapial,Neuquina,CHEVRON ARGENTINA S.R.L.,convencional,2020-06,23158.0,929043.3,1020253.7
El Trapial,Neuquina,CHEVRON ARGENTINA S.R.L.,no convencional,2020-06,0.0,0.0,0.0
El Trapial,Neuquina,CHEVRON ARGENTINA S.R.L.,convencional,2020-07,22909.9,958274.5,1056949.5
El Trapial,Neuquina,CHEVRON ARGENTINA S.R.L.,no convencional,2020-07,0.0,0.0,0.0
El Trapial,Neuquina,CHEVRON ARGENTINA S.R.L.,convencional,2020-08,23246.0,969027.7,1078771.4
El Trapial,Neuquina,CHEVRON ARGENTINA S.R.L.,no convencional,2020-08,0.0,0.0,0.0
El Trapial,Neuquina,CHEVRON ARGENTINA S.R.L.,convencional,2020-09,22442.0,942074.2,1021652.2
El Trapial,Neuquina,CHEVRON ARGENTINA S.R.L.,no convencional,2020-09,0.0,0.0,0.0
El Trapial,Neuquina,CHEVRON ARGENTINA S.R.L.,convencional,2020-10,22847.9,964913.5,1047240.9
El Trapial,Neuquina,CHEVRON ARGENTINA S.R.L.,no convencional,2020-10,0.0,0.0,0.0
El Trapial,Neuquina,CHEVRON ARGENTINA S.R.L.,convencional,2020-11,21787.0,922749.8,1017647.8
El Trapial,Neuquina,CHEVRON ARGENTINA S.R.L.,no convencional,2020-11,1844.0,8734.2,0.0
El Trapial,Neuquina,CHEVRON ARGENTINA S.R.L.,convencional,2020-12,22019.2,927154.6,1032052.1
El Trapial,Neuquina,CHEVRON ARGENTINA S.R.L.,no convencional,2020-12,7141.9,16482.1,0.0
El Trapial,Neuquina,CHEVRON ARGENTINA S.R.L.,convencional,2021-01,21894.9,904892.5,1027868.8
El Trapial,Neuquina,CHEVRON ARGENTINA S.R.L.,no convencional,2021-01,10556.2,16544.6,0.0
El Trapial,Neuquina,CHEVRON ARGENTINA S.R.L.,convencional,2021-02,20612.6,821398.8,905192.4
El Trapial,Neuquina,CHEVRON ARGENTINA S.R.L.,no convencional,2021-02,10153.4,13565.4,0.0
El Trapial,Neuquina,CHEVRON ARGENTINA S.R.L.,convencional,2021-03,23471.0,932098.4,1028993.6
El Trapial,Neuquina,CHEVRON ARGENTINA S.R.L.,no convencional,2021-03,11540.0,14063.7,0.0
El Trapial,Neuquina,CHEVRON ARGENTINA S.R.L.,convencional,2021-04,21677.4,902854.4,990801.6
El Trapial,Neuquina,CHEVRON ARGENTINA S.R.L.,no convencional,2021-04,10998.7,12159.5,0.0
El Trapial,Neuquina,CHEVRON ARGENTINA S.R.L.,convencional,2021-05,21583.9,934211.1,1013125.2
El Trapial,Neuquina,CHEVRON ARGENTINA S.R.L.,no convencional,2021-05,10144.0,10847.8,0.0
El Trapial,Neuquina,CHEVRON ARGENTINA S.R.L.,convencional,2021-06,19798.8,891501.6,953792.4
El Trapial,Neuquina,CHEVRON ARGENTINA S.R.L.,no convencional,2021-06,9412.1,10003.5,0.0
El Trapial,Neuquina,CHEVRON ARGENTINA S.R.L.,convencional,2021-07,20088.0,914510.7,1001598.6
El Trapial,Neuquina,CHEVRON ARGENTINA S.R.L.,no convencional,2021-07,12339.0,15079.7,0.0
El Trapial,Neuquina,CHEVRON ARGENTINA S.R.L.,convencional,2021-08,19507.8,904136.1,995075.2
El Trapial,Neuquina,CHEVRON ARGENTINA S.R.L.,no convencional,2021-08,15645.2,15613.8,0.0
El Trapial,Neuquina,CHEVRON ARGENTINA S.R.L.,convencional,2021-09,19562.0,875464.0,955789.7
El Trapial,Neuquina,CHEVRON ARGENTINA S.R.L.,no convencional,2021-09,15989.0,13940.1,0.0
El Trapial,Neuquina,CHEVRON ARGENTINA S.R.L.,convencional,2021-10,20478.6,922654.9,993896.4
El Trapial,Neuquina,CHEVRON ARGENTINA S.R.L.,no convencional,2021-10,16385.3,12346.6,0.0
El Trapial,Neuquina,CHEVRON ARGENTINA S.R.L.,convencional,2021-11,19644.0,883124.1,930962.8
El Trapial,Neuquina,CHEVRON ARGENTINA S.R.L.,no convencional,2021-11,13916.0,9345.6,0.0
El Trapial,Neuquina,CHEVRON ARGENTINA S.R.L.,convencional,2021-12,19312.1,894947.2,967321.0
El Trapial,Neuquina,CHEVRON ARGENTINA S.R.L.,no convencional,2021-12,12923.9,8886.7,0.0
El Trapial,Neuquina,CHEVRON ARGENTINA S.R.L.,convencional,2022-01,18810.5,873350.6,969793.3
El Trapial,Neuquina,CHEVRON ARGENTINA S.R.L.,no convencional,2022-01,9003.6,5347.2,0.0
El Trapial,Neuquina,CHEVRON ARGENTINA S.R.L.,convencional,2022-02,16531.5,775349.5,855455.7
El Trapial,Neuquina,CHEVRON ARGENTINA S.R.L.,no convencional,2022-02,8192.0,3906.6,0.0
El Trapial,Neuquina,CHEVRON ARGENTINA S.R.L.,convencional,2022-03,17870.0,848387.4,934379.1
El Trapial,Neuquina,CHEVRON ARGENTINA S.R.L.,no convencional,2022-03,6785.0,3713.4,0.0
El Trapial,Neuquina,CHEVRON ARGENTINA S.R.L.,convencional,2022-04,17130.7,822154.6,928265.6
El Trapial,Neuquina,CHEVRON ARGENTINA S.R.L.,no convencional,2022-04,545.4,328.7,0.0
El Trapial,Neuquina,CHEVRON ARGENTINA S.R.L.,convencional,2022-05,17671.0,865058.5,977719.4
El Trapial,Neuquina,CHEVRON ARGENTINA S.R.L.,no convencional,2022-05,3571.0,1749.2,0.0
El Trapial,Neuquina,CHEVRON ARGENTINA S.R.L.,convencional,2022-06,16923.0,850106.4,983162.6
El Trapial,Neuquina,CHEVRON ARGENTINA S.R.L.,no convencional,2022-06,6654.0,4212.6,0.0
El Trapial,Neuquina,CHEVRON ARGENTINA S.R.L.,convencional,2022-07,17235.0,866519.1,1026879.1
El Trapial,Neuquina,CHEVRON ARGENTINA S.R.L.,no convencional,2022-07,9735.0,6397.6,0.0
El Trapial,Neuquina,CHEVRON ARGENTINA S.R.L.,convencional,2022-08,16429.0,810258.8,956485.4
El Trapial,Neuquina,CHEVRON ARGENTINA S.R.L.,no convencional,2022-08,9911.0,7007.9,0.0
El Trapial,Neuquina,CHEVRON ARGENTINA S.R.L.,convencional,2022-09,16257.1,825915.4,957085.4
El Trapial,Neuquina,CHEVRON ARGENTINA S.R.L.,no convencional,2022-09,9237.0,6293.4,0.0
El Trapial,Neuquina,CHEVRON ARGENTINA S.R.L.,convencional,2022-10,16687.0,838772.7,971603.7
El Trapial,Neuquina,CHEVRON ARGENTINA S.R.L.,no convencional,2022-10,9092.0,5159.1,0.0
El Trapial,Neuquina,CHEVRON ARGENTINA S.R.L.,convencional,2022-11,16270.0,781406.5,914168.5
El Trapial,Neuquina,CHEVRON ARGENTINA S.R.L.,no convencional,2022-11,8620.0,4478.5,0.0
El Trapial,Neuquina,CHEVRON ARGENTINA S.R.L.,convencional,2022-12,15532.0,770002.5,901087.2
El Trapial,Neuquina,CHEVRON ARGENTINA S.R.L.,no convencional,2022-12,7889.0,5036.1,0.0
El Trapial,Neuquina,CHEVRON ARGENTINA S.R.L.,convencional,2023-01,13996.0,728399.7,855326.3
El Trapial,Neuquina,CHEVRON ARGENTINA S.R.L.,no convencional,2023-01,6877.0,4330.4,0.0
El Trapial,Neuquina,CHEVRON ARGENTINA S.R.L.,convencional,2023-02,13713.0,710217.2,837646.6
El Trapial,Neuquina,CHEVRON ARGENTINA S.R.L.,no convencional,2023-02,5202.0,3620.2,0.0
El Trapial,Neuquina,CHEVRON ARGENTINA S.R.L.,convencional,2023-03,15178.4,779649.1,909016.4
El Trapial,Neuquina,CHEVRON ARGENTINA S.R.L.,no convencional,2023-03,6808.6,4383.8,0.0
El Trapial,Neuquina,CHEVRON ARGENTINA S.R.L.,convencional,2023-04,14700.4,742372.9,846190.9
El Trapial,Neuquina,CHEVRON ARGENTINA S.R.L.,no convencional,2023-04,6589.6,3640.2,0.0
El Trapial,Neuquina,CHEVRON ARGENTINA S.R.L.,convencional,2023-05,13832.9,744313.9,808824.6
El Trapial,Neuquina,CHEVRON ARGENTINA S.R.L.,no convencional,2023-05,4565.0,2479.7,0.0
El Trapial,Neuquina,CHEVRON ARGENTINA S.R.L.,convencional,2023-06,12117.0,642580.6,722566.1
El Trapial,Neuquina,CHEVRON ARGENTINA S.R.L.,no convencional,2023-06,4752.0,14310.6,0.0
El Trapial,Neuquina,CHEVRON ARGENTINA S.R.L.,convencional,2023-07,12655.0,595072.7,682421.5
El Trapial,Neuquina,CHEVRON ARGENTINA S.R.L.,no convencional,2023-07,5356.0,26673.2,0.0
El Trapial,Neuquina,CHEVRON ARGENTINA S.R.L.,convencional,2023-08,13592.0,679796.0,737831.9
El Trapial,Neuquina,CHEVRON ARGENTINA S.R.L.,no convencional,2023-08,5192.0,12593.5,0.0
El Trapial,Neuquina,CHEVRON ARGENTINA S.R.L.,convencional,2023-09,12714.0,614726.6,652694.4
El Trapial,Neuquina,CHEVRON ARGENTINA S.R.L.,no convencional,2023-09,4423.6,12112.5,0.0
El Trapial,Neuquina,CHEVRON ARGENTINA S.R.L.,convencional,2023-10,13817.3,692571.1,778835.8
El Trapial,Neuquina,CHEVRON ARGENTINA S.R.L.,no convencional,2023-10,1139.5,1895.5,0.0
El Trapial,Neuquina,CHEVRON ARGENTINA S.R.L.,convencional,2023-11,13256.0,670703.1,739322.0
El Trapial,Neuquina,CHEVRON ARGENTINA S.R.L.,no convencional,2023-11,0.0,0.0,0.0
El Trapial,Neuquina,CHEVRON ARGENTINA S.R.L.,convencional,2023-12,13753.0,728740.9,795513.6
El Trapial,Neuquina,CHEVRON ARGENTINA S.R.L.,no convencional,2023-12,989.8,1061.5,0.0
El Trapial,Neuquina,CHEVRON ARGENTINA S.R.L.,convencional,2024-01,12935.9,697355.8,786038.9
El Trapial,Neuquina,CHEVRON ARGENTINA S.R.L.,no convencional,2024-01,2354.7,3539.1,0.0
El Trapial,Neuquina,CHEVRON ARGENTINA S.R.L.,convencional,2024-02,11778.4,626072.7,694790.9
El Trapial,Neuquina,CHEVRON ARGENTINA S.R.L.,no convencional,2024-02,4193.4,7918.1,0.0
El Trapial,Neuquina,CHEVRON ARGENTINA S.R.L.,convencional,2024-03,12332.5,682265.8,734914.7
El Trapial,Neuquina,CHEVRON ARGENTINA S.R.L.,no convencional,2024-03,4366.0,10559.2,0.0
El Trapial,Neuquina,CHEVRON ARGENTINA S.R.L.,convencional,2024-04,12169.0,682108.2,750126.5
El Trapial,Neuquina,CHEVRON ARGENTINA S.R.L.,no convencional,2024-04,2049.1,5817.1,0.0
El Trapial,Neuquina,CHEVRON ARGENTINA S.R.L.,convencional,2024-05,12247.0,681007.3,743878.7
El Trapial,Neuquina,CHEVRON ARGENTINA S.R.L.,no convencional,2024-05,1988.9,4893.6,0.0
El Trapial,Neuquina,CHEVRON ARGENTINA S.R.L.,convencional,2024-06,11615.0,637669.7,671781.9
El Trapial,Neuquina,CHEVRON ARGENTINA S.R.L.,no convencional,2024-06,1666.4,3517.8,0.0
El Trapial,Neuquina,CHEVRON ARGENTINA S.R.L.,convencional,2024-07,12171.0,598261.7,681040.4
El Trapial,Neuquina,CHEVRON ARGENTINA S.R.L.,no convencional,2024-07,4029.6,8022.3,0.0
El Trapial,Neuquina,CHEVRON ARGENTINA S.R.L.,convencional,2024-08,11546.0,578090.4,652931.8
El Trapial,Neuquina,CHEVRON ARGENTINA S.R.L.,no convencional,2024-08,5157.0,6569.7,0.0
El Trapial,Neuquina,CHEVRON ARGENTINA S.R.L.,convencional,2024-09,10632.5,558292.1,592779.3
El Trapial,Neuquina,CHEVRON ARGENTINA S.R.L.,no convencional,2024-09,4610.4,6498.8,0.0
El Trapial,Neuquina,CHEVRON ARGENTINA S.R.L.,convencional,2024-10,10980.0,524666.0,589474.9
El Trapial,Neuquina,CHEVRON ARGENTINA S.R.L.,no convencional,2024-10,4214.6,6962.2,0.0
El Trapial,Neuquina,CHEVRON ARGENTINA S.R.L.,convencional,2024-11,9961.8,512642.0,590577.7
El Trapial,Neuquina,CHEVRON ARGENTINA S.R.L.,no convencional,2024-11,4903.9,6325.0,0.0
El Trapial,Neuquina,CHEVRON ARGENTINA S.R.L.,convencional,2024-12,8515.0,480542.1,556240.6
El Trapial,Neuquina,CHEVRON ARGENTINA S.R.L.,no convencional,2024-12,5455.3,6548.8,0.0
El Trapial,Neuquina,CHEVRON ARGENTINA S.R.L.,convencional,2025-01,8858.1,489826.9,541935.3
El Trapial,Neuquina,CHEVRON ARGENTINA S.R.L.,no convencional,2025-01,6890.6,9171.4,0.0
El Trapial,Neuquina,CHEVRON ARGENTINA S.R.L.,convencional,2025-02,7318.9,432828.2,507869.9
El Trapial,Neuquina,CHEVRON ARGENTINA S.R.L.,no convencional,2025-02,4297.1,5368.5,0.0
El Trapial,Neuquina,CHEVRON ARGENTINA S.R.L.,convencional,2025-03,8063.0,505144.8,549414.2
El Trapial,Neuquina,CHEVRON ARGENTINA S.R.L.,no convencional,2025-03,3320.5,3814.8,0.0
El Trapial,Neuquina,CHEVRON ARGENTINA S.R.L.,convencional,2025-04,7720.1,447074.7,522272.3
El Trapial,Neuquina,CHEVRON ARGENTINA S.R.L.,no convencional,2025-04,3807.2,6578.8,0.0
El Trapial,Neuquina,CHEVRON ARGENTINA S.R.L.,convencional,2025-05,7561.0,434781.8,503907.2
El Trapial,Neuquina,CHEVRON ARGENTINA S.R.L.,no convencional,2025-05,5045.7,7531.3,0.0
El Trapial,Neuquina,CHEVRON ARGENTINA S.R.L.,convencional,2025-06,7338.0,411243.2,505524.8
El Trapial,Neuquina,CHEVRON ARGENTINA S.R.L.,no convencional,2025-06,2052.6,5452.8,0.0
El Trapial,Neuquina,CHEVRON ARGENTINA S.R.L.,convencional,2025-07,6322.1,347916.2,409169.4
El Trapial,Neuquina,CHEVRON ARGENTINA S.R.L.,no convencional,2025-07,1466.4,5614.1,0.0
El Trapial,Neuquina,CHEVRON ARGENTINA S.R.L.,convencional,2025-08,5446.8,338862.3,432959.6
El Trapial,Neuquina,CHEVRON ARGENTINA S.R.L.,no convencional,2025-08,1477.3,6042.6,0.0
El Trapial,Neuquina,CHEVRON ARGENTINA S.R.L.,convencional,2025-09,4960.0,288578.7,404185.9
El Trapial,Neuquina,CHEVRON ARGENTINA S.R.L.,no convencional,2025-09,2149.8,6722.6,0.0
El Trapial,Neuquina,CHEVRON ARGENTINA S.R.L.,convencional,2025-10,4267.0,276151.8,396519.2
El Trapial,Neuquina,CHEVRON ARGENTINA S.R.L.,no convencional,2025-10,3099.3,7313.7,0.0
El Trapial,Neuquina,CHEVRON ARGENTINA S.R.L.,convencional,2025-11,2172.0,111223.2,223644.7
El Trapial,Neuquina,CHEVRON ARGENTINA S.R.L.,no convencional,2025-11,3702.0,3917.8,0.0
El Trapial,Neuquina,CHEVRON ARGENTINA S.R.L.,convencional,2025-12,1612.0,94818.8,207300.3
El Trapial,Neuquina,CHEVRON ARGENTINA S.R.L.,no convencional,2025-12,2599.8,6334.5,0.0
El Trapial,Neuquina,CHEVRON ARGENTINA S.R.L.,convencional,2026-01,1428.1,93148.7,206042.4
El Trapial,Neuquina,CHEVRON ARGENTINA S.R.L.,no convencional,2026-01,2540.2,8241.4,0.0
El Trapial,Neuquina,CHEVRON ARGENTINA S.R.L.,convencional,2026-02,1099.0,81926.3,182191.2
El Trapial,Neuquina,CHEVRON ARGENTINA S.R.L.,no convencional,2026-02,3711.6,8047.6,0.0
El Trapial,Neuquina,CHEVRON ARGENTINA S.R.L.,convencional,2026-03,711.0,61046.1,144397.7
El Trapial,Neuquina,CHEVRON ARGENTINA S.R.L.,no convencional,2026-03,2516.9,3926.0,0.0
El Trapial,Neuquina,CHEVRON ARGENTINA S.R.L.,convencional,2026-04,1016.0,67389.0,185295.5
El Trapial,Neuquina,CHEVRON ARGENTINA S.R.L.,no convencional,2026-04,4185.1,6960.5,0.0
El Trapial,Neuquina,CHEVRON ARGENTINA S.R.L.,convencional,2026-05,688.0,55431.8,188611.1
El Trapial,Neuquina,CHEVRON ARGENTINA S.R.L.,no convencional,2026-05,2713.6,4859.2,0.0
El Trapial,Neuquina,CHEVRON ARGENTINA S.R.L.,convencional,2026-06,266.0,28042.3,171543.8
El Trapial,Neuquina,CHEVRON ARGENTINA S.R.L.,no convencional,2026-06,2996.5,6140.9,0.0
El Trapial,Neuquina,CHEVRON ARGENTINA S.R.L.,convencional,2026-07,123.9,35473.8,159639.2
El Trapial,Neuquina,CHEVRON ARGENTINA S.R.L.,no convencional,2026-07,3520.8,10260.9,0.0
Puesto Hernández,Neuquina,PETROBRAS ARGENTINA S.A.,convencional,2006-01,155797.6,2422884.6,3040502.0
Puesto Hernández,Neuquina,PETROBRAS ARGENTINA S.A.,convencional,2006-02,138286.7,2158078.3,2645837.0
Puesto Hernández,Neuquina,PETROBRAS ARGENTINA S.A.,convencional,2006-03,143241.0,2276244.6,2787922.0
Puesto Hernández,Neuquina,PETROBRAS ARGENTINA S.A.,convencional,2006-04,143292.5,2296281.4,2839557.0
Puesto Hernández,Neuquina,PETROBRAS ARGENTINA S.A.,convencional,2006-05,148711.6,2422787.7,2986469.0
Puesto Hernández,Neuquina,PETROBRAS ARGENTINA S.A.,convencional,2006-06,142865.4,2325076.9,2827711.0
Puesto Hernández,Neuquina,PETROBRAS ARGENTINA S.A.,convencional,2006-07,142908.6,2338381.5,2867237.0
Puesto Hernández,Neuquina,PETROBRAS ARGENTINA S.A.,convencional,2006-08,143116.1,2422722.3,3001419.0
Puesto Hernández,Neuquina,PETROBRAS ARGENTINA S.A.,convencional,2006-09,139115.5,2303795.6,2720225.0
Puesto Hernández,Neuquina,PETROBRAS ARGENTINA S.A.,convencional,2006-10,136790.3,2414596.9,2906662.0
Puesto Hernández,Neuquina,PETROBRAS ARGENTINA S.A.,convencional,2006-11,124945.0,2248085.0,2726595.6
Puesto Hernández,Neuquina,PETROBRAS ARGENTINA S.A.,convencional,2006-12,132017.9,2356302.8,2921243.0
Puesto Hernández,Neuquina,PETROBRAS ARGENTINA S.A.,convencional,2007-01,128448.0,2372969.6,2909748.1
Puesto Hernández,Neuquina,PETROBRAS ARGENTINA S.A.,convencional,2007-02,115506.9,2128877.1,2684315.0
Puesto Hernández,Neuquina,PETROBRAS ARGENTINA S.A.,convencional,2007-03,126520.9,2399758.6,3024202.8
Puesto Hernández,Neuquina,PETROBRAS ARGENTINA S.A.,convencional,2007-04,121466.6,2334031.0,2971585.0
Puesto Hernández,Neuquina,PETROBRAS ARGENTINA S.A.,convencional,2007-05,123927.1,2444045.3,3068615.0
Puesto Hernández,Neuquina,PETROBRAS ARGENTINA S.A.,convencional,2007-06,116992.4,2329911.0,2725799.0
Puesto Hernández,Neuquina,PETROBRAS ARGENTINA S.A.,convencional,2007-07,118389.6,2446147.1,3031203.0
Puesto Hernández,Neuquina,PETROBRAS ARGENTINA S.A.,convencional,2007-08,120590.6,2432532.1,3037733.1
Puesto Hernández,Neuquina,PETROBRAS ARGENTINA S.A.,convencional,2007-09,117428.7,2346924.0,2880323.0
Puesto Hernández,Neuquina,PETROBRAS ARGENTINA S.A.,convencional,2007-10,119444.0,2424568.0,2961818.0
Puesto Hernández,Neuquina,PETROBRAS ARGENTINA S.A.,convencional,2007-11,114341.2,2321170.6,2856627.0
Puesto Hernández,Neuquina,PETROBRAS ARGENTINA S.A.,convencional,2007-12,111975.3,2331647.5,2820592.0
Puesto Hernández,Neuquina,PETROBRAS ARGENTINA S.A.,convencional,2008-01,114607.5,2318271.3,2788726.0
Puesto Hernández,Neuquina,PETROBRAS ARGENTINA S.A.,convencional,2008-02,107095.7,2098328.7,2440688.0
Puesto Hernández,Neuquina,PETROBRAS ARGENTINA S.A.,convencional,2008-03,112084.9,2223766.2,2590584.0
Puesto Hernández,Neuquina,PETROBRAS ARGENTINA S.A.,convencional,2008-04,107137.9,2129784.9,2487217.3
Puesto Hernández,Neuquina,PETROBRAS ARGENTINA S.A.,convencional,2008-05,108769.1,2165042.5,2525675.5
Puesto Hernández,Neuquina,PETROBRAS ARGENTINA S.A.,convencional,2008-06,103899.2,2146587.5,2493421.7
Puesto Hernández,Neuquina,PETROBRAS ARGENTINA S.A.,convencional,2008-07,106521.6,2253273.2,2599101.4
Puesto Hernández,Neuquina,PETROBRAS ARGENTINA S.A.,convencional,2008-08,105181.6,2314897.4,2648261.2
Puesto Hernández,Neuquina,PETROBRAS ARGENTINA S.A.,convencional,2008-09,99883.8,2327287.4,2699051.0
Puesto Hernández,Neuquina,PETROBRAS ARGENTINA S.A.,convencional,2008-10,101888.7,2341067.9,2710944.0
Puesto Hernández,Neuquina,PETROBRAS ARGENTINA S.A.,convencional,2008-11,99579.0,2284192.5,2651499.2
Puesto Hernández,Neuquina,PETROBRAS ARGENTINA S.A.,convencional,2008-12,100793.4,2363219.0,2740862.0
Puesto Hernández,Neuquina,PETROBRAS ARGENTINA S.A.,convencional,2009-01,97919.7,2333942.7,2693132.0
Puesto Hernández,Neuquina,PETROBRAS ARGENTINA S.A.,convencional,2009-02,89337.4,2153008.8,2489719.5
Puesto Hernández,Neuquina,PETROBRAS ARGENTINA S.A.,convencional,2009-03,98344.9,2378098.2,2745749.6
Puesto Hernández,Neuquina,PETROBRAS ARGENTINA S.A.,convencional,2009-04,92140.9,2296641.8,2659713.0
Puesto Hernández,Neuquina,PETROBRAS ARGENTINA S.A.,convencional,2009-05,92598.0,2363850.4,2716331.8
Puesto Hernández,Neuquina,PETROBRAS ARGENTINA S.A.,convencional,2009-06,89958.0,2310331.3,2667623.4
Puesto Hernández,Neuquina,PETROBRAS ARGENTINA S.A.,convencional,2009-07,80963.8,2180152.6,2512323.0
Puesto Hernández,Neuquina,PETROBRAS ARGENTINA S.A.,convencional,2009-08,91222.5,2363673.3,2718735.5
Puesto Hernández,Neuquina,PETROBRAS ARGENTINA S.A.,convencional,2009-09,84269.1,2189719.1,2511775.1
Puesto Hernández,Neuquina,PETROBRAS ARGENTINA S.A.,convencional,2009-10,89506.9,2303000.6,2639827.4
Puesto Hernández,Neuquina,PETROBRAS ARGENTINA S.A.,convencional,2009-11,84218.9,2208565.3,2546430.5
Puesto Hernández,Neuquina,PETROBRAS ARGENTINA S.A.,convencional,2009-12,83572.9,2220433.7,2539110.3
Puesto Hernández,Neuquina,PETROBRAS ARGENTINA S.A.,convencional,2010-01,82761.5,2239972.7,2565533.9
Puesto Hernández,Neuquina,PETROBRAS ARGENTINA S.A.,convencional,2010-02,74161.6,2059242.0,2344159.1
Puesto Hernández,Neuquina,PETROBRAS ARGENTINA S.A.,convencional,2010-03,80934.9,2221906.7,2546540.1
Puesto Hernández,Neuquina,PETROBRAS ARGENTINA S.A.,convencional,2010-04,77720.7,2148193.2,2477369.8
Puesto Hernández,Neuquina,PETROBRAS ARGENTINA S.A.,convencional,2010-05,78648.8,2183171.9,2508293.6
Puesto Hernández,Neuquina,PETROBRAS ARGENTINA S.A.,convencional,2010-06,74615.2,2085506.0,2379895.5
Puesto Hernández,Neuquina,PETROBRAS ARGENTINA S.A.,convencional,2010-07,76332.4,2182842.0,2478103.7
Puesto Hernández,Neuquina,PETROBRAS ARGENTINA S.A.,convencional,2010-08,75392.0,2150064.3,2442693.8
Puesto Hernández,Neuquina,PETROBRAS ARGENTINA S.A.,convencional,2010-09,73301.1,2060250.2,2348604.6
Puesto Hernández,Neuquina,PETROBRAS ARGENTINA S.A.,convencional,2010-10,74665.1,2129563.6,2418207.3
Puesto Hernández,Neuquina,PETROBRAS ARGENTINA S.A.,convencional,2010-11,72023.9,2072135.0,2353236.8
Puesto Hernández,Neuquina,PETROBRAS ARGENTINA S.A.,convencional,2010-12,73222.1,2126291.9,2392967.6
Puesto Hernández,Neuquina,PETROBRAS ARGENTINA S.A.,convencional,2011-01,70991.9,2076108.9,2304958.5
Puesto Hernández,Neuquina,PETROBRAS ARGENTINA S.A.,convencional,2011-02,61683.7,1751457.7,1912356.6
Puesto Hernández,Neuquina,PETROBRAS ARGENTINA S.A.,convencional,2011-03,70544.5,2061467.0,2240495.8
Puesto Hernández,Neuquina,PETROBRAS ARGENTINA S.A.,convencional,2011-04,66643.7,1981000.9,2149739.7
Puesto Hernández,Neuquina,PETROBRAS ARGENTINA S.A.,convencional,2011-05,66837.5,2035851.9,2232994.0
Puesto Hernández,Neuquina,PETROBRAS ARGENTINA S.A.,convencional,2011-06,64399.2,1959779.2,2152257.3
Puesto Hernández,Neuquina,PETROBRAS ARGENTINA S.A.,convencional,2011-07,66434.1,2023888.5,2216938.9
Puesto Hernández,Neuquina,PETROBRAS ARGENTINA S.A.,convencional,2011-08,65506.7,2047095.8,2248189.4
Puesto Hernández,Neuquina,PETROBRAS ARGENTINA S.A.,convencional,2011-09,63302.8,1973330.2,2160056.2
Puesto Hernández,Neuquina,PETROBRAS ARGENTINA S.A.,convencional,2011-10,63851.2,2030351.5,2236572.7
Puesto Hernández,Neuquina,PETROBRAS ARGENTINA S.A.,convencional,2011-11,62360.4,1949358.1,2145190.1
Puesto Hernández,Neuquina,PETROBRAS ARGENTINA S.A.,convencional,2011-12,63709.3,1970995.9,2154564.2
Puesto Hernández,Neuquina,PETROBRAS ARGENTINA S.A.,convencional,2012-01,61307.6,1902585.1,2103341.2
Puesto Hernández,Neuquina,PETROBRAS ARGENTINA S.A.,convencional,2012-02,57351.8,1795513.2,1983906.1
Puesto Hernández,Neuquina,PETROBRAS ARGENTINA S.A.,convencional,2012-03,60524.9,1912536.9,2110827.1
Puesto Hernández,Neuquina,PETROBRAS ARGENTINA S.A.,convencional,2012-04,57755.5,1807348.6,2007675.8
Puesto Hernández,Neuquina,PETROBRAS ARGENTINA S.A.,convencional,2012-05,60522.2,1896755.8,2075555.9
Puesto Hernández,Neuquina,PETROBRAS ARGENTINA S.A.,convencional,2012-06,53033.9,1696971.7,1935777.7
Puesto Hernández,Neuquina,PETROBRAS ARGENTINA S.A.,convencional,2012-07,60318.1,1908839.1,2079134.6
Puesto Hernández,Neuquina,PETROBRAS ARGENTINA S.A.,convencional,2012-08,59767.9,1897560.8,2024651.8
Puesto Hernández,Neuquina,PETROBRAS ARGENTINA S.A.,convencional,2012-09,56813.3,1805999.5,1901111.3
Puesto Hernández,Neuquina,PETROBRAS ARGENTINA S.A.,convencional,2012-10,57432.8,1834863.9,1989879.9
Puesto Hernández,Neuquina,PETROBRAS ARGENTINA S.A.,convencional,2012-11,51583.8,1723910.9,1889490.3
Puesto Hernández,Neuquina,PETROBRAS ARGENTINA S.A.,convencional,2012-12,58010.5,1865547.7,2016042.4
Puesto Hernández,Neuquina,PETROBRAS ARGENTINA S.A.,convencional,2013-01,54079.4,1782404.5,1929603.1
Puesto Hernández,Neuquina,PETROBRAS ARGENTINA S.A.,convencional,2013-02,49138.6,1638048.0,1775055.5
Puesto Hernández,Neuquina,PETROBRAS ARGENTINA S.A.,convencional,2013-03,54759.9,1830784.0,1982677.2
Puesto Hernández,Neuquina,PETROBRAS ARGENTINA S.A.,convencional,2013-04,51367.8,1745889.6,1895201.7
Puesto Hernández,Neuquina,PETROBRAS ARGENTINA S.A.,convencional,2013-05,53022.6,1840013.5,1994748.2
Puesto Hernández,Neuquina,PETROBRAS ARGENTINA S.A.,convencional,2013-06,49606.4,1768281.7,1890560.1
Puesto Hernández,Neuquina,PETROBRAS ARGENTINA S.A.,convencional,2013-07,51941.8,1863685.4,2015569.1
Puesto Hernández,Neuquina,PETROBRAS ARGENTINA S.A.,convencional,2013-08,52522.1,1874412.1,2031871.7
Puesto Hernández,Neuquina,PETROBRAS ARGENTINA S.A.,convencional,2013-09,49935.5,1802963.0,1980745.8
Puesto Hernández,Neuquina,PETROBRAS ARGENTINA S.A.,convencional,2013-10,50843.5,1873760.0,2062221.4
Puesto Hernández,Neuquina,PETROBRAS ARGENTINA S.A.,convencional,2013-11,48784.8,1785808.6,1958917.5
Puesto Hernández,Neuquina,PETROBRAS ARGENTINA S.A.,convencional,2013-12,51108.3,1898719.2,2078964.9
Puesto Hernández,Neuquina,YPF S.A.,convencional,2014-01,50768.2,1902020.8,2089253.0
Puesto Hernández,Neuquina,YPF S.A.,convencional,2014-02,45986.6,1740217.2,1914746.0
Puesto Hernández,Neuquina,YPF S.A.,convencional,2014-03,50141.3,1892954.5,2080120.0
Puesto Hernández,Neuquina,YPF S.A.,convencional,2014-04,43900.6,1724922.8,1890843.0
Puesto Hernández,Neuquina,YPF S.A.,convencional,2014-05,49011.4,1869881.1,2052751.0
Puesto Hernández,Neuquina,YPF S.A.,convencional,2014-06,47291.0,1829146.3,2021139.0
Puesto Hernández,Neuquina,YPF S.A.,convencional,2014-07,47338.6,1874767.2,1963481.0
Puesto Hernández,Neuquina,YPF S.A.,convencional,2014-08,48745.7,1940279.6,2137447.0
Puesto Hernández,Neuquina,YPF S.A.,convencional,2014-09,47440.4,1918253.4,2101632.0
Puesto Hernández,Neuquina,YPF S.A.,convencional,2014-10,48966.6,2002802.0,2187295.0
Puesto Hernández,Neuquina,YPF S.A.,convencional,2014-11,46774.3,1936775.0,2091575.2
Puesto Hernández,Neuquina,YPF S.A.,convencional,2014-12,47735.5,1998731.3,2198612.3
Puesto Hernández,Neuquina,YPF S.A.,convencional,2015-01,47609.2,2033417.2,2226200.2
Puesto Hernández,Neuquina,YPF S.A.,convencional,2015-02,38518.5,1701091.3,1868394.2
Puesto Hernández,Neuquina,YPF S.A.,convencional,2015-03,46926.8,2030576.9,2253853.2
Puesto Hernández,Neuquina,YPF S.A.,convencional,2015-04,45112.7,1974485.5,2183128.3
Puesto Hernández,Neuquina,YPF S.A.,convencional,2015-05,46927.8,2047809.0,2271123.2
Puesto Hernández,Neuquina,YPF S.A.,convencional,2015-06,45111.9,1945564.1,2155174.2
Puesto Hernández,Neuquina,YPF S.A.,convencional,2015-07,46197.6,2017343.9,2236182.2
Puesto Hernández,Neuquina,YPF S.A.,convencional,2015-08,46115.7,2035448.8,2263376.2
Puesto Hernández,Neuquina,YPF S.A.,convencional,2015-09,44171.7,1973126.0,2186264.3
Puesto Hernández,Neuquina,YPF S.A.,convencional,2015-10,45579.0,2030201.5,2232483.2
Puesto Hernández,Neuquina,YPF S.A.,convencional,2015-11,43065.8,1939366.6,2124080.2
Puesto Hernández,Neuquina,YPF S.A.,convencional,2015-12,45178.6,2017892.5,2201727.1
Puesto Hernández,Neuquina,YPF S.A.,convencional,2016-01,44636.1,2029044.4,2195756.2
Puesto Hernández,Neuquina,YPF S.A.,convencional,2016-02,40796.6,1889771.1,2064327.3
Puesto Hernández,Neuquina,YPF S.A.,convencional,2016-03,43627.0,2031671.9,2229594.2
Puesto Hernández,Neuquina,YPF S.A.,convencional,2016-04,42360.7,1978123.9,2171868.3
Puesto Hernández,Neuquina,YPF S.A.,convencional,2016-05,43140.4,2089747.1,2296036.2
Puesto Hernández,Neuquina,YPF S.A.,convencional,2016-06,38435.1,1892356.7,2074819.2
Puesto Hernández,Neuquina,YPF S.A.,convencional,2016-07,42065.0,2064344.2,2281377.2
Puesto Hernández,Neuquina,YPF S.A.,convencional,2016-08,41831.1,2030779.1,2239472.3
Puesto Hernández,Neuquina,YPF S.A.,convencional,2016-09,39290.7,1972960.0,2133732.2
Puesto Hernández,Neuquina,YPF S.A.,convencional,2016-10,39647.2,1960942.2,2126458.3
Puesto Hernández,Neuquina,YPF S.A.,convencional,2016-11,37987.9,1920265.8,2107192.2
Puesto Hernández,Neuquina,YPF S.A.,convencional,2016-12,36492.4,1914173.1,2076784.2
Puesto Hernández,Neuquina,YPF S.A.,convencional,2017-01,39030.9,1980643.2,2181558.2
Puesto Hernández,Neuquina,YPF S.A.,convencional,2017-02,31416.5,1634535.3,1785339.5
Puesto Hernández,Neuquina,YPF S.A.,convencional,2017-03,38139.8,1961451.1,2153413.2
Puesto Hernández,Neuquina,YPF S.A.,convencional,2017-04,32243.2,1671134.8,1828552.3
Puesto Hernández,Neuquina,YPF S.A.,convencional,2017-05,33111.4,1815053.3,1974072.2
Puesto Hernández,Neuquina,YPF S.A.,convencional,2017-06,35658.7,1870347.4,2049996.5
Puesto Hernández,Neuquina,YPF S.A.,convencional,2017-07,37263.1,1911267.2,2085703.2
Puesto Hernández,Neuquina,YPF S.A.,convencional,2017-08,36553.9,1881051.0,2053763.2
Puesto Hernández,Neuquina,YPF S.A.,convencional,2017-09,35622.2,1811727.7,1972198.1
Puesto Hernández,Neuquina,YPF S.A.,convencional,2017-10,36935.0,1887179.5,2064298.2
Puesto Hernández,Neuquina,YPF S.A.,convencional,2017-11,35647.3,1795544.6,1968655.2
Puesto Hernández,Neuquina,YPF S.A.,convencional,2017-12,35552.2,1819850.1,1998422.2
Puesto Hernández,Neuquina,YPF S.A.,convencional,2018-01,35206.2,1839557.1,2005931.1
Puesto Hernández,Neuquina,YPF S.A.,convencional,2018-02,31663.1,1649484.4,1794625.3
Puesto Hernández,Neuquina,YPF S.A.,convencional,2018-03,34850.6,1814847.5,1990851.2
Puesto Hernández,Neuquina,YPF S.A.,convencional,2018-04,33281.1,1758554.5,1916873.2
Puesto Hernández,Neuquina,YPF S.A.,convencional,2018-05,34778.4,1793566.6,1952127.2
Puesto Hernández,Neuquina,YPF S.A.,convencional,2018-06,33222.6,1723276.8,1890017.2
Puesto Hernández,Neuquina,YPF S.A.,convencional,2018-07,33850.5,1784801.8,1952774.2
Puesto Hernández,Neuquina,YPF S.A.,convencional,2018-08,33017.2,1716469.9,1877608.1
Puesto Hernández,Neuquina,YPF S.A.,convencional,2018-09,32117.5,1706803.5,1873029.3
Puesto Hernández,Neuquina,YPF S.A.,convencional,2018-10,32926.2,1741688.8,1904498.1
Puesto Hernández,Neuquina,YPF S.A.,convencional,2018-11,30824.4,1647450.8,1809082.2
Puesto Hernández,Neuquina,YPF S.A.,convencional,2018-12,31569.1,1721405.1,1893895.1
Puesto Hernández,Neuquina,YPF S.A.,convencional,2019-01,32072.4,1720248.5,1891636.1
Puesto Hernández,Neuquina,YPF S.A.,convencional,2019-02,28352.0,1550054.3,1708281.2
Puesto Hernández,Neuquina,YPF S.A.,convencional,2019-03,31209.4,1716805.7,1888079.2
Puesto Hernández,Neuquina,YPF S.A.,convencional,2019-04,30065.8,1655911.9,1819038.2
Puesto Hernández,Neuquina,YPF S.A.,convencional,2019-05,30445.8,1700942.3,1873355.2
Puesto Hernández,Neuquina,YPF S.A.,convencional,2019-06,27068.7,1560420.7,1717465.3
Puesto Hernández,Neuquina,YPF S.A.,convencional,2019-07,28570.1,1625505.6,1798316.2
Puesto Hernández,Neuquina,YPF S.A.,convencional,2019-08,28671.2,1632708.6,1802548.3
Puesto Hernández,Neuquina,YPF S.A.,convencional,2019-09,27937.1,1582690.1,1737898.2
Puesto Hernández,Neuquina,YPF S.A.,convencional,2019-10,27729.3,1595017.6,1764154.3
Puesto Hernández,Neuquina,YPF S.A.,convencional,2019-11,26669.0,1515217.3,1694672.4
Puesto Hernández,Neuquina,YPF S.A.,convencional,2019-12,22852.4,1381703.5,1479866.7
Puesto Hernández,Neuquina,YPF S.A.,convencional,2020-01,25121.8,1499847.4,1597951.2
Puesto Hernández,Neuquina,YPF S.A.,convencional,2020-02,24207.4,1435328.1,1557268.2
Puesto Hernández,Neuquina,YPF S.A.,convencional,2020-03,25368.9,1535876.6,1630753.2
Puesto Hernández,Neuquina,YPF S.A.,convencional,2020-04,11791.6,695068.3,733936.1
Puesto Hernández,Neuquina,YPF S.A.,convencional,2020-05,5797.3,337265.5,376450.2
Puesto Hernández,Neuquina,YPF S.A.,convencional,2020-06,16328.9,1185455.7,1220869.2
Puesto Hernández,Neuquina,YPF S.A.,convencional,2020-07,20486.2,1214119.3,1294562.1
Puesto Hernández,Neuquina,YPF S.A.,convencional,2020-08,21395.7,1190961.5,1279322.1
Puesto Hernández,Neuquina,YPF S.A.,convencional,2020-09,19464.3,1103040.9,1182861.0
Puesto Hernández,Neuquina,YPF S.A.,convencional,2020-10,19809.2,1074768.7,1152822.0
Puesto Hernández,Neuquina,YPF S.A.,convencional,2020-11,18111.5,999265.8,1074926.2
Puesto Hernández,Neuquina,YPF S.A.,convencional,2020-12,18857.8,1095275.0,1173269.1
Puesto Hernández,Neuquina,YPF S.A.,convencional,2021-01,19623.2,1127519.9,1207328.1
Puesto Hernández,Neuquina,YPF S.A.,convencional,2021-02,17487.4,1017535.2,1073994.1
Puesto Hernández,Neuquina,YPF S.A.,convencional,2021-03,19665.0,1170924.8,1232066.1
Puesto Hernández,Neuquina,YPF S.A.,convencional,2021-04,17450.3,1028295.0,1077036.1
Puesto Hernández,Neuquina,YPF S.A.,convencional,2021-05,19316.8,1154269.3,1199851.1
Puesto Hernández,Neuquina,YPF S.A.,convencional,2021-06,18568.4,1065200.2,1109513.1
Puesto Hernández,Neuquina,YPF S.A.,convencional,2021-07,18962.8,1099859.6,1152174.2
Puesto Hernández,Neuquina,YPF S.A.,convencional,2021-08,18409.0,1084966.1,1138651.1
Puesto Hernández,Neuquina,YPF S.A.,convencional,2021-09,17206.5,1035727.6,1087412.1
Puesto Hernández,Neuquina,YPF S.A.,convencional,2021-10,18504.4,1049208.0,1103999.1
Puesto Hernández,Neuquina,YPF S.A.,convencional,2021-11,17417.7,997720.6,1053584.1
Puesto Hernández,Neuquina,YPF S.A.,convencional,2021-12,18144.2,1020630.0,1081621.2
Puesto Hernández,Neuquina,YPF S.A.,convencional,2022-01,17359.1,1017720.5,1072999.1
Puesto Hernández,Neuquina,YPF S.A.,convencional,2022-02,14948.7,877302.4,927384.1
Puesto Hernández,Neuquina,YPF S.A.,convencional,2022-03,16899.0,1013484.0,1070183.2
Puesto Hernández,Neuquina,YPF S.A.,convencional,2022-04,14971.4,904179.9,951833.0
Puesto Hernández,Neuquina,YPF S.A.,convencional,2022-05,14847.8,935771.2,980024.1
Puesto Hernández,Neuquina,YPF S.A.,convencional,2022-06,14698.6,923082.3,971110.1
Puesto Hernández,Neuquina,YPF S.A.,convencional,2022-07,16035.3,983057.9,1030176.1
Puesto Hernández,Neuquina,YPF S.A.,convencional,2022-08,15589.0,987228.4,1044229.1
Puesto Hernández,Neuquina,YPF S.A.,convencional,2022-09,14731.9,923768.6,977990.1
Puesto Hernández,Neuquina,YPF S.A.,convencional,2022-10,16154.8,984615.5,1047616.1
Puesto Hernández,Neuquina,YPF S.A.,convencional,2022-11,15048.9,925814.4,971969.1
Puesto Hernández,Neuquina,YPF S.A.,convencional,2022-12,15595.9,927281.1,979573.2
Puesto Hernández,Neuquina,YPF S.A.,convencional,2023-01,14719.5,928730.1,985682.1
Puesto Hernández,Neuquina,YPF S.A.,convencional,2023-02,13786.6,861028.4,889182.1
Puesto Hernández,Neuquina,YPF S.A.,convencional,2023-03,14824.7,927341.5,984928.2
Puesto Hernández,Neuquina,YPF S.A.,convencional,2023-04,14720.8,971574.4,1026071.1
Puesto Hernández,Neuquina,YPF S.A.,convencional,2023-05,14983.6,982873.8,1034517.1
Puesto Hernández,Neuquina,YPF S.A.,convencional,2023-06,13654.1,944713.3,993303.1
Puesto Hernández,Neuquina,YPF S.A.,convencional,2023-07,14329.8,973360.1,1009891.1
Puesto Hernández,Neuquina,YPF S.A.,convencional,2023-08,14358.0,938771.6,961530.1
Puesto Hernández,Neuquina,YPF S.A.,convencional,2023-09,13834.7,904596.7,934944.1
Puesto Hernández,Neuquina,YPF S.A.,convencional,2023-10,13992.3,920596.8,950132.2
Puesto Hernández,Neuquina,YPF S.A.,convencional,2023-11,13882.3,900697.7,924276.1
Puesto Hernández,Neuquina,YPF S.A.,convencional,2023-12,14220.0,941881.5,967290.2
Puesto Hernández,Neuquina,YPF S.A.,convencional,2024-01,14452.4,947575.7,959685.1
Puesto Hernández,Neuquina,YPF S.A.,convencional,2024-02,13088.8,800525.7,838592.2
Puesto Hernández,Neuquina,YPF S.A.,convencional,2024-03,13412.9,862636.3,899153.1
Puesto Hernández,Neuquina,YPF S.A.,convencional,2024-04,13462.9,880161.9,927849.1
Puesto Hernández,Neuquina,YPF S.A.,convencional,2024-05,13397.0,891363.9,933652.1
Puesto Hernández,Neuquina,YPF S.A.,convencional,2024-06,13155.4,859512.1,911788.1
Puesto Hernández,Neuquina,YPF S.A.,convencional,2024-07,13619.7,898469.4,944341.1
Puesto Hernández,Neuquina,YPF S.A.,convencional,2024-08,13560.3,877743.0,929947.1
Puesto Hernández,Neuquina,YPF S.A.,convencional,2024-09,13059.4,816460.1,874584.1
Puesto Hernández,Neuquina,YPF S.A.,convencional,2024-10,12748.5,797709.7,855384.1
Puesto Hernández,Neuquina,YPF S.A.,convencional,2024-11,12194.8,773800.2,850479.0
Puesto Hernández,Neuquina,YPF S.A.,convencional,2024-12,11513.0,765113.4,846271.1
Puesto Hernández,Neuquina,YPF S.A.,convencional,2025-01,12191.7,738084.4,837215.1
Puesto Hernández,Neuquina,YPF S.A.,convencional,2025-02,11510.5,696128.1,766541.1
Puesto Hernández,Neuquina,YPF S.A.,convencional,2025-03,12455.1,749175.6,843711.0
Puesto Hernández,Neuquina,YPF S.A.,convencional,2025-04,12165.9,710072.2,807350.1
Puesto Hernández,Neuquina,YPF S.A.,convencional,2025-05,12295.5,725204.3,818118.1
Puesto Hernández,Neuquina,YPF S.A.,convencional,2025-06,11125.4,685526.4,771442.1
Puesto Hernández,Neuquina,YPF S.A.,convencional,2025-07,11410.9,692681.5,793048.0
Puesto Hernández,Neuquina,YPF S.A.,convencional,2025-08,11774.5,661845.9,763662.1
Puesto Hernández,Neuquina,YPF S.A.,convencional,2025-09,10356.9,643910.6,711533.0
Puesto Hernández,Neuquina,YPF S.A.,convencional,2025-10,10950.9,703946.0,760440.1
Puesto Hernández,Neuquina,YPF S.A.,convencional,2025-11,10569.8,673703.7,727578.0
Puesto Hernández,Neuquina,YPF S.A.,convencional,2025-12,10741.7,704647.6,754299.1
Puesto Hernández,Neuquina,YPF S.A.,convencional,2026-01,10500.5,696705.6,723571.1
Puesto Hernández,Neuquina,YPF S.A.,convencional,2026-02,9107.1,617264.6,630843.1
Puesto Hernández,Neuquina,YPF S.A.,convencional,2026-03,9810.6,666623.7,711288.1
Puesto Hernández,Neuquina,YPF S.A.,convencional,2026-04,9668.4,647424.8,692907.1
Puesto Hernández,Neuquina,YPF S.A.,convencional,2026-05,9707.0,664149.4,682635.1
Puesto Hernández,Neuquina,YPF S.A.,convencional,2026-06,9131.6,608366.6,623238.1
Puesto Hernández,Neuquina,YPF S.A.,convencional,2026-07,10175.5,630163.1,658934.1
Los Perales,Golfo San Jorge,YPF S.A.,convencional,2006-01,82115.0,434009.8,513473.0
Los Perales,Golfo San Jorge,YPF S.A.,convencional,2006-02,56041.4,298742.6,280689.0
Los Perales,Golfo San Jorge,YPF S.A.,convencional,2006-03,106210.5,580547.0,643498.0
Los Perales,Golfo San Jorge,YPF S.A.,convencional,2006-04,102058.2,561501.7,607353.0
Los Perales,Golfo San Jorge,YPF S.A.,convencional,2006-05,102746.9,574365.7,629521.0
Los Perales,Golfo San Jorge,YPF S.A.,convencional,2006-06,98351.2,547537.7,612462.0
Los Perales,Golfo San Jorge,YPF S.A.,convencional,2006-07,102302.0,555141.3,632109.0
Los Perales,Golfo San Jorge,YPF S.A.,convencional,2006-08,100791.2,552026.9,631760.0
Los Perales,Golfo San Jorge,YPF S.A.,convencional,2006-09,101729.1,529307.3,608500.0
Los Perales,Golfo San Jorge,YPF S.A.,convencional,2006-10,103796.3,549335.4,678256.0
Los Perales,Golfo San Jorge,YPF S.A.,convencional,2006-11,89872.5,499574.3,566348.0
Los Perales,Golfo San Jorge,YPF S.A.,convencional,2006-12,106262.0,560705.3,663480.0
Los Perales,Golfo San Jorge,YPF S.A.,convencional,2007-01,104697.2,570575.6,616923.0
Los Perales,Golfo San Jorge,YPF S.A.,convencional,2007-02,90901.1,482513.0,482110.0
Los Perales,Golfo San Jorge,YPF S.A.,convencional,2007-03,98367.4,458053.2,408515.0
Los Perales,Golfo San Jorge,YPF S.A.,convencional,2007-04,90267.3,442017.8,405168.0
Los Perales,Golfo San Jorge,YPF S.A.,convencional,2007-05,92315.7,473712.0,415786.0
Los Perales,Golfo San Jorge,YPF S.A.,convencional,2007-06,88240.5,463898.9,422345.0
Los Perales,Golfo San Jorge,YPF S.A.,convencional,2007-07,80451.5,449225.6,425290.7
Los Perales,Golfo San Jorge,YPF S.A.,convencional,2007-08,89829.4,510361.2,468598.0
Los Perales,Golfo San Jorge,YPF S.A.,convencional,2007-09,86531.9,481768.6,461918.0
Los Perales,Golfo San Jorge,YPF S.A.,convencional,2007-10,93319.5,501504.8,480597.0
Los Perales,Golfo San Jorge,YPF S.A.,convencional,2007-11,75207.3,395491.0,351355.0
Los Perales,Golfo San Jorge,YPF S.A.,convencional,2007-12,90087.5,498449.0,472905.0
Los Perales,Golfo San Jorge,YPF S.A.,convencional,2008-01,91825.8,508740.6,437541.0
Los Perales,Golfo San Jorge,YPF S.A.,convencional,2008-02,85037.7,478738.1,385903.0
Los Perales,Golfo San Jorge,YPF S.A.,convencional,2008-03,89029.6,504959.3,404324.0
Los Perales,Golfo San Jorge,YPF S.A.,convencional,2008-04,83991.4,492611.6,408997.0
Los Perales,Golfo San Jorge,YPF S.A.,convencional,2008-05,5857.4,47061.3,62581.0
Los Perales,Golfo San Jorge,YPF S.A.,convencional,2008-06,54418.0,275812.4,229666.0
Los Perales,Golfo San Jorge,YPF S.A.,convencional,2008-07,82282.9,482953.3,429600.0
Los Perales,Golfo San Jorge,YPF S.A.,convencional,2008-08,80884.6,465434.9,485064.0
Los Perales,Golfo San Jorge,YPF S.A.,convencional,2008-09,83026.2,488381.6,479395.0
Los Perales,Golfo San Jorge,YPF S.A.,convencional,2008-10,86102.4,507825.3,465889.0
Los Perales,Golfo San Jorge,YPF S.A.,convencional,2008-11,84871.6,490474.5,445558.0
Los Perales,Golfo San Jorge,YPF S.A.,convencional,2008-12,79471.4,478094.1,434693.0
Los Perales,Golfo San Jorge,YPF S.A.,convencional,2009-01,82432.8,490996.5,420821.0
Los Perales,Golfo San Jorge,YPF S.A.,convencional,2009-02,73998.3,439935.3,386830.0
Los Perales,Golfo San Jorge,YPF S.A.,convencional,2009-03,78691.6,478762.4,425294.0
Los Perales,Golfo San Jorge,YPF S.A.,convencional,2009-04,74906.0,421495.1,379470.0
Los Perales,Golfo San Jorge,YPF S.A.,convencional,2009-05,77519.2,434783.4,369435.0
Los Perales,Golfo San Jorge,YPF S.A.,convencional,2009-06,54035.0,323402.2,263116.0
Los Perales,Golfo San Jorge,YPF S.A.,convencional,2009-07,73032.9,422088.2,353298.0
Los Perales,Golfo San Jorge,YPF S.A.,convencional,2009-08,18588.9,122623.6,106879.0
Los Perales,Golfo San Jorge,YPF S.A.,convencional,2009-09,73307.7,431948.8,366615.0
Los Perales,Golfo San Jorge,YPF S.A.,convencional,2009-10,75574.6,464623.5,483375.0
Los Perales,Golfo San Jorge,YPF S.A.,convencional,2009-11,62488.1,383903.2,413377.5
Los Perales,Golfo San Jorge,YPF S.A.,convencional,2009-12,65384.5,399623.6,386214.0
Los Perales,Golfo San Jorge,YPF S.A.,convencional,2010-01,74249.6,470958.6,519397.0
Los Perales,Golfo San Jorge,YPF S.A.,convencional,2010-02,66640.0,436181.8,471809.0
Los Perales,Golfo San Jorge,YPF S.A.,convencional,2010-03,71013.0,509643.6,576729.2
Los Perales,Golfo San Jorge,YPF S.A.,convencional,2010-04,67691.4,501863.3,556239.0
Los Perales,Golfo San Jorge,YPF S.A.,convencional,2010-05,71143.5,525039.3,585367.0
Los Perales,Golfo San Jorge,YPF S.A.,convencional,2010-06,66430.4,457936.3,568121.1
Los Perales,Golfo San Jorge,YPF S.A.,convencional,2010-07,66498.3,440531.3,517632.0
Los Perales,Golfo San Jorge,YPF S.A.,convencional,2010-08,65673.9,458814.0,577015.1
Los Perales,Golfo San Jorge,YPF S.A.,convencional,2010-09,65663.4,503505.0,535794.0
Los Perales,Golfo San Jorge,YPF S.A.,convencional,2010-10,69102.6,531067.6,536364.0
Los Perales,Golfo San Jorge,YPF S.A.,convencional,2010-11,61306.3,481355.3,487216.0
Los Perales,Golfo San Jorge,YPF S.A.,convencional,2010-12,26483.8,200671.4,213024.0
Los Perales,Golfo San Jorge,YPF S.A.,convencional,2011-01,64184.3,503269.3,560043.0
Los Perales,Golfo San Jorge,YPF S.A.,convencional,2011-02,61957.7,484444.3,491617.0
Los Perales,Golfo San Jorge,YPF S.A.,convencional,2011-03,66423.8,510888.3,567586.0
Los Perales,Golfo San Jorge,YPF S.A.,convencional,2011-04,2685.4,11123.0,24551.0
Los Perales,Golfo San Jorge,YPF S.A.,convencional,2011-05,19576.9,185510.1,133273.0
Los Perales,Golfo San Jorge,YPF S.A.,convencional,2011-06,8094.0,73658.2,50608.0
Los Perales,Golfo San Jorge,YPF S.A.,convencional,2011-07,30087.3,216865.0,227109.0
Los Perales,Golfo San Jorge,YPF S.A.,convencional,2011-08,66638.1,504312.1,536563.5
Los Perales,Golfo San Jorge,YPF S.A.,convencional,2011-09,63996.5,517015.1,553679.3
Los Perales,Golfo San Jorge,YPF S.A.,convencional,2011-10,67971.3,538327.4,565800.2
Los Perales,Golfo San Jorge,YPF S.A.,convencional,2011-11,66492.1,542027.1,521242.9
Los Perales,Golfo San Jorge,YPF S.A.,convencional,2011-12,68289.1,562852.9,595756.3
Los Perales,Golfo San Jorge,YPF S.A.,convencional,2012-01,67494.2,564923.6,613132.8
Los Perales,Golfo San Jorge,YPF S.A.,convencional,2012-02,62560.7,532076.3,567423.3
Los Perales,Golfo San Jorge,YPF S.A.,convencional,2012-03,66884.4,571103.4,619679.4
Los Perales,Golfo San Jorge,YPF S.A.,convencional,2012-04,63504.4,546681.0,580786.7
Los Perales,Golfo San Jorge,YPF S.A.,convencional,2012-05,65952.0,610340.4,600136.8
Los Perales,Golfo San Jorge,YPF S.A.,convencional,2012-06,62178.6,602094.0,588137.2
Los Perales,Golfo San Jorge,YPF S.A.,convencional,2012-07,62458.2,569920.7,611740.2
Los Perales,Golfo San Jorge,YPF S.A.,convencional,2012-08,64687.1,584229.1,654536.5
Los Perales,Golfo San Jorge,YPF S.A.,convencional,2012-09,62230.7,539514.0,609264.6
Los Perales,Golfo San Jorge,YPF S.A.,convencional,2012-10,65419.2,555212.3,604791.6
Los Perales,Golfo San Jorge,YPF S.A.,convencional,2012-11,61373.2,543045.1,559788.1
Los Perales,Golfo San Jorge,YPF S.A.,convencional,2012-12,64737.6,591916.8,586571.6
Los Perales,Golfo San Jorge,YPF S.A.,convencional,2013-01,63803.2,589815.1,601789.8
Los Perales,Golfo San Jorge,YPF S.A.,convencional,2013-02,58575.7,517769.5,544972.2
Los Perales,Golfo San Jorge,YPF S.A.,convencional,2013-03,66310.2,595721.5,601760.0
Los Perales,Golfo San Jorge,YPF S.A.,convencional,2013-04,60840.6,600406.7,572996.3
Los Perales,Golfo San Jorge,YPF S.A.,convencional,2013-05,64773.7,667258.8,596838.6
Los Perales,Golfo San Jorge,YPF S.A.,convencional,2013-06,63199.1,656302.3,608155.5
Los Perales,Golfo San Jorge,YPF S.A.,convencional,2013-07,64422.3,682607.7,634713.3
Los Perales,Golfo San Jorge,YPF S.A.,convencional,2013-08,65217.6,686224.8,648878.8
Los Perales,Golfo San Jorge,YPF S.A.,convencional,2013-09,63072.4,660804.2,624128.9
Los Perales,Golfo San Jorge,YPF S.A.,convencional,2013-10,64636.4,705946.9,670672.9
Los Perales,Golfo San Jorge,YPF S.A.,convencional,2013-11,62828.7,683080.9,716631.2
Los Perales,Golfo San Jorge,YPF S.A.,convencional,2013-12,64679.4,703848.9,758363.2
Los Perales,Golfo San Jorge,YPF S.A.,convencional,2014-01,64280.7,676392.0,746469.1
Los Perales,Golfo San Jorge,YPF S.A.,convencional,2014-02,58499.7,610439.7,678996.2
Los Perales,Golfo San Jorge,YPF S.A.,convencional,2014-03,65742.4,707109.4,786366.5
Los Perales,Golfo San Jorge,YPF S.A.,convencional,2014-04,61876.3,684315.6,773683.2
Los Perales,Golfo San Jorge,YPF S.A.,convencional,2014-05,61884.5,717779.2,831687.7
Los Perales,Golfo San Jorge,YPF S.A.,convencional,2014-06,58540.5,701798.8,818754.4
Los Perales,Golfo San Jorge,YPF S.A.,convencional,2014-07,60323.8,751397.1,906736.5
Los Perales,Golfo San Jorge,YPF S.A.,convencional,2014-08,61524.9,765825.9,930563.4
Los Perales,Golfo San Jorge,YPF S.A.,convencional,2014-09,60147.4,752880.6,908266.8
Los Perales,Golfo San Jorge,YPF S.A.,convencional,2014-10,62850.6,791108.8,896309.4
Los Perales,Golfo San Jorge,YPF S.A.,convencional,2014-11,61292.6,761599.9,848517.8
Los Perales,Golfo San Jorge,YPF S.A.,convencional,2014-12,62863.9,792399.3,867743.8
Los Perales,Golfo San Jorge,YPF S.A.,convencional,2015-01,62390.4,808539.3,831243.1
Los Perales,Golfo San Jorge,YPF S.A.,convencional,2015-02,56078.4,716007.6,736239.4
Los Perales,Golfo San Jorge,YPF S.A.,convencional,2015-03,61666.3,810761.3,794919.2
Los Perales,Golfo San Jorge,YPF S.A.,convencional,2015-04,59914.3,788708.8,781172.1
Los Perales,Golfo San Jorge,YPF S.A.,convencional,2015-05,61011.9,809566.9,807323.1
Los Perales,Golfo San Jorge,YPF S.A.,convencional,2015-06,58436.8,784308.0,802440.4
Los Perales,Golfo San Jorge,YPF S.A.,convencional,2015-07,62092.5,727862.9,837277.9
Los Perales,Golfo San Jorge,YPF S.A.,convencional,2015-08,63270.2,743816.7,861963.3
Los Perales,Golfo San Jorge,YPF S.A.,convencional,2015-09,61879.1,899062.0,873496.8
Los Perales,Golfo San Jorge,YPF S.A.,convencional,2015-10,63417.1,891975.4,960952.3
Los Perales,Golfo San Jorge,YPF S.A.,convencional,2015-11,59995.6,884708.5,929557.2
Los Perales,Golfo San Jorge,YPF S.A.,convencional,2015-12,63287.5,903671.4,933757.7
Los Perales,Golfo San Jorge,YPF S.A.,convencional,2016-01,64190.1,916553.5,929308.5
Los Perales,Golfo San Jorge,YPF S.A.,convencional,2016-02,58446.1,862943.3,862503.3
Los Perales,Golfo San Jorge,YPF S.A.,convencional,2016-03,63028.8,941954.1,952517.5
Los Perales,Golfo San Jorge,YPF S.A.,convencional,2016-04,59548.3,946727.5,920233.0
Los Perales,Golfo San Jorge,YPF S.A.,convencional,2016-05,51297.7,875890.2,848599.8
Los Perales,Golfo San Jorge,YPF S.A.,convencional,2016-06,53665.4,861391.5,825871.2
Los Perales,Golfo San Jorge,YPF S.A.,convencional,2016-07,60095.3,884622.0,946837.4
Los Perales,Golfo San Jorge,YPF S.A.,convencional,2016-08,59719.1,901987.3,942202.3
Los Perales,Golfo San Jorge,YPF S.A.,convencional,2016-09,60033.5,868787.0,925423.0
Los Perales,Golfo San Jorge,YPF S.A.,convencional,2016-10,62718.1,888474.7,950858.9
Los Perales,Golfo San Jorge,YPF S.A.,convencional,2016-11,58513.7,871362.0,908858.5
Los Perales,Golfo San Jorge,YPF S.A.,convencional,2016-12,60233.8,898868.7,935243.3
Los Perales,Golfo San Jorge,YPF S.A.,convencional,2017-01,59110.7,896113.3,962761.4
Los Perales,Golfo San Jorge,YPF S.A.,convencional,2017-02,53786.0,820292.0,880156.0
Los Perales,Golfo San Jorge,YPF S.A.,convencional,2017-03,58579.1,883207.3,959063.6
Los Perales,Golfo San Jorge,YPF S.A.,convencional,2017-04,55489.8,850476.8,893789.9
Los Perales,Golfo San Jorge,YPF S.A.,convencional,2017-05,58279.2,873946.9,955306.7
Los Perales,Golfo San Jorge,YPF S.A.,convencional,2017-06,54081.2,839349.2,925673.1
Los Perales,Golfo San Jorge,YPF S.A.,convencional,2017-07,55266.0,901609.7,932150.2
Los Perales,Golfo San Jorge,YPF S.A.,convencional,2017-08,54491.0,884735.4,904654.9
Los Perales,Golfo San Jorge,YPF S.A.,convencional,2017-09,54121.9,825306.2,877686.9
Los Perales,Golfo San Jorge,YPF S.A.,convencional,2017-10,56344.8,864381.2,899812.9
Los Perales,Golfo San Jorge,YPF S.A.,convencional,2017-11,55457.0,813914.1,863888.8
Los Perales,Golfo San Jorge,YPF S.A.,convencional,2017-12,56880.6,856376.4,926472.6
Los Perales,Golfo San Jorge,YPF S.A.,convencional,2018-01,55024.0,849019.1,928821.9
Los Perales,Golfo San Jorge,YPF S.A.,convencional,2018-02,49324.7,785807.5,831277.5
Los Perales,Golfo San Jorge,YPF S.A.,convencional,2018-03,55029.4,846918.9,889553.7
Los Perales,Golfo San Jorge,YPF S.A.,convencional,2018-04,52449.0,796883.3,859800.4
Los Perales,Golfo San Jorge,YPF S.A.,convencional,2018-05,53098.2,832487.8,899006.3
Los Perales,Golfo San Jorge,YPF S.A.,convencional,2018-06,50175.6,794227.5,867662.5
Los Perales,Golfo San Jorge,YPF S.A.,convencional,2018-07,50119.1,819462.6,849893.7
Los Perales,Golfo San Jorge,YPF S.A.,convencional,2018-08,50268.3,844965.0,879208.0
Los Perales,Golfo San Jorge,YPF S.A.,convencional,2018-09,49698.4,816445.3,844524.6
Los Perales,Golfo San Jorge,YPF S.A.,convencional,2018-10,50584.3,853800.2,873150.6
Los Perales,Golfo San Jorge,YPF S.A.,convencional,2018-11,49371.1,840160.6,857135.8
Los Perales,Golfo San Jorge,YPF S.A.,convencional,2018-12,50416.9,877164.5,910660.8
Los Perales,Golfo San Jorge,YPF S.A.,convencional,2019-01,50044.6,874270.8,915471.3
Los Perales,Golfo San Jorge,YPF S.A.,convencional,2019-02,45421.9,793324.9,846709.0
Los Perales,Golfo San Jorge,YPF S.A.,convencional,2019-03,50351.6,865374.1,930549.1
Los Perales,Golfo San Jorge,YPF S.A.,convencional,2019-04,48538.6,810713.9,878750.3
Los Perales,Golfo San Jorge,YPF S.A.,convencional,2019-05,48416.6,837061.6,909706.4
Los Perales,Golfo San Jorge,YPF S.A.,convencional,2019-06,47562.3,811421.0,878427.2
Los Perales,Golfo San Jorge,YPF S.A.,convencional,2019-07,48380.9,865086.7,924486.8
Los Perales,Golfo San Jorge,YPF S.A.,convencional,2019-08,49747.9,876903.5,930289.2
Los Perales,Golfo San Jorge,YPF S.A.,convencional,2019-09,48145.3,851997.0,881620.6
Los Perales,Golfo San Jorge,YPF S.A.,convencional,2019-10,48659.3,865648.7,847997.6
Los Perales,Golfo San Jorge,YPF S.A.,convencional,2019-11,45598.5,809289.1,824965.3
Los Perales,Golfo San Jorge,YPF S.A.,convencional,2019-12,46554.1,833108.5,853996.9
Los Perales,Golfo San Jorge,YPF S.A.,convencional,2020-01,46129.5,842916.3,848880.3
Los Perales,Golfo San Jorge,YPF S.A.,convencional,2020-02,42992.2,776757.3,801265.3
Los Perales,Golfo San Jorge,YPF S.A.,convencional,2020-03,45584.1,828393.6,886806.5
Los Perales,Golfo San Jorge,YPF S.A.,convencional,2020-04,43201.4,811195.5,853342.0
Los Perales,Golfo San Jorge,YPF S.A.,convencional,2020-05,41046.9,781172.5,802447.7
Los Perales,Golfo San Jorge,YPF S.A.,convencional,2020-06,41920.1,771831.7,807756.8
Los Perales,Golfo San Jorge,YPF S.A.,convencional,2020-07,41000.4,782190.8,831602.7
Los Perales,Golfo San Jorge,YPF S.A.,convencional,2020-08,41211.1,778513.9,814419.0
Los Perales,Golfo San Jorge,YPF S.A.,convencional,2020-09,41182.1,780554.2,816843.4
Los Perales,Golfo San Jorge,YPF S.A.,convencional,2020-10,42962.6,769203.2,814208.9
Los Perales,Golfo San Jorge,YPF S.A.,convencional,2020-11,39760.9,748908.8,759937.0
Los Perales,Golfo San Jorge,YPF S.A.,convencional,2020-12,42044.5,765162.6,760731.5
Los Perales,Golfo San Jorge,YPF S.A.,convencional,2021-01,41858.8,743891.0,763561.3
Los Perales,Golfo San Jorge,YPF S.A.,convencional,2021-02,36905.7,649418.5,678399.3
Los Perales,Golfo San Jorge,YPF S.A.,convencional,2021-03,41885.7,725018.4,746938.0
Los Perales,Golfo San Jorge,YPF S.A.,convencional,2021-04,40583.9,687483.1,724438.9
Los Perales,Golfo San Jorge,YPF S.A.,convencional,2021-05,40799.8,705985.4,749267.5
Los Perales,Golfo San Jorge,YPF S.A.,convencional,2021-06,38701.1,702930.6,731615.3
Los Perales,Golfo San Jorge,YPF S.A.,convencional,2021-07,40178.2,703401.6,748789.9
Los Perales,Golfo San Jorge,YPF S.A.,convencional,2021-08,39881.8,685595.8,715021.2
Los Perales,Golfo San Jorge,YPF S.A.,convencional,2021-09,38181.7,736491.6,745334.8
Los Perales,Golfo San Jorge,YPF S.A.,convencional,2021-10,36333.8,692249.0,708782.0
Los Perales,Golfo San Jorge,YPF S.A.,convencional,2021-11,37521.2,715591.9,735092.1
Los Perales,Golfo San Jorge,YPF S.A.,convencional,2021-12,40361.1,732590.3,763318.5
Los Perales,Golfo San Jorge,YPF S.A.,convencional,2022-01,39246.2,728433.9,756511.1
Los Perales,Golfo San Jorge,YPF S.A.,convencional,2022-02,35438.0,662463.2,679004.2
Los Perales,Golfo San Jorge,YPF S.A.,convencional,2022-03,38916.6,731963.6,752975.9
Los Perales,Golfo San Jorge,YPF S.A.,convencional,2022-04,37445.3,688127.9,715523.5
Los Perales,Golfo San Jorge,YPF S.A.,convencional,2022-05,38823.2,729572.6,769849.9
Los Perales,Golfo San Jorge,YPF S.A.,convencional,2022-06,37109.9,685850.3,726974.0
Los Perales,Golfo San Jorge,YPF S.A.,convencional,2022-07,37416.8,704578.9,758381.9
Los Perales,Golfo San Jorge,YPF S.A.,convencional,2022-08,37810.8,744747.4,797946.7
Los Perales,Golfo San Jorge,YPF S.A.,convencional,2022-09,37448.7,728360.4,769748.2
Los Perales,Golfo San Jorge,YPF S.A.,convencional,2022-10,38740.8,765942.6,788468.4
Los Perales,Golfo San Jorge,YPF S.A.,convencional,2022-11,37768.8,720582.8,749369.3
Los Perales,Golfo San Jorge,YPF S.A.,convencional,2022-12,38909.8,741626.8,762397.0
Los Perales,Golfo San Jorge,YPF S.A.,convencional,2023-01,38963.0,767009.4,772277.1
Los Perales,Golfo San Jorge,YPF S.A.,convencional,2023-02,35413.8,683898.6,689120.0
Los Perales,Golfo San Jorge,YPF S.A.,convencional,2023-03,38588.1,746540.3,751392.7
Los Perales,Golfo San Jorge,YPF S.A.,convencional,2023-04,38685.8,736704.5,742804.0
Los Perales,Golfo San Jorge,YPF S.A.,convencional,2023-05,40010.4,776407.1,787975.8
Los Perales,Golfo San Jorge,YPF S.A.,convencional,2023-06,38971.1,724883.2,750179.2
Los Perales,Golfo San Jorge,YPF S.A.,convencional,2023-07,38920.4,744577.9,765323.0
Los Perales,Golfo San Jorge,YPF S.A.,convencional,2023-08,38589.4,728675.6,742752.9
Los Perales,Golfo San Jorge,YPF S.A.,convencional,2023-09,37050.3,712350.1,729206.9
Los Perales,Golfo San Jorge,YPF S.A.,convencional,2023-10,39073.0,735082.8,750128.1
Los Perales,Golfo San Jorge,YPF S.A.,convencional,2023-11,37611.7,727218.8,730113.8
Los Perales,Golfo San Jorge,YPF S.A.,convencional,2023-12,37910.5,743028.8,746754.1
Los Perales,Golfo San Jorge,YPF S.A.,convencional,2024-01,38261.8,757648.1,764699.8
Los Perales,Golfo San Jorge,YPF S.A.,convencional,2024-02,35057.7,691930.0,689243.6
Los Perales,Golfo San Jorge,YPF S.A.,convencional,2024-03,37857.5,723436.8,739402.1
Los Perales,Golfo San Jorge,YPF S.A.,convencional,2024-04,35800.2,660269.8,720122.3
Los Perales,Golfo San Jorge,YPF S.A.,convencional,2024-05,36531.7,681573.2,741713.9
Los Perales,Golfo San Jorge,YPF S.A.,convencional,2024-06,32612.7,633248.7,702955.6
Los Perales,Golfo San Jorge,YPF S.A.,convencional,2024-07,29260.8,576491.4,644705.1
Los Perales,Golfo San Jorge,YPF S.A.,convencional,2024-08,33630.8,650305.6,731421.9
Los Perales,Golfo San Jorge,YPF S.A.,convencional,2024-09,33142.0,644699.8,725313.6
Los Perales,Golfo San Jorge,YPF S.A.,convencional,2024-10,34416.7,675892.8,746233.2
Los Perales,Golfo San Jorge,YPF S.A.,convencional,2024-11,33458.7,657991.6,719797.9
Los Perales,Golfo San Jorge,YPF S.A.,convencional,2024-12,33999.8,666732.6,730331.8
Los Perales,Golfo San Jorge,YPF S.A.,convencional,2025-01,33176.7,646430.8,725072.0
Los Perales,Golfo San Jorge,YPF S.A.,convencional,2025-02,29601.0,590499.9,668104.8
Los Perales,Golfo San Jorge,YPF S.A.,convencional,2025-03,32604.4,677733.4,730261.8
Los Perales,Golfo San Jorge,YPF S.A.,convencional,2025-04,30553.8,662839.3,697081.2
Los Perales,Golfo San Jorge,YPF S.A.,convencional,2025-05,32581.9,680044.6,726149.4
Los Perales,Golfo San Jorge,YPF S.A.,convencional,2025-06,29681.8,669469.0,692142.8
Los Perales,Golfo San Jorge,YPF S.A.,convencional,2025-07,29363.7,663557.6,707112.4
Los Perales,Golfo San Jorge,YPF S.A.,convencional,2025-08,29656.3,641664.9,682196.1
Los Perales,Golfo San Jorge,YPF S.A.,convencional,2025-09,26925.6,609670.9,634407.0
Los Perales,Golfo San Jorge,YPF S.A.,convencional,2025-10,29143.3,629328.0,648878.1
Los Perales,Golfo San Jorge,YPF S.A.,convencional,2025-11,27612.3,627374.3,626597.8
Los Perales,Golfo San Jorge,PATAGONIA RESOURCES S.A.,convencional,2025-12,27941.9,648032.7,689982.5
Los Perales,Golfo San Jorge,PATAGONIA RESOURCES S.A.,convencional,2026-01,28172.9,656412.9,704529.6
Los Perales,Golfo San Jorge,PATAGONIA RESOURCES S.A.,convencional,2026-02,25188.2,585171.5,623431.6
Los Perales,Golfo San Jorge,PATAGONIA RESOURCES S.A.,convencional,2026-03,27722.2,645413.6,691784.0
Los Perales,Golfo San Jorge,PATAGONIA RESOURCES S.A.,convencional,2026-04,26298.2,624584.6,672331.5
Los Perales,Golfo San Jorge,PATAGONIA RESOURCES S.A.,convencional,2026-05,27339.8,646994.4,694421.5
Los Perales,Golfo San Jorge,PATAGONIA RESOURCES S.A.,convencional,2026-06,26137.3,619222.4,661041.3
Los Perales,Golfo San Jorge,PATAGONIA RESOURCES S.A.,convencional,2026-07,25349.5,618022.2,663853.9
Manantiales Behr,Golfo San Jorge,YPF S.A.,convencional,2006-01,75885.5,253704.6,260823.0
Manantiales Behr,Golfo San Jorge,YPF S.A.,convencional,2006-02,68626.5,226337.5,233644.0
Manantiales Behr,Golfo San Jorge,YPF S.A.,convencional,2006-03,78046.1,239640.0,248129.0
Manantiales Behr,Golfo San Jorge,YPF S.A.,convencional,2006-04,75749.2,235121.4,240997.0
Manantiales Behr,Golfo San Jorge,YPF S.A.,convencional,2006-05,80787.1,240347.2,250907.0
Manantiales Behr,Golfo San Jorge,YPF S.A.,convencional,2006-06,76556.1,233857.0,243695.0
Manantiales Behr,Golfo San Jorge,YPF S.A.,convencional,2006-07,82333.6,235120.9,244961.0
Manantiales Behr,Golfo San Jorge,YPF S.A.,convencional,2006-08,80948.3,231235.6,240863.0
Manantiales Behr,Golfo San Jorge,YPF S.A.,convencional,2006-09,77530.1,216525.8,225587.0
Manantiales Behr,Golfo San Jorge,YPF S.A.,convencional,2006-10,80660.0,225320.8,233889.0
Manantiales Behr,Golfo San Jorge,YPF S.A.,convencional,2006-11,67403.1,194796.5,197487.1
Manantiales Behr,Golfo San Jorge,YPF S.A.,convencional,2006-12,80671.0,235863.0,241133.0
Manantiales Behr,Golfo San Jorge,YPF S.A.,convencional,2007-01,81465.6,230773.1,239359.0
Manantiales Behr,Golfo San Jorge,YPF S.A.,convencional,2007-02,74538.4,191626.4,198881.0
Manantiales Behr,Golfo San Jorge,YPF S.A.,convencional,2007-03,81104.4,233509.0,243042.0
Manantiales Behr,Golfo San Jorge,YPF S.A.,convencional,2007-04,79370.1,237359.2,242721.0
Manantiales Behr,Golfo San Jorge,YPF S.A.,convencional,2007-05,82200.4,250132.6,255750.0
Manantiales Behr,Golfo San Jorge,YPF S.A.,convencional,2007-06,79692.1,238006.1,240533.0
Manantiales Behr,Golfo San Jorge,YPF S.A.,convencional,2007-07,68848.6,219280.2,231402.0
Manantiales Behr,Golfo San Jorge,YPF S.A.,convencional,2007-08,80312.7,227731.0,232189.0
Manantiales Behr,Golfo San Jorge,YPF S.A.,convencional,2007-09,80886.5,214913.8,218271.0
Manantiales Behr,Golfo San Jorge,YPF S.A.,convencional,2007-10,84618.4,240487.0,247253.0
Manantiales Behr,Golfo San Jorge,YPF S.A.,convencional,2007-11,59792.1,170314.2,173599.0
Manantiales Behr,Golfo San Jorge,YPF S.A.,convencional,2007-12,82883.1,224854.8,229904.0
Manantiales Behr,Golfo San Jorge,YPF S.A.,convencional,2008-01,79097.5,220073.6,223673.0
Manantiales Behr,Golfo San Jorge,YPF S.A.,convencional,2008-02,78113.9,196964.0,198913.0
Manantiales Behr,Golfo San Jorge,YPF S.A.,convencional,2008-03,82602.5,243084.6,248128.0
Manantiales Behr,Golfo San Jorge,YPF S.A.,convencional,2008-04,77920.4,249544.2,254435.1
Manantiales Behr,Golfo San Jorge,YPF S.A.,convencional,2008-05,65650.0,191369.6,197826.0
Manantiales Behr,Golfo San Jorge,YPF S.A.,convencional,2008-06,74507.4,248019.4,253138.1
Manantiales Behr,Golfo San Jorge,YPF S.A.,convencional,2008-07,75894.5,236258.1,240795.0
Manantiales Behr,Golfo San Jorge,YPF S.A.,convencional,2008-08,80549.6,250231.7,255452.0
Manantiales Behr,Golfo San Jorge,YPF S.A.,convencional,2008-09,79078.2,251332.2,254823.1
Manantiales Behr,Golfo San Jorge,YPF S.A.,convencional,2008-10,82506.0,249941.1,254761.1
Manantiales Behr,Golfo San Jorge,YPF S.A.,convencional,2008-11,78442.8,241756.9,246934.0
Manantiales Behr,Golfo San Jorge,YPF S.A.,convencional,2008-12,81717.9,252127.2,257435.0
Manantiales Behr,Golfo San Jorge,YPF S.A.,convencional,2009-01,83516.2,248817.8,254230.0
Manantiales Behr,Golfo San Jorge,YPF S.A.,convencional,2009-02,77839.6,224845.9,231336.0
Manantiales Behr,Golfo San Jorge,YPF S.A.,convencional,2009-03,87120.4,249388.4,254567.1
Manantiales Behr,Golfo San Jorge,YPF S.A.,convencional,2009-04,84153.5,240230.8,243548.0
Manantiales Behr,Golfo San Jorge,YPF S.A.,convencional,2009-05,87327.5,271953.2,273095.0
Manantiales Behr,Golfo San Jorge,YPF S.A.,convencional,2009-06,82616.2,273193.7,273785.2
Manantiales Behr,Golfo San Jorge,YPF S.A.,convencional,2009-07,85206.9,278457.8,278307.0
Manantiales Behr,Golfo San Jorge,YPF S.A.,convencional,2009-08,86081.3,276847.5,277812.0
Manantiales Behr,Golfo San Jorge,YPF S.A.,convencional,2009-09,76310.3,257507.9,259538.0
Manantiales Behr,Golfo San Jorge,YPF S.A.,convencional,2009-10,85438.8,272525.1,273324.0
Manantiales Behr,Golfo San Jorge,YPF S.A.,convencional,2009-11,74229.8,231990.9,233092.0
Manantiales Behr,Golfo San Jorge,YPF S.A.,convencional,2009-12,77669.4,235862.2,237430.6
Manantiales Behr,Golfo San Jorge,YPF S.A.,convencional,2010-01,91919.8,275173.0,277763.0
Manantiales Behr,Golfo San Jorge,YPF S.A.,convencional,2010-02,80256.1,243720.7,245958.0
Manantiales Behr,Golfo San Jorge,YPF S.A.,convencional,2010-03,88741.6,263859.3,264958.0
Manantiales Behr,Golfo San Jorge,YPF S.A.,convencional,2010-04,85515.9,246429.3,248440.0
Manantiales Behr,Golfo San Jorge,YPF S.A.,convencional,2010-05,88824.8,253671.2,255544.0
Manantiales Behr,Golfo San Jorge,YPF S.A.,convencional,2010-06,86227.5,256670.8,258094.0
Manantiales Behr,Golfo San Jorge,YPF S.A.,convencional,2010-07,90027.8,261605.3,272696.0
Manantiales Behr,Golfo San Jorge,YPF S.A.,convencional,2010-08,93425.4,268041.3,269501.0
Manantiales Behr,Golfo San Jorge,YPF S.A.,convencional,2010-09,71272.1,214313.7,215829.0
Manantiales Behr,Golfo San Jorge,YPF S.A.,convencional,2010-10,94111.9,282310.5,283754.0
Manantiales Behr,Golfo San Jorge,YPF S.A.,convencional,2010-11,91775.4,263521.9,265088.0
Manantiales Behr,Golfo San Jorge,YPF S.A.,convencional,2010-12,36359.9,80642.9,80993.0
Manantiales Behr,Golfo San Jorge,YPF S.A.,convencional,2011-01,96370.5,254997.5,256648.0
Manantiales Behr,Golfo San Jorge,YPF S.A.,convencional,2011-02,90195.6,253989.7,255937.0
Manantiales Behr,Golfo San Jorge,YPF S.A.,convencional,2011-03,99578.0,277087.5,279322.0
Manantiales Behr,Golfo San Jorge,YPF S.A.,convencional,2011-04,97599.4,262194.2,263360.0
Manantiales Behr,Golfo San Jorge,YPF S.A.,convencional,2011-05,41750.7,103735.8,104304.0
Manantiales Behr,Golfo San Jorge,YPF S.A.,convencional,2011-06,90321.5,222877.6,224302.0
Manantiales Behr,Golfo San Jorge,YPF S.A.,convencional,2011-07,93220.2,246482.8,247971.0
Manantiales Behr,Golfo San Jorge,YPF S.A.,convencional,2011-08,94998.8,241917.9,243375.0
Manantiales Behr,Golfo San Jorge,YPF S.A.,convencional,2011-09,95183.6,232867.0,234213.0
Manantiales Behr,Golfo San Jorge,YPF S.A.,convencional,2011-10,100295.1,260095.9,261565.0
Manantiales Behr,Golfo San Jorge,YPF S.A.,convencional,2011-11,92994.8,243506.0,244878.0
Manantiales Behr,Golfo San Jorge,YPF S.A.,convencional,2011-12,95203.1,251234.8,252858.0
Manantiales Behr,Golfo San Jorge,YPF S.A.,convencional,2012-01,92886.8,252661.2,253588.0
Manantiales Behr,Golfo San Jorge,YPF S.A.,convencional,2012-02,82437.5,222067.6,223718.0
Manantiales Behr,Golfo San Jorge,YPF S.A.,convencional,2012-03,90793.3,247089.0,248291.0
Manantiales Behr,Golfo San Jorge,YPF S.A.,convencional,2012-04,87925.4,247877.6,249099.0
Manantiales Behr,Golfo San Jorge,YPF S.A.,convencional,2012-05,95554.5,270615.7,272891.0
Manantiales Behr,Golfo San Jorge,YPF S.A.,convencional,2012-06,91743.4,258330.1,259876.0
Manantiales Behr,Golfo San Jorge,YPF S.A.,convencional,2012-07,89298.2,240216.6,241790.0
Manantiales Behr,Golfo San Jorge,YPF S.A.,convencional,2012-08,92061.2,246188.7,248098.0
Manantiales Behr,Golfo San Jorge,YPF S.A.,convencional,2012-09,90196.0,260146.3,263202.0
Manantiales Behr,Golfo San Jorge,YPF S.A.,convencional,2012-10,90624.5,265103.2,269704.8
Manantiales Behr,Golfo San Jorge,YPF S.A.,convencional,2012-11,87148.3,259103.1,261702.0
Manantiales Behr,Golfo San Jorge,YPF S.A.,convencional,2012-12,89439.9,280334.6,284347.0
Manantiales Behr,Golfo San Jorge,YPF S.A.,convencional,2013-01,88265.2,301220.3,303918.8
Manantiales Behr,Golfo San Jorge,YPF S.A.,convencional,2013-02,80382.2,284725.3,289014.0
Manantiales Behr,Golfo San Jorge,YPF S.A.,convencional,2013-03,87870.0,297656.8,301390.0
Manantiales Behr,Golfo San Jorge,YPF S.A.,convencional,2013-04,87424.9,300354.8,301243.0
Manantiales Behr,Golfo San Jorge,YPF S.A.,convencional,2013-05,91167.6,307670.8,311111.0
Manantiales Behr,Golfo San Jorge,YPF S.A.,convencional,2013-06,90059.8,286152.2,289850.0
Manantiales Behr,Golfo San Jorge,YPF S.A.,convencional,2013-07,93390.1,289023.6,292570.0
Manantiales Behr,Golfo San Jorge,YPF S.A.,convencional,2013-08,93956.8,274133.7,277941.0
Manantiales Behr,Golfo San Jorge,YPF S.A.,convencional,2013-09,94277.8,289655.8,294596.0
Manantiales Behr,Golfo San Jorge,YPF S.A.,convencional,2013-10,97600.1,303731.1,308572.2
Manantiales Behr,Golfo San Jorge,YPF S.A.,convencional,2013-11,96637.3,305209.6,311796.0
Manantiales Behr,Golfo San Jorge,YPF S.A.,convencional,2013-12,97745.8,336234.7,350835.0
Manantiales Behr,Golfo San Jorge,YPF S.A.,convencional,2014-01,97977.0,353106.7,367696.0
Manantiales Behr,Golfo San Jorge,YPF S.A.,convencional,2014-02,89548.3,316364.0,328871.0
Manantiales Behr,Golfo San Jorge,YPF S.A.,convencional,2014-03,100261.8,366314.5,374979.0
Manantiales Behr,Golfo San Jorge,YPF S.A.,convencional,2014-04,96914.4,358253.7,363430.0
Manantiales Behr,Golfo San Jorge,YPF S.A.,convencional,2014-05,101630.1,399615.6,402712.0
Manantiales Behr,Golfo San Jorge,YPF S.A.,convencional,2014-06,96920.3,386053.0,389088.0
Manantiales Behr,Golfo San Jorge,YPF S.A.,convencional,2014-07,101505.6,415380.6,420081.0
Manantiales Behr,Golfo San Jorge,YPF S.A.,convencional,2014-08,100088.6,438527.6,442384.0
Manantiales Behr,Golfo San Jorge,YPF S.A.,convencional,2014-09,94701.1,435713.6,438882.0
Manantiales Behr,Golfo San Jorge,YPF S.A.,convencional,2014-10,100564.9,422746.2,424847.0
Manantiales Behr,Golfo San Jorge,YPF S.A.,convencional,2014-11,98068.1,416769.4,418764.0
Manantiales Behr,Golfo San Jorge,YPF S.A.,convencional,2014-12,97929.2,442686.5,448337.0
Manantiales Behr,Golfo San Jorge,YPF S.A.,convencional,2015-01,97301.8,440072.6,444781.0
Manantiales Behr,Golfo San Jorge,YPF S.A.,convencional,2015-02,89573.9,405633.5,411521.0
Manantiales Behr,Golfo San Jorge,YPF S.A.,convencional,2015-03,100097.2,462226.5,469442.0
Manantiales Behr,Golfo San Jorge,YPF S.A.,convencional,2015-04,95587.4,448432.5,453934.0
Manantiales Behr,Golfo San Jorge,YPF S.A.,convencional,2015-05,101860.3,486819.6,493862.8
Manantiales Behr,Golfo San Jorge,YPF S.A.,convencional,2015-06,96839.6,479388.2,482439.9
Manantiales Behr,Golfo San Jorge,YPF S.A.,convencional,2015-07,100364.0,489288.0,494893.5
Manantiales Behr,Golfo San Jorge,YPF S.A.,convencional,2015-08,100834.9,470952.2,476272.2
Manantiales Behr,Golfo San Jorge,YPF S.A.,convencional,2015-09,97835.4,473304.0,478976.0
Manantiales Behr,Golfo San Jorge,YPF S.A.,convencional,2015-10,100157.0,492739.4,504182.0
Manantiales Behr,Golfo San Jorge,YPF S.A.,convencional,2015-11,95913.3,464134.5,475329.0
Manantiales Behr,Golfo San Jorge,YPF S.A.,convencional,2015-12,98173.2,488490.1,496968.0
Manantiales Behr,Golfo San Jorge,YPF S.A.,convencional,2016-01,97520.3,488614.8,494548.0
Manantiales Behr,Golfo San Jorge,YPF S.A.,convencional,2016-02,93827.9,462979.6,467600.8
Manantiales Behr,Golfo San Jorge,YPF S.A.,convencional,2016-03,101919.6,520729.2,529109.0
Manantiales Behr,Golfo San Jorge,YPF S.A.,convencional,2016-04,98162.9,509240.6,515701.9
Manantiales Behr,Golfo San Jorge,YPF S.A.,convencional,2016-05,90996.9,461198.9,470327.4
Manantiales Behr,Golfo San Jorge,YPF S.A.,convencional,2016-06,98124.9,495338.8,503394.9
Manantiales Behr,Golfo San Jorge,YPF S.A.,convencional,2016-07,100710.6,524622.8,533874.8
Manantiales Behr,Golfo San Jorge,YPF S.A.,convencional,2016-08,103702.6,540952.5,546605.8
Manantiales Behr,Golfo San Jorge,YPF S.A.,convencional,2016-09,96289.1,520039.9,526915.5
Manantiales Behr,Golfo San Jorge,YPF S.A.,convencional,2016-10,100100.6,540762.4,547312.3
Manantiales Behr,Golfo San Jorge,YPF S.A.,convencional,2016-11,94748.2,500430.9,499031.2
Manantiales Behr,Golfo San Jorge,YPF S.A.,convencional,2016-12,96562.3,507687.6,514255.0
Manantiales Behr,Golfo San Jorge,YPF S.A.,convencional,2017-01,98470.7,519035.0,525919.0
Manantiales Behr,Golfo San Jorge,YPF S.A.,convencional,2017-02,88773.2,468487.0,477575.0
Manantiales Behr,Golfo San Jorge,YPF S.A.,convencional,2017-03,96193.7,515975.9,525568.2
Manantiales Behr,Golfo San Jorge,YPF S.A.,convencional,2017-04,82847.6,445828.1,453243.0
Manantiales Behr,Golfo San Jorge,YPF S.A.,convencional,2017-05,94307.6,501655.5,506096.7
Manantiales Behr,Golfo San Jorge,YPF S.A.,convencional,2017-06,62579.6,334045.6,336238.7
Manantiales Behr,Golfo San Jorge,YPF S.A.,convencional,2017-07,79552.0,406623.1,415951.0
Manantiales Behr,Golfo San Jorge,YPF S.A.,convencional,2017-08,88968.4,469154.7,468113.0
Manantiales Behr,Golfo San Jorge,YPF S.A.,convencional,2017-09,89405.2,471271.3,471200.0
Manantiales Behr,Golfo San Jorge,YPF S.A.,convencional,2017-10,95221.3,493613.5,496883.0
Manantiales Behr,Golfo San Jorge,YPF S.A.,convencional,2017-11,94949.3,490024.1,483088.1
Manantiales Behr,Golfo San Jorge,YPF S.A.,convencional,2017-12,97535.2,502535.1,504436.0
Manantiales Behr,Golfo San Jorge,YPF S.A.,convencional,2018-01,98871.5,498640.2,492272.4
Manantiales Behr,Golfo San Jorge,YPF S.A.,convencional,2018-02,88954.4,486690.0,476151.0
Manantiales Behr,Golfo San Jorge,YPF S.A.,convencional,2018-03,99780.2,572275.2,552002.0
Manantiales Behr,Golfo San Jorge,YPF S.A.,convencional,2018-04,95828.6,533788.0,533691.7
Manantiales Behr,Golfo San Jorge,YPF S.A.,convencional,2018-05,99957.6,556021.8,560768.1
Manantiales Behr,Golfo San Jorge,YPF S.A.,convencional,2018-06,97893.7,555219.8,562781.4
Manantiales Behr,Golfo San Jorge,YPF S.A.,convencional,2018-07,103990.8,590208.0,590256.6
Manantiales Behr,Golfo San Jorge,YPF S.A.,convencional,2018-08,101682.9,589898.8,589088.8
Manantiales Behr,Golfo San Jorge,YPF S.A.,convencional,2018-09,100410.9,574437.7,573782.4
Manantiales Behr,Golfo San Jorge,YPF S.A.,convencional,2018-10,103357.9,572803.7,573615.3
Manantiales Behr,Golfo San Jorge,YPF S.A.,convencional,2018-11,97946.6,565451.8,567037.1
Manantiales Behr,Golfo San Jorge,YPF S.A.,convencional,2018-12,99677.1,576781.5,572308.6
Manantiales Behr,Golfo San Jorge,YPF S.A.,convencional,2019-01,99060.5,611590.1,615326.6
Manantiales Behr,Golfo San Jorge,YPF S.A.,convencional,2019-02,90079.5,534885.3,537806.0
Manantiales Behr,Golfo San Jorge,YPF S.A.,convencional,2019-03,99501.6,603459.9,601914.5
Manantiales Behr,Golfo San Jorge,YPF S.A.,convencional,2019-04,95686.1,608668.1,609666.4
Manantiales Behr,Golfo San Jorge,YPF S.A.,convencional,2019-05,97712.4,636169.5,634954.2
Manantiales Behr,Golfo San Jorge,YPF S.A.,convencional,2019-06,92329.3,617946.5,619651.0
Manantiales Behr,Golfo San Jorge,YPF S.A.,convencional,2019-07,97093.8,636063.3,634455.3
Manantiales Behr,Golfo San Jorge,YPF S.A.,convencional,2019-08,98549.1,633896.6,630001.5
Manantiales Behr,Golfo San Jorge,YPF S.A.,convencional,2019-09,94550.5,591707.3,592879.5
Manantiales Behr,Golfo San Jorge,YPF S.A.,convencional,2019-10,97349.5,621251.1,619110.8
Manantiales Behr,Golfo San Jorge,YPF S.A.,convencional,2019-11,95880.3,609366.4,609492.3
Manantiales Behr,Golfo San Jorge,YPF S.A.,convencional,2019-12,102004.4,634626.9,632145.9
Manantiales Behr,Golfo San Jorge,YPF S.A.,convencional,2020-01,103942.5,645545.6,648693.8
Manantiales Behr,Golfo San Jorge,YPF S.A.,convencional,2020-02,94983.9,591206.5,594344.4
Manantiales Behr,Golfo San Jorge,YPF S.A.,convencional,2020-03,103796.6,643706.7,643630.0
Manantiales Behr,Golfo San Jorge,YPF S.A.,convencional,2020-04,101155.2,629492.2,631335.5
Manantiales Behr,Golfo San Jorge,YPF S.A.,convencional,2020-05,106005.9,656279.7,653991.0
Manantiales Behr,Golfo San Jorge,YPF S.A.,convencional,2020-06,101673.9,626796.8,627369.2
Manantiales Behr,Golfo San Jorge,YPF S.A.,convencional,2020-07,100483.7,622191.6,620471.4
Manantiales Behr,Golfo San Jorge,YPF S.A.,convencional,2020-08,105310.6,633383.0,634316.9
Manantiales Behr,Golfo San Jorge,YPF S.A.,convencional,2020-09,104963.2,613601.3,612670.5
Manantiales Behr,Golfo San Jorge,YPF S.A.,convencional,2020-10,110357.7,630712.6,632558.9
Manantiales Behr,Golfo San Jorge,YPF S.A.,convencional,2020-11,106283.6,602823.2,602055.8
Manantiales Behr,Golfo San Jorge,YPF S.A.,convencional,2020-12,116158.9,608237.0,612451.9
Manantiales Behr,Golfo San Jorge,YPF S.A.,convencional,2021-01,118663.7,634521.8,639616.3
Manantiales Behr,Golfo San Jorge,YPF S.A.,convencional,2021-02,108307.2,576404.4,578673.4
Manantiales Behr,Golfo San Jorge,YPF S.A.,convencional,2021-03,118280.1,647228.2,649330.3
Manantiales Behr,Golfo San Jorge,YPF S.A.,convencional,2021-04,117548.8,593871.8,598220.4
Manantiales Behr,Golfo San Jorge,YPF S.A.,convencional,2021-05,119953.4,623464.3,623318.2
Manantiales Behr,Golfo San Jorge,YPF S.A.,convencional,2021-06,114820.3,590603.6,592023.9
Manantiales Behr,Golfo San Jorge,YPF S.A.,convencional,2021-07,117855.9,622336.5,621298.2
Manantiales Behr,Golfo San Jorge,YPF S.A.,convencional,2021-08,118307.0,638783.9,640013.0
Manantiales Behr,Golfo San Jorge,YPF S.A.,convencional,2021-09,115998.4,603577.1,600945.1
Manantiales Behr,Golfo San Jorge,YPF S.A.,convencional,2021-10,116413.4,619424.3,616307.6
Manantiales Behr,Golfo San Jorge,YPF S.A.,convencional,2021-11,115890.7,618252.0,615874.9
Manantiales Behr,Golfo San Jorge,YPF S.A.,convencional,2021-12,111109.6,592190.0,591121.2
Manantiales Behr,Golfo San Jorge,YPF S.A.,convencional,2022-01,120415.8,627406.6,626700.2
Manantiales Behr,Golfo San Jorge,YPF S.A.,convencional,2022-02,112105.2,582329.1,581929.2
Manantiales Behr,Golfo San Jorge,YPF S.A.,convencional,2022-03,124268.0,643950.5,644281.6
Manantiales Behr,Golfo San Jorge,YPF S.A.,convencional,2022-04,123616.6,607554.4,597427.3
Manantiales Behr,Golfo San Jorge,YPF S.A.,convencional,2022-05,129382.7,642310.8,627903.1
Manantiales Behr,Golfo San Jorge,YPF S.A.,convencional,2022-06,125775.8,624389.2,620079.1
Manantiales Behr,Golfo San Jorge,YPF S.A.,convencional,2022-07,127378.3,609403.4,606919.1
Manantiales Behr,Golfo San Jorge,YPF S.A.,convencional,2022-08,126358.1,613904.0,609158.3
Manantiales Behr,Golfo San Jorge,YPF S.A.,convencional,2022-09,122373.9,612570.1,594646.4
Manantiales Behr,Golfo San Jorge,YPF S.A.,convencional,2022-10,131156.2,648024.0,627282.5
Manantiales Behr,Golfo San Jorge,YPF S.A.,convencional,2022-11,121493.5,644349.4,608062.6
Manantiales Behr,Golfo San Jorge,YPF S.A.,convencional,2022-12,127005.6,674532.4,646685.2
Manantiales Behr,Golfo San Jorge,YPF S.A.,convencional,2023-01,128820.8,686812.9,643926.5
Manantiales Behr,Golfo San Jorge,YPF S.A.,convencional,2023-02,116013.3,619464.6,572927.8
Manantiales Behr,Golfo San Jorge,YPF S.A.,convencional,2023-03,125005.2,665134.6,627742.1
Manantiales Behr,Golfo San Jorge,YPF S.A.,convencional,2023-04,123161.5,668186.5,625724.2
Manantiales Behr,Golfo San Jorge,YPF S.A.,convencional,2023-05,129132.6,694934.7,654659.6
Manantiales Behr,Golfo San Jorge,YPF S.A.,convencional,2023-06,124911.6,671928.5,636020.9
Manantiales Behr,Golfo San Jorge,YPF S.A.,convencional,2023-07,127097.9,666205.1,640233.0
Manantiales Behr,Golfo San Jorge,YPF S.A.,convencional,2023-08,127148.4,664366.8,649651.2
Manantiales Behr,Golfo San Jorge,YPF S.A.,convencional,2023-09,127807.2,651197.8,645554.3
Manantiales Behr,Golfo San Jorge,YPF S.A.,convencional,2023-10,133131.9,706430.2,697510.7
Manantiales Behr,Golfo San Jorge,YPF S.A.,convencional,2023-11,128193.5,693055.6,677546.7
Manantiales Behr,Golfo San Jorge,YPF S.A.,convencional,2023-12,131292.6,707658.3,701641.2
Manantiales Behr,Golfo San Jorge,YPF S.A.,convencional,2024-01,132128.7,728114.2,730598.2
Manantiales Behr,Golfo San Jorge,YPF S.A.,convencional,2024-02,122627.7,679915.6,677449.0
Manantiales Behr,Golfo San Jorge,YPF S.A.,convencional,2024-03,130061.0,719925.4,725530.6
Manantiales Behr,Golfo San Jorge,YPF S.A.,convencional,2024-04,125211.1,709989.0,708843.3
Manantiales Behr,Golfo San Jorge,YPF S.A.,convencional,2024-05,126948.0,718929.7,728363.7
Manantiales Behr,Golfo San Jorge,YPF S.A.,convencional,2024-06,72410.0,412902.2,413053.7
Manantiales Behr,Golfo San Jorge,YPF S.A.,convencional,2024-07,79363.1,432737.3,430129.2
Manantiales Behr,Golfo San Jorge,YPF S.A.,convencional,2024-08,112142.4,657839.1,657463.1
Manantiales Behr,Golfo San Jorge,YPF S.A.,convencional,2024-09,115292.0,700104.9,697424.5
Manantiales Behr,Golfo San Jorge,YPF S.A.,convencional,2024-10,124083.5,753999.5,766859.8
Manantiales Behr,Golfo San Jorge,YPF S.A.,convencional,2024-11,121604.3,749749.9,750789.5
Manantiales Behr,Golfo San Jorge,YPF S.A.,convencional,2024-12,124186.9,781528.5,784318.2
Manantiales Behr,Golfo San Jorge,YPF S.A.,convencional,2025-01,122652.2,771522.6,792151.2
Manantiales Behr,Golfo San Jorge,YPF S.A.,convencional,2025-02,112884.5,705450.0,720296.5
Manantiales Behr,Golfo San Jorge,YPF S.A.,convencional,2025-03,125811.8,783586.7,795285.0
Manantiales Behr,Golfo San Jorge,YPF S.A.,convencional,2025-04,119390.2,734689.6,756212.6
Manantiales Behr,Golfo San Jorge,YPF S.A.,convencional,2025-05,124622.3,778083.2,789670.4
Manantiales Behr,Golfo San Jorge,YPF S.A.,convencional,2025-06,120908.4,741164.5,768966.8
Manantiales Behr,Golfo San Jorge,YPF S.A.,convencional,2025-07,122296.2,752231.8,781420.8
Manantiales Behr,Golfo San Jorge,YPF S.A.,convencional,2025-08,122300.2,774936.5,798850.6
Manantiales Behr,Golfo San Jorge,YPF S.A.,convencional,2025-09,120740.3,775092.7,777226.4
Manantiales Behr,Golfo San Jorge,YPF S.A.,convencional,2025-10,126892.8,800472.9,803071.8
Manantiales Behr,Golfo San Jorge,YPF S.A.,convencional,2025-11,118179.9,747506.0,758978.2
Manantiales Behr,Golfo San Jorge,YPF S.A.,convencional,2025-12,125546.8,788480.3,816225.2
Manantiales Behr,Golfo San Jorge,YPF S.A.,convencional,2026-01,124976.6,781720.6,806576.8
Manantiales Behr,Golfo San Jorge,YPF S.A.,convencional,2026-02,113738.4,702423.5,727438.6
Manantiales Behr,Golfo San Jorge,YPF S.A.,convencional,2026-03,126609.4,774997.1,811028.4
Manantiales Behr,Golfo San Jorge,YPF S.A.,convencional,2026-04,120220.1,757961.5,785362.1
Manantiales Behr,Golfo San Jorge,PECOM SERVICIOS ENERGIA SAU,convencional,2026-05,121929.9,811819.7,810400.0
Manantiales Behr,Golfo San Jorge,PECOM SERVICIOS ENERGIA SAU,convencional,2026-06,116701.9,779662.9,779058.9
Manantiales Behr,Golfo San Jorge,PECOM SERVICIOS ENERGIA SAU,convencional,2026-07,118052.2,803022.4,802487.5
Diadema,Golfo San Jorge,COMPAÑÍAS ASOCIADAS PETROLERAS S.A.,convencional,2006-01,46358.0,1455335.1,1449286.8
Diadema,Golfo San Jorge,COMPAÑÍAS ASOCIADAS PETROLERAS S.A.,convencional,2006-02,43376.1,1312934.0,1312934.0
Diadema,Golfo San Jorge,COMPAÑÍAS ASOCIADAS PETROLERAS S.A.,convencional,2006-03,48195.0,1451199.0,1448764.0
Diadema,Golfo San Jorge,COMPAÑÍAS ASOCIADAS PETROLERAS S.A.,convencional,2006-04,43737.0,1415307.7,1411806.0
Diadema,Golfo San Jorge,COMPAÑÍAS ASOCIADAS PETROLERAS S.A.,convencional,2006-05,45694.1,1460281.9,1456780.0
Diadema,Golfo San Jorge,COMPAÑÍAS ASOCIADAS PETROLERAS S.A.,convencional,2006-06,46196.0,1407449.9,1403951.0
Diadema,Golfo San Jorge,COMPAÑÍAS ASOCIADAS PETROLERAS S.A.,convencional,2006-07,48829.1,1445175.8,1442099.0
Diadema,Golfo San Jorge,COMPAÑÍAS ASOCIADAS PETROLERAS S.A.,convencional,2006-08,52449.0,1455200.4,1453115.0
Diadema,Golfo San Jorge,COMPAÑÍAS ASOCIADAS PETROLERAS S.A.,convencional,2006-09,49456.9,1460906.8,1458857.0
Diadema,Golfo San Jorge,COMPAÑÍAS ASOCIADAS PETROLERAS S.A.,convencional,2006-10,51748.0,1531927.0,1529820.2
Diadema,Golfo San Jorge,COMPAÑÍAS ASOCIADAS PETROLERAS S.A.,convencional,2006-11,45052.0,1405142.8,1403591.1
Diadema,Golfo San Jorge,COMPAÑÍAS ASOCIADAS PETROLERAS S.A.,convencional,2006-12,49706.1,1556238.1,1554340.6
Diadema,Golfo San Jorge,COMPAÑÍAS ASOCIADAS PETROLERAS S.A.,convencional,2007-01,47299.1,1526302.5,1637791.4
Diadema,Golfo San Jorge,COMPAÑÍAS ASOCIADAS PETROLERAS S.A.,convencional,2007-02,42915.0,1396932.6,1394474.6
Diadema,Golfo San Jorge,COMPAÑÍAS ASOCIADAS PETROLERAS S.A.,convencional,2007-03,50952.1,1558612.5,1556315.5
Diadema,Golfo San Jorge,COMPAÑÍAS ASOCIADAS PETROLERAS S.A.,convencional,2007-04,50399.1,1510703.2,1513576.4
Diadema,Golfo San Jorge,COMPAÑÍAS ASOCIADAS PETROLERAS S.A.,convencional,2007-05,50530.3,1601836.8,1599529.4
Diadema,Golfo San Jorge,COMPAÑÍAS ASOCIADAS PETROLERAS S.A.,convencional,2007-06,49455.3,1542202.0,1539935.9
Diadema,Golfo San Jorge,COMPAÑÍAS ASOCIADAS PETROLERAS S.A.,convencional,2007-07,48709.4,1570663.2,1569148.6
Diadema,Golfo San Jorge,COMPAÑÍAS ASOCIADAS PETROLERAS S.A.,convencional,2007-08,48438.3,1597768.3,1596820.5
Diadema,Golfo San Jorge,COMPAÑÍAS ASOCIADAS PETROLERAS S.A.,convencional,2007-09,47359.0,1523781.0,1522154.9
Diadema,Golfo San Jorge,COMPAÑÍAS ASOCIADAS PETROLERAS S.A.,convencional,2007-10,48454.7,1544977.8,1543697.0
Diadema,Golfo San Jorge,COMPAÑÍAS ASOCIADAS PETROLERAS S.A.,convencional,2007-11,45885.9,1438621.1,1436387.0
Diadema,Golfo San Jorge,COMPAÑÍAS ASOCIADAS PETROLERAS S.A.,convencional,2007-12,47694.0,1512457.1,1511693.0
Diadema,Golfo San Jorge,COMPAÑÍAS ASOCIADAS PETROLERAS S.A.,convencional,2008-01,45451.0,1429540.3,1427258.2
Diadema,Golfo San Jorge,COMPAÑÍAS ASOCIADAS PETROLERAS S.A.,convencional,2008-02,42791.3,1342141.3,1340322.8
Diadema,Golfo San Jorge,COMPAÑÍAS ASOCIADAS PETROLERAS S.A.,convencional,2008-03,46649.2,1478327.1,1476865.0
Diadema,Golfo San Jorge,COMPAÑÍAS ASOCIADAS PETROLERAS S.A.,convencional,2008-04,44920.3,1419451.7,1418483.7
Diadema,Golfo San Jorge,COMPAÑÍAS ASOCIADAS PETROLERAS S.A.,convencional,2008-05,45510.0,1457171.3,1455583.9
Diadema,Golfo San Jorge,COMPAÑÍAS ASOCIADAS PETROLERAS S.A.,convencional,2008-06,49396.1,1422260.2,1421637.4
Diadema,Golfo San Jorge,COMPAÑÍAS ASOCIADAS PETROLERAS S.A.,convencional,2008-07,46104.5,1438483.9,1437910.1
Diadema,Golfo San Jorge,COMPAÑÍAS ASOCIADAS PETROLERAS S.A.,convencional,2008-08,46876.5,1424911.5,1423691.3
Diadema,Golfo San Jorge,COMPAÑÍAS ASOCIADAS PETROLERAS S.A.,convencional,2008-09,42324.9,1367183.3,1366693.1
Diadema,Golfo San Jorge,COMPAÑÍAS ASOCIADAS PETROLERAS S.A.,convencional,2008-10,45443.4,1413451.1,1413158.8
Diadema,Golfo San Jorge,COMPAÑÍAS ASOCIADAS PETROLERAS S.A.,convencional,2008-11,48689.8,1361480.1,1361483.9
Diadema,Golfo San Jorge,COMPAÑÍAS ASOCIADAS PETROLERAS S.A.,convencional,2008-12,47291.6,1433134.7,1432202.5
Diadema,Golfo San Jorge,COMPAÑÍAS ASOCIADAS PETROLERAS S.A.,convencional,2009-01,50138.3,1478515.4,1478264.9
Diadema,Golfo San Jorge,COMPAÑÍAS ASOCIADAS PETROLERAS S.A.,convencional,2009-02,44914.0,1328761.3,1328585.2
Diadema,Golfo San Jorge,COMPAÑÍAS ASOCIADAS PETROLERAS S.A.,convencional,2009-03,48826.9,1438647.5,1438878.9
Diadema,Golfo San Jorge,COMPAÑÍAS ASOCIADAS PETROLERAS S.A.,convencional,2009-04,48013.5,1387716.0,1387607.5
Diadema,Golfo San Jorge,COMPAÑÍAS ASOCIADAS PETROLERAS S.A.,convencional,2009-05,52245.4,1434551.9,1433856.2
Diadema,Golfo San Jorge,COMPAÑÍAS ASOCIADAS PETROLERAS S.A.,convencional,2009-06,50500.1,1382953.0,1379869.6
Diadema,Golfo San Jorge,COMPAÑÍAS ASOCIADAS PETROLERAS S.A.,convencional,2009-07,49436.9,1436773.5,1435847.7
Diadema,Golfo San Jorge,COMPAÑÍAS ASOCIADAS PETROLERAS S.A.,convencional,2009-08,48288.7,1422247.8,1421116.6
Diadema,Golfo San Jorge,COMPAÑÍAS ASOCIADAS PETROLERAS S.A.,convencional,2009-09,48996.1,1395285.5,1394725.1
Diadema,Golfo San Jorge,COMPAÑÍAS ASOCIADAS PETROLERAS S.A.,convencional,2009-10,51350.3,1420057.0,1419811.0
Diadema,Golfo San Jorge,COMPAÑÍAS ASOCIADAS PETROLERAS S.A.,convencional,2009-11,48465.8,1338885.1,1338441.1
Diadema,Golfo San Jorge,COMPAÑÍAS ASOCIADAS PETROLERAS S.A.,convencional,2009-12,49222.9,1371355.9,1370319.0
Diadema,Golfo San Jorge,COMPAÑÍAS ASOCIADAS PETROLERAS S.A.,convencional,2010-01,48637.7,1379938.6,1378907.0
Diadema,Golfo San Jorge,COMPAÑÍAS ASOCIADAS PETROLERAS S.A.,convencional,2010-02,43576.7,1253992.4,1253089.4
Diadema,Golfo San Jorge,COMPAÑÍAS ASOCIADAS PETROLERAS S.A.,convencional,2010-03,47933.8,1396930.1,1396796.3
Diadema,Golfo San Jorge,COMPAÑÍAS ASOCIADAS PETROLERAS S.A.,convencional,2010-04,48560.8,1338076.4,1337672.4
Diadema,Golfo San Jorge,COMPAÑÍAS ASOCIADAS PETROLERAS S.A.,convencional,2010-05,48017.8,1365311.5,1364767.7
Diadema,Golfo San Jorge,COMPAÑÍAS ASOCIADAS PETROLERAS S.A.,convencional,2010-06,45657.7,1267220.6,1266577.0
Diadema,Golfo San Jorge,COMPAÑÍAS ASOCIADAS PETROLERAS S.A.,convencional,2010-07,51060.1,1326658.7,1326505.1
Diadema,Golfo San Jorge,COMPAÑÍAS ASOCIADAS PETROLERAS S.A.,convencional,2010-08,50365.5,1330062.4,1329591.9
Diadema,Golfo San Jorge,COMPAÑÍAS ASOCIADAS PETROLERAS S.A.,convencional,2010-09,48803.8,1266098.8,1266011.8
Diadema,Golfo San Jorge,COMPAÑÍAS ASOCIADAS PETROLERAS S.A.,convencional,2010-10,52577.7,1337671.1,1337247.1
Diadema,Golfo San Jorge,COMPAÑÍAS ASOCIADAS PETROLERAS S.A.,convencional,2010-11,52382.3,1319254.3,1318658.8
Diadema,Golfo San Jorge,COMPAÑÍAS ASOCIADAS PETROLERAS S.A.,convencional,2010-12,51114.7,1328446.4,1327993.2
Diadema,Golfo San Jorge,COMPAÑÍAS ASOCIADAS PETROLERAS S.A.,convencional,2011-01,52087.3,1325810.0,1325054.1
Diadema,Golfo San Jorge,COMPAÑÍAS ASOCIADAS PETROLERAS S.A.,convencional,2011-02,46777.6,1182572.1,1182145.3
Diadema,Golfo San Jorge,COMPAÑÍAS ASOCIADAS PETROLERAS S.A.,convencional,2011-03,52844.1,1341169.0,1340642.5
Diadema,Golfo San Jorge,COMPAÑÍAS ASOCIADAS PETROLERAS S.A.,convencional,2011-04,52190.8,1286545.7,1286395.9
Diadema,Golfo San Jorge,COMPAÑÍAS ASOCIADAS PETROLERAS S.A.,convencional,2011-05,52927.0,1320030.1,1319722.7
Diadema,Golfo San Jorge,COMPAÑÍAS ASOCIADAS PETROLERAS S.A.,convencional,2011-06,48620.3,1268551.9,1268330.7
Diadema,Golfo San Jorge,COMPAÑÍAS ASOCIADAS PETROLERAS S.A.,convencional,2011-07,49898.3,1302577.6,1302473.7
Diadema,Golfo San Jorge,COMPAÑÍAS ASOCIADAS PETROLERAS S.A.,convencional,2011-08,52482.6,1290115.0,1290399.9
Diadema,Golfo San Jorge,COMPAÑÍAS ASOCIADAS PETROLERAS S.A.,convencional,2011-09,50628.0,1241075.8,1241873.5
Diadema,Golfo San Jorge,COMPAÑÍAS ASOCIADAS PETROLERAS S.A.,convencional,2011-10,50006.5,1272675.2,1272571.1
Diadema,Golfo San Jorge,COMPAÑÍAS ASOCIADAS PETROLERAS S.A.,convencional,2011-11,50186.7,1224668.8,1225293.4
Diadema,Golfo San Jorge,COMPAÑÍAS ASOCIADAS PETROLERAS S.A.,convencional,2011-12,52365.1,1268990.4,1269615.9
Diadema,Golfo San Jorge,COMPAÑÍAS ASOCIADAS PETROLERAS S.A.,convencional,2012-01,47885.8,1247431.7,1247959.6
Diadema,Golfo San Jorge,COMPAÑÍAS ASOCIADAS PETROLERAS S.A.,convencional,2012-02,46286.7,1130648.5,1131099.9
Diadema,Golfo San Jorge,COMPAÑÍAS ASOCIADAS PETROLERAS S.A.,convencional,2012-03,52686.1,1240166.3,1238840.1
Diadema,Golfo San Jorge,COMPAÑÍAS ASOCIADAS PETROLERAS S.A.,convencional,2012-04,48621.5,1221749.4,1220482.6
Diadema,Golfo San Jorge,COMPAÑÍAS ASOCIADAS PETROLERAS S.A.,convencional,2012-05,49352.5,1236519.9,1237750.5
Diadema,Golfo San Jorge,COMPAÑÍAS ASOCIADAS PETROLERAS S.A.,convencional,2012-06,47507.1,1213151.0,1209929.5
Diadema,Golfo San Jorge,COMPAÑÍAS ASOCIADAS PETROLERAS S.A.,convencional,2012-07,50343.2,1220698.6,1218198.8
Diadema,Golfo San Jorge,COMPAÑÍAS ASOCIADAS PETROLERAS S.A.,convencional,2012-08,52688.0,1233708.5,1233031.5
Diadema,Golfo San Jorge,COMPAÑÍAS ASOCIADAS PETROLERAS S.A.,convencional,2012-09,52110.1,1213489.8,1211974.0
Diadema,Golfo San Jorge,COMPAÑÍAS ASOCIADAS PETROLERAS S.A.,convencional,2012-10,50935.2,1264202.1,1263111.4
Diadema,Golfo San Jorge,COMPAÑÍAS ASOCIADAS PETROLERAS S.A.,convencional,2012-11,45814.1,1185980.4,1185541.2
Diadema,Golfo San Jorge,COMPAÑÍAS ASOCIADAS PETROLERAS S.A.,convencional,2012-12,51902.8,1240183.2,1239747.1
Diadema,Golfo San Jorge,COMPAÑÍAS ASOCIADAS PETROLERAS S.A.,convencional,2013-01,50053.9,1219499.1,1219051.6
Diadema,Golfo San Jorge,COMPAÑÍAS ASOCIADAS PETROLERAS S.A.,convencional,2013-02,43464.2,1094026.2,1093683.2
Diadema,Golfo San Jorge,COMPAÑÍAS ASOCIADAS PETROLERAS S.A.,convencional,2013-03,48799.8,1178589.9,1178607.9
Diadema,Golfo San Jorge,COMPAÑÍAS ASOCIADAS PETROLERAS S.A.,convencional,2013-04,46999.5,1143373.0,1143359.9
Diadema,Golfo San Jorge,COMPAÑÍAS ASOCIADAS PETROLERAS S.A.,convencional,2013-05,48819.1,1203374.8,1203244.2
Diadema,Golfo San Jorge,COMPAÑÍAS ASOCIADAS PETROLERAS S.A.,convencional,2013-06,47172.1,1170470.5,1170389.2
Diadema,Golfo San Jorge,COMPAÑÍAS ASOCIADAS PETROLERAS S.A.,convencional,2013-07,47618.3,1219560.7,1219718.8
Diadema,Golfo San Jorge,COMPAÑÍAS ASOCIADAS PETROLERAS S.A.,convencional,2013-08,47563.9,1261008.4,1260573.6
Diadema,Golfo San Jorge,COMPAÑÍAS ASOCIADAS PETROLERAS S.A.,convencional,2013-09,47953.7,1240480.0,1240482.3
Diadema,Golfo San Jorge,COMPAÑÍAS ASOCIADAS PETROLERAS S.A.,convencional,2013-10,49155.6,1254802.6,1254445.3
Diadema,Golfo San Jorge,COMPAÑÍAS ASOCIADAS PETROLERAS S.A.,convencional,2013-11,46516.4,1186452.8,1186981.6
Diadema,Golfo San Jorge,COMPAÑÍAS ASOCIADAS PETROLERAS S.A.,convencional,2013-12,47688.8,1247211.8,1247414.2
Diadema,Golfo San Jorge,COMPAÑÍAS ASOCIADAS PETROLERAS S.A.,convencional,2014-01,47592.0,1244265.5,1244458.5
Diadema,Golfo San Jorge,COMPAÑÍAS ASOCIADAS PETROLERAS S.A.,convencional,2014-02,45706.1,1119523.1,1119754.5
Diadema,Golfo San Jorge,COMPAÑÍAS ASOCIADAS PETROLERAS S.A.,convencional,2014-03,52895.4,1256177.3,1256506.6
Diadema,Golfo San Jorge,COMPAÑÍAS ASOCIADAS PETROLERAS S.A.,convencional,2014-04,49025.8,1205412.8,1206447.3
Diadema,Golfo San Jorge,COMPAÑÍAS ASOCIADAS PETROLERAS S.A.,convencional,2014-05,51748.9,1237280.4,1237866.3
Diadema,Golfo San Jorge,COMPAÑÍAS ASOCIADAS PETROLERAS S.A.,convencional,2014-06,48752.7,1139682.7,1138867.0
Diadema,Golfo San Jorge,COMPAÑÍAS ASOCIADAS PETROLERAS S.A.,convencional,2014-07,50216.4,1215091.6,1215875.8
Diadema,Golfo San Jorge,COMPAÑÍAS ASOCIADAS PETROLERAS S.A.,convencional,2014-08,49576.1,1219161.0,1220054.2
Diadema,Golfo San Jorge,COMPAÑÍAS ASOCIADAS PETROLERAS S.A.,convencional,2014-09,50165.3,1201011.5,1202233.8
Diadema,Golfo San Jorge,COMPAÑÍAS ASOCIADAS PETROLERAS S.A.,convencional,2014-10,51922.2,1254958.5,1254619.8
Diadema,Golfo San Jorge,COMPAÑÍAS ASOCIADAS PETROLERAS S.A.,convencional,2014-11,49736.2,1201677.6,1203562.5
Diadema,Golfo San Jorge,COMPAÑÍAS ASOCIADAS PETROLERAS S.A.,convencional,2014-12,51563.0,1257213.9,1258432.4
Diadema,Golfo San Jorge,COMPAÑÍAS ASOCIADAS PETROLERAS S.A.,convencional,2015-01,51863.0,1254728.8,1254231.3
Diadema,Golfo San Jorge,COMPAÑÍAS ASOCIADAS PETROLERAS S.A.,convencional,2015-02,47400.0,1124778.9,1124464.4
Diadema,Golfo San Jorge,COMPAÑÍAS ASOCIADAS PETROLERAS S.A.,convencional,2015-03,51443.2,1246150.1,1246584.2
Diadema,Golfo San Jorge,COMPAÑÍAS ASOCIADAS PETROLERAS S.A.,convencional,2015-04,50651.8,1199572.7,1200883.5
Diadema,Golfo San Jorge,COMPAÑÍAS ASOCIADAS PETROLERAS S.A.,convencional,2015-05,52718.1,1265673.2,1266788.5
Diadema,Golfo San Jorge,COMPAÑÍAS ASOCIADAS PETROLERAS S.A.,convencional,2015-06,49408.0,1235250.1,1236812.4
Diadema,Golfo San Jorge,COMPAÑÍAS ASOCIADAS PETROLERAS S.A.,convencional,2015-07,53303.3,1288016.2,1286810.4
Diadema,Golfo San Jorge,COMPAÑÍAS ASOCIADAS PETROLERAS S.A.,convencional,2015-08,52337.8,1283438.6,1282051.0
Diadema,Golfo San Jorge,COMPAÑÍAS ASOCIADAS PETROLERAS S.A.,convencional,2015-09,48941.4,1223615.4,1221902.2
Diadema,Golfo San Jorge,COMPAÑÍAS ASOCIADAS PETROLERAS S.A.,convencional,2015-10,53206.6,1272384.6,1270630.8
Diadema,Golfo San Jorge,COMPAÑÍAS ASOCIADAS PETROLERAS S.A.,convencional,2015-11,50681.7,1238964.9,1238044.2
Diadema,Golfo San Jorge,COMPAÑÍAS ASOCIADAS PETROLERAS S.A.,convencional,2015-12,50135.6,1290253.1,1288994.6
Diadema,Golfo San Jorge,COMPAÑÍAS ASOCIADAS PETROLERAS S.A.,convencional,2016-01,53630.9,1272533.7,1271641.1
Diadema,Golfo San Jorge,COMPAÑÍAS ASOCIADAS PETROLERAS S.A.,convencional,2016-02,50061.3,1179461.5,1177267.4
Diadema,Golfo San Jorge,COMPAÑÍAS ASOCIADAS PETROLERAS S.A.,convencional,2016-03,54978.7,1314877.1,1314540.1
Diadema,Golfo San Jorge,COMPAÑÍAS ASOCIADAS PETROLERAS S.A.,convencional,2016-04,52438.3,1281241.5,1281020.4
Diadema,Golfo San Jorge,COMPAÑÍAS ASOCIADAS PETROLERAS S.A.,convencional,2016-05,54490.1,1343727.9,1343037.3
Diadema,Golfo San Jorge,COMPAÑÍAS ASOCIADAS PETROLERAS S.A.,convencional,2016-06,53870.3,1291762.2,1291778.1
Diadema,Golfo San Jorge,COMPAÑÍAS ASOCIADAS PETROLERAS S.A.,convencional,2016-07,53945.2,1308975.0,1308456.1
Diadema,Golfo San Jorge,COMPAÑÍAS ASOCIADAS PETROLERAS S.A.,convencional,2016-08,53960.1,1320163.5,1318266.4
Diadema,Golfo San Jorge,COMPAÑÍAS ASOCIADAS PETROLERAS S.A.,convencional,2016-09,53361.9,1297251.1,1297087.2
Diadema,Golfo San Jorge,COMPAÑÍAS ASOCIADAS PETROLERAS S.A.,convencional,2016-10,55147.2,1351002.4,1351829.9
Diadema,Golfo San Jorge,COMPAÑÍAS ASOCIADAS PETROLERAS S.A.,convencional,2016-11,52543.3,1276260.0,1276949.4
Diadema,Golfo San Jorge,COMPAÑÍAS ASOCIADAS PETROLERAS S.A.,convencional,2016-12,55090.5,1327052.2,1326384.7
Diadema,Golfo San Jorge,COMPAÑÍAS ASOCIADAS PETROLERAS S.A.,convencional,2017-01,57379.5,1296874.4,1296109.3
Diadema,Golfo San Jorge,COMPAÑÍAS ASOCIADAS PETROLERAS S.A.,convencional,2017-02,50420.9,1152515.3,1151455.6
Diadema,Golfo San Jorge,COMPAÑÍAS ASOCIADAS PETROLERAS S.A.,convencional,2017-03,52748.8,1247685.9,1245726.8
Diadema,Golfo San Jorge,COMPAÑÍAS ASOCIADAS PETROLERAS S.A.,convencional,2017-04,45516.5,1010583.1,1009529.3
Diadema,Golfo San Jorge,COMPAÑÍAS ASOCIADAS PETROLERAS S.A.,convencional,2017-05,49469.2,1143724.4,1146030.7
Diadema,Golfo San Jorge,COMPAÑÍAS ASOCIADAS PETROLERAS S.A.,convencional,2017-06,44659.2,1107232.5,1107073.2
Diadema,Golfo San Jorge,COMPAÑÍAS ASOCIADAS PETROLERAS S.A.,convencional,2017-07,51586.1,1270733.8,1270297.5
Diadema,Golfo San Jorge,COMPAÑÍAS ASOCIADAS PETROLERAS S.A.,convencional,2017-08,52530.9,1262688.5,1262625.1
Diadema,Golfo San Jorge,COMPAÑÍAS ASOCIADAS PETROLERAS S.A.,convencional,2017-09,52266.0,1242146.8,1243105.5
Diadema,Golfo San Jorge,COMPAÑÍAS ASOCIADAS PETROLERAS S.A.,convencional,2017-10,55607.7,1337713.4,1338187.2
Diadema,Golfo San Jorge,COMPAÑÍAS ASOCIADAS PETROLERAS S.A.,convencional,2017-11,52650.6,1278545.8,1279207.4
Diadema,Golfo San Jorge,COMPAÑÍAS ASOCIADAS PETROLERAS S.A.,convencional,2017-12,54027.0,1318978.7,1319961.6
Diadema,Golfo San Jorge,COMPAÑÍAS ASOCIADAS PETROLERAS S.A.,convencional,2018-01,53470.0,1317004.4,1317901.5
Diadema,Golfo San Jorge,COMPAÑÍAS ASOCIADAS PETROLERAS S.A.,convencional,2018-02,49420.0,1245367.7,1244672.3
Diadema,Golfo San Jorge,COMPAÑÍAS ASOCIADAS PETROLERAS S.A.,convencional,2018-03,55367.6,1351981.6,1356750.1
Diadema,Golfo San Jorge,COMPAÑÍAS ASOCIADAS PETROLERAS S.A.,convencional,2018-04,55573.8,1355188.9,1357757.9
Diadema,Golfo San Jorge,COMPAÑÍAS ASOCIADAS PETROLERAS S.A.,convencional,2018-05,55880.9,1351292.6,1353508.0
Diadema,Golfo San Jorge,COMPAÑÍAS ASOCIADAS PETROLERAS S.A.,convencional,2018-06,53982.9,1290263.7,1292573.2
Diadema,Golfo San Jorge,COMPAÑÍAS ASOCIADAS PETROLERAS S.A.,convencional,2018-07,56188.7,1332541.8,1334527.9
Diadema,Golfo San Jorge,COMPAÑÍAS ASOCIADAS PETROLERAS S.A.,convencional,2018-08,57158.9,1341589.7,1342903.9
Diadema,Golfo San Jorge,COMPAÑÍAS ASOCIADAS PETROLERAS S.A.,convencional,2018-09,56270.0,1297347.5,1298757.8
Diadema,Golfo San Jorge,COMPAÑÍAS ASOCIADAS PETROLERAS S.A.,convencional,2018-10,56972.1,1325283.9,1328185.9
Diadema,Golfo San Jorge,COMPAÑÍAS ASOCIADAS PETROLERAS S.A.,convencional,2018-11,55395.7,1327273.7,1325779.9
Diadema,Golfo San Jorge,COMPAÑÍAS ASOCIADAS PETROLERAS S.A.,convencional,2018-12,57863.5,1386250.4,1383644.0
Diadema,Golfo San Jorge,COMPAÑÍAS ASOCIADAS PETROLERAS S.A.,convencional,2019-01,56959.0,1366221.1,1361651.8
Diadema,Golfo San Jorge,COMPAÑÍAS ASOCIADAS PETROLERAS S.A.,convencional,2019-02,53964.4,1278990.2,1277404.6
Diadema,Golfo San Jorge,COMPAÑÍAS ASOCIADAS PETROLERAS S.A.,convencional,2019-03,59832.9,1369662.0,1370088.1
Diadema,Golfo San Jorge,COMPAÑÍAS ASOCIADAS PETROLERAS S.A.,convencional,2019-04,57485.5,1303815.4,1307547.0
Diadema,Golfo San Jorge,COMPAÑÍAS ASOCIADAS PETROLERAS S.A.,convencional,2019-05,59263.6,1368639.1,1362441.1
Diadema,Golfo San Jorge,COMPAÑÍAS ASOCIADAS PETROLERAS S.A.,convencional,2019-06,54460.8,1264867.1,1256748.6
Diadema,Golfo San Jorge,COMPAÑÍAS ASOCIADAS PETROLERAS S.A.,convencional,2019-07,56824.5,1345464.6,1338192.7
Diadema,Golfo San Jorge,COMPAÑÍAS ASOCIADAS PETROLERAS S.A.,convencional,2019-08,57258.6,1336621.4,1331666.3
Diadema,Golfo San Jorge,COMPAÑÍAS ASOCIADAS PETROLERAS S.A.,convencional,2019-09,54885.0,1238233.3,1233860.3
Diadema,Golfo San Jorge,COMPAÑÍAS ASOCIADAS PETROLERAS S.A.,convencional,2019-10,57069.6,1281307.5,1273944.8
Diadema,Golfo San Jorge,COMPAÑÍAS ASOCIADAS PETROLERAS S.A.,convencional,2019-11,55719.6,1228372.1,1224045.2
Diadema,Golfo San Jorge,COMPAÑÍAS ASOCIADAS PETROLERAS S.A.,convencional,2019-12,58258.5,1255914.8,1258357.4
Diadema,Golfo San Jorge,COMPAÑÍAS ASOCIADAS PETROLERAS S.A.,convencional,2020-01,56619.7,1255204.5,1252705.0
Diadema,Golfo San Jorge,COMPAÑÍAS ASOCIADAS PETROLERAS S.A.,convencional,2020-02,54200.7,1178795.0,1175571.2
Diadema,Golfo San Jorge,COMPAÑÍAS ASOCIADAS PETROLERAS S.A.,convencional,2020-03,57864.7,1303664.9,1298573.2
Diadema,Golfo San Jorge,COMPAÑÍAS ASOCIADAS PETROLERAS S.A.,convencional,2020-04,54517.5,1234318.4,1236644.8
Diadema,Golfo San Jorge,COMPAÑÍAS ASOCIADAS PETROLERAS S.A.,convencional,2020-05,52901.3,1185422.3,1186025.7
Diadema,Golfo San Jorge,COMPAÑÍAS ASOCIADAS PETROLERAS S.A.,convencional,2020-06,52835.3,1132462.2,1132554.1
Diadema,Golfo San Jorge,COMPAÑÍAS ASOCIADAS PETROLERAS S.A.,convencional,2020-07,52424.6,1210018.3,1209563.7
Diadema,Golfo San Jorge,COMPAÑÍAS ASOCIADAS PETROLERAS S.A.,convencional,2020-08,51201.8,1165328.1,1166824.7
Diadema,Golfo San Jorge,COMPAÑÍAS ASOCIADAS PETROLERAS S.A.,convencional,2020-09,47986.2,1208768.0,1207315.2
Diadema,Golfo San Jorge,COMPAÑÍAS ASOCIADAS PETROLERAS S.A.,convencional,2020-10,49753.3,1235904.1,1233936.3
Diadema,Golfo San Jorge,COMPAÑÍAS ASOCIADAS PETROLERAS S.A.,convencional,2020-11,49264.3,1232137.6,1224575.2
Diadema,Golfo San Jorge,COMPAÑÍAS ASOCIADAS PETROLERAS S.A.,convencional,2020-12,50979.6,1288201.0,1282991.4
Diadema,Golfo San Jorge,COMPAÑÍAS ASOCIADAS PETROLERAS S.A.,convencional,2021-01,51856.4,1295003.6,1292615.2
Diadema,Golfo San Jorge,COMPAÑÍAS ASOCIADAS PETROLERAS S.A.,convencional,2021-02,47364.2,1148436.4,1143362.2
Diadema,Golfo San Jorge,COMPAÑÍAS ASOCIADAS PETROLERAS S.A.,convencional,2021-03,51047.1,1287661.7,1281863.8
Diadema,Golfo San Jorge,COMPAÑÍAS ASOCIADAS PETROLERAS S.A.,convencional,2021-04,50666.0,1246884.2,1243093.4
Diadema,Golfo San Jorge,COMPAÑÍAS ASOCIADAS PETROLERAS S.A.,convencional,2021-05,53130.4,1308883.3,1305967.1
Diadema,Golfo San Jorge,COMPAÑÍAS ASOCIADAS PETROLERAS S.A.,convencional,2021-06,51293.4,1260212.1,1256908.2
Diadema,Golfo San Jorge,COMPAÑÍAS ASOCIADAS PETROLERAS S.A.,convencional,2021-07,51729.2,1310756.7,1309390.5
Diadema,Golfo San Jorge,COMPAÑÍAS ASOCIADAS PETROLERAS S.A.,convencional,2021-08,52294.9,1308883.2,1305860.9
Diadema,Golfo San Jorge,COMPAÑÍAS ASOCIADAS PETROLERAS S.A.,convencional,2021-09,51217.1,1271045.2,1263904.3
Diadema,Golfo San Jorge,COMPAÑÍAS ASOCIADAS PETROLERAS S.A.,convencional,2021-10,51951.4,1324976.4,1320999.0
Diadema,Golfo San Jorge,COMPAÑÍAS ASOCIADAS PETROLERAS S.A.,convencional,2021-11,51728.9,1332950.8,1328139.4
Diadema,Golfo San Jorge,COMPAÑÍAS ASOCIADAS PETROLERAS S.A.,convencional,2021-12,53061.5,1394260.4,1385357.3
Diadema,Golfo San Jorge,COMPAÑÍAS ASOCIADAS PETROLERAS S.A.,convencional,2022-01,53200.8,1390334.5,1381162.3
Diadema,Golfo San Jorge,COMPAÑÍAS ASOCIADAS PETROLERAS S.A.,convencional,2022-02,48147.4,1272957.2,1264662.3
Diadema,Golfo San Jorge,COMPAÑÍAS ASOCIADAS PETROLERAS S.A.,convencional,2022-03,52388.6,1387394.2,1379851.4
Diadema,Golfo San Jorge,COMPAÑÍAS ASOCIADAS PETROLERAS S.A.,convencional,2022-04,50589.4,1368842.1,1364063.8
Diadema,Golfo San Jorge,COMPAÑÍAS ASOCIADAS PETROLERAS S.A.,convencional,2022-05,52027.4,1391744.9,1387248.3
Diadema,Golfo San Jorge,COMPAÑÍAS ASOCIADAS PETROLERAS S.A.,convencional,2022-06,50671.3,1344128.4,1341148.0
Diadema,Golfo San Jorge,COMPAÑÍAS ASOCIADAS PETROLERAS S.A.,convencional,2022-07,52468.6,1357594.7,1351032.1
Diadema,Golfo San Jorge,COMPAÑÍAS ASOCIADAS PETROLERAS S.A.,convencional,2022-08,52302.1,1367738.7,1362328.7
Diadema,Golfo San Jorge,COMPAÑÍAS ASOCIADAS PETROLERAS S.A.,convencional,2022-09,52378.8,1313538.5,1305533.1
Diadema,Golfo San Jorge,COMPAÑÍAS ASOCIADAS PETROLERAS S.A.,convencional,2022-10,58101.1,1376881.7,1368852.9
Diadema,Golfo San Jorge,COMPAÑÍAS ASOCIADAS PETROLERAS S.A.,convencional,2022-11,54917.9,1335909.6,1327315.4
Diadema,Golfo San Jorge,COMPAÑÍAS ASOCIADAS PETROLERAS S.A.,convencional,2022-12,57429.9,1361333.8,1354786.7
Diadema,Golfo San Jorge,COMPAÑÍAS ASOCIADAS PETROLERAS S.A.,convencional,2023-01,55508.5,1352679.9,1345519.9
Diadema,Golfo San Jorge,COMPAÑÍAS ASOCIADAS PETROLERAS S.A.,convencional,2023-02,47911.6,1210018.8,1202392.6
Diadema,Golfo San Jorge,COMPAÑÍAS ASOCIADAS PETROLERAS S.A.,convencional,2023-03,50951.9,1330079.4,1320551.6
Diadema,Golfo San Jorge,COMPAÑÍAS ASOCIADAS PETROLERAS S.A.,convencional,2023-04,51462.4,1308134.9,1301999.0
Diadema,Golfo San Jorge,COMPAÑÍAS ASOCIADAS PETROLERAS S.A.,convencional,2023-05,53900.3,1373320.0,1364399.9
Diadema,Golfo San Jorge,COMPAÑÍAS ASOCIADAS PETROLERAS S.A.,convencional,2023-06,52493.6,1326460.0,1319076.0
Diadema,Golfo San Jorge,COMPAÑÍAS ASOCIADAS PETROLERAS S.A.,convencional,2023-07,53259.0,1322040.9,1316579.8
Diadema,Golfo San Jorge,COMPAÑÍAS ASOCIADAS PETROLERAS S.A.,convencional,2023-08,50081.7,1335801.6,1330256.0
Diadema,Golfo San Jorge,COMPAÑÍAS ASOCIADAS PETROLERAS S.A.,convencional,2023-09,50261.0,1298114.5,1291744.1
Diadema,Golfo San Jorge,COMPAÑÍAS ASOCIADAS PETROLERAS S.A.,convencional,2023-10,51674.8,1334426.1,1326528.2
Diadema,Golfo San Jorge,COMPAÑÍAS ASOCIADAS PETROLERAS S.A.,convencional,2023-11,48578.8,1283696.2,1280062.0
Diadema,Golfo San Jorge,COMPAÑÍAS ASOCIADAS PETROLERAS S.A.,convencional,2023-12,50116.1,1338059.6,1334497.2
Diadema,Golfo San Jorge,COMPAÑÍAS ASOCIADAS PETROLERAS S.A.,convencional,2024-01,52060.8,1339191.0,1335603.9
Diadema,Golfo San Jorge,COMPAÑÍAS ASOCIADAS PETROLERAS S.A.,convencional,2024-02,48839.7,1250730.9,1246358.2
Diadema,Golfo San Jorge,COMPAÑÍAS ASOCIADAS PETROLERAS S.A.,convencional,2024-03,49804.1,1311910.7,1309251.6
Diadema,Golfo San Jorge,COMPAÑÍAS ASOCIADAS PETROLERAS S.A.,convencional,2024-04,46725.3,1263465.3,1260677.4
Diadema,Golfo San Jorge,COMPAÑÍAS ASOCIADAS PETROLERAS S.A.,convencional,2024-05,48619.4,1322215.3,1319304.8
Diadema,Golfo San Jorge,COMPAÑÍAS ASOCIADAS PETROLERAS S.A.,convencional,2024-06,30288.3,795134.9,793587.3
Diadema,Golfo San Jorge,COMPAÑÍAS ASOCIADAS PETROLERAS S.A.,convencional,2024-07,41800.5,1104603.5,1103321.3
Diadema,Golfo San Jorge,COMPAÑÍAS ASOCIADAS PETROLERAS S.A.,convencional,2024-08,47393.2,1329561.6,1327030.2
Diadema,Golfo San Jorge,COMPAÑÍAS ASOCIADAS PETROLERAS S.A.,convencional,2024-09,46378.0,1302458.4,1299364.9
Diadema,Golfo San Jorge,COMPAÑÍAS ASOCIADAS PETROLERAS S.A.,convencional,2024-10,49572.4,1359120.1,1356366.7
Diadema,Golfo San Jorge,COMPAÑÍAS ASOCIADAS PETROLERAS S.A.,convencional,2024-11,48935.5,1274158.1,1269467.5
Diadema,Golfo San Jorge,COMPAÑÍAS ASOCIADAS PETROLERAS S.A.,convencional,2024-12,50605.6,1308789.6,1306123.0
Diadema,Golfo San Jorge,COMPAÑÍAS ASOCIADAS PETROLERAS S.A.,convencional,2025-01,47540.2,1282212.6,1280163.3
Diadema,Golfo San Jorge,COMPAÑÍAS ASOCIADAS PETROLERAS S.A.,convencional,2025-02,41948.4,1216236.2,1214360.2
Diadema,Golfo San Jorge,COMPAÑÍAS ASOCIADAS PETROLERAS S.A.,convencional,2025-03,46996.1,1385450.8,1384286.7
Diadema,Golfo San Jorge,COMPAÑÍAS ASOCIADAS PETROLERAS S.A.,convencional,2025-04,47355.0,1329566.7,1329578.0
Diadema,Golfo San Jorge,COMPAÑÍAS ASOCIADAS PETROLERAS S.A.,convencional,2025-05,48652.2,1377825.2,1377971.1
Diadema,Golfo San Jorge,COMPAÑÍAS ASOCIADAS PETROLERAS S.A.,convencional,2025-06,49729.3,1349640.1,1349455.0
Diadema,Golfo San Jorge,COMPAÑÍAS ASOCIADAS PETROLERAS S.A.,convencional,2025-07,49592.2,1378976.3,1379029.1
Diadema,Golfo San Jorge,COMPAÑÍAS ASOCIADAS PETROLERAS S.A.,convencional,2025-08,48735.0,1362511.5,1362169.0
Diadema,Golfo San Jorge,COMPAÑÍAS ASOCIADAS PETROLERAS S.A.,convencional,2025-09,46288.0,1328409.4,1330095.0
Diadema,Golfo San Jorge,COMPAÑÍAS ASOCIADAS PETROLERAS S.A.,convencional,2025-10,48812.1,1375498.7,1377699.9
Diadema,Golfo San Jorge,COMPAÑÍAS ASOCIADAS PETROLERAS S.A.,convencional,2025-11,47840.4,1323527.9,1325687.0
Diadema,Golfo San Jorge,COMPAÑÍAS ASOCIADAS PETROLERAS S.A.,convencional,2025-12,49890.3,1388452.4,1388546.1
Diadema,Golfo San Jorge,COMPAÑÍAS ASOCIADAS PETROLERAS S.A.,convencional,2026-01,48105.6,1369035.1,1368257.0
Diadema,Golfo San Jorge,COMPAÑÍAS ASOCIADAS PETROLERAS S.A.,convencional,2026-02,43820.8,1226408.4,1225979.0
Diadema,Golfo San Jorge,COMPAÑÍAS ASOCIADAS PETROLERAS S.A.,convencional,2026-03,48528.5,1348828.7,1348865.0
Diadema,Golfo San Jorge,COMPAÑÍAS ASOCIADAS PETROLERAS S.A.,convencional,2026-04,46356.9,1312581.8,1312974.0
Diadema,Golfo San Jorge,COMPAÑÍAS ASOCIADAS PETROLERAS S.A.,convencional,2026-05,49572.9,1362229.2,1362191.9
Diadema,Golfo San Jorge,COMPAÑÍAS ASOCIADAS PETROLERAS S.A.,convencional,2026-06,48455.0,1324654.6,1322846.9
Diadema,Golfo San Jorge,COMPAÑÍAS ASOCIADAS PETROLERAS S.A.,convencional,2026-07,49306.7,1353576.4,1351263.9
