fecha,pozo,horas_linea,p_fondo_bar,p_boca_bar,oil_sm3,gas_sm3,agua_sm3
2013-07-08,15/9-F-11,0.0,0.0,0.0,0.0,0.0,0.0
2013-07-09,15/9-F-11,0.0,0.0,0.0,0.0,0.0,0.0
2013-07-10,15/9-F-11,0.0,,,0.0,0.0,0.0
2013-07-11,15/9-F-11,0.0,0.0,0.0,0.0,0.0,0.0
2013-07-12,15/9-F-11,0.0,,,0.0,0.0,0.0
2013-07-13,15/9-F-11,0.0,0.0,0.0,0.0,0.0,0.0
2013-07-14,15/9-F-11,0.0,0.0,0.0,0.0,0.0,0.0
2013-07-15,15/9-F-11,0.0,0.0,0.0,0.0,0.0,0.0
2013-07-16,15/9-F-11,0.0,0.0,0.0,0.0,0.0,0.0
2013-07-17,15/9-F-11,0.0,0.0,0.0,0.0,0.0,0.0
2013-07-18,15/9-F-11,0.0,0.0,0.0,0.0,0.0,0.0
2013-07-19,15/9-F-11,0.0,0.0,0.0,0.0,0.0,0.0
2013-07-20,15/9-F-11,0.0,0.0,0.0,0.0,0.0,0.0
2013-07-21,15/9-F-11,0.0,0.0,0.0,0.0,0.0,0.0
2013-07-22,15/9-F-11,0.0,0.0,0.0,0.0,0.0,0.0
2013-07-23,15/9-F-11,0.0,,,0.0,0.0,0.0
2013-07-24,15/9-F-11,7.0,1.93,28.05,17.85,2772.5,0.0
2013-07-25,15/9-F-11,24.0,163.59,102.12,725.0,108940.1,0.0
2013-07-26,15/9-F-11,24.0,,,891.48,131386.5,0.0
2013-07-27,15/9-F-11,24.0,,,886.42,134616.7,0.0
2013-07-28,15/9-F-11,0.84,0.0,0.0,56.01,9011.8,0.0
2013-07-29,15/9-F-11,4.0,0.0,0.0,123.59,18792.5,0.0
2013-07-30,15/9-F-11,24.0,,,1032.38,155864.7,0.0
2013-07-31,15/9-F-11,5.08,273.95,94.56,190.35,29119.7,0.0
2013-08-01,15/9-F-11,0.0,316.01,0.85,0.0,0.0,0.0
2013-08-02,15/9-F-11,0.0,317.55,0.82,0.0,0.0,0.0
2013-08-03,15/9-F-11,15.07,277.8,96.5,590.09,88733.4,0.0
2013-08-04,15/9-F-11,24.0,273.59,96.2,1066.46,161227.0,0.0
2013-08-05,15/9-F-11,24.0,272.3,95.51,1059.61,160270.5,0.0
2013-08-06,15/9-F-11,24.0,271.56,95.04,1070.45,160951.3,0.0
2013-08-07,15/9-F-11,24.0,271.07,94.74,1069.96,160232.5,0.0
2013-08-08,15/9-F-11,24.0,270.69,94.52,1062.22,159483.8,0.0
2013-08-09,15/9-F-11,24.0,270.25,94.3,1074.0,162196.8,0.0
2013-08-10,15/9-F-11,24.0,269.99,94.06,1070.3,161999.0,0.0
2013-08-11,15/9-F-11,24.0,269.96,93.97,1054.09,160095.1,0.0
2013-08-12,15/9-F-11,24.0,269.87,93.86,1038.69,159050.3,0.0
2013-08-13,15/9-F-11,24.0,269.56,93.56,1050.89,160116.3,0.0
2013-08-14,15/9-F-11,24.0,269.41,93.23,1044.55,158506.7,0.0
2013-08-15,15/9-F-11,24.0,269.36,93.08,1044.6,158971.5,0.0
2013-08-16,15/9-F-11,24.0,267.61,91.85,1075.73,162410.0,0.0
2013-08-17,15/9-F-11,24.0,266.96,91.44,1088.86,165357.2,0.0
2013-08-18,15/9-F-11,24.0,268.02,91.94,1041.92,158398.4,0.0
2013-08-19,15/9-F-11,24.0,266.03,90.75,1047.06,158556.7,59.06
2013-08-20,15/9-F-11,24.0,266.56,91.01,1024.24,156092.1,58.7
2013-08-21,15/9-F-11,24.0,266.43,90.86,1050.43,160102.7,59.5
2013-08-22,15/9-F-11,24.0,266.42,90.79,1045.41,158664.6,62.24
2013-08-23,15/9-F-11,24.0,266.42,90.78,1038.88,159070.9,59.27
2013-08-24,15/9-F-11,24.0,266.46,90.75,1030.14,158003.6,60.68
2013-08-25,15/9-F-11,24.0,266.63,90.8,1029.58,157310.7,60.86
2013-08-26,15/9-F-11,24.0,266.76,90.83,1030.05,157362.3,61.34
2013-08-27,15/9-F-11,19.64,267.3,91.2,697.86,108778.9,38.36
2013-08-28,15/9-F-11,0.0,305.86,113.67,0.0,0.0,0.0
2013-08-29,15/9-F-11,0.0,310.39,96.14,0.0,0.0,0.0
2013-08-30,15/9-F-11,0.0,312.76,112.77,0.0,0.0,0.0
2013-08-31,15/9-F-11,0.0,314.27,113.98,0.0,0.0,0.0
2013-09-01,15/9-F-11,0.0,315.37,114.71,0.0,0.0,0.0
2013-09-02,15/9-F-11,1.69,291.27,102.22,15.16,2666.4,0.89
2013-09-03,15/9-F-11,24.0,276.03,93.64,940.96,146563.9,54.05
2013-09-04,15/9-F-11,24.0,270.22,92.53,969.43,151073.0,57.78
2013-09-05,15/9-F-11,24.0,267.26,90.7,1016.4,157401.5,63.51
2013-09-06,15/9-F-11,24.0,262.95,88.21,1156.84,176758.8,81.73
2013-09-07,15/9-F-11,24.0,262.64,88.0,1150.65,175762.3,82.15
2013-09-08,15/9-F-11,24.0,262.7,88.03,1140.41,173484.1,81.66
2013-09-09,15/9-F-11,24.0,262.92,88.16,1109.4,169280.7,78.84
2013-09-10,15/9-F-11,24.0,262.89,88.13,1118.97,170574.2,80.99
2013-09-11,15/9-F-11,24.0,262.92,88.14,1102.58,168495.9,80.65
2013-09-12,15/9-F-11,18.64,263.05,87.79,809.9,126489.1,56.96
2013-09-13,15/9-F-11,0.0,307.03,0.28,0.0,0.0,0.0
2013-09-14,15/9-F-11,6.36,271.36,89.76,329.15,47182.5,50.97
2013-09-15,15/9-F-11,24.0,263.56,87.42,982.21,150589.1,69.69
2013-09-16,15/9-F-11,22.5,261.93,86.81,947.47,146223.5,58.4
2013-09-17,15/9-F-11,24.0,260.89,86.48,1042.0,161132.5,61.02
2013-09-18,15/9-F-11,10.98,259.76,84.47,474.31,74879.7,28.5
2013-09-20,15/9-F-11,16.27,269.08,88.99,642.66,96484.1,51.78
2013-09-21,15/9-F-11,9.81,265.4,86.84,309.88,49034.3,17.86
2013-09-22,15/9-F-11,24.0,265.17,87.83,1034.51,158716.1,70.46
2013-09-23,15/9-F-11,24.0,261.31,86.53,1074.59,164937.6,63.63
2013-09-24,15/9-F-11,24.0,260.9,86.37,1142.53,176048.5,69.09
2013-09-25,15/9-F-11,24.0,262.0,86.98,1107.51,170940.2,66.64
2013-09-26,15/9-F-11,24.0,260.71,86.24,1124.52,173512.2,67.6
2013-09-27,15/9-F-11,8.31,261.53,86.43,299.46,49540.2,17.92
2013-09-28,15/9-F-11,12.36,263.97,85.5,380.03,59608.4,20.69
2013-09-29,15/9-F-11,24.0,253.09,85.12,1158.6,179470.1,70.99
2013-09-30,15/9-F-11,24.0,255.18,84.74,1194.95,184725.0,69.16
2013-10-01,15/9-F-11,24.0,258.32,84.75,1195.94,184617.7,83.62
2013-10-02,15/9-F-11,24.0,258.25,84.72,1249.05,193060.0,73.75
2013-10-03,15/9-F-11,24.0,258.21,84.68,1245.28,193256.1,68.73
2013-10-04,15/9-F-11,24.0,258.25,84.72,1242.87,192685.1,67.04
2013-10-05,15/9-F-11,24.0,258.24,84.65,1235.41,189860.7,66.59
2013-10-06,15/9-F-11,24.0,256.7,83.83,1256.2,192814.0,65.96
2013-10-07,15/9-F-11,24.0,256.55,83.71,1251.09,192967.6,68.52
2013-10-08,15/9-F-11,24.0,256.51,83.59,1251.81,192962.3,69.01
2013-10-09,15/9-F-11,24.0,256.05,83.23,1256.98,194280.4,67.91
2013-10-10,15/9-F-11,24.0,255.33,82.79,1271.99,195815.9,69.35
2013-10-11,15/9-F-11,12.31,256.0,81.86,655.2,101217.1,34.23
2013-10-12,15/9-F-11,10.19,266.94,87.18,362.61,58610.8,24.02
2013-10-13,15/9-F-11,24.0,254.63,81.68,1178.27,182360.2,69.04
2013-10-14,15/9-F-11,24.0,254.66,82.13,1183.06,183762.6,67.47
2013-10-15,15/9-F-11,24.0,254.88,82.25,1198.75,185335.5,67.96
2013-10-16,15/9-F-11,24.0,255.02,82.32,1197.21,185174.7,67.97
2013-10-17,15/9-F-11,24.0,255.11,82.34,1198.18,185858.3,67.51
2013-10-18,15/9-F-11,24.0,255.25,82.39,1215.93,187926.1,69.49
2013-10-19,15/9-F-11,24.0,255.23,82.38,1221.59,188719.4,69.98
2013-10-20,15/9-F-11,24.0,255.27,82.41,1210.15,188806.0,67.88
2013-10-21,15/9-F-11,24.0,255.35,82.47,1218.52,190439.8,69.69
2013-10-22,15/9-F-11,24.0,255.44,82.49,1219.97,188707.5,69.08
2013-10-23,15/9-F-11,24.0,255.5,82.51,1221.28,188384.4,69.22
2013-10-24,15/9-F-11,24.0,254.41,81.86,1250.87,192712.4,70.64
2013-10-25,15/9-F-11,24.0,254.31,81.84,1249.12,192620.8,70.11
2013-10-26,15/9-F-11,24.0,254.74,82.08,1236.82,190198.0,69.9
2013-10-27,15/9-F-11,24.31,256.05,82.21,1219.94,188361.4,69.99
2013-10-28,15/9-F-11,7.86,259.64,81.76,250.93,39142.2,11.43
2013-10-29,15/9-F-11,13.48,255.06,80.19,557.18,86381.8,29.01
2013-10-30,15/9-F-11,10.36,258.14,81.19,414.96,62079.0,21.97
2013-10-31,15/9-F-11,24.0,253.41,80.74,1197.34,183606.4,69.46
2013-11-01,15/9-F-11,24.0,251.09,79.62,1212.36,186014.0,68.31
2013-11-02,15/9-F-11,24.0,252.81,80.71,1252.76,185206.5,76.56
2013-11-03,15/9-F-11,17.33,256.93,81.74,773.31,118946.0,45.93
2013-11-04,15/9-F-11,24.0,253.53,80.6,1155.15,171451.1,80.69
2013-11-05,15/9-F-11,24.0,255.49,82.07,1180.75,168416.9,68.21
2013-11-06,15/9-F-11,22.67,258.39,83.71,1127.93,163020.8,69.17
2013-11-07,15/9-F-11,24.0,254.13,81.35,1164.19,176793.1,89.51
2013-11-08,15/9-F-11,24.0,252.74,80.55,1186.6,181291.5,69.84
2013-11-09,15/9-F-11,24.0,254.55,81.56,1174.61,179820.7,69.45
2013-11-10,15/9-F-11,24.0,253.52,80.86,1201.41,185113.6,72.33
2013-11-11,15/9-F-11,24.0,251.46,79.69,1257.28,190800.6,76.61
2013-11-12,15/9-F-11,24.0,252.81,80.53,1167.56,177662.2,154.63
2013-11-13,15/9-F-11,24.0,254.98,81.7,1150.55,175824.8,152.96
2013-11-14,15/9-F-11,24.0,253.84,81.44,1162.76,179241.3,150.8
2013-11-15,15/9-F-11,24.0,253.75,81.08,1172.19,180093.7,147.79
2013-11-16,15/9-F-11,24.0,253.18,80.81,1185.38,180733.5,147.88
2013-11-17,15/9-F-11,24.0,254.94,81.81,1156.62,177486.9,147.8
2013-11-18,15/9-F-11,24.0,255.37,82.06,1155.28,178261.2,146.93
2013-11-19,15/9-F-11,24.0,255.9,82.35,1145.31,177359.4,150.1
2013-11-20,15/9-F-11,24.0,252.43,80.45,1222.99,189530.9,154.58
2013-11-21,15/9-F-11,24.0,251.32,79.79,1245.11,191871.4,161.9
2013-11-22,15/9-F-11,24.0,251.57,79.88,1213.11,186678.6,160.58
2013-11-23,15/9-F-11,24.0,251.95,80.09,1216.54,186613.1,163.64
2013-11-24,15/9-F-11,24.0,251.55,79.86,1232.91,191776.8,168.08
2013-11-25,15/9-F-11,24.0,251.55,79.86,1227.25,191140.0,167.36
2013-11-26,15/9-F-11,24.0,252.32,80.31,1200.78,187196.8,163.13
2013-11-27,15/9-F-11,24.0,251.24,80.41,1202.03,186758.4,168.54
2013-11-28,15/9-F-11,24.0,252.65,80.46,1193.42,185960.2,161.89
2013-11-29,15/9-F-11,24.0,252.48,80.34,1196.26,186979.4,163.9
2013-11-30,15/9-F-11,24.0,249.98,78.86,1253.95,195442.8,172.12
2013-12-01,15/9-F-11,24.0,248.94,78.28,1274.74,197980.8,173.29
2013-12-02,15/9-F-11,24.0,248.78,78.18,1326.29,205626.1,182.12
2013-12-03,15/9-F-11,24.0,248.86,78.18,1314.55,202444.6,168.42
2013-12-04,15/9-F-11,24.0,248.03,77.67,1340.01,204590.6,177.45
2013-12-05,15/9-F-11,23.73,247.83,77.61,1306.06,202482.3,168.21
2013-12-06,15/9-F-11,16.61,258.15,81.76,605.59,97273.5,104.21
2013-12-07,15/9-F-11,24.0,247.62,76.29,1166.9,183206.6,162.79
2013-12-08,15/9-F-11,24.0,247.86,76.87,1170.31,183150.0,155.7
2013-12-09,15/9-F-11,13.5,250.27,77.31,590.11,93019.2,78.4
2013-12-10,15/9-F-11,19.23,255.44,79.34,780.7,116155.5,156.38
2013-12-11,15/9-F-11,1.77,275.2,92.72,62.69,9263.2,278.88
2013-12-12,15/9-F-11,24.0,253.45,78.0,1096.97,174751.3,193.09
2013-12-13,15/9-F-11,8.23,254.31,78.92,364.15,61122.8,61.89
2013-12-14,15/9-F-11,22.94,254.65,79.14,1023.24,159088.7,157.43
2013-12-15,15/9-F-11,22.83,252.23,79.17,1086.49,169892.1,168.68
2013-12-16,15/9-F-11,24.0,251.13,78.63,1228.17,189634.4,178.99
2013-12-17,15/9-F-11,24.0,246.15,76.07,1276.23,195873.1,162.45
2013-12-18,15/9-F-11,24.0,245.55,75.74,1311.5,202708.0,173.5
2013-12-19,15/9-F-11,24.0,245.62,75.79,1306.85,201799.7,173.34
2013-12-20,15/9-F-11,18.83,250.19,77.57,916.69,134202.0,145.17
2013-12-21,15/9-F-11,24.0,249.17,76.9,1149.7,180446.8,161.79
2013-12-22,15/9-F-11,24.0,245.91,75.78,1268.29,196322.3,168.18
2013-12-23,15/9-F-11,24.0,245.65,75.73,1300.33,201283.0,174.78
2013-12-24,15/9-F-11,24.0,245.11,75.42,1332.52,206204.7,183.6
2013-12-25,15/9-F-11,24.0,244.72,75.27,1321.87,204302.5,172.21
2013-12-26,15/9-F-11,21.14,246.15,75.87,1133.69,177658.6,150.03
2013-12-27,15/9-F-11,15.69,253.55,78.48,648.24,106033.9,100.03
2013-12-28,15/9-F-11,24.0,245.72,75.4,1219.26,190268.6,165.29
2013-12-29,15/9-F-11,24.0,246.1,75.86,1240.64,192029.0,166.72
2013-12-30,15/9-F-11,24.0,246.09,75.95,1269.54,196787.5,170.27
2013-12-31,15/9-F-11,21.58,250.79,78.67,973.43,155057.5,129.97
2014-01-01,15/9-F-11,24.0,249.53,77.16,1199.06,187807.4,166.35
2014-01-02,15/9-F-11,24.0,245.62,75.79,1327.31,205603.0,180.73
2014-01-03,15/9-F-11,24.0,245.72,75.87,1296.68,202058.6,179.9
2014-01-04,15/9-F-11,14.48,246.71,76.16,753.22,117116.9,93.66
2014-01-05,15/9-F-11,6.36,258.6,79.98,287.7,46247.9,62.19
2014-01-06,15/9-F-11,24.0,248.38,77.67,1109.93,172803.2,113.83
2014-01-07,15/9-F-11,24.0,245.8,76.0,1202.73,188012.3,111.63
2014-01-08,15/9-F-11,24.0,245.9,75.72,1218.19,188015.0,111.77
2014-01-09,15/9-F-11,24.0,245.13,75.34,1241.32,192257.4,114.97
2014-01-10,15/9-F-11,24.0,244.82,75.15,1253.36,193245.5,115.77
2014-01-11,15/9-F-11,24.0,244.25,74.79,1279.02,197035.2,116.63
2014-01-12,15/9-F-11,24.0,244.3,74.83,1276.71,197394.3,114.01
2014-01-13,15/9-F-11,24.0,243.5,74.42,1289.27,200095.4,117.72
2014-01-14,15/9-F-11,24.0,243.9,74.62,1311.79,203139.1,126.59
2014-01-15,15/9-F-11,24.0,243.99,74.68,1274.05,198322.5,176.58
2014-01-16,15/9-F-11,24.0,244.15,74.75,1250.06,186577.0,163.83
2014-01-17,15/9-F-11,24.0,243.93,74.61,1297.07,192576.0,171.49
2014-01-18,15/9-F-11,24.0,244.17,74.78,1282.74,193991.2,195.78
2014-01-19,15/9-F-11,24.0,244.44,74.95,1231.07,180443.7,169.32
2014-01-20,15/9-F-11,24.0,244.51,75.02,1236.35,176925.7,169.26
2014-01-21,15/9-F-11,24.0,245.0,75.31,1245.46,177097.9,195.54
2014-01-22,15/9-F-11,24.0,245.36,75.52,1296.27,181397.9,186.83
2014-01-23,15/9-F-11,24.0,245.72,75.72,1352.45,191156.6,187.17
2014-01-24,15/9-F-11,24.0,245.99,75.9,1296.83,186635.5,205.2
2014-01-25,15/9-F-11,16.92,247.3,76.21,653.96,96532.0,91.41
2014-01-26,15/9-F-11,24.0,242.31,72.54,1138.27,162835.0,193.2
2014-01-27,15/9-F-11,24.0,244.17,74.17,1128.83,155786.1,176.91
2014-01-28,15/9-F-11,24.0,243.34,73.84,1185.93,171404.0,182.52
2014-01-29,15/9-F-11,8.31,244.98,73.04,473.89,69703.7,36.44
2014-01-31,15/9-F-11,22.02,254.66,78.67,1162.85,181137.5,116.26
2014-02-01,15/9-F-11,24.0,246.53,75.35,1182.42,180140.7,131.17
2014-02-02,15/9-F-11,24.0,240.62,72.32,1324.83,197601.8,144.47
2014-02-03,15/9-F-11,24.0,240.03,72.05,1353.04,200663.2,144.48
2014-02-04,15/9-F-11,24.0,239.8,71.99,1362.32,202160.0,146.19
2014-02-05,15/9-F-11,24.0,239.9,72.05,1355.11,200751.4,143.9
2014-02-06,15/9-F-11,8.0,241.35,71.21,336.75,51566.3,26.61
2014-02-08,15/9-F-11,6.5,257.74,79.52,140.99,20655.7,8.65
2014-02-09,15/9-F-11,24.0,244.72,73.35,1165.83,174800.7,120.07
2014-02-10,15/9-F-11,4.0,241.72,69.92,117.82,18893.0,14.22
2014-02-11,15/9-F-11,0.0,310.83,0.3,0.0,0.0,0.0
2014-02-12,15/9-F-11,23.0,252.67,75.77,953.58,145413.1,103.12
2014-02-13,15/9-F-11,24.0,242.34,72.75,1196.82,181330.0,119.54
2014-02-14,15/9-F-11,24.0,241.1,72.35,1237.04,186974.0,123.73
2014-02-15,15/9-F-11,24.0,241.25,72.47,1219.55,183386.2,123.2
2014-02-16,15/9-F-11,24.0,241.81,72.83,1237.45,186219.2,123.51
2014-02-17,15/9-F-11,24.0,241.43,72.63,1234.86,188474.2,122.52
2014-02-18,15/9-F-11,17.17,253.3,78.62,649.74,102858.1,65.88
2014-02-19,15/9-F-11,24.0,247.44,74.61,1081.91,164366.5,111.46
2014-02-20,15/9-F-11,24.0,240.92,72.17,1230.32,186274.4,119.33
2014-02-21,15/9-F-11,24.0,240.31,71.96,1248.17,189304.4,122.61
2014-02-22,15/9-F-11,24.0,240.89,72.33,1241.05,187046.9,122.94
2014-02-23,15/9-F-11,24.0,240.39,72.12,1243.91,189235.1,123.19
2014-02-24,15/9-F-11,24.0,240.28,72.06,1210.72,182604.2,113.2
2014-02-25,15/9-F-11,24.0,238.19,71.81,1223.99,185140.4,116.95
2014-02-26,15/9-F-11,24.0,239.72,71.71,1223.72,184384.5,117.97
2014-02-27,15/9-F-11,24.0,239.98,71.86,1209.75,183100.1,117.06
2014-02-28,15/9-F-11,24.0,240.11,71.88,1208.28,181938.8,115.4
2014-03-01,15/9-F-11,24.0,239.91,71.8,1188.83,179622.4,117.09
2014-03-02,15/9-F-11,24.0,239.98,71.85,1200.67,183491.6,118.5
2014-03-03,15/9-F-11,24.0,240.12,71.93,1199.47,181945.9,114.53
2014-03-04,15/9-F-11,24.0,240.06,71.89,1194.84,181724.8,120.91
2014-03-05,15/9-F-11,24.0,240.33,72.03,1178.12,178348.8,111.44
2014-03-06,15/9-F-11,24.0,240.16,71.92,1189.71,178695.4,111.85
2014-03-07,15/9-F-11,24.0,238.52,70.98,1216.72,185392.2,118.58
2014-03-08,15/9-F-11,24.0,235.25,69.25,1332.15,199339.8,130.64
2014-03-09,15/9-F-11,24.0,235.31,69.27,1306.23,196022.5,127.47
2014-03-10,15/9-F-11,24.0,234.73,68.89,1326.01,199620.1,131.83
2014-03-11,15/9-F-11,24.0,234.83,68.97,1329.45,199879.5,133.44
2014-03-12,15/9-F-11,24.0,235.06,69.1,1309.27,196309.2,131.14
2014-03-13,15/9-F-11,24.0,234.92,68.96,1319.73,198367.5,150.17
2014-03-14,15/9-F-11,24.0,234.74,68.89,1310.19,197942.0,136.27
2014-03-15,15/9-F-11,24.0,234.71,68.85,1324.86,198229.7,139.79
2014-03-16,15/9-F-11,24.0,234.75,68.85,1307.78,197590.5,141.93
2014-03-17,15/9-F-11,24.0,234.77,68.85,1309.6,196492.9,141.5
2014-03-18,15/9-F-11,24.0,235.33,69.15,1272.58,193558.6,136.55
2014-03-19,15/9-F-11,24.0,235.56,69.3,1284.05,192236.2,95.87
2014-03-20,15/9-F-11,24.0,235.24,69.11,1308.95,197339.3,169.6
2014-03-21,15/9-F-11,24.0,235.11,69.03,1294.7,196230.3,168.75
2014-03-22,15/9-F-11,13.33,237.12,69.43,598.56,91630.8,70.7
2014-03-23,15/9-F-11,24.0,241.77,70.44,940.92,146645.7,137.75
2014-03-24,15/9-F-11,6.56,237.75,68.5,246.43,42331.0,31.46
2014-03-25,15/9-F-11,7.11,256.41,78.14,219.97,31706.8,53.77
2014-03-26,15/9-F-11,24.0,242.58,70.69,1172.89,177032.2,147.51
2014-03-27,15/9-F-11,10.56,238.58,69.12,497.54,76861.4,89.38
2014-03-28,15/9-F-11,6.5,260.2,79.08,179.61,29816.9,30.52
2014-03-29,15/9-F-11,12.44,259.27,76.35,357.54,57599.6,58.31
2014-03-30,15/9-F-11,23.0,235.74,67.73,1111.8,166605.8,153.51
2014-03-31,15/9-F-11,24.0,235.02,68.19,1261.62,191240.2,171.46
2014-04-01,15/9-F-11,24.0,235.16,68.42,1260.09,190401.7,172.76
2014-04-02,15/9-F-11,24.0,235.4,68.61,1262.15,190094.3,173.27
2014-04-03,15/9-F-11,24.0,235.29,68.56,1266.28,190772.2,174.0
2014-04-04,15/9-F-11,24.0,235.33,68.61,1280.31,195008.2,152.74
2014-04-05,15/9-F-11,24.0,235.42,68.68,1286.67,195046.8,152.04
2014-04-06,15/9-F-11,18.06,236.57,68.85,925.83,143169.8,103.78
2014-04-07,15/9-F-11,3.5,259.07,81.89,52.88,8279.2,6.93
2014-04-08,15/9-F-11,24.0,243.11,70.58,1040.68,159740.1,125.09
2014-04-09,15/9-F-11,24.0,235.15,68.02,1217.92,184930.5,138.72
2014-04-10,15/9-F-11,21.96,244.14,72.63,985.07,160416.2,110.4
2014-04-11,15/9-F-11,24.0,235.31,68.49,1259.32,190660.4,141.02
2014-04-12,15/9-F-11,24.0,235.12,68.48,1254.79,190195.7,140.53
2014-04-13,15/9-F-11,24.0,235.38,68.61,1250.18,190280.8,142.97
2014-04-14,15/9-F-11,24.0,235.55,68.73,1245.44,188970.5,139.97
2014-04-15,15/9-F-11,24.0,235.53,68.72,1256.97,190812.2,144.33
2014-04-16,15/9-F-11,24.0,234.92,68.76,1248.98,190810.1,143.7
2014-04-17,15/9-F-11,24.0,235.12,68.52,1267.54,191855.3,143.9
2014-04-18,15/9-F-11,24.0,235.55,68.74,1256.91,191331.1,144.3
2014-04-19,15/9-F-11,24.0,234.99,68.44,1283.57,194212.2,147.55
2014-04-20,15/9-F-11,24.0,235.05,68.51,1284.97,194521.5,148.67
2014-04-21,15/9-F-11,24.0,235.87,68.94,1261.85,195812.6,134.77
2014-04-22,15/9-F-11,24.0,236.0,69.01,1206.79,172837.7,121.1
2014-04-23,15/9-F-11,24.0,235.83,68.94,1278.99,181708.3,136.4
2014-04-24,15/9-F-11,24.0,235.7,68.9,833.38,119219.7,83.46
2014-04-25,15/9-F-11,24.0,235.91,69.0,1294.23,184558.6,151.94
2014-04-26,15/9-F-11,24.0,236.16,69.14,1280.42,183250.4,150.99
2014-04-27,15/9-F-11,24.0,236.66,69.39,1266.17,182479.0,144.53
2014-04-28,15/9-F-11,24.0,235.89,68.92,1295.64,185739.2,147.68
2014-04-29,15/9-F-11,24.0,235.97,69.0,1267.79,183213.1,151.96
2014-04-30,15/9-F-11,24.0,233.9,67.77,1256.92,181631.4,154.95
2014-05-01,15/9-F-11,24.0,230.0,65.65,1349.88,194329.0,168.21
2014-05-02,15/9-F-11,24.0,229.86,65.54,1350.61,194753.4,168.2
2014-05-03,15/9-F-11,24.0,229.75,65.42,1342.36,190175.3,168.8
2014-05-04,15/9-F-11,24.0,229.74,65.37,1344.44,193142.4,170.86
2014-05-05,15/9-F-11,24.0,229.91,65.4,1318.46,190889.9,158.84
2014-05-06,15/9-F-11,24.0,230.11,65.42,1292.56,186829.9,158.44
2014-05-07,15/9-F-11,24.0,230.34,65.36,1281.25,186931.1,156.53
2014-05-08,15/9-F-11,22.33,230.5,65.33,1156.6,161448.8,163.93
2014-05-09,15/9-F-11,13.17,256.71,77.14,493.47,67887.7,202.56
2014-05-10,15/9-F-11,24.0,233.16,65.18,1206.07,66631.1,308.35
2014-05-11,15/9-F-11,24.0,231.19,64.94,1111.36,158901.8,141.34
2014-05-12,15/9-F-11,24.0,230.73,64.85,1089.83,157646.3,131.61
2014-05-13,15/9-F-11,24.0,231.11,65.12,1108.5,160327.1,129.28
2014-05-14,15/9-F-11,24.0,230.57,64.77,1120.87,161680.7,125.34
2014-05-15,15/9-F-11,24.0,229.05,63.79,1051.71,150929.0,134.46
2014-05-16,15/9-F-11,24.0,225.12,61.62,1069.25,152324.6,133.96
2014-05-17,15/9-F-11,24.0,225.4,61.64,1065.51,149817.2,133.28
2014-05-18,15/9-F-11,24.0,225.32,61.5,1060.68,149171.7,136.64
2014-05-19,15/9-F-11,24.0,225.15,61.29,1070.94,148690.7,140.15
2014-05-20,15/9-F-11,24.0,225.14,61.19,1039.28,145145.3,135.83
2014-05-21,15/9-F-11,24.0,225.31,61.21,1051.25,148397.4,137.24
2014-05-22,15/9-F-11,24.0,225.21,61.02,1056.25,153849.4,141.14
2014-05-23,15/9-F-11,24.0,225.11,60.91,1067.53,155309.4,149.15
2014-05-24,15/9-F-11,24.0,225.21,60.86,1079.36,156708.8,161.5
2014-05-25,15/9-F-11,24.0,225.04,60.75,1102.34,155402.0,165.02
2014-05-26,15/9-F-11,24.0,225.1,60.78,1057.78,154921.6,140.14
2014-05-27,15/9-F-11,24.0,225.24,60.73,1063.17,157209.9,150.54
2014-05-28,15/9-F-11,24.0,224.8,60.81,1087.43,159981.1,198.19
2014-05-29,15/9-F-11,24.0,225.55,60.79,1096.32,161324.7,199.19
2014-05-30,15/9-F-11,24.0,225.65,60.78,1111.83,164196.1,202.64
2014-05-31,15/9-F-11,24.0,225.56,60.67,1134.99,167666.0,206.11
2014-06-01,15/9-F-11,24.0,225.12,60.39,1152.6,170349.7,209.79
2014-06-02,15/9-F-11,21.67,228.66,61.89,1068.24,158582.9,176.72
2014-06-03,15/9-F-11,24.0,225.12,59.72,1109.18,162654.2,206.04
2014-06-04,15/9-F-11,24.0,225.58,60.28,1109.98,163691.4,206.1
2014-06-05,15/9-F-11,24.0,225.17,60.09,1178.62,173181.5,207.6
2014-06-06,15/9-F-11,24.0,225.92,60.43,1180.81,170781.0,207.67
2014-06-07,15/9-F-11,24.0,225.24,60.01,1199.75,173330.3,209.56
2014-06-08,15/9-F-11,24.0,225.11,59.91,1197.7,173333.0,208.41
2014-06-09,15/9-F-11,24.0,225.21,59.87,1349.24,197569.5,209.78
2014-06-10,15/9-F-11,24.0,225.37,59.89,1189.09,175046.0,205.42
2014-06-11,15/9-F-11,24.0,225.38,59.85,1172.31,170982.4,195.05
2014-06-12,15/9-F-11,24.0,224.83,59.47,1175.15,170180.4,195.92
2014-06-13,15/9-F-11,24.0,224.69,59.35,1116.79,164074.3,197.37
2014-06-14,15/9-F-11,24.0,224.87,59.4,1102.45,162814.9,195.5
2014-06-15,15/9-F-11,24.0,224.95,59.38,1104.3,163026.1,195.43
2014-06-16,15/9-F-11,24.0,223.11,58.26,1120.89,164489.9,195.67
2014-06-17,15/9-F-11,24.0,220.39,56.8,1156.42,170403.3,205.72
2014-06-18,15/9-F-11,24.0,220.03,56.59,1160.01,170577.3,209.65
2014-06-19,15/9-F-11,24.0,219.93,56.48,1147.01,169702.0,216.58
2014-06-20,15/9-F-11,24.0,219.91,56.37,1146.84,169233.3,209.38
2014-06-21,15/9-F-11,24.0,219.47,56.08,1146.08,168593.9,208.39
2014-06-22,15/9-F-11,24.0,219.92,56.26,1136.02,165565.6,213.17
2014-06-23,15/9-F-11,24.0,219.94,56.2,1117.48,164287.5,211.74
2014-06-24,15/9-F-11,24.0,219.7,56.04,1169.41,171699.8,221.46
2014-06-25,15/9-F-11,24.0,220.15,56.24,1199.09,177015.7,217.44
2014-06-26,15/9-F-11,16.33,234.44,64.22,660.56,98984.3,121.06
2014-06-27,15/9-F-11,23.33,230.93,59.72,964.21,145661.2,179.68
2014-06-28,15/9-F-11,24.0,219.88,55.11,1119.75,167672.0,229.53
2014-06-29,15/9-F-11,24.0,220.16,55.54,1107.66,165827.2,208.5
2014-06-30,15/9-F-11,24.0,220.3,55.7,1141.0,171374.0,209.26
2014-07-01,15/9-F-11,24.0,220.07,55.6,1109.35,166045.7,204.13
2014-07-02,15/9-F-11,24.0,220.11,55.65,1109.15,165832.5,203.81
2014-07-03,15/9-F-11,24.0,220.09,55.63,1110.91,165827.0,204.26
2014-07-04,15/9-F-11,24.0,219.99,55.6,1111.67,166008.0,206.62
2014-07-05,15/9-F-11,24.0,220.05,55.6,1107.58,164858.0,206.98
2014-07-06,15/9-F-11,24.0,220.04,55.57,1098.4,163484.5,206.21
2014-07-07,15/9-F-11,24.0,220.26,55.68,1110.52,165613.6,201.25
2014-07-08,15/9-F-11,24.0,220.24,55.65,1104.61,164395.4,198.11
2014-07-09,15/9-F-11,24.0,220.1,55.59,1100.81,164201.4,197.94
2014-07-10,15/9-F-11,24.0,219.9,55.48,1109.35,165647.3,191.9
2014-07-11,15/9-F-11,24.0,220.56,55.85,1106.42,164021.2,227.05
2014-07-12,15/9-F-11,24.0,219.43,55.27,1120.08,166571.7,186.33
2014-07-13,15/9-F-11,24.0,218.93,54.95,1109.35,164737.4,183.43
2014-07-14,15/9-F-11,24.0,218.74,54.89,1091.38,162140.5,190.36
2014-07-15,15/9-F-11,24.0,217.94,54.48,1117.68,165376.9,191.5
2014-07-16,15/9-F-11,24.0,217.78,54.38,1110.34,165067.0,191.84
2014-07-17,15/9-F-11,24.0,217.99,54.47,1102.21,163594.8,190.05
2014-07-18,15/9-F-11,24.0,218.01,54.44,1095.2,162981.2,189.87
2014-07-19,15/9-F-11,24.0,217.96,54.41,1094.58,163594.5,190.06
2014-07-20,15/9-F-11,22.67,220.08,55.47,1063.56,164245.3,168.36
2014-07-21,15/9-F-11,24.0,220.6,55.05,1047.69,156868.1,181.69
2014-07-22,15/9-F-11,24.0,220.56,55.47,1047.04,154778.5,178.89
2014-07-23,15/9-F-11,24.0,220.28,55.42,1037.74,155891.0,271.57
2014-07-24,15/9-F-11,24.0,220.18,55.4,1051.17,157123.7,265.81
2014-07-25,15/9-F-11,24.0,220.12,55.41,1056.31,157548.7,269.56
2014-07-26,15/9-F-11,24.0,220.52,55.61,1044.72,156697.4,290.62
2014-07-27,15/9-F-11,24.0,220.22,55.47,1052.32,156736.1,301.5
2014-07-28,15/9-F-11,24.0,220.25,55.46,1047.4,156283.0,284.73
2014-07-29,15/9-F-11,24.0,220.26,55.48,1040.16,155285.9,283.71
2014-07-30,15/9-F-11,24.0,220.28,55.49,997.38,147290.1,251.53
2014-07-31,15/9-F-11,24.0,220.06,55.35,1255.25,187170.8,291.18
2014-08-01,15/9-F-11,24.0,220.03,55.33,1268.08,189016.0,292.16
2014-08-02,15/9-F-11,24.0,220.04,55.37,1267.54,188050.8,290.79
2014-08-03,15/9-F-11,24.0,220.07,55.39,1261.33,189053.2,284.21
2014-08-04,15/9-F-11,24.0,220.0,55.38,1280.23,189631.6,279.24
2014-08-05,15/9-F-11,24.0,220.16,55.41,1236.61,182851.8,278.2
2014-08-06,15/9-F-11,24.0,219.84,55.24,1242.96,184467.8,278.97
2014-08-07,15/9-F-11,24.0,220.38,55.45,1182.78,175606.8,277.87
2014-08-08,15/9-F-11,24.0,219.92,55.2,1179.46,175205.9,282.02
2014-08-09,15/9-F-11,24.0,220.08,55.25,1175.77,175533.1,288.16
2014-08-10,15/9-F-11,24.0,220.19,55.33,1163.78,173698.8,288.95
2014-08-11,15/9-F-11,24.0,219.92,55.17,1205.65,181547.7,290.0
2014-08-12,15/9-F-11,24.0,220.23,55.32,1214.29,189652.3,291.48
2014-08-13,15/9-F-11,24.0,219.94,55.1,1222.62,194422.1,295.74
2014-08-14,15/9-F-11,24.0,220.32,55.25,1229.06,194670.5,295.21
2014-08-15,15/9-F-11,24.0,219.97,55.06,1235.28,193026.5,295.24
2014-08-16,15/9-F-11,24.0,219.86,55.02,1229.35,183529.4,293.36
2014-08-17,15/9-F-11,24.0,220.02,55.06,1231.86,184055.6,294.78
2014-08-18,15/9-F-11,24.0,220.08,55.06,1227.95,184529.8,296.32
2014-08-19,15/9-F-11,1.33,228.85,50.66,79.31,19002.0,23.83
2014-08-20,15/9-F-11,0.0,302.85,0.1,0.0,0.0,0.0
2014-08-21,15/9-F-11,0.0,299.66,0.11,0.0,0.0,0.0
2014-08-22,15/9-F-11,0.0,299.66,0.11,0.0,0.0,0.0
2014-08-23,15/9-F-11,0.0,299.66,0.11,0.0,0.0,0.0
2014-08-24,15/9-F-11,0.0,299.66,0.11,0.0,0.0,0.0
2014-08-25,15/9-F-11,22.62,256.25,72.35,740.85,125250.9,233.89
2014-08-26,15/9-F-11,24.0,255.57,71.68,583.1,101668.4,123.25
2014-08-27,15/9-F-11,24.0,259.99,74.57,521.8,93213.6,104.1
2014-08-28,15/9-F-11,23.17,251.55,72.04,589.54,102774.0,113.1
2014-08-29,15/9-F-11,24.0,261.59,75.7,516.94,92718.9,99.26
2014-08-30,15/9-F-11,24.0,265.07,77.13,481.7,86361.9,93.42
2014-08-31,15/9-F-11,24.0,265.79,77.35,469.7,84231.3,92.97
2014-09-01,15/9-F-11,24.0,265.81,77.05,488.42,88177.3,105.92
2014-09-02,15/9-F-11,24.0,259.08,73.57,610.72,104604.7,116.99
2014-09-03,15/9-F-11,20.33,227.29,55.7,1123.32,183219.4,230.71
2014-09-04,15/9-F-11,24.0,220.12,53.67,1319.35,210763.2,308.51
2014-09-05,15/9-F-11,24.0,220.24,54.15,1258.26,204456.1,289.78
2014-09-06,15/9-F-11,24.0,219.88,53.99,1245.86,202839.6,288.94
2014-09-07,15/9-F-11,24.0,219.48,53.86,1240.68,202372.7,290.55
2014-09-08,15/9-F-11,24.0,219.52,53.9,1236.58,201142.6,290.71
2014-09-09,15/9-F-11,24.0,219.31,53.8,1229.27,199380.0,287.61
2014-09-10,15/9-F-11,24.0,219.57,53.94,1220.28,198198.8,283.01
2014-09-11,15/9-F-11,24.0,219.76,54.07,1195.64,191769.1,294.81
2014-09-12,15/9-F-11,24.0,220.21,54.29,1222.65,178391.6,290.95
2014-09-13,15/9-F-11,24.0,219.67,54.0,1223.26,178416.8,294.25
2014-09-14,15/9-F-11,24.0,219.64,53.97,1201.18,176881.0,288.89
2014-09-15,15/9-F-11,24.0,219.55,53.93,1227.24,182792.5,287.69
2014-09-16,15/9-F-11,24.0,219.58,53.93,1216.49,182883.8,288.0
2014-09-17,15/9-F-11,24.0,220.08,54.15,1203.66,181430.5,286.11
2014-09-18,15/9-F-11,24.0,220.16,54.15,1200.48,179086.6,328.74
2014-09-19,15/9-F-11,24.0,220.31,54.18,1189.08,178947.7,326.9
2014-09-20,15/9-F-11,24.0,220.49,54.22,1186.37,177587.4,318.06
2014-09-21,15/9-F-11,24.0,220.57,54.22,1188.93,178742.8,326.83
2014-09-22,15/9-F-11,24.0,220.41,54.09,1193.53,179332.6,333.01
2014-09-23,15/9-F-11,24.0,220.22,53.98,1187.64,178711.5,329.53
2014-09-24,15/9-F-11,24.0,220.15,53.9,1187.34,180227.0,334.7
2014-09-25,15/9-F-11,24.0,220.18,53.89,1187.17,180330.9,333.65
2014-09-26,15/9-F-11,24.0,220.18,53.85,1184.83,180079.7,331.38
2014-09-27,15/9-F-11,24.0,220.47,53.99,1168.83,178718.1,330.69
2014-09-28,15/9-F-11,24.0,220.7,54.06,1164.44,177707.0,328.12
2014-09-29,15/9-F-11,1.09,230.43,52.68,39.68,9052.9,12.74
2014-09-30,15/9-F-11,21.24,248.88,67.52,680.46,174084.8,191.27
2014-10-01,15/9-F-11,24.0,219.7,51.84,1129.14,183325.1,330.99
2014-10-02,15/9-F-11,24.0,219.56,52.45,1196.43,190698.7,328.27
2014-10-03,15/9-F-11,24.0,219.84,52.8,1092.77,170734.4,319.9
2014-10-04,15/9-F-11,24.0,219.67,52.74,1143.0,175246.7,323.79
2014-10-05,15/9-F-11,24.0,219.48,52.68,1133.6,173633.0,328.79
2014-10-06,15/9-F-11,24.0,219.4,52.67,1124.63,172028.2,326.48
2014-10-07,15/9-F-11,24.0,219.22,52.59,1136.26,169857.4,314.2
2014-10-08,15/9-F-11,24.0,219.65,52.8,1117.8,174385.1,320.29
2014-10-09,15/9-F-11,24.0,219.81,52.88,1103.71,170944.0,347.79
2014-10-10,15/9-F-11,24.0,220.34,53.16,1082.55,167361.6,321.47
2014-10-11,15/9-F-11,24.0,219.92,52.93,1096.68,169248.7,328.96
2014-10-12,15/9-F-11,24.0,220.19,53.04,1089.01,167932.2,327.82
2014-10-13,15/9-F-11,24.0,220.08,52.95,1084.69,167785.5,339.4
2014-10-14,15/9-F-11,24.0,219.69,52.75,1086.55,168104.7,342.2
2014-10-15,15/9-F-11,24.0,219.7,52.73,1087.94,167740.7,338.04
2014-10-16,15/9-F-11,24.0,219.63,52.69,1089.13,167738.3,334.78
2014-10-17,15/9-F-11,24.0,219.61,52.7,1089.63,168358.6,334.86
2014-10-18,15/9-F-11,24.0,219.99,52.89,1080.18,167292.5,330.14
2014-10-19,15/9-F-11,24.0,220.39,53.04,1070.84,165807.5,325.25
2014-10-20,15/9-F-11,24.0,220.36,52.96,1058.72,164384.1,324.21
2014-10-21,15/9-F-11,24.0,219.86,52.71,1084.5,166550.3,324.71
2014-10-22,15/9-F-11,24.0,219.94,52.72,1072.14,165462.6,347.15
2014-10-23,15/9-F-11,24.0,220.33,52.88,1064.29,164846.2,339.04
2014-10-24,15/9-F-11,24.0,220.8,53.09,1054.46,163111.8,338.01
2014-10-25,15/9-F-11,24.0,220.42,52.86,1068.23,165579.4,340.73
2014-10-26,15/9-F-11,25.0,220.58,52.94,1110.58,171297.3,339.89
2014-10-27,15/9-F-11,24.0,220.46,52.83,1065.09,164652.4,337.83
2014-10-28,15/9-F-11,24.0,220.5,52.8,1063.62,164028.5,333.17
2014-10-29,15/9-F-11,24.0,220.32,52.68,1030.57,158223.3,328.95
2014-10-30,15/9-F-11,24.0,219.86,52.52,1071.73,164259.8,337.92
2014-10-31,15/9-F-11,24.0,220.05,52.58,1073.25,166589.5,332.87
2014-11-01,15/9-F-11,24.0,220.62,52.8,1054.42,163384.8,327.12
2014-11-02,15/9-F-11,24.0,220.37,52.63,1042.65,161516.2,324.66
2014-11-03,15/9-F-11,24.0,220.03,52.4,1026.75,158916.8,355.98
2014-11-04,15/9-F-11,24.0,220.14,52.44,1033.12,160267.3,365.55
2014-11-05,15/9-F-11,24.0,219.92,52.29,1022.89,159086.2,367.18
2014-11-06,15/9-F-11,24.0,219.77,52.17,1026.32,159536.3,368.0
2014-11-07,15/9-F-11,24.0,219.85,52.17,1047.36,161648.1,365.94
2014-11-08,15/9-F-11,24.0,220.07,52.24,1039.83,162427.5,386.3
2014-11-09,15/9-F-11,24.0,220.0,52.21,1037.21,163270.0,393.21
2014-11-10,15/9-F-11,24.0,219.89,52.11,990.65,161172.7,382.54
2014-11-11,15/9-F-11,24.0,219.9,52.09,1019.84,161443.2,387.45
2014-11-12,15/9-F-11,24.0,219.97,52.08,1019.63,159593.9,370.58
2014-11-13,15/9-F-11,24.0,220.03,52.08,1001.28,157166.3,362.34
2014-11-14,15/9-F-11,24.0,220.06,52.06,995.77,155969.8,360.8
2014-11-15,15/9-F-11,24.0,219.94,51.96,1004.24,156860.6,358.93
2014-11-16,15/9-F-11,24.0,219.75,51.84,993.88,155325.6,365.62
2014-11-17,15/9-F-11,24.0,219.6,51.75,980.83,150715.7,372.87
2014-11-18,15/9-F-11,24.0,219.55,51.69,1005.51,153577.9,367.71
2014-11-19,15/9-F-11,24.0,219.38,51.58,978.26,149678.0,358.45
2014-11-20,15/9-F-11,24.0,219.05,51.41,989.16,151691.2,354.02
2014-11-21,15/9-F-11,24.0,218.83,51.27,981.25,151114.3,351.17
2014-11-22,15/9-F-11,24.0,218.55,51.08,980.88,150603.1,351.37
2014-11-23,15/9-F-11,24.0,218.52,51.16,944.45,147656.0,349.86
2014-11-24,15/9-F-11,24.0,219.46,51.35,981.97,149548.8,368.76
2014-11-25,15/9-F-11,24.0,223.27,53.88,861.08,127172.2,292.87
2014-11-26,15/9-F-11,24.0,263.13,71.57,300.43,55341.7,111.22
2014-11-27,15/9-F-11,24.0,266.03,71.71,315.64,53072.9,111.14
2014-11-28,15/9-F-11,20.73,267.08,72.48,517.82,80701.2,102.38
2014-11-29,15/9-F-11,10.44,276.48,82.42,271.57,45438.7,21.37
2014-11-30,15/9-F-11,13.23,278.33,73.9,146.81,29219.4,48.19
2014-12-01,15/9-F-11,17.77,279.24,75.54,130.07,27957.8,66.95
2014-12-02,15/9-F-11,24.0,281.35,73.59,207.03,40642.8,90.63
2014-12-03,15/9-F-11,24.0,282.76,74.65,193.28,37790.0,81.5
2014-12-04,15/9-F-11,23.17,274.92,71.8,379.68,63329.1,137.2
2014-12-05,15/9-F-11,24.0,282.36,78.65,421.41,66885.4,96.92
2014-12-06,15/9-F-11,24.0,276.67,76.28,266.7,43488.6,89.38
2014-12-07,15/9-F-11,24.0,282.35,78.57,222.63,36312.3,79.77
2014-12-08,15/9-F-11,24.0,285.54,78.98,202.47,33013.2,76.24
2014-12-09,15/9-F-11,24.0,284.82,79.02,208.3,33939.3,76.94
2014-12-10,15/9-F-11,24.0,279.1,78.78,290.89,47436.5,104.27
2014-12-11,15/9-F-11,24.0,289.74,80.6,192.29,31341.7,75.87
2014-12-12,15/9-F-11,24.0,284.82,80.64,233.23,38033.7,71.16
2014-12-13,15/9-F-11,24.0,289.48,81.36,191.55,31194.1,67.46
2014-12-14,15/9-F-11,24.0,279.97,79.39,300.44,49004.8,104.24
2014-12-15,15/9-F-11,24.0,284.27,80.78,272.5,44397.4,103.98
2014-12-16,15/9-F-11,24.0,282.14,80.63,285.71,46545.4,102.17
2014-12-17,15/9-F-11,24.0,281.62,79.95,295.77,48230.0,102.11
2014-12-18,15/9-F-11,22.08,275.24,77.28,358.41,58407.8,131.92
2014-12-19,15/9-F-11,23.33,278.89,80.07,362.87,59176.4,138.89
2014-12-20,15/9-F-11,24.0,280.99,80.25,317.56,51775.8,111.74
2014-12-21,15/9-F-11,24.0,284.0,81.8,284.18,46334.1,102.43
2014-12-22,15/9-F-11,24.0,286.25,81.98,273.16,44562.2,102.59
2014-12-23,15/9-F-11,24.0,286.14,82.13,275.81,44994.1,101.59
2014-12-24,15/9-F-11,24.0,286.16,82.25,277.21,45203.5,102.51
2014-12-25,15/9-F-11,24.0,286.02,82.43,284.56,46373.8,103.76
2014-12-26,15/9-F-11,24.0,286.4,82.61,291.27,47477.0,103.21
2014-12-27,15/9-F-11,24.0,285.71,82.59,284.48,46408.5,106.41
2014-12-28,15/9-F-11,24.0,286.95,83.1,280.53,45705.5,104.36
2014-12-29,15/9-F-11,23.5,285.57,83.05,330.5,53852.6,130.37
2014-12-30,15/9-F-11,24.0,284.38,82.35,293.75,47894.3,96.32
2014-12-31,15/9-F-11,24.0,282.23,81.82,339.68,55403.9,116.16
2015-01-01,15/9-F-11,24.0,275.36,78.61,571.41,102003.7,133.75
2015-01-02,15/9-F-11,24.0,261.9,72.72,711.15,106922.1,312.23
2015-01-03,15/9-F-11,24.0,253.33,68.38,834.36,135275.8,346.32
2015-01-04,15/9-F-11,24.0,247.29,65.07,816.68,119664.9,345.28
2015-01-05,15/9-F-11,24.0,244.85,63.88,822.12,120104.1,351.07
2015-01-06,15/9-F-11,24.0,241.74,62.07,868.95,126304.9,379.86
2015-01-07,15/9-F-11,24.0,236.03,59.09,926.15,135522.6,389.8
2015-01-08,15/9-F-11,24.0,226.75,54.16,1015.35,147261.7,435.47
2015-01-09,15/9-F-11,17.83,227.23,53.72,824.03,119541.1,421.12
2015-01-10,15/9-F-11,20.33,228.59,54.5,945.62,137122.5,448.13
2015-01-11,15/9-F-11,24.0,221.37,51.07,1167.01,168424.9,565.24
2015-01-12,15/9-F-11,24.0,220.87,51.08,1089.48,157902.8,490.91
2015-01-13,15/9-F-11,24.0,219.93,50.56,1103.27,160611.5,494.67
2015-01-14,15/9-F-11,24.0,219.52,50.33,987.37,144808.0,478.81
2015-01-15,15/9-F-11,24.0,219.6,50.3,1070.17,155418.7,492.33
2015-01-16,15/9-F-11,24.0,219.49,50.22,1088.7,154724.7,474.69
2015-01-17,15/9-F-11,0.0,219.8,50.4,1026.57,150773.5,461.02
2015-01-18,15/9-F-11,24.0,219.8,50.4,1083.4,158454.2,461.16
2015-01-19,15/9-F-11,24.0,219.8,50.4,1004.72,146473.0,426.7
2015-01-20,15/9-F-11,22.17,221.91,51.03,896.9,131181.5,459.56
2015-01-21,15/9-F-11,24.0,219.05,49.61,958.68,140745.3,452.98
2015-01-22,15/9-F-11,24.0,214.91,47.86,963.57,142438.5,433.37
2015-01-23,15/9-F-11,24.0,212.69,46.81,981.8,145611.4,501.1
2015-01-24,15/9-F-11,24.0,209.92,45.49,1021.26,150712.7,518.24
2015-01-25,15/9-F-11,24.0,209.91,45.54,1006.31,149866.2,517.48
2015-01-26,15/9-F-11,24.0,209.8,45.43,1006.49,149685.1,514.79
2015-01-27,15/9-F-11,24.0,209.97,45.54,1049.98,154302.4,678.03
2015-01-28,15/9-F-11,24.0,209.83,45.46,946.4,139228.3,463.72
2015-01-29,15/9-F-11,24.0,210.04,45.49,946.36,140317.1,462.52
2015-01-30,15/9-F-11,24.0,210.17,45.53,919.8,135523.6,442.81
2015-01-31,15/9-F-11,24.0,210.04,45.47,907.74,132052.2,507.44
2015-02-01,15/9-F-11,24.0,209.87,45.42,937.48,138263.6,521.92
2015-02-02,15/9-F-11,24.0,209.96,45.46,901.47,133045.0,441.92
2015-02-03,15/9-F-11,24.0,210.08,45.47,898.3,133186.5,752.04
2015-02-04,15/9-F-11,15.94,210.86,45.61,625.33,99659.1,517.85
2015-02-05,15/9-F-11,5.39,216.35,48.04,228.78,37831.9,89.03
2015-02-06,15/9-F-11,24.0,209.94,42.57,702.96,106682.7,431.78
2015-02-07,15/9-F-11,24.0,209.73,43.73,792.97,122658.9,421.9
2015-02-08,15/9-F-11,17.11,210.84,44.05,623.95,100184.9,329.97
2015-02-09,15/9-F-11,17.72,213.81,44.13,744.19,121563.8,344.91
2015-02-10,15/9-F-11,24.0,209.58,43.72,865.75,133092.7,468.96
2015-02-11,15/9-F-11,24.0,209.54,44.2,895.84,137050.6,459.74
2015-02-12,15/9-F-11,24.0,209.82,44.48,940.2,143431.4,530.08
2015-02-13,15/9-F-11,24.0,208.37,44.38,962.2,146584.0,535.44
2015-02-14,15/9-F-11,24.0,209.91,44.76,965.2,146781.0,549.17
2015-02-15,15/9-F-11,24.0,208.47,44.62,969.44,147028.1,549.34
2015-02-16,15/9-F-11,24.0,210.35,45.05,976.99,148412.1,520.7
2015-02-17,15/9-F-11,24.0,210.9,45.28,994.39,152703.6,549.44
2015-02-18,15/9-F-11,24.0,210.6,45.18,1001.96,149778.1,507.4
2015-02-19,15/9-F-11,24.0,210.08,45.07,1030.53,153281.5,525.97
2015-02-20,15/9-F-11,24.0,210.48,45.34,1009.31,150875.8,598.22
2015-02-21,15/9-F-11,24.0,210.29,45.36,996.11,148735.2,577.27
2015-02-22,15/9-F-11,24.0,210.01,45.27,1047.18,156246.9,572.63
2015-02-23,15/9-F-11,24.0,210.29,45.43,1038.28,156179.4,534.82
2015-02-24,15/9-F-11,24.0,210.57,45.59,1014.53,150705.9,547.16
2015-02-25,15/9-F-11,24.0,210.7,45.66,1022.01,149714.4,551.0
2015-02-26,15/9-F-11,24.0,210.95,45.18,1046.43,153620.8,514.59
2015-02-27,15/9-F-11,24.0,211.36,45.15,1056.64,157118.0,557.52
2015-02-28,15/9-F-11,24.0,210.89,45.23,1058.8,161657.7,560.24
2015-03-01,15/9-F-11,24.0,211.01,45.4,1056.24,160333.6,553.16
2015-03-02,15/9-F-11,24.0,210.97,45.31,1051.49,159342.6,550.83
2015-03-03,15/9-F-11,24.0,210.9,45.38,1053.04,158788.2,544.51
2015-03-04,15/9-F-11,24.0,208.73,44.72,1050.75,158638.8,529.02
2015-03-05,15/9-F-11,24.0,209.43,44.68,1077.56,163104.3,561.72
2015-03-06,15/9-F-11,24.0,201.51,40.88,1213.31,182682.8,651.92
2015-03-07,15/9-F-11,24.0,199.78,40.21,1218.64,184776.0,660.68
2015-03-08,15/9-F-11,24.0,200.5,40.58,1210.61,183380.6,657.26
2015-03-09,15/9-F-11,24.0,200.22,40.47,1201.66,180486.3,645.05
2015-03-10,15/9-F-11,24.0,200.23,40.47,1213.89,180257.2,653.11
2015-03-11,15/9-F-11,24.0,200.03,40.42,1222.74,181172.6,661.35
2015-03-12,15/9-F-11,24.0,200.15,40.43,1217.77,180677.8,679.63
2015-03-13,15/9-F-11,24.0,200.14,40.33,1218.6,182929.1,667.27
2015-03-14,15/9-F-11,24.0,200.06,40.19,1247.39,185976.8,679.42
2015-03-15,15/9-F-11,24.0,210.86,46.17,1632.83,241011.2,822.51
2015-03-16,15/9-F-11,24.0,219.38,51.98,2002.08,294179.1,761.31
2015-03-17,15/9-F-11,24.0,219.63,52.38,2025.24,294996.2,744.35
2015-03-18,15/9-F-11,24.0,219.46,52.59,2021.7,293906.9,736.84
2015-03-19,15/9-F-11,24.0,219.11,52.62,2000.27,292781.0,729.42
2015-03-20,15/9-F-11,24.0,219.37,52.72,2035.82,296725.9,782.89
2015-03-21,15/9-F-11,24.0,219.28,52.44,2064.61,300167.6,738.62
2015-03-22,15/9-F-11,24.0,252.28,75.73,1145.2,173605.3,430.11
2015-03-23,15/9-F-11,23.83,287.05,98.88,333.88,52035.5,129.47
2015-03-24,15/9-F-11,24.0,292.25,100.99,356.5,54914.5,152.42
2015-03-25,15/9-F-11,24.0,285.37,94.85,800.79,120949.8,306.03
2015-03-26,15/9-F-11,24.0,225.21,50.83,1994.47,293070.5,771.98
2015-03-27,15/9-F-11,24.0,219.56,50.65,1954.67,281414.0,729.85
2015-03-28,15/9-F-11,24.0,219.38,50.78,2013.54,269634.0,745.91
2015-03-29,15/9-F-11,24.0,220.26,51.33,1835.3,263835.3,675.79
2015-03-30,15/9-F-11,24.0,220.09,51.31,1927.71,278374.0,728.06
2015-03-31,15/9-F-11,24.0,219.66,51.1,1917.89,272552.8,706.81
2015-04-01,15/9-F-11,24.0,220.2,51.43,1811.03,265161.7,687.57
2015-04-02,15/9-F-11,24.0,220.49,51.55,1825.33,266034.0,679.87
2015-04-03,15/9-F-11,24.0,219.99,51.28,1826.31,262154.7,681.22
2015-04-04,15/9-F-11,24.0,219.75,51.11,1818.47,264457.7,678.68
2015-04-05,15/9-F-11,24.0,219.68,51.1,1810.13,263972.8,674.09
2015-04-06,15/9-F-11,24.0,219.65,51.0,1807.87,262887.1,682.59
2015-04-07,15/9-F-11,24.0,219.54,50.99,1790.6,260148.8,804.2
2015-04-08,15/9-F-11,24.0,220.02,51.34,1764.01,255745.7,791.26
2015-04-09,15/9-F-11,24.0,219.94,51.31,1758.87,255241.0,789.24
2015-04-10,15/9-F-11,24.0,219.63,51.13,1744.19,255251.7,794.08
2015-04-11,15/9-F-11,24.0,219.66,51.14,1750.06,254104.6,790.27
2015-04-12,15/9-F-11,24.0,220.05,51.37,1728.98,252947.5,778.55
2015-04-13,15/9-F-11,24.0,220.91,51.8,1708.77,256239.3,781.48
2015-04-14,15/9-F-11,24.0,220.92,51.78,1714.46,257147.6,809.07
2015-04-15,15/9-F-11,24.0,220.88,51.71,1769.28,262244.1,846.43
2015-04-16,15/9-F-11,24.0,220.97,51.72,1768.7,262541.4,858.74
2015-04-17,15/9-F-11,24.0,221.36,51.93,1780.83,264882.6,863.05
2015-04-18,15/9-F-11,24.0,221.85,52.25,1802.92,268459.5,857.83
2015-04-19,15/9-F-11,24.0,222.2,52.43,1820.19,262914.1,866.34
2015-04-20,15/9-F-11,24.0,221.89,52.26,1815.28,263559.8,862.47
2015-04-21,15/9-F-11,24.0,221.79,52.16,1832.35,269690.0,820.37
2015-04-22,15/9-F-11,24.0,221.89,52.16,1832.51,268094.6,838.21
2015-04-23,15/9-F-11,24.0,221.73,52.12,1918.58,277542.7,831.1
2015-04-24,15/9-F-11,24.0,221.55,52.14,1908.81,276281.9,828.77
2015-04-25,15/9-F-11,24.0,221.25,52.01,1900.52,275040.0,842.71
2015-04-26,15/9-F-11,24.0,221.12,51.96,1898.58,274460.8,829.12
2015-04-27,15/9-F-11,24.0,220.83,51.83,1916.48,276252.2,836.03
2015-04-28,15/9-F-11,24.0,220.6,51.7,1913.38,275367.5,830.04
2015-04-29,15/9-F-11,24.0,220.61,51.69,1907.06,273532.5,808.87
2015-04-30,15/9-F-11,24.0,220.5,51.63,1911.21,274109.6,797.47
2015-05-01,15/9-F-11,24.0,220.46,51.59,1905.67,271874.6,795.06
2015-05-02,15/9-F-11,24.0,220.48,51.41,1892.91,269695.1,792.99
2015-05-03,15/9-F-11,24.0,220.42,51.14,1874.02,270092.9,793.0
2015-05-04,15/9-F-11,24.0,220.1,50.72,1851.56,269187.7,804.42
2015-05-05,15/9-F-11,24.0,219.94,50.39,1854.68,271329.2,804.55
2015-05-06,15/9-F-11,24.0,219.88,50.28,1820.38,265934.2,804.88
2015-05-07,15/9-F-11,24.0,219.83,50.11,1824.93,264849.1,802.02
2015-05-08,15/9-F-11,24.0,219.99,50.01,1798.79,268282.7,799.54
2015-05-09,15/9-F-11,24.0,220.23,49.92,1810.44,263393.0,804.19
2015-05-10,15/9-F-11,24.0,220.33,50.05,1805.42,263355.4,800.2
2015-05-11,15/9-F-11,24.0,220.31,50.0,1802.17,262553.0,795.08
2015-05-12,15/9-F-11,24.0,220.06,49.83,1798.26,261610.1,793.37
2015-05-13,15/9-F-11,24.0,219.69,49.55,1802.0,261696.8,796.93
2015-05-14,15/9-F-11,24.0,219.66,49.51,1816.11,263353.5,771.26
2015-05-15,15/9-F-11,24.0,219.51,49.45,1818.57,263167.1,769.66
2015-05-16,15/9-F-11,24.0,219.76,49.61,1805.8,260503.5,758.75
2015-05-17,15/9-F-11,24.0,220.12,49.81,1784.95,258434.5,750.95
2015-05-18,15/9-F-11,24.0,220.02,49.75,1780.78,259377.4,752.94
2015-05-19,15/9-F-11,24.0,220.03,49.72,1783.91,258024.2,748.66
2015-05-20,15/9-F-11,24.0,220.07,49.69,1774.94,256290.2,744.02
2015-05-21,15/9-F-11,24.0,220.05,49.66,1747.38,255508.1,752.49
2015-05-22,15/9-F-11,24.0,220.02,49.59,1726.85,252126.9,824.65
2015-05-23,15/9-F-11,24.0,219.94,49.46,1638.67,248352.2,750.22
2015-05-24,15/9-F-11,24.0,219.88,49.4,1755.84,257738.6,846.36
2015-05-25,15/9-F-11,24.0,219.75,49.24,1652.5,243210.9,787.67
2015-05-26,15/9-F-11,24.0,219.69,49.16,1705.95,250743.9,778.22
2015-05-27,15/9-F-11,24.0,219.68,49.11,1666.9,244091.1,775.26
2015-05-28,15/9-F-11,24.0,220.26,49.43,1705.52,251408.3,862.5
2015-05-29,15/9-F-11,24.0,220.52,49.56,1680.64,247195.2,791.11
2015-05-30,15/9-F-11,24.0,220.44,49.44,1670.98,246621.4,822.73
2015-05-31,15/9-F-11,24.0,220.2,49.21,1671.7,247509.8,751.85
2015-06-01,15/9-F-11,24.0,220.14,49.1,1682.83,250715.6,813.29
2015-06-02,15/9-F-11,24.0,219.98,48.93,1683.12,251485.9,814.62
2015-06-03,15/9-F-11,24.0,220.01,48.8,1666.9,247522.8,800.31
2015-06-04,15/9-F-11,24.0,220.06,48.74,1659.03,245330.7,772.01
2015-06-05,15/9-F-11,24.0,219.82,48.53,1663.57,242392.3,744.34
2015-06-06,15/9-F-11,24.0,219.85,48.46,1651.21,240468.1,740.89
2015-06-07,15/9-F-11,22.82,226.65,52.41,1497.33,224020.1,795.66
2015-06-08,15/9-F-11,24.0,220.21,48.33,1673.32,243394.9,760.41
2015-06-09,15/9-F-11,24.0,220.06,48.2,1655.26,240518.6,736.28
2015-06-10,15/9-F-11,24.0,220.26,48.24,1633.02,237106.6,715.94
2015-06-11,15/9-F-11,24.0,220.16,48.12,1616.16,235207.3,777.67
2015-06-12,15/9-F-11,24.0,220.13,48.01,1616.27,235818.4,714.98
2015-06-13,15/9-F-11,24.0,220.17,47.9,1597.64,230357.0,710.08
2015-06-14,15/9-F-11,24.0,220.0,47.69,1579.97,229962.6,751.74
2015-06-15,15/9-F-11,24.0,219.97,47.53,1583.82,229528.6,732.37
2015-06-16,15/9-F-11,24.0,219.96,47.37,1566.01,226813.5,741.97
2015-06-17,15/9-F-11,24.0,220.08,47.27,1550.64,226763.9,742.28
2015-06-18,15/9-F-11,24.0,220.22,47.23,1553.41,225992.5,729.75
2015-06-19,15/9-F-11,24.0,220.23,47.04,1538.14,228282.7,715.2
2015-06-20,15/9-F-11,24.0,220.34,46.9,1574.94,233029.8,734.13
2015-06-21,15/9-F-11,24.0,220.62,46.92,1568.89,233713.2,753.85
2015-06-22,15/9-F-11,24.0,221.19,47.06,1597.79,236337.9,761.69
2015-06-23,15/9-F-11,24.0,220.92,46.75,1606.67,237672.4,785.25
2015-06-24,15/9-F-11,24.0,221.15,46.7,1622.92,238931.4,799.2
2015-06-25,15/9-F-11,24.0,220.79,46.32,1649.49,242900.8,832.15
2015-06-26,15/9-F-11,24.0,220.72,46.11,1650.64,241547.0,847.34
2015-06-27,15/9-F-11,24.0,221.37,46.28,1662.45,242839.9,854.16
2015-06-28,15/9-F-11,24.0,229.6,50.97,1465.02,214196.7,729.55
2015-06-29,15/9-F-11,24.0,227.7,49.67,1545.73,222177.3,739.78
2015-06-30,15/9-F-11,24.0,226.1,48.59,1618.91,230823.1,744.73
2015-07-01,15/9-F-11,24.0,221.85,45.96,1681.69,248784.6,891.53
2015-07-02,15/9-F-11,24.0,220.47,45.07,1561.86,230582.1,1200.31
2015-07-03,15/9-F-11,24.0,220.38,44.93,1554.86,229002.4,1199.77
2015-07-04,15/9-F-11,24.0,219.86,44.55,1533.34,225351.5,1184.82
2015-07-05,15/9-F-11,24.0,219.72,44.36,1519.99,223802.6,1146.24
2015-07-06,15/9-F-11,24.0,219.69,44.17,1506.39,221597.3,1146.44
2015-07-07,15/9-F-11,24.0,219.63,44.03,1500.72,219821.1,1177.41
2015-07-08,15/9-F-11,24.0,219.53,43.82,1481.75,218310.5,1097.92
2015-07-09,15/9-F-11,24.0,219.51,43.65,1473.25,216308.6,1059.39
2015-07-10,15/9-F-11,24.0,219.57,43.52,1462.23,214393.9,1076.92
2015-07-11,15/9-F-11,24.0,219.55,43.35,1436.82,213094.8,1061.89
2015-07-12,15/9-F-11,24.0,219.69,43.19,1426.88,209867.6,1042.14
2015-07-13,15/9-F-11,24.0,220.0,43.13,1417.43,209010.4,1151.16
2015-07-14,15/9-F-11,24.0,220.03,42.81,1412.23,208264.6,1152.94
2015-07-15,15/9-F-11,24.0,220.05,42.66,1394.07,205956.0,1130.91
2015-07-16,15/9-F-11,24.0,220.12,42.59,1375.3,203175.8,1124.97
2015-07-17,15/9-F-11,24.0,219.96,42.44,1368.17,202223.1,1126.93
2015-07-18,15/9-F-11,24.0,220.03,42.36,1364.31,203950.5,1201.19
2015-07-19,15/9-F-11,24.0,220.17,42.3,1344.57,201782.3,1214.71
2015-07-20,15/9-F-11,24.0,220.19,42.2,1335.28,199766.8,1206.5
2015-07-21,15/9-F-11,24.0,220.38,42.23,1344.53,201785.1,1211.57
2015-07-22,15/9-F-11,24.0,220.57,42.17,1355.39,206116.9,1211.59
2015-07-23,15/9-F-11,24.0,220.63,42.16,1356.95,205050.1,1210.61
2015-07-24,15/9-F-11,24.0,220.82,42.15,1342.47,202188.0,1215.91
2015-07-25,15/9-F-11,24.0,220.24,41.75,1345.15,202672.1,1225.35
2015-07-26,15/9-F-11,24.0,220.18,41.67,1332.97,200210.5,1225.71
2015-07-27,15/9-F-11,24.0,220.22,41.62,1321.31,198496.4,1225.75
2015-07-28,15/9-F-11,24.0,220.21,41.57,1299.1,196363.9,1213.08
2015-07-29,15/9-F-11,24.0,219.95,41.39,1335.51,201360.5,1391.11
2015-07-30,15/9-F-11,24.0,220.06,41.4,1310.45,196486.4,1233.13
2015-07-31,15/9-F-11,24.0,219.98,41.29,1289.69,193076.7,1238.03
2015-08-01,15/9-F-11,24.0,219.96,41.25,1283.49,191777.4,1235.7
2015-08-02,15/9-F-11,24.0,220.1,41.22,1277.28,190069.8,1232.28
2015-08-03,15/9-F-11,24.0,220.12,41.15,1267.78,190371.0,1234.55
2015-08-04,15/9-F-11,24.0,220.21,41.13,1272.72,191632.6,1235.16
2015-08-05,15/9-F-11,24.0,220.3,41.11,1276.71,187873.6,1231.13
2015-08-06,15/9-F-11,24.0,220.45,41.14,1256.08,186803.5,1236.31
2015-08-07,15/9-F-11,24.0,220.56,41.09,1236.69,188841.8,1230.4
2015-08-08,15/9-F-11,24.0,220.56,41.07,1216.54,188670.4,1233.94
2015-08-09,15/9-F-11,24.0,220.59,40.99,1229.59,188412.8,1235.15
2015-08-10,15/9-F-11,24.0,220.64,40.95,1221.71,187300.9,1234.5
2015-08-11,15/9-F-11,24.0,220.63,40.9,1201.51,186315.2,1171.73
2015-08-12,15/9-F-11,24.0,220.68,40.83,1210.98,185325.2,1217.5
2015-08-13,15/9-F-11,24.0,220.64,40.75,1205.33,185749.0,1217.71
2015-08-14,15/9-F-11,24.0,220.68,40.68,1205.98,185405.1,1216.12
2015-08-15,15/9-F-11,24.0,220.77,40.67,1204.85,183252.1,1217.04
2015-08-16,15/9-F-11,24.0,220.92,40.59,1199.53,180277.3,1191.24
2015-08-17,15/9-F-11,24.0,221.02,40.53,1185.78,179634.8,1190.82
2015-08-18,15/9-F-11,24.0,221.06,40.51,1192.7,179522.2,1148.83
2015-08-19,15/9-F-11,24.0,221.06,40.5,1191.93,179478.1,1264.88
2015-08-20,15/9-F-11,24.0,221.14,40.42,1204.72,180887.5,1237.65
2015-08-21,15/9-F-11,24.0,221.18,40.34,1179.2,177614.5,1191.48
2015-08-22,15/9-F-11,24.0,221.17,40.29,1176.63,175818.7,1175.47
2015-08-23,15/9-F-11,24.0,221.12,40.21,1163.24,172903.0,1213.46
2015-08-24,15/9-F-11,24.0,221.0,40.09,1160.11,173584.5,1201.02
2015-08-25,15/9-F-11,24.0,220.89,39.96,1158.64,172798.3,1196.26
2015-08-26,15/9-F-11,14.28,221.39,39.79,671.06,102153.4,777.39
2015-08-27,15/9-F-11,0.0,294.77,0.01,0.0,0.0,0.0
2015-08-28,15/9-F-11,0.0,301.09,0.1,0.0,0.0,0.0
2015-08-29,15/9-F-11,0.0,290.79,0.18,0.0,0.0,0.0
2015-08-30,15/9-F-11,0.0,307.47,0.22,0.0,0.0,0.0
2015-08-31,15/9-F-11,17.74,268.23,68.83,447.37,77429.5,702.72
2015-09-01,15/9-F-11,24.0,229.79,41.27,1154.34,185769.0,1314.62
2015-09-02,15/9-F-11,24.0,222.25,37.08,1192.8,183061.5,1323.05
2015-09-03,15/9-F-11,24.0,223.32,39.24,1098.55,173629.8,1270.7
2015-09-04,15/9-F-11,24.0,231.27,42.76,955.69,148269.3,1191.87
2015-09-05,15/9-F-11,24.0,220.37,37.58,1079.01,163219.3,1299.37
2015-09-06,15/9-F-11,24.0,220.0,37.46,1043.55,156647.0,1184.84
2015-09-07,15/9-F-11,24.0,219.72,37.41,1036.29,155172.0,1240.34
2015-09-08,15/9-F-11,24.0,219.53,37.38,1027.85,154101.3,1260.82
2015-09-09,15/9-F-11,24.0,219.58,37.47,1028.02,153648.9,1263.17
2015-09-10,15/9-F-11,24.0,219.73,37.63,1024.19,153098.5,1290.16
2015-09-11,15/9-F-11,24.0,219.82,37.63,1027.57,154607.7,1289.94
2015-09-12,15/9-F-11,24.0,219.83,37.6,1041.37,154431.8,1278.06
2015-09-13,15/9-F-11,24.0,219.86,37.54,1032.61,152835.6,1279.59
2015-09-14,15/9-F-11,24.0,219.8,37.51,1005.36,150815.6,1274.07
2015-09-15,15/9-F-11,24.0,219.69,37.47,1040.99,154254.2,1268.62
2015-09-16,15/9-F-11,24.0,219.6,37.46,1051.22,155058.7,1263.29
2015-09-17,15/9-F-11,24.0,219.57,37.4,1040.85,154606.6,1272.72
2015-09-18,15/9-F-11,24.0,219.55,37.39,1082.77,158412.7,1185.97
2015-09-19,15/9-F-11,24.0,219.62,37.36,1051.51,153435.1,1163.41
2015-09-20,15/9-F-11,24.0,219.71,37.42,1006.61,151247.6,1101.64
2015-09-21,15/9-F-11,24.0,219.74,37.42,1065.57,160597.0,1141.82
2015-09-22,15/9-F-11,22.72,231.4,44.2,810.98,126742.7,876.9
2015-09-23,15/9-F-11,24.0,221.23,38.09,1070.19,161375.5,1229.15
2015-09-24,15/9-F-11,24.0,220.48,37.63,1069.42,161188.1,1250.03
2015-09-25,15/9-F-11,24.0,220.4,37.53,1067.92,162965.7,1348.53
2015-09-26,15/9-F-11,24.0,220.71,37.59,1070.45,161704.1,1343.26
2015-09-27,15/9-F-11,24.0,220.92,37.64,1056.78,161682.1,1341.38
2015-09-28,15/9-F-11,24.0,221.07,37.67,1052.85,160106.5,1334.7
2015-09-29,15/9-F-11,24.0,221.17,37.67,1050.53,160121.3,1275.78
2015-09-30,15/9-F-11,24.0,220.93,37.49,1088.75,165304.9,1254.05
2015-10-01,15/9-F-11,24.0,220.3,37.09,1104.83,168051.9,1294.45
2015-10-02,15/9-F-11,24.0,219.93,36.82,1117.65,169726.3,1294.11
2015-10-03,15/9-F-11,24.0,215.98,34.6,1162.37,177027.1,1397.81
2015-10-04,15/9-F-11,24.0,215.55,34.3,1159.62,175514.1,1384.6
2015-10-05,15/9-F-11,24.0,215.31,34.23,1151.09,175457.0,1392.57
2015-10-06,15/9-F-11,24.0,215.34,34.18,1145.05,174900.5,1390.42
2015-10-07,15/9-F-11,24.0,215.27,34.11,1148.87,174297.2,1382.63
2015-10-08,15/9-F-11,24.0,215.36,34.08,1133.96,173374.4,1382.74
2015-10-09,15/9-F-11,24.0,210.94,31.66,1188.88,179684.9,1483.32
2015-10-10,15/9-F-11,24.0,209.96,30.99,1187.22,179770.1,1495.48
2015-10-11,15/9-F-11,24.0,209.48,30.85,1190.45,180151.8,1492.89
2015-10-12,15/9-F-11,24.0,209.55,30.91,1176.43,179312.1,1494.74
2015-10-13,15/9-F-11,23.17,218.98,35.7,1037.47,159732.3,1460.37
2015-10-14,15/9-F-11,24.0,213.51,32.88,1141.23,171603.7,1500.22
2015-10-15,15/9-F-11,24.0,212.32,32.29,1150.21,175842.1,1495.41
2015-10-16,15/9-F-11,24.0,209.46,30.72,1182.94,178522.0,1571.61
2015-10-17,15/9-F-11,24.0,209.36,30.73,1169.51,175572.1,1533.87
2015-10-18,15/9-F-11,24.0,209.35,30.74,1172.3,174462.2,1521.76
2015-10-19,15/9-F-11,24.0,209.78,30.89,1135.6,170485.5,1497.62
2015-10-20,15/9-F-11,24.0,209.86,30.95,1137.63,170592.9,1452.65
2015-10-21,15/9-F-11,24.0,209.67,30.87,1129.59,169400.0,1482.67
2015-10-22,15/9-F-11,24.0,209.87,30.77,1129.0,168913.1,1409.85
2015-10-23,15/9-F-11,24.0,209.94,30.72,1115.41,167864.4,1449.65
2015-10-24,15/9-F-11,24.0,210.41,30.9,1102.06,166952.4,1554.54
2015-10-25,15/9-F-11,24.0,210.28,30.82,1164.72,174086.0,1562.12
2015-10-26,15/9-F-11,1.53,224.89,38.59,10.71,1756.8,16.28
2015-10-27,15/9-F-11,0.0,295.18,80.58,0.0,0.0,0.0
2015-10-28,15/9-F-11,0.0,299.1,107.55,0.0,0.0,0.0
2015-10-29,15/9-F-11,9.0,286.14,92.89,268.69,41398.2,413.96
2015-10-30,15/9-F-11,17.2,240.01,37.08,811.29,127118.9,1214.22
2015-10-31,15/9-F-11,0.0,296.36,67.53,0.0,0.0,0.0
2015-11-01,15/9-F-11,0.0,303.74,76.21,0.0,0.0,0.0
2015-11-02,15/9-F-11,0.0,306.02,41.66,0.0,0.0,0.0
2015-11-03,15/9-F-11,23.31,278.43,77.29,863.3,133837.0,757.44
2015-11-04,15/9-F-11,24.0,243.87,49.77,1481.57,224672.8,1893.07
2015-11-05,15/9-F-11,24.0,232.02,41.51,1535.69,230419.0,1987.43
2015-11-06,15/9-F-11,24.0,225.47,37.19,1428.62,218409.6,2029.81
2015-11-07,15/9-F-11,24.0,222.31,33.44,1413.79,217288.9,2033.61
2015-11-08,15/9-F-11,24.0,220.92,32.01,1398.35,215024.7,2094.94
2015-11-09,15/9-F-11,24.0,220.68,31.59,1304.41,200372.4,2098.16
2015-11-10,15/9-F-11,24.0,220.45,31.46,1292.4,199652.0,2121.49
2015-11-11,15/9-F-11,24.0,219.39,30.93,1360.35,206518.9,2182.74
2015-11-12,15/9-F-11,24.0,220.36,31.52,1295.84,197640.4,2213.91
2015-11-13,15/9-F-11,24.0,221.07,32.24,1286.74,196680.9,2191.41
2015-11-14,15/9-F-11,24.0,220.45,32.21,1314.3,201199.7,2220.74
2015-11-15,15/9-F-11,24.0,220.35,32.48,1321.18,199101.2,2352.11
2015-11-16,15/9-F-11,24.0,220.38,32.77,1321.76,199526.7,2224.22
2015-11-17,15/9-F-11,24.0,220.55,32.8,1312.14,198029.8,2140.59
2015-11-18,15/9-F-11,24.0,218.81,31.89,1298.28,201093.5,2144.9
2015-11-19,15/9-F-11,24.0,217.69,31.3,1338.18,206714.8,2150.98
2015-11-20,15/9-F-11,24.0,218.34,31.73,1281.18,197658.6,2105.1
2015-11-21,15/9-F-11,24.0,219.33,32.36,1316.69,202461.9,2061.37
2015-11-22,15/9-F-11,24.0,219.74,32.45,1280.9,196190.2,2093.16
2015-11-23,15/9-F-11,24.0,219.7,32.28,1284.19,195401.5,2101.3
2015-11-24,15/9-F-11,24.0,219.91,32.27,1272.84,192856.8,2013.31
2015-11-25,15/9-F-11,24.0,220.02,32.27,1259.01,191310.7,1988.36
2015-11-26,15/9-F-11,24.0,219.96,32.15,1250.58,190542.2,2009.78
2015-11-27,15/9-F-11,24.0,220.32,32.25,1240.99,187615.5,1978.92
2015-11-28,15/9-F-11,24.0,220.34,32.19,1230.7,188763.6,1967.52
2015-11-29,15/9-F-11,24.0,220.36,32.13,1218.0,185697.7,1963.98
2015-11-30,15/9-F-11,24.0,220.32,31.99,1208.25,183892.4,1938.26
2015-12-01,15/9-F-11,24.0,220.42,31.95,1190.89,182248.6,1917.21
2015-12-02,15/9-F-11,24.0,220.78,32.08,1185.75,180103.7,1913.76
2015-12-03,15/9-F-11,24.0,220.9,32.08,1189.44,181379.2,1923.61
2015-12-04,15/9-F-11,24.0,220.17,31.58,1168.78,186220.5,1985.4
2015-12-05,15/9-F-11,24.0,220.52,31.63,1221.25,188316.1,2031.51
2015-12-06,15/9-F-11,24.0,220.78,31.61,1204.14,185209.8,2073.66
2015-12-07,15/9-F-11,24.0,221.37,31.85,1215.25,187427.7,2104.27
2015-12-08,15/9-F-11,24.0,221.99,32.12,1210.73,186521.4,2113.28
2015-12-09,15/9-F-11,20.17,235.56,38.18,973.0,151701.8,2167.72
2015-12-10,15/9-F-11,24.0,228.88,36.06,1168.18,175853.0,2170.32
2015-12-11,15/9-F-11,24.0,225.28,33.76,1221.03,185944.4,2137.71
2015-12-12,15/9-F-11,24.0,222.65,32.05,1220.87,185155.0,2039.22
2015-12-13,15/9-F-11,24.0,221.89,31.48,1223.58,185179.2,2034.25
2015-12-14,15/9-F-11,24.0,221.71,31.32,1213.2,184107.8,2036.62
2015-12-15,15/9-F-11,24.0,221.54,31.2,1206.37,182628.9,2100.73
2015-12-16,15/9-F-11,24.0,221.48,31.15,1190.22,181285.3,2083.28
2015-12-17,15/9-F-11,24.0,221.46,31.03,1200.1,181690.2,2082.58
2015-12-18,15/9-F-11,24.0,221.48,30.94,1181.96,179810.4,2084.61
2015-12-19,15/9-F-11,24.0,221.49,30.83,1173.04,178160.6,2051.38
2015-12-20,15/9-F-11,24.0,221.55,30.71,1155.77,176443.5,2039.45
2015-12-21,15/9-F-11,24.0,221.69,30.67,1149.91,174919.0,2026.56
2015-12-22,15/9-F-11,24.0,221.81,30.61,1137.37,173305.3,2016.91
2015-12-23,15/9-F-11,24.0,221.53,30.36,1136.43,174003.7,2038.39
2015-12-24,15/9-F-11,24.0,221.55,30.25,1124.81,172918.0,2012.2
2015-12-25,15/9-F-11,24.0,221.71,30.17,1120.24,171000.6,1991.89
2015-12-26,15/9-F-11,24.0,221.8,30.11,1110.87,170762.4,1998.53
2015-12-27,15/9-F-11,24.0,222.18,30.14,1085.91,169793.3,1957.64
2015-12-28,15/9-F-11,24.0,222.13,30.04,1098.33,169318.9,1982.85
2015-12-29,15/9-F-11,24.0,222.23,29.99,1088.75,168391.3,1961.69
2015-12-30,15/9-F-11,24.0,222.37,29.95,1088.15,167901.8,1948.82
2015-12-31,15/9-F-11,24.0,222.49,29.92,1079.58,166964.0,1950.23
2016-01-01,15/9-F-11,24.0,222.58,29.9,1075.6,165528.8,1943.07
2016-01-02,15/9-F-11,24.0,222.98,30.03,1052.84,163451.9,1923.06
2016-01-03,15/9-F-11,21.67,233.82,40.23,767.34,118644.3,1461.53
2016-01-04,15/9-F-11,24.0,237.29,35.9,854.55,138644.9,1921.67
2016-01-05,15/9-F-11,24.0,223.83,30.13,1064.37,171928.5,2102.33
2016-01-06,15/9-F-11,24.0,224.08,30.12,1049.77,170902.0,2263.0
2016-01-07,15/9-F-11,24.0,224.03,30.02,1054.93,170706.2,2104.04
2016-01-08,15/9-F-11,24.0,224.55,30.17,1062.46,170066.2,2138.94
2016-01-09,15/9-F-11,24.0,224.86,30.27,1066.1,170737.8,2140.66
2016-01-10,15/9-F-11,24.0,225.25,30.33,1069.38,171460.7,2157.94
2016-01-11,15/9-F-11,24.0,225.84,30.53,1080.11,172546.3,2168.79
2016-01-12,15/9-F-11,24.0,226.35,30.59,1085.46,173038.0,2213.24
2016-01-13,15/9-F-11,23.33,231.58,32.91,975.22,155523.6,2177.21
2016-01-14,15/9-F-11,24.0,227.36,31.0,1095.77,169011.9,2267.03
2016-01-15,15/9-F-11,24.0,227.02,30.64,1095.24,170527.0,2385.19
2016-01-16,15/9-F-11,24.0,226.88,30.44,1089.1,169034.0,2273.32
2016-01-17,15/9-F-11,24.0,226.81,30.27,1077.76,167246.5,2198.64
2016-01-18,15/9-F-11,24.0,226.99,30.28,1069.7,166538.6,2280.68
2016-01-19,15/9-F-11,24.0,227.36,30.39,1037.73,161070.1,2293.26
2016-01-20,15/9-F-11,20.83,230.96,30.97,884.99,143556.0,2114.17
2016-01-21,15/9-F-11,24.0,230.12,31.72,999.89,155303.0,2256.84
2016-01-22,15/9-F-11,24.0,229.61,31.4,986.66,155543.9,2322.29
2016-01-23,15/9-F-11,24.0,228.16,30.48,1017.71,158225.6,2395.04
2016-01-24,15/9-F-11,24.0,227.29,29.85,1029.68,159352.3,2388.96
2016-01-25,15/9-F-11,22.67,233.26,32.8,1018.58,135336.4,2062.14
2016-01-26,15/9-F-11,24.0,235.56,32.9,909.7,144413.7,2173.57
2016-01-27,15/9-F-11,24.0,227.64,29.87,1047.12,161590.0,2394.98
2016-01-28,15/9-F-11,24.0,227.66,29.75,999.13,156217.5,2378.91
2016-01-29,15/9-F-11,24.0,227.7,29.69,1003.85,155978.3,2376.82
2016-01-30,15/9-F-11,24.0,227.79,29.69,998.54,154966.4,2365.4
2016-01-31,15/9-F-11,24.0,227.78,29.53,983.98,152850.5,2337.94
2016-02-01,15/9-F-11,24.0,227.92,29.59,974.41,152246.2,2339.77
2016-02-02,15/9-F-11,24.0,228.08,29.6,974.86,151368.2,2325.27
2016-02-03,15/9-F-11,24.0,228.27,29.63,958.24,150273.0,2296.42
2016-02-04,15/9-F-11,23.58,234.53,32.19,814.92,128374.0,2013.44
2016-02-05,15/9-F-11,24.0,229.41,30.2,959.73,151336.6,2340.13
2016-02-06,15/9-F-11,24.0,228.36,29.46,964.7,149512.1,2335.44
2016-02-07,15/9-F-11,24.0,228.62,29.48,943.02,149570.2,2317.49
2016-02-08,15/9-F-11,24.0,228.95,29.52,941.1,149517.8,2301.42
2016-02-09,15/9-F-11,24.0,229.3,29.62,945.72,151024.0,2316.08
2016-02-10,15/9-F-11,24.0,229.93,29.84,933.96,144839.6,2275.71
2016-02-11,15/9-F-11,24.0,230.95,30.3,946.58,147398.0,2230.92
2016-02-12,15/9-F-11,24.0,231.27,30.39,894.51,138652.1,2239.04
2016-02-13,15/9-F-11,24.0,231.53,30.41,868.54,135085.1,2235.48
2016-02-14,15/9-F-11,24.0,232.02,30.54,884.88,138758.3,2189.11
2016-02-15,15/9-F-11,24.0,232.13,30.44,881.95,137643.1,2181.24
2016-02-16,15/9-F-11,24.0,232.33,30.44,872.42,136788.5,2172.85
2016-02-17,15/9-F-11,24.0,232.69,30.49,869.87,135689.0,2149.47
2016-02-18,15/9-F-11,24.0,232.9,30.44,854.03,134285.8,2138.62
2016-02-19,15/9-F-11,24.0,232.76,30.28,825.63,129826.3,2180.65
2016-02-20,15/9-F-11,24.0,232.71,30.04,853.38,132602.7,2221.7
2016-02-21,15/9-F-11,24.0,233.11,30.06,812.43,129146.9,2237.4
2016-02-22,15/9-F-11,24.0,232.75,29.69,827.96,132841.7,2303.66
2016-02-23,15/9-F-11,24.0,233.31,29.81,827.24,132311.0,2326.03
2016-02-24,15/9-F-11,24.0,233.82,29.88,824.52,131278.0,2363.68
2016-02-25,15/9-F-11,24.0,234.89,30.26,841.92,133358.2,2411.61
2016-02-26,15/9-F-11,24.0,233.65,29.46,915.13,147874.4,2487.13
2016-02-27,15/9-F-11,24.0,234.3,29.59,909.45,147291.6,2492.45
2016-02-28,15/9-F-11,24.0,235.08,29.8,920.21,147646.3,2499.41
2016-02-29,15/9-F-11,24.0,235.61,29.9,913.26,146747.6,2688.87
2016-03-01,15/9-F-11,24.0,235.99,29.97,927.68,146112.4,2574.8
2016-03-02,15/9-F-11,24.0,236.28,29.87,914.24,144265.0,2569.48
2016-03-03,15/9-F-11,24.0,236.46,29.82,904.67,143697.4,2556.76
2016-03-04,15/9-F-11,24.0,236.59,29.76,897.9,142409.4,2535.46
2016-03-05,15/9-F-11,24.0,236.62,29.66,885.43,140950.3,2539.42
2016-03-06,15/9-F-11,24.0,236.8,29.61,884.02,140177.4,2533.86
2016-03-07,15/9-F-11,24.0,236.9,29.55,874.84,139227.0,2516.59
2016-03-08,15/9-F-11,24.0,237.17,29.58,864.92,138235.3,2498.73
2016-03-09,15/9-F-11,24.0,237.47,29.58,853.72,136698.2,2484.47
2016-03-10,15/9-F-11,24.0,237.65,29.55,853.34,135331.7,2475.0
2016-03-11,15/9-F-11,24.0,237.91,29.53,842.42,134491.7,2459.72
2016-03-12,15/9-F-11,24.0,237.44,29.19,840.27,134232.4,2604.92
2016-03-13,15/9-F-11,24.0,238.82,29.7,810.39,131686.3,2455.91
2016-03-14,15/9-F-11,24.0,237.39,28.9,833.66,133342.8,2508.97
2016-03-15,15/9-F-11,24.0,237.57,28.84,826.61,132562.7,2500.68
2016-03-16,15/9-F-11,24.0,237.76,28.81,836.04,135087.6,2490.25
2016-03-17,15/9-F-11,24.0,237.96,28.77,793.99,127650.0,2335.58
2016-03-18,15/9-F-11,24.0,238.53,28.9,782.53,127825.3,2469.44
2016-03-19,15/9-F-11,24.0,238.51,28.78,775.2,127379.6,2495.74
2016-03-20,15/9-F-11,24.0,238.92,28.84,780.31,126727.7,2488.73
2016-03-21,15/9-F-11,24.0,239.53,29.01,771.82,126124.7,2459.87
2016-03-22,15/9-F-11,24.0,239.68,28.96,747.5,120777.0,2441.02
2016-03-23,15/9-F-11,24.0,240.16,29.05,742.17,119153.1,2445.95
2016-03-24,15/9-F-11,24.0,240.46,29.12,747.21,121174.8,2450.11
2016-03-25,15/9-F-11,24.0,240.51,28.98,751.04,122450.0,2452.38
2016-03-26,15/9-F-11,24.0,241.12,29.17,736.54,121079.6,2418.39
2016-03-27,15/9-F-11,23.0,241.75,29.35,700.36,116437.8,2299.06
2016-03-28,15/9-F-11,24.0,242.06,29.36,719.31,119073.8,2389.83
2016-03-29,15/9-F-11,24.0,242.19,29.24,724.26,118661.9,2404.39
2016-03-30,15/9-F-11,24.0,242.44,29.22,707.54,115900.9,2406.31
2016-03-31,15/9-F-11,24.0,243.16,29.37,693.73,113114.5,2375.14
2016-04-01,15/9-F-11,24.0,243.58,29.45,681.67,110850.2,2363.1
2016-04-02,15/9-F-11,24.0,243.85,29.43,671.45,110553.5,2362.07
2016-04-03,15/9-F-11,24.0,243.85,29.3,675.8,110577.4,2359.33
2016-04-04,15/9-F-11,24.0,243.62,29.02,676.6,109918.1,2501.3
2016-04-05,15/9-F-11,24.0,243.6,28.86,674.13,110429.1,2396.18
2016-04-06,15/9-F-11,22.83,248.96,29.65,557.55,93813.6,2068.95
2016-04-07,15/9-F-11,24.0,244.29,28.72,669.68,107918.3,2478.93
2016-04-08,15/9-F-11,24.0,243.47,28.26,618.92,102120.3,2332.6
2016-04-09,15/9-F-11,24.0,243.79,28.19,603.35,99457.3,2307.14
2016-04-10,15/9-F-11,24.0,244.16,28.13,599.95,97910.7,2283.16
2016-04-11,15/9-F-11,24.0,244.44,28.11,586.37,97677.3,2276.65
2016-04-12,15/9-F-11,24.0,244.71,28.06,568.36,94517.2,2270.49
2016-04-13,15/9-F-11,24.0,244.84,28.05,567.41,93994.4,2250.67
2016-04-14,15/9-F-11,24.0,244.89,28.03,571.11,93259.4,2249.48
2016-04-15,15/9-F-11,24.0,244.94,28.02,555.12,92355.6,2244.82
2016-04-16,15/9-F-11,1.99,250.63,32.39,22.74,4418.2,89.71
2016-04-17,15/9-F-11,0.0,295.89,53.98,0.0,0.0,0.0
2016-04-18,15/9-F-11,10.59,285.25,36.54,162.02,28929.6,748.74
2016-04-19,15/9-F-11,24.0,270.86,28.64,303.43,49870.6,3001.3
2016-04-20,15/9-F-11,13.49,268.55,29.09,150.74,25894.0,1525.38
2016-04-21,15/9-F-11,0.0,296.93,30.07,0.0,0.0,0.0
2016-04-22,15/9-F-11,0.0,299.63,50.53,0.0,0.0,0.0
2016-04-23,15/9-F-11,2.17,296.35,62.92,65.06,10464.8,57.36
2016-04-24,15/9-F-11,24.0,271.89,33.45,461.16,74468.2,2705.54
2016-04-25,15/9-F-11,24.0,262.21,28.57,478.79,76829.8,2617.15
2016-04-26,15/9-F-11,24.0,258.74,28.31,488.94,78275.6,2592.85
2016-04-27,15/9-F-11,24.0,256.14,28.2,482.1,77719.9,2550.99
2016-04-28,15/9-F-11,24.0,254.16,28.08,487.26,76632.7,2524.35
2016-04-29,15/9-F-11,24.0,252.99,28.19,524.84,82933.6,2396.44
2016-04-30,15/9-F-11,24.0,251.94,28.17,524.45,82637.8,2376.98
2016-05-01,15/9-F-11,24.0,251.54,28.33,510.73,82378.2,2352.06
2016-05-02,15/9-F-11,24.0,250.96,28.46,529.84,85446.7,2359.56
2016-05-03,15/9-F-11,24.0,250.22,28.19,529.53,84819.0,2378.83
2016-05-04,15/9-F-11,24.0,249.67,28.3,524.89,83657.3,2391.17
2016-05-05,15/9-F-11,24.0,249.32,28.24,528.12,83381.2,2402.22
2016-05-06,15/9-F-11,24.0,249.3,28.35,530.3,83285.5,2385.79
2016-05-07,15/9-F-11,24.0,249.21,28.34,527.97,83621.5,2381.43
2016-05-08,15/9-F-11,24.0,249.17,28.55,526.22,82965.5,2372.06
2016-05-09,15/9-F-11,24.0,249.33,28.47,519.43,82122.3,2388.78
2016-05-10,15/9-F-11,24.0,249.48,28.42,513.3,81198.1,3165.87
2016-05-11,15/9-F-11,24.0,249.57,28.4,511.56,81119.1,2330.39
2016-05-12,15/9-F-11,24.0,249.63,28.39,507.33,80619.6,2330.14
2016-05-13,15/9-F-11,24.0,249.7,28.41,503.72,80010.2,2330.99
2016-05-14,15/9-F-11,24.0,249.72,28.41,499.28,79433.9,2318.74
2016-05-15,15/9-F-11,24.0,250.2,28.66,464.72,74962.1,2174.42
2016-05-16,15/9-F-11,24.0,249.96,28.43,503.05,57998.4,2348.29
2016-05-17,15/9-F-11,24.0,249.97,28.42,494.92,79259.4,2308.3
2016-05-18,15/9-F-11,24.0,250.01,28.41,492.22,79096.0,2298.65
2016-05-19,15/9-F-11,24.0,250.06,28.39,487.62,78564.4,2290.73
2016-05-20,15/9-F-11,24.0,250.11,28.37,486.94,77433.2,2287.37
2016-05-21,15/9-F-11,24.0,250.19,28.37,480.05,76171.2,2314.9
2016-05-22,15/9-F-11,24.0,250.25,28.31,482.26,76804.0,2357.18
2016-05-23,15/9-F-11,24.0,250.33,28.3,484.2,77185.2,2362.24
2016-05-24,15/9-F-11,24.0,250.37,28.29,487.5,77674.6,2357.13
2016-05-25,15/9-F-11,24.0,250.42,28.27,489.56,77696.6,2345.26
2016-05-26,15/9-F-11,24.0,250.37,28.24,489.67,77736.5,2348.37
2016-05-27,15/9-F-11,24.0,250.31,28.2,485.01,77208.1,2345.08
2016-05-28,15/9-F-11,24.0,250.33,28.18,486.67,77524.5,2360.87
2016-05-29,15/9-F-11,24.0,250.33,28.18,482.01,77244.8,2365.04
2016-05-30,15/9-F-11,24.0,250.37,28.17,480.45,76199.2,2349.6
2016-05-31,15/9-F-11,24.0,250.39,28.18,489.68,77897.3,2343.77
2016-06-01,15/9-F-11,24.0,250.37,28.19,489.27,76878.7,2330.61
2016-06-02,15/9-F-11,24.0,250.35,28.2,485.42,77442.2,2349.51
2016-06-03,15/9-F-11,24.0,250.34,28.16,463.16,74343.5,2314.58
2016-06-04,15/9-F-11,24.0,250.38,28.17,489.13,80371.6,2352.64
2016-06-05,15/9-F-11,24.0,250.43,28.16,491.8,80234.8,2360.02
2016-06-06,15/9-F-11,24.0,250.5,28.16,492.54,79982.4,2368.16
2016-06-07,15/9-F-11,24.0,250.54,28.17,494.17,80486.8,2380.55
2016-06-08,15/9-F-11,22.42,253.54,29.82,426.92,69683.9,2036.31
2016-06-09,15/9-F-11,24.0,251.17,28.36,479.12,77818.3,2485.64
2016-06-10,15/9-F-11,24.0,251.03,28.3,493.94,81192.1,2446.06
2016-06-11,15/9-F-11,24.0,250.92,28.25,495.73,80193.0,2404.75
2016-06-12,15/9-F-11,24.0,250.78,28.21,472.0,76026.5,2272.02
2016-06-13,15/9-F-11,24.0,250.74,28.17,494.25,80182.9,2409.77
2016-06-14,15/9-F-11,24.0,250.7,28.15,495.97,79860.7,2409.0
2016-06-15,15/9-F-11,24.0,250.69,28.15,492.73,79493.0,2422.7
2016-06-16,15/9-F-11,24.0,250.66,28.15,496.68,79918.7,2438.6
2016-06-17,15/9-F-11,24.0,250.69,28.15,490.41,78134.9,2418.86
2016-06-18,15/9-F-11,24.0,250.69,28.17,491.08,78573.2,2413.03
2016-06-19,15/9-F-11,24.0,250.69,28.17,491.55,78442.2,2422.69
2016-06-20,15/9-F-11,24.0,247.82,28.19,492.63,78467.3,2418.12
2016-06-21,15/9-F-11,24.0,250.73,28.16,491.13,78381.2,2429.53
2016-06-22,15/9-F-11,24.0,250.76,28.18,490.04,78391.4,2430.07
2016-06-23,15/9-F-11,24.0,250.76,28.17,490.31,78656.2,2454.09
2016-06-24,15/9-F-11,24.0,250.84,28.14,490.94,78364.0,2419.99
2016-06-25,15/9-F-11,24.0,250.87,28.13,487.12,78052.0,2420.74
2016-06-26,15/9-F-11,24.0,250.92,28.14,488.4,78362.9,2422.46
2016-06-27,15/9-F-11,24.0,250.96,28.14,481.51,77240.1,2415.41
2016-06-28,15/9-F-11,24.0,251.05,28.16,485.3,78043.9,2413.07
2016-06-29,15/9-F-11,24.0,251.08,28.13,485.8,78097.9,2417.89
2016-06-30,15/9-F-11,24.0,251.17,28.15,481.56,77815.0,2422.48
2016-07-01,15/9-F-11,24.0,251.38,28.24,488.27,77684.4,2417.32
2016-07-02,15/9-F-11,24.0,251.31,28.13,482.07,77663.2,2427.68
2016-07-03,15/9-F-11,24.0,251.37,28.11,486.12,77218.0,2415.77
2016-07-04,15/9-F-11,24.0,251.41,28.09,477.82,77190.4,2426.64
2016-07-05,15/9-F-11,24.0,251.48,28.09,483.57,77293.4,2413.85
2016-07-06,15/9-F-11,24.0,251.53,28.09,465.8,76843.5,2426.35
2016-07-07,15/9-F-11,24.0,251.61,28.11,480.48,78857.1,2454.82
2016-07-08,15/9-F-11,24.0,251.66,28.12,478.35,78935.4,2452.9
2016-07-09,15/9-F-11,23.5,252.35,28.5,444.4,72610.9,1858.53
2016-07-10,15/9-F-11,24.0,251.6,28.16,472.4,78138.0,2436.16
2016-07-11,15/9-F-11,23.67,252.22,28.5,453.73,74947.8,2338.43
2016-07-12,15/9-F-11,24.0,251.87,28.27,474.35,77265.6,2408.2
2016-07-13,15/9-F-11,24.0,252.22,28.45,470.58,72789.1,2406.02
2016-07-14,15/9-F-11,24.0,251.3,27.27,488.01,78089.9,2410.89
2016-07-15,15/9-F-11,24.0,247.19,24.3,464.35,74336.4,2703.47
2016-07-16,15/9-F-11,24.0,247.27,24.89,502.17,80344.6,2243.62
2016-07-17,15/9-F-11,20.83,253.31,28.31,374.6,59977.0,1525.03
2016-07-18,15/9-F-11,24.0,248.98,25.38,446.26,71429.0,2372.96
2016-07-19,15/9-F-11,24.0,248.32,25.22,470.63,75306.6,2999.25
2016-07-20,15/9-F-11,24.0,248.36,25.17,475.86,76109.0,2776.83
2016-07-21,15/9-F-11,24.0,248.46,25.08,467.17,74752.7,2637.56
2016-07-22,15/9-F-11,24.0,248.49,25.06,445.26,71244.2,2634.52
2016-07-23,15/9-F-11,24.0,248.34,24.89,445.0,71195.8,2660.37
2016-07-24,15/9-F-11,24.0,251.59,24.67,458.61,73375.7,2691.88
2016-07-25,15/9-F-11,24.0,251.23,24.67,458.62,73372.5,2482.95
2016-07-26,15/9-F-11,24.0,251.19,24.57,454.03,72625.0,2418.12
2016-07-27,15/9-F-11,24.0,251.2,24.59,445.56,71291.1,2619.7
2016-07-28,15/9-F-11,24.0,251.36,24.65,451.59,72253.6,2723.75
2016-07-29,15/9-F-11,24.0,251.34,24.63,457.03,71716.1,2757.36
2016-07-30,15/9-F-11,24.0,251.08,24.58,465.67,73786.2,2821.64
2016-07-31,15/9-F-11,24.0,250.92,24.59,456.52,70805.2,2722.15
2016-08-01,15/9-F-11,24.0,250.61,24.58,468.5,71208.1,2639.79
2016-08-02,15/9-F-11,24.0,250.47,24.61,457.4,74712.3,2580.69
2016-08-03,15/9-F-11,24.0,251.14,25.2,442.04,67086.5,3559.67
2016-08-04,15/9-F-11,24.0,252.77,26.4,423.06,75025.5,2951.43
2016-08-05,15/9-F-11,24.0,252.71,26.42,433.87,69581.1,2688.72
2016-08-06,15/9-F-11,24.0,252.61,26.46,422.88,67390.6,2525.48
2016-08-07,15/9-F-11,24.0,252.55,26.54,427.39,72263.1,2534.29
2016-08-08,15/9-F-11,24.0,252.46,26.55,426.3,68311.3,2535.61
2016-08-09,15/9-F-11,23.67,253.35,27.17,398.32,65038.6,2424.53
2016-08-10,15/9-F-11,24.0,252.42,26.64,420.34,68545.4,2494.13
2016-08-11,15/9-F-11,24.0,252.35,26.73,428.54,67865.4,2504.01
2016-08-12,15/9-F-11,24.0,252.3,26.78,439.14,69533.1,3039.16
2016-08-13,15/9-F-11,24.0,252.18,26.71,440.09,70005.9,3162.58
2016-08-14,15/9-F-11,24.0,252.27,26.83,455.37,71126.5,3394.96
2016-08-15,15/9-F-11,24.0,252.34,26.95,468.16,73365.0,3359.15
2016-08-16,15/9-F-11,24.0,252.34,27.09,480.21,75792.9,2930.39
2016-08-17,15/9-F-11,24.0,252.14,27.11,475.69,73499.9,2803.55
2016-08-18,15/9-F-11,24.0,251.95,27.11,485.66,75529.2,2787.65
2016-08-19,15/9-F-11,24.0,251.8,27.11,490.46,76645.1,2764.5
2016-08-20,15/9-F-11,24.0,251.64,27.14,473.86,74998.8,2787.36
2016-08-21,15/9-F-11,24.0,251.59,27.15,492.55,77036.3,2801.62
2016-08-22,15/9-F-11,24.0,251.51,27.18,494.34,77127.2,2780.78
2016-08-23,15/9-F-11,24.0,251.42,27.21,504.33,78762.5,2767.49
2016-08-24,15/9-F-11,24.0,251.33,27.23,502.48,78176.4,2807.14
2016-08-25,15/9-F-11,24.0,251.23,27.2,503.26,79116.6,2808.78
2016-08-26,15/9-F-11,24.0,251.08,27.18,510.85,81524.6,2790.59
2016-08-27,15/9-F-11,24.0,251.13,27.01,539.67,92616.6,2792.56
2016-08-28,15/9-F-11,24.0,251.63,27.02,529.67,90425.9,2816.09
2016-08-29,15/9-F-11,24.0,252.32,26.95,500.07,89285.6,2955.18
2016-08-30,15/9-F-11,24.0,253.78,26.75,507.33,84910.1,3002.12
2016-08-31,15/9-F-11,24.0,253.79,26.73,541.9,84865.6,2972.19
2016-09-01,15/9-F-11,24.0,253.69,26.68,525.86,87749.7,2904.69
2016-09-02,15/9-F-11,24.0,253.66,26.62,498.15,86616.0,2880.41
2016-09-03,15/9-F-11,24.0,253.74,26.65,518.27,87383.9,2842.34
2016-09-04,15/9-F-11,24.0,253.75,26.65,523.42,87504.9,2874.58
2016-09-05,15/9-F-11,24.0,253.8,26.73,514.41,87798.8,2818.44
2016-09-06,15/9-F-11,24.0,253.78,26.8,518.66,88650.4,2807.45
2016-09-07,15/9-F-11,24.0,253.76,26.74,523.9,88563.5,2803.28
2016-09-08,15/9-F-11,24.0,253.76,26.8,526.56,89379.1,2805.26
2016-09-09,15/9-F-11,24.0,253.82,26.87,528.35,89482.0,2806.79
2016-09-10,15/9-F-11,24.0,253.75,26.9,530.82,90470.3,2732.78
2016-09-11,15/9-F-11,24.0,253.73,26.96,533.14,90541.0,3001.22
2016-09-12,15/9-F-11,24.0,253.66,26.98,536.77,90810.0,2963.62
2016-09-13,15/9-F-11,24.0,253.4,27.0,543.81,88042.2,3036.83
2016-09-14,15/9-F-11,24.0,253.21,26.95,541.88,90189.0,2963.49
2016-09-15,15/9-F-11,24.0,252.94,26.9,534.87,91890.1,2838.87
2016-09-16,15/9-F-11,24.0,252.89,26.87,530.27,91579.7,2802.75
2016-09-17,15/9-F-11,8.28,253.55,27.46,180.04,32166.0,896.59
2008-02-12,15/9-F-14,0.0,0.0,0.0,0.0,0.0,0.0
2008-02-13,15/9-F-14,0.0,0.0,0.0,0.0,0.0,0.0
2008-02-14,15/9-F-14,0.0,0.0,0.0,0.0,0.0,0.0
2008-02-15,15/9-F-14,0.0,0.0,0.0,0.0,0.0,0.0
2008-02-16,15/9-F-14,0.0,0.0,0.0,0.0,0.0,0.0
2008-02-17,15/9-F-14,0.0,0.0,0.0,0.0,0.0,0.0
2008-02-18,15/9-F-14,0.0,0.0,0.0,0.0,0.0,0.0
2008-02-19,15/9-F-14,0.0,0.0,0.0,0.0,0.0,0.0
2008-02-20,15/9-F-14,0.0,0.0,0.0,0.0,0.0,0.0
2008-02-21,15/9-F-14,0.0,0.0,0.0,0.0,0.0,0.0
2008-02-22,15/9-F-14,0.0,0.0,0.0,0.0,0.0,0.0
2008-02-23,15/9-F-14,0.0,0.0,0.0,0.0,0.0,0.0
2008-02-24,15/9-F-14,0.0,0.0,0.0,0.0,0.0,0.0
2008-02-25,15/9-F-14,0.0,0.0,0.0,0.0,0.0,0.0
2008-02-26,15/9-F-14,0.0,0.0,0.0,0.0,0.0,0.0
2008-02-27,15/9-F-14,0.0,0.0,0.0,0.0,0.0,0.0
2008-02-28,15/9-F-14,0.0,0.0,0.0,0.0,0.0,0.0
2008-02-29,15/9-F-14,0.0,0.0,0.0,0.0,0.0,0.0
2008-03-01,15/9-F-14,0.0,0.0,0.0,0.0,0.0,0.0
2008-03-02,15/9-F-14,0.0,0.0,0.0,0.0,0.0,0.0
2008-03-03,15/9-F-14,0.0,0.0,0.0,0.0,0.0,0.0
2008-03-04,15/9-F-14,0.0,0.0,0.0,0.0,0.0,0.0
2008-03-05,15/9-F-14,0.0,0.0,0.0,0.0,0.0,0.0
2008-03-06,15/9-F-14,0.0,0.0,0.0,0.0,0.0,0.0
2008-03-07,15/9-F-14,0.0,0.0,0.0,0.0,0.0,0.0
2008-03-08,15/9-F-14,0.0,0.0,0.0,0.0,0.0,0.0
2008-03-09,15/9-F-14,0.0,0.0,0.0,0.0,0.0,0.0
2008-03-10,15/9-F-14,0.0,0.0,0.0,0.0,0.0,0.0
2008-03-11,15/9-F-14,0.0,0.0,0.0,0.0,0.0,0.0
2008-03-12,15/9-F-14,0.0,0.0,0.0,0.0,0.0,0.0
2008-03-13,15/9-F-14,0.0,0.0,0.0,0.0,0.0,0.0
2008-03-14,15/9-F-14,0.0,0.0,0.0,0.0,0.0,0.0
2008-03-15,15/9-F-14,0.0,0.0,0.0,0.0,0.0,0.0
2008-03-16,15/9-F-14,0.0,0.0,0.0,0.0,0.0,0.0
2008-03-17,15/9-F-14,0.0,0.0,0.0,0.0,0.0,0.0
2008-03-18,15/9-F-14,0.0,0.0,0.0,0.0,0.0,0.0
2008-03-19,15/9-F-14,0.0,0.0,0.0,0.0,0.0,0.0
2008-03-20,15/9-F-14,0.0,0.0,0.0,0.0,0.0,0.0
2008-03-21,15/9-F-14,0.0,0.0,0.0,0.0,0.0,0.0
2008-03-22,15/9-F-14,0.0,0.0,0.0,0.0,0.0,0.0
2008-03-23,15/9-F-14,0.0,0.0,0.0,0.0,0.0,0.0
2008-03-24,15/9-F-14,0.0,0.0,0.0,0.0,0.0,0.0
2008-03-25,15/9-F-14,0.0,0.0,0.0,0.0,0.0,0.0
2008-03-26,15/9-F-14,0.0,0.0,0.0,0.0,0.0,0.0
2008-03-27,15/9-F-14,0.0,0.0,0.0,0.0,0.0,0.0
2008-03-28,15/9-F-14,0.0,0.0,0.0,0.0,0.0,0.0
2008-03-29,15/9-F-14,0.0,0.0,0.0,0.0,0.0,0.0
2008-03-30,15/9-F-14,0.0,0.0,0.0,0.0,0.0,0.0
2008-03-31,15/9-F-14,0.0,0.0,0.0,0.0,0.0,0.0
2008-04-01,15/9-F-14,0.0,0.0,0.0,0.0,0.0,0.0
2008-04-02,15/9-F-14,0.0,0.0,0.0,0.0,0.0,0.0
2008-04-03,15/9-F-14,0.0,0.0,0.0,0.0,0.0,0.0
2008-04-04,15/9-F-14,0.0,0.0,0.0,0.0,0.0,0.0
2008-04-05,15/9-F-14,0.0,0.0,0.0,0.0,0.0,0.0
2008-04-06,15/9-F-14,0.0,0.0,0.0,0.0,0.0,0.0
2008-04-07,15/9-F-14,0.0,0.0,0.0,0.0,0.0,0.0
2008-04-08,15/9-F-14,0.0,0.0,0.0,0.0,0.0,0.0
2008-04-09,15/9-F-14,0.0,0.0,0.0,0.0,0.0,0.0
2008-04-10,15/9-F-14,0.0,0.0,0.0,0.0,0.0,0.0
2008-04-11,15/9-F-14,0.0,0.0,0.0,0.0,0.0,0.0
2008-04-12,15/9-F-14,0.0,0.0,0.0,0.0,0.0,0.0
2008-04-13,15/9-F-14,0.0,0.0,0.0,0.0,0.0,0.0
2008-04-14,15/9-F-14,0.0,0.0,0.0,0.0,0.0,0.0
2008-04-15,15/9-F-14,0.0,0.0,0.0,0.0,0.0,0.0
2008-04-16,15/9-F-14,0.0,0.0,0.0,0.0,0.0,0.0
2008-04-17,15/9-F-14,0.0,0.0,0.0,0.0,0.0,0.0
2008-04-18,15/9-F-14,0.0,0.0,0.0,0.0,0.0,0.0
2008-04-19,15/9-F-14,0.0,0.0,0.0,0.0,0.0,0.0
2008-04-20,15/9-F-14,0.0,0.0,0.0,0.0,0.0,0.0
2008-04-21,15/9-F-14,0.0,0.0,0.0,0.0,0.0,0.0
2008-04-22,15/9-F-14,0.0,0.0,0.0,0.0,0.0,0.0
2008-04-23,15/9-F-14,0.0,0.0,0.0,0.0,0.0,0.0
2008-04-24,15/9-F-14,0.0,0.0,0.0,0.0,0.0,0.0
2008-04-25,15/9-F-14,0.0,0.0,0.0,0.0,0.0,0.0
2008-04-26,15/9-F-14,0.0,0.0,0.0,0.0,0.0,0.0
2008-04-27,15/9-F-14,0.0,0.0,0.0,0.0,0.0,0.0
2008-04-29,15/9-F-14,0.0,0.0,0.0,0.0,0.0,0.0
2008-04-30,15/9-F-14,0.0,0.0,0.0,0.0,0.0,0.0
2008-05-01,15/9-F-14,0.0,0.0,0.0,0.0,0.0,0.0
2008-05-02,15/9-F-14,0.0,0.0,0.0,0.0,0.0,0.0
2008-05-03,15/9-F-14,0.0,0.0,0.0,0.0,0.0,0.0
2008-05-04,15/9-F-14,0.0,0.0,0.0,0.0,0.0,0.0
2008-05-05,15/9-F-14,0.0,0.0,0.0,0.0,0.0,0.0
2008-05-06,15/9-F-14,0.0,0.0,0.0,0.0,0.0,0.0
2008-05-07,15/9-F-14,0.0,0.0,0.0,0.0,0.0,0.0
2008-05-08,15/9-F-14,0.0,0.0,0.0,0.0,0.0,0.0
2008-05-09,15/9-F-14,0.0,0.0,0.0,0.0,0.0,0.0
2008-05-10,15/9-F-14,0.0,0.0,0.0,0.0,0.0,0.0
2008-05-11,15/9-F-14,0.0,0.0,0.0,0.0,0.0,0.0
2008-05-12,15/9-F-14,0.0,0.0,0.0,0.0,0.0,0.0
2008-05-13,15/9-F-14,0.0,0.0,0.0,0.0,0.0,0.0
2008-05-14,15/9-F-14,0.0,0.0,0.0,0.0,0.0,0.0
2008-05-15,15/9-F-14,0.0,0.0,0.0,0.0,0.0,0.0
2008-05-16,15/9-F-14,0.0,0.0,0.0,0.0,0.0,0.0
2008-05-17,15/9-F-14,0.0,0.0,0.0,0.0,0.0,0.0
2008-05-18,15/9-F-14,0.0,0.0,0.0,0.0,0.0,0.0
2008-05-19,15/9-F-14,0.0,0.0,0.0,0.0,0.0,0.0
2008-05-20,15/9-F-14,0.0,117.5,0.0,0.0,0.0,0.0
2008-05-21,15/9-F-14,0.0,240.01,0.0,0.0,0.0,0.0
2008-05-22,15/9-F-14,0.0,97.36,0.0,0.0,0.0,0.0
2008-05-23,15/9-F-14,0.0,0.0,0.0,0.0,0.0,0.0
2008-05-24,15/9-F-14,0.0,0.0,0.0,0.0,0.0,0.0
2008-05-25,15/9-F-14,0.0,0.0,0.0,0.0,0.0,0.0
2008-05-26,15/9-F-14,0.0,0.0,0.0,0.0,0.0,0.0
2008-05-27,15/9-F-14,0.0,0.0,0.0,0.0,0.0,0.0
2008-05-28,15/9-F-14,0.0,0.0,0.0,0.0,0.0,0.0
2008-05-29,15/9-F-14,0.0,0.0,0.0,0.0,0.0,0.0
2008-05-30,15/9-F-14,0.0,0.0,0.0,0.0,0.0,0.0
2008-05-31,15/9-F-14,0.0,0.0,0.0,0.0,0.0,0.0
2008-06-01,15/9-F-14,0.0,0.0,0.0,0.0,0.0,0.0
2008-06-02,15/9-F-14,0.0,0.0,0.0,0.0,0.0,0.0
2008-06-03,15/9-F-14,0.0,0.0,0.0,0.0,0.0,0.0
2008-06-04,15/9-F-14,0.0,0.0,0.0,0.0,0.0,0.0
2008-06-05,15/9-F-14,0.0,0.0,0.0,0.0,0.0,0.0
2008-06-06,15/9-F-14,0.0,0.0,0.0,0.0,0.0,0.0
2008-06-07,15/9-F-14,0.0,0.0,0.0,0.0,0.0,0.0
2008-06-08,15/9-F-14,0.0,0.0,0.0,0.0,0.0,0.0
2008-06-09,15/9-F-14,0.0,0.0,0.0,0.0,0.0,0.0
2008-06-10,15/9-F-14,0.0,0.0,0.0,0.0,0.0,0.0
2008-06-11,15/9-F-14,0.0,0.0,0.0,0.0,0.0,0.0
2008-06-12,15/9-F-14,0.0,0.0,0.0,0.0,0.0,0.0
2008-06-13,15/9-F-14,0.0,0.0,0.0,0.0,0.0,0.0
2008-06-14,15/9-F-14,0.0,0.0,0.0,0.0,0.0,0.0
2008-06-15,15/9-F-14,0.0,0.0,0.0,0.0,0.0,0.0
2008-06-16,15/9-F-14,0.0,0.0,0.0,0.0,0.0,0.0
2008-06-17,15/9-F-14,0.0,0.0,0.0,0.0,0.0,0.0
2008-06-18,15/9-F-14,0.0,0.0,0.0,0.0,0.0,0.0
2008-06-19,15/9-F-14,0.0,0.0,0.0,0.0,0.0,0.0
2008-06-20,15/9-F-14,0.0,0.0,0.0,0.0,0.0,0.0
2008-06-21,15/9-F-14,0.0,0.0,0.0,0.0,0.0,0.0
2008-06-22,15/9-F-14,0.0,0.0,0.0,0.0,0.0,0.0
2008-06-23,15/9-F-14,0.0,0.0,0.0,0.0,0.0,0.0
2008-06-24,15/9-F-14,0.0,0.0,0.0,0.0,0.0,0.0
2008-06-25,15/9-F-14,0.0,0.0,0.0,0.0,0.0,0.0
2008-06-26,15/9-F-14,0.0,0.0,0.0,0.0,0.0,0.0
2008-06-27,15/9-F-14,0.0,0.0,0.0,0.0,0.0,0.0
2008-06-28,15/9-F-14,0.0,0.0,0.0,0.0,0.0,0.0
2008-06-29,15/9-F-14,0.0,0.86,0.0,0.0,0.0,0.0
2008-06-30,15/9-F-14,0.0,149.56,0.0,0.0,0.0,0.0
2008-07-01,15/9-F-14,0.0,260.2,3.48,0.0,0.0,0.0
2008-07-02,15/9-F-14,0.0,261.1,4.89,0.0,0.0,0.0
2008-07-03,15/9-F-14,0.0,264.62,1.27,0.0,0.0,0.0
2008-07-04,15/9-F-14,0.0,255.96,2.39,0.0,0.0,0.0
2008-07-05,15/9-F-14,0.0,262.05,2.95,0.0,0.0,0.0
2008-07-06,15/9-F-14,0.0,260.47,12.1,0.0,0.0,0.0
2008-07-07,15/9-F-14,0.0,255.44,9.78,0.0,0.0,0.0
2008-07-08,15/9-F-14,0.0,259.08,11.73,0.0,0.0,0.0
2008-07-09,15/9-F-14,0.0,266.4,35.61,0.0,0.0,0.0
2008-07-10,15/9-F-14,0.0,267.52,11.63,0.0,0.0,0.0
2008-07-11,15/9-F-14,0.0,266.36,53.74,0.0,0.0,0.0
2008-07-12,15/9-F-14,0.0,267.68,21.77,0.0,0.0,0.0
2008-07-13,15/9-F-14,24.0,260.87,100.71,1735.26,252235.2,4.0
2008-07-14,15/9-F-14,5.57,256.25,99.6,592.36,88949.0,1.37
2008-07-15,15/9-F-14,24.0,254.98,98.65,2532.21,373786.3,5.84
2008-07-16,15/9-F-14,24.0,251.48,95.66,3030.71,447840.1,9.13
2008-07-17,15/9-F-14,24.0,249.35,93.59,3288.08,474614.4,7.58
2008-07-18,15/9-F-14,24.0,251.5,96.22,2780.06,410359.8,11.05
2008-07-19,15/9-F-14,24.0,251.51,96.15,2774.38,420865.0,6.4
2008-07-20,15/9-F-14,24.0,251.46,96.11,2791.01,408766.4,6.43
2008-07-21,15/9-F-14,24.0,251.72,96.49,2743.1,402199.6,6.32
2008-07-22,15/9-F-14,24.0,251.86,96.69,2717.44,399221.0,6.45
2008-07-23,15/9-F-14,24.0,251.92,96.73,2745.51,403771.0,6.38
2008-07-24,15/9-F-14,24.0,251.85,96.66,2762.59,413309.7,6.4
2008-07-25,15/9-F-14,24.0,251.87,96.29,2763.68,402430.0,6.43
2008-07-26,15/9-F-14,24.0,251.85,96.44,2759.3,404995.2,6.39
2008-07-27,15/9-F-14,24.0,251.91,96.5,2732.34,400145.0,6.28
2008-07-28,15/9-F-14,24.0,251.95,96.58,2762.74,405191.1,6.35
2008-07-29,15/9-F-14,24.0,252.59,97.31,2670.67,391242.7,8.82
2008-07-30,15/9-F-14,24.0,246.95,89.49,3553.37,519135.0,8.19
2008-07-31,15/9-F-14,24.0,247.19,89.78,3550.27,519804.4,6.36
2008-08-01,15/9-F-14,24.0,250.44,94.45,3118.92,457661.8,5.0
2008-08-02,15/9-F-14,24.0,250.54,90.04,3057.91,449222.7,4.29
2008-08-03,15/9-F-14,24.0,250.44,94.29,3111.44,455831.0,4.67
2008-08-04,15/9-F-14,22.5,250.18,94.19,3019.3,441240.5,4.54
2008-08-05,15/9-F-14,24.0,250.29,94.11,3135.89,457771.8,4.72
2008-08-06,15/9-F-14,7.79,251.12,94.99,911.43,134051.2,1.37
2008-08-08,15/9-F-14,11.4,259.49,98.03,724.97,99367.9,1.09
2008-08-09,15/9-F-14,24.0,247.85,90.64,3821.01,526296.6,5.68
2008-08-10,15/9-F-14,24.0,244.98,87.77,4148.94,575329.6,6.27
2008-08-11,15/9-F-14,24.0,244.31,87.4,4118.03,570958.9,6.17
2008-08-12,15/9-F-14,24.0,244.05,87.28,4126.78,575615.7,6.2
2008-08-13,15/9-F-14,24.0,243.91,87.6,3941.15,549953.1,7.54
2008-08-14,15/9-F-14,24.0,244.31,88.11,3676.28,549990.9,23.12
2008-08-15,15/9-F-14,24.0,244.31,88.84,3603.11,539411.9,38.42
2008-08-16,15/9-F-14,24.0,242.79,86.93,3578.92,522217.2,31.26
2008-08-17,15/9-F-14,24.0,241.22,85.48,3723.19,543934.1,36.88
2008-08-18,15/9-F-14,24.0,240.45,85.24,3666.19,553186.0,12.37
2008-08-19,15/9-F-14,24.0,239.37,84.37,3719.87,560845.2,6.89
2008-08-20,15/9-F-14,24.0,238.4,83.67,4032.64,589848.5,7.67
2008-08-21,15/9-F-14,17.88,237.67,82.98,2911.25,423612.0,5.54
2008-08-22,15/9-F-14,0.0,255.61,0.0,0.0,0.0,0.0
2008-08-23,15/9-F-14,0.0,256.77,0.02,0.0,0.0,0.0
2008-08-24,15/9-F-14,0.0,257.79,0.0,0.0,0.0,0.0
2008-08-25,15/9-F-14,0.0,258.76,0.0,0.0,0.0,0.0
2008-08-26,15/9-F-14,0.0,259.73,0.0,0.0,0.0,0.0
2008-08-27,15/9-F-14,0.0,260.34,0.01,0.0,0.0,0.0
2008-08-28,15/9-F-14,0.0,260.32,35.86,0.0,0.0,0.0
2008-08-29,15/9-F-14,0.0,260.27,99.79,0.0,0.0,0.0
2008-08-30,15/9-F-14,0.0,260.24,87.47,0.0,0.0,0.0
2008-08-31,15/9-F-14,14.83,252.35,95.64,1473.98,204185.7,2.84
2008-09-01,15/9-F-14,0.0,260.72,101.67,0.0,0.0,0.0
2008-09-02,15/9-F-14,15.29,252.33,96.04,1345.44,187673.2,0.79
2008-09-03,15/9-F-14,24.0,252.19,97.32,2164.78,298774.4,0.8
2008-09-04,15/9-F-14,24.0,252.29,97.48,2186.74,302139.4,0.86
2008-09-05,15/9-F-14,24.0,252.37,97.16,2230.26,305847.4,0.81
2008-09-06,15/9-F-14,16.88,252.8,97.56,1442.19,199286.1,0.75
2008-09-07,15/9-F-14,0.0,262.17,0.32,0.0,0.0,0.0
2008-09-08,15/9-F-14,19.46,252.92,96.87,1729.8,238728.1,1.23
2008-09-09,15/9-F-14,24.0,252.37,97.33,2272.65,194403.2,1.11
2008-09-10,15/9-F-14,24.0,241.05,82.2,4378.15,641009.7,5.68
2008-09-11,15/9-F-14,24.0,237.06,77.01,4813.99,700783.7,8.17
2008-09-12,15/9-F-14,24.0,235.65,76.22,4789.59,705461.8,8.14
2008-09-13,15/9-F-14,24.0,233.44,74.26,4925.62,720884.4,6.44
2008-09-14,15/9-F-14,24.0,231.42,72.72,4963.82,724921.6,7.44
2008-09-15,15/9-F-14,24.0,229.8,71.71,4970.38,724705.1,7.47
2008-09-16,15/9-F-14,24.0,227.75,70.28,4982.77,724441.0,7.45
2008-09-17,15/9-F-14,24.0,225.02,68.3,5003.65,724363.2,7.01
2008-09-18,15/9-F-14,24.0,230.3,76.39,3949.42,571257.6,17.27
2008-09-19,15/9-F-14,24.0,227.72,74.06,4169.6,603265.9,5.54
2008-09-20,15/9-F-14,24.0,216.82,60.52,5353.53,765203.9,5.69
2008-09-21,15/9-F-14,22.33,220.15,65.31,4520.52,643642.0,6.34
2008-09-22,15/9-F-14,22.58,217.29,62.79,4689.72,668820.0,19.31
2008-09-23,15/9-F-14,24.0,213.48,58.93,5290.92,753658.4,20.73
2008-09-24,15/9-F-14,24.0,211.8,57.86,5336.6,757018.3,7.49
2008-09-25,15/9-F-14,24.0,212.72,60.15,4880.31,733460.1,20.56
2008-09-26,15/9-F-14,24.0,209.01,55.69,5453.84,773865.6,29.58
2008-09-27,15/9-F-14,24.0,211.5,58.94,4902.39,705250.9,45.51
2008-09-28,15/9-F-14,24.0,209.36,56.75,5156.66,736404.9,18.84
2008-09-29,15/9-F-14,24.0,207.53,54.9,5410.73,766070.8,10.11
2008-09-30,15/9-F-14,18.17,214.28,61.85,3282.19,469174.1,4.61
2008-10-01,15/9-F-14,24.0,207.69,55.76,5319.83,754940.8,7.42
2008-10-02,15/9-F-14,24.0,207.08,55.53,5569.54,789974.7,1.8
2008-10-03,15/9-F-14,24.0,206.51,55.26,5281.92,748824.8,1.58
2008-10-04,15/9-F-14,24.0,207.67,57.33,4954.21,724471.6,1.74
2008-10-05,15/9-F-14,24.0,205.6,54.78,5419.56,766948.9,1.7
2008-10-06,15/9-F-14,22.17,215.26,66.56,3485.34,484446.8,1.11
2008-10-07,15/9-F-14,24.0,212.02,63.52,4222.5,599591.3,2.58
2008-10-08,15/9-F-14,24.0,211.9,63.64,4208.55,598520.0,3.52
2008-10-09,15/9-F-14,24.0,211.82,63.64,4201.86,596697.5,4.74
2008-10-10,15/9-F-14,24.0,211.81,63.63,4206.55,598685.2,2.9
2008-10-11,15/9-F-14,24.0,211.87,63.69,4231.88,603345.1,4.94
2008-10-12,15/9-F-14,24.0,212.11,63.93,4195.09,594618.0,4.01
2008-10-13,15/9-F-14,24.0,211.94,63.76,4208.9,595052.3,3.52
2008-10-14,15/9-F-14,24.0,212.02,63.94,4210.83,594860.2,1.71
2008-10-15,15/9-F-14,24.0,212.14,64.17,4187.33,593455.8,3.49
2008-10-16,15/9-F-14,24.0,211.97,64.1,4194.08,594050.4,3.5
2008-10-17,15/9-F-14,24.0,211.84,64.04,4206.38,594347.1,3.5
2008-10-18,15/9-F-14,24.0,209.83,60.81,4753.55,677616.5,4.44
2008-10-19,15/9-F-14,24.0,210.61,61.54,4440.16,625988.2,3.88
2008-10-20,15/9-F-14,24.0,211.1,61.86,4429.04,628127.8,3.89
2008-10-21,15/9-F-14,24.0,211.64,62.15,4435.34,627682.4,1.83
2008-10-22,15/9-F-14,24.0,212.13,62.47,4613.81,659793.5,4.8
2008-10-23,15/9-F-14,24.0,211.75,62.07,4652.96,663983.0,3.23
2008-10-24,15/9-F-14,24.0,211.58,61.77,4675.7,669780.9,4.2
2008-10-25,15/9-F-14,24.0,212.55,62.79,4633.71,662716.1,1.42
2008-10-26,15/9-F-14,25.0,214.03,64.51,4608.81,657672.8,1.54
2008-10-27,15/9-F-14,24.0,214.21,64.85,4429.46,643534.9,2.73
2008-10-28,15/9-F-14,24.0,209.14,57.42,5123.01,733730.3,3.48
2008-10-29,15/9-F-14,23.33,211.47,59.28,4793.27,688368.0,3.69
2008-10-30,15/9-F-14,24.0,207.4,54.61,5460.78,778382.2,3.27
2008-10-31,15/9-F-14,24.0,206.57,54.19,5463.11,776658.9,5.09
2008-11-01,15/9-F-14,22.83,211.14,59.07,4645.38,654580.1,5.5
2008-11-02,15/9-F-14,23.0,218.99,67.13,3731.52,531070.7,2.34
2008-11-03,15/9-F-14,24.0,221.1,72.56,3475.8,507041.2,2.2
2008-11-04,15/9-F-14,24.0,221.31,72.64,3460.92,498542.5,1.33
2008-11-05,15/9-F-14,24.0,221.06,72.69,3458.27,489500.3,2.11
2008-11-06,15/9-F-14,24.0,221.62,73.12,3403.18,487984.3,2.5
2008-11-07,15/9-F-14,24.0,223.79,75.48,3310.61,469642.2,2.75
2008-11-08,15/9-F-14,24.0,223.88,75.52,3354.77,476607.2,2.5
2008-11-09,15/9-F-14,24.0,223.26,74.67,3502.6,497111.3,2.85
2008-11-10,15/9-F-14,24.0,223.78,75.14,3464.41,492344.5,2.43
2008-11-11,15/9-F-14,24.0,223.84,74.91,3492.99,495927.2,0.85
2008-11-12,15/9-F-14,24.0,224.02,75.19,3482.0,496461.7,2.91
2008-11-13,15/9-F-14,24.0,224.32,75.41,3499.81,497727.7,1.04
2008-11-14,15/9-F-14,24.0,224.56,75.55,3498.89,497601.8,0.9
2008-11-15,15/9-F-14,24.0,224.8,75.71,3508.48,499260.8,0.81
2008-11-16,15/9-F-14,24.0,225.0,75.92,3501.06,498776.5,0.89
2008-11-17,15/9-F-14,24.0,225.03,75.67,3526.54,502342.6,0.84
2008-11-18,15/9-F-14,24.0,224.53,75.73,3481.63,496976.9,0.61
2008-11-19,15/9-F-14,24.0,223.81,75.26,3462.83,493744.2,1.3
2008-11-20,15/9-F-14,24.0,224.0,75.2,3489.61,497824.4,0.88
2008-11-21,15/9-F-14,24.0,224.19,75.18,3424.06,486907.0,70.68
2008-11-22,15/9-F-14,24.0,224.69,75.24,3580.99,513287.7,48.62
2008-11-23,15/9-F-14,24.0,226.23,76.65,3234.99,460596.1,6.33
2008-11-24,15/9-F-14,24.0,225.77,76.35,3378.11,486266.3,4.39
2008-11-25,15/9-F-14,24.0,224.75,75.12,3661.02,525715.9,12.45
2008-11-26,15/9-F-14,24.0,224.06,73.78,3853.4,553829.9,1.56
2008-11-27,15/9-F-14,24.0,224.56,74.35,3833.27,553351.6,3.73
2008-11-28,15/9-F-14,24.0,236.44,85.61,1780.74,244692.2,0.44
2008-11-29,15/9-F-14,24.0,230.21,79.35,3100.68,451496.5,3.04
2008-11-30,15/9-F-14,24.0,227.68,76.61,3811.05,548808.8,1.11
2008-12-01,15/9-F-14,24.0,230.05,78.7,3333.32,483082.2,1.26
2008-12-02,15/9-F-14,24.0,232.06,80.49,3203.92,463731.9,2.41
2008-12-03,15/9-F-14,24.0,230.67,79.42,3625.36,524348.4,2.6
2008-12-04,15/9-F-14,24.0,231.25,79.74,3571.27,514993.4,2.27
2008-12-05,15/9-F-14,24.0,231.75,79.94,3629.64,522042.9,2.68
2008-12-06,15/9-F-14,24.0,232.25,80.29,3663.25,528911.8,2.63
2008-12-07,15/9-F-14,24.0,232.75,80.64,3687.91,533632.6,2.27
2008-12-08,15/9-F-14,24.0,233.32,81.08,3652.2,498323.7,2.64
2008-12-09,15/9-F-14,24.0,233.24,80.74,3687.36,510228.3,0.98
2008-12-10,15/9-F-14,24.0,233.77,81.26,3685.38,534315.9,0.91
2008-12-11,15/9-F-14,24.0,234.82,82.24,3526.36,509272.5,1.15
2008-12-12,15/9-F-14,24.0,234.47,81.54,3679.89,532148.7,1.59
2008-12-13,15/9-F-14,24.0,234.91,81.5,3712.64,534748.0,1.1
2008-12-14,15/9-F-14,24.0,235.53,81.86,3720.13,537613.0,3.46
2008-12-15,15/9-F-14,24.0,236.25,82.51,3676.11,537083.1,0.98
2008-12-16,15/9-F-14,24.0,237.42,83.58,3604.86,528566.0,3.34
2008-12-17,15/9-F-14,24.0,238.39,84.36,3548.88,520006.5,4.15
2008-12-18,15/9-F-14,24.0,238.92,84.7,3622.37,529434.2,3.74
2008-12-19,15/9-F-14,24.0,239.78,85.28,3608.76,527810.5,4.48
2008-12-20,15/9-F-14,24.0,240.99,86.4,3524.44,516367.9,4.36
2008-12-21,15/9-F-14,24.0,242.07,87.26,3492.51,508709.4,4.13
2008-12-22,15/9-F-14,24.0,242.88,87.87,3478.92,506383.1,4.28
2008-12-23,15/9-F-14,24.0,243.61,88.14,3473.27,505086.1,0.86
2008-12-24,15/9-F-14,24.0,244.11,88.28,3494.08,507980.3,0.91
2008-12-25,15/9-F-14,24.0,244.93,88.98,3484.95,507316.8,0.9
2008-12-26,15/9-F-14,24.0,245.58,89.42,3499.21,508942.3,1.26
2008-12-27,15/9-F-14,24.0,246.17,89.81,3422.04,499431.1,1.33
2008-12-28,15/9-F-14,24.0,246.88,90.21,3494.29,509670.6,0.94
2008-12-29,15/9-F-14,24.0,247.71,90.73,3476.12,506836.2,0.93
2008-12-30,15/9-F-14,24.0,248.53,91.33,3451.08,503361.5,1.09
2008-12-31,15/9-F-14,24.0,248.98,91.54,3468.76,505874.6,0.91
2009-01-01,15/9-F-14,24.0,249.41,91.61,3478.64,506024.4,2.54
2009-01-02,15/9-F-14,24.0,250.7,92.89,3363.8,488365.6,0.81
2009-01-03,15/9-F-14,18.17,251.82,93.55,2216.9,323603.1,3.42
2009-01-04,15/9-F-14,24.0,250.74,93.03,3347.77,484832.7,0.78
2009-01-05,15/9-F-14,24.0,250.45,92.31,3495.8,506288.6,1.61
2009-01-06,15/9-F-14,21.0,250.79,93.03,2649.25,386193.5,1.51
2009-01-07,15/9-F-14,24.0,,93.35,3309.88,491311.1,1.51
2009-01-08,15/9-F-14,24.0,,95.86,3054.02,440434.9,0.79
2009-01-09,15/9-F-14,24.0,,98.48,2627.22,377384.0,0.66
2009-01-10,15/9-F-14,24.0,,95.67,3259.45,468775.5,0.87
2009-01-11,15/9-F-14,24.0,,94.56,3360.25,483460.1,0.91
2009-01-12,15/9-F-14,24.0,,92.04,3622.1,520625.5,1.02
2009-01-13,15/9-F-14,24.0,247.99,89.52,3920.6,561182.2,3.35
2009-01-14,15/9-F-14,24.0,251.53,90.66,3827.53,547774.3,2.66
2009-01-15,15/9-F-14,24.0,252.12,90.98,4449.03,639914.2,48.44
2009-01-16,15/9-F-14,24.0,252.55,91.17,4595.56,660380.0,59.33
2009-01-17,15/9-F-14,24.0,253.67,92.21,4386.22,641965.5,27.68
2009-01-18,15/9-F-14,24.0,253.67,91.75,4580.12,659836.9,43.97
2009-01-19,15/9-F-14,24.0,253.96,91.96,4621.01,663577.9,17.76
2009-01-20,15/9-F-14,24.0,254.36,92.3,4634.87,666607.9,11.93
2009-01-21,15/9-F-14,22.65,255.12,92.8,4162.58,599459.2,27.72
2009-01-22,15/9-F-14,23.51,256.61,94.42,3996.66,616437.5,57.89
2009-01-23,15/9-F-14,24.0,255.89,93.5,4479.0,643344.4,18.03
2009-01-24,15/9-F-14,24.0,256.37,93.88,4459.69,651056.9,25.32
2009-01-25,15/9-F-14,24.0,256.7,94.02,4519.77,647831.6,26.16
2009-01-26,15/9-F-14,24.0,257.02,93.91,4522.95,650030.8,52.77
2009-01-27,15/9-F-14,24.0,257.52,94.42,4526.29,650522.9,57.91
2009-01-28,15/9-F-14,14.18,258.44,94.97,2486.86,360902.2,38.57
2009-01-29,15/9-F-14,5.66,265.12,101.22,559.58,82493.8,88.51
2009-01-30,15/9-F-14,24.0,257.44,94.15,4535.43,649388.1,298.19
2009-01-31,15/9-F-14,24.0,257.7,94.48,4523.83,648450.3,55.17
2009-02-01,15/9-F-14,15.0,259.9,96.22,2266.89,328221.4,43.92
2009-02-02,15/9-F-14,24.0,258.13,94.78,4534.47,648416.8,64.06
2009-02-03,15/9-F-14,24.0,258.48,95.04,4536.97,647736.3,69.52
2009-02-04,15/9-F-14,5.83,270.12,104.72,384.26,56516.4,53.31
2009-02-05,15/9-F-14,24.0,259.16,95.5,4417.62,630778.2,81.55
2009-02-06,15/9-F-14,24.0,258.77,95.07,4501.76,646118.8,81.78
2009-02-07,15/9-F-14,24.0,259.32,95.01,4501.18,644354.4,66.28
2009-02-08,15/9-F-14,24.0,260.2,95.82,4669.97,664681.9,71.29
2009-02-09,15/9-F-14,24.0,263.45,99.62,3723.99,531370.5,85.72
2009-02-10,15/9-F-14,24.0,260.98,96.75,4416.34,659901.0,68.04
2009-02-11,15/9-F-14,24.0,261.48,97.13,4379.88,629307.3,143.54
2009-02-12,15/9-F-14,24.0,261.77,97.21,4440.7,631954.8,74.24
2009-02-13,15/9-F-14,21.75,263.82,99.08,3573.58,506865.1,91.37
2009-02-14,15/9-F-14,24.0,261.77,96.48,4618.77,652096.6,80.78
2009-02-15,15/9-F-14,24.0,262.42,97.19,4493.98,639392.2,88.04
2009-02-16,15/9-F-14,22.0,263.53,98.03,3907.94,554563.5,84.73
2009-02-17,15/9-F-14,24.0,263.05,97.41,4526.91,644169.1,95.76
2009-02-18,15/9-F-14,24.0,263.5,97.58,4515.1,641145.2,91.87
2009-02-19,15/9-F-14,24.0,263.91,97.72,4518.34,640332.1,81.64
2009-02-20,15/9-F-14,24.0,264.39,98.17,4509.07,638750.2,108.74
2009-02-21,15/9-F-14,24.0,270.42,104.99,2905.92,414713.4,75.56
2009-02-22,15/9-F-14,24.0,266.71,100.44,4319.02,612912.6,106.6
2009-02-23,15/9-F-14,24.0,266.67,100.15,4417.66,625514.0,117.37
2009-02-24,15/9-F-14,24.0,266.97,100.35,4367.33,622877.1,90.87
2009-02-25,15/9-F-14,21.83,269.71,102.78,3226.61,460948.0,118.99
2009-02-26,15/9-F-14,24.0,268.34,101.06,4411.9,628668.3,134.19
2009-02-27,15/9-F-14,24.0,268.75,101.35,4376.91,625510.2,152.76
2009-02-28,15/9-F-14,24.0,269.14,101.29,4417.91,626562.2,106.72
2009-03-01,15/9-F-14,24.0,269.56,101.63,4396.74,628354.1,155.97
2009-03-02,15/9-F-14,24.0,270.0,101.98,4381.09,623678.2,163.39
2009-03-03,15/9-F-14,24.0,270.29,101.99,4339.13,616094.6,-0.95
2009-03-04,15/9-F-14,24.0,270.43,101.99,4421.77,627149.5,63.56
2009-03-05,15/9-F-14,14.0,275.31,106.93,1974.22,281263.5,18.19
2009-03-06,15/9-F-14,24.0,276.24,108.5,2987.89,427244.3,90.06
2009-03-07,15/9-F-14,24.0,281.3,115.06,2208.96,316638.3,104.01
2009-03-08,15/9-F-14,11.11,281.64,115.18,969.01,139091.1,0.0
2009-03-09,15/9-F-14,7.5,289.9,113.62,109.63,15874.5,0.0
2009-03-10,15/9-F-14,21.22,277.61,110.74,2623.97,365586.5,91.12
2009-03-11,15/9-F-14,8.81,273.08,106.44,1185.05,165437.4,174.74
2009-03-12,15/9-F-14,19.86,264.3,97.81,3349.12,468179.3,78.12
2009-03-13,15/9-F-14,8.14,261.69,93.01,1512.65,217677.6,63.53
2009-03-14,15/9-F-14,24.0,255.08,87.68,4690.25,639509.9,54.58
2009-03-15,15/9-F-14,24.0,251.12,82.68,5220.21,718575.2,48.32
2009-03-16,15/9-F-14,24.0,245.33,74.92,5534.9,760060.9,77.99
2009-03-17,15/9-F-14,24.0,244.67,75.34,5634.32,778638.8,48.7
2009-03-18,15/9-F-14,24.0,254.09,89.76,4546.78,636956.3,23.96
2009-03-19,15/9-F-14,24.0,255.2,92.53,3976.45,556637.7,34.22
2009-03-20,15/9-F-14,24.0,249.81,88.23,4539.29,633353.3,37.01
2009-03-21,15/9-F-14,24.0,249.01,87.58,4427.82,618792.4,37.07
2009-03-22,15/9-F-14,24.0,246.74,85.97,4433.69,618703.8,34.73
2009-03-23,15/9-F-14,24.0,244.07,83.87,4490.24,615693.2,33.39
2009-03-24,15/9-F-14,24.0,242.68,83.42,4379.47,611263.1,207.66
2009-03-25,15/9-F-14,3.69,244.3,85.81,505.63,72083.1,7.34
2009-03-26,15/9-F-14,0.0,263.68,6.5,0.0,0.0,0.0
2009-03-27,15/9-F-14,0.0,264.03,6.58,0.0,0.0,0.0
2009-03-28,15/9-F-14,0.0,264.33,3.79,0.0,0.0,0.0
2009-03-29,15/9-F-14,0.0,178.25,37.6,0.0,0.0,0.0
2009-03-30,15/9-F-14,4.47,261.91,94.81,155.26,18731.3,0.0
2009-03-31,15/9-F-14,24.0,247.09,88.1,3650.9,531195.6,31.46
2009-04-01,15/9-F-14,24.0,246.19,87.72,3515.99,497247.7,32.39
2009-04-02,15/9-F-14,24.0,244.24,85.76,3831.97,536265.0,33.0
2009-04-03,15/9-F-14,24.0,241.57,82.92,4211.6,594143.3,37.78
2009-04-04,15/9-F-14,24.0,142.2,82.27,4266.19,603057.8,39.67
2009-04-05,15/9-F-14,22.19,0.0,81.86,3873.72,547078.7,33.73
2009-04-06,15/9-F-14,0.0,0.0,0.0,0.0,0.0,0.0
2009-04-07,15/9-F-14,0.0,118.1,0.0,0.0,0.0,0.0
2009-04-08,15/9-F-14,18.69,238.78,81.41,2903.01,402186.2,6.67
2009-04-09,15/9-F-14,15.58,156.7,82.46,2094.72,291446.1,2.62
2009-04-10,15/9-F-14,0.81,0.0,86.93,50.65,7190.4,0.05
2009-04-11,15/9-F-14,0.0,0.0,0.0,0.0,0.0,0.0
2009-04-12,15/9-F-14,13.86,0.0,79.39,2063.32,286054.5,3.05
2009-04-13,15/9-F-14,24.0,0.0,77.49,3941.13,540977.6,7.7
2009-04-14,15/9-F-14,24.0,0.0,76.4,3975.77,543293.2,2.65
2009-04-15,15/9-F-14,4.47,0.0,76.65,651.67,95907.6,0.27
2009-04-16,15/9-F-14,17.52,126.44,76.98,2452.26,337254.1,1.42
2009-04-17,15/9-F-14,24.0,227.89,73.87,4018.0,544108.3,2.66
2009-04-18,15/9-F-14,10.47,230.9,75.29,1417.68,195564.9,0.64
2009-04-19,15/9-F-14,3.19,238.39,80.83,217.49,30334.9,0.08
2009-04-20,15/9-F-14,24.0,161.17,72.36,3990.32,539753.6,2.5
2009-04-21,15/9-F-14,24.0,223.69,70.48,4074.51,549278.2,2.76
2009-04-22,15/9-F-14,22.83,228.32,75.57,2868.86,396006.1,6.65
2009-04-23,15/9-F-14,24.0,222.07,69.53,4074.46,550962.0,2.9
2009-04-24,15/9-F-14,24.0,220.99,68.64,4092.66,551400.9,3.16
2009-04-25,15/9-F-14,24.0,220.17,68.16,4090.03,552159.1,3.38
2009-04-26,15/9-F-14,24.0,219.44,67.76,4103.63,551448.4,3.03
2009-04-27,15/9-F-14,24.0,219.08,67.71,4054.31,546555.9,3.88
2009-04-28,15/9-F-14,24.0,218.82,67.64,4021.8,542607.0,7.65
2009-04-29,15/9-F-14,24.0,218.58,67.48,4052.58,547817.0,3.1
2009-04-30,15/9-F-14,24.0,218.59,67.46,4035.73,546557.6,3.08
2009-05-01,15/9-F-14,24.0,218.69,67.26,4081.53,550609.6,2.92
2009-05-02,15/9-F-14,24.0,218.84,67.49,4066.61,550195.5,2.5
2009-05-03,15/9-F-14,24.0,218.83,67.33,4081.26,552464.5,3.14
2009-05-04,15/9-F-14,2.31,222.47,71.16,412.42,51425.7,0.28
2009-05-06,15/9-F-14,20.69,224.94,71.8,3306.81,448561.0,2.22
2009-05-07,15/9-F-14,23.67,222.98,70.82,3702.99,527302.5,14.42
2009-05-08,15/9-F-14,24.0,221.79,69.3,4081.41,549963.5,12.03
2009-05-09,15/9-F-14,24.0,223.1,70.66,3931.18,539574.3,11.08
2009-05-10,15/9-F-14,24.0,221.84,69.03,4150.8,562721.5,2.9
2009-05-11,15/9-F-14,24.0,131.51,67.97,4241.75,575312.4,18.76
2009-05-12,15/9-F-14,24.0,221.38,68.15,4239.18,577434.3,20.87
2009-05-13,15/9-F-14,24.0,221.82,68.37,4197.86,574295.9,14.92
2009-05-14,15/9-F-14,24.0,222.23,68.44,4211.25,576830.9,104.06
2009-05-15,15/9-F-14,24.0,222.63,68.46,4233.1,581687.2,84.31
2009-05-16,15/9-F-14,24.0,223.0,68.74,4237.94,583860.5,104.19
2009-05-17,15/9-F-14,24.0,223.1,68.51,4244.23,585468.5,104.3
2009-05-18,15/9-F-14,24.0,223.29,68.65,3759.11,519316.9,127.1
2009-05-19,15/9-F-14,24.0,223.37,68.58,3967.32,548750.0,110.41
2009-05-20,15/9-F-14,24.0,223.58,68.58,3972.97,548982.3,148.53
2009-05-21,15/9-F-14,24.0,223.79,68.48,3994.95,550388.3,153.09
2009-05-22,15/9-F-14,24.0,223.5,67.76,4063.22,557964.5,190.35
2009-05-23,15/9-F-14,24.0,223.56,67.35,4123.37,565776.0,192.65
2009-05-24,15/9-F-14,24.0,223.97,67.43,4136.45,567519.0,208.58
2009-05-25,15/9-F-14,24.0,225.19,68.42,4030.16,554095.6,219.01
2009-05-26,15/9-F-14,24.0,225.62,68.45,4024.79,552634.4,230.64
2009-05-27,15/9-F-14,24.0,226.02,68.64,4028.53,553345.9,259.77
2009-05-28,15/9-F-14,24.0,226.49,68.81,4023.55,553235.3,287.96
2009-05-29,15/9-F-14,24.0,229.91,72.35,3653.89,522179.2,252.35
2009-05-30,15/9-F-14,24.0,230.23,73.0,3496.61,482178.8,279.22
2009-05-31,15/9-F-14,24.0,229.74,72.64,3479.8,480474.8,277.49
2009-06-01,15/9-F-14,24.0,229.27,72.38,3442.3,475742.5,278.73
2009-06-02,15/9-F-14,24.0,229.26,72.31,3413.78,470984.5,128.49
2009-06-03,15/9-F-14,24.0,228.68,71.79,2994.6,409045.3,186.7
2009-06-04,15/9-F-14,24.0,227.84,71.38,3352.53,456955.8,104.45
2009-06-05,15/9-F-14,24.0,226.27,70.03,3369.57,460247.8,79.52
2009-06-06,15/9-F-14,21.65,228.89,72.32,2702.0,368496.4,99.3
2009-06-07,15/9-F-14,24.0,224.91,69.07,3439.9,459880.1,177.73
2009-06-08,15/9-F-14,24.0,222.9,67.4,3497.78,469527.1,109.23
2009-06-09,15/9-F-14,24.0,222.31,67.23,3443.71,467107.5,18.74
2009-06-10,15/9-F-14,24.0,221.04,66.31,3451.46,465749.3,18.77
2009-06-11,15/9-F-14,22.67,222.94,68.25,3108.44,436855.7,17.69
2009-06-12,15/9-F-14,24.0,219.34,64.99,3768.1,527805.4,21.4
2009-06-13,15/9-F-14,22.33,221.26,67.07,3178.3,450332.7,17.95
2009-06-14,15/9-F-14,11.64,218.77,64.57,1760.34,249065.4,12.02
2009-06-15,15/9-F-14,13.61,204.89,69.5,1724.89,248079.9,12.74
2009-06-16,15/9-F-14,24.0,220.7,68.31,3145.29,445722.6,287.17
2009-06-17,15/9-F-14,24.0,219.02,66.78,3483.91,487515.3,349.17
2009-06-18,15/9-F-14,24.0,216.93,64.95,3494.02,498257.2,435.69
2009-06-19,15/9-F-14,24.0,215.27,63.44,3560.14,510798.7,378.9
2009-06-20,15/9-F-14,24.0,211.86,60.0,3745.56,535961.2,336.28
2009-06-21,15/9-F-14,24.0,219.32,67.94,2777.63,397796.8,272.45
2009-06-22,15/9-F-14,24.0,219.06,67.67,2774.05,398807.9,268.44
2009-06-23,15/9-F-14,24.0,218.99,67.57,2807.65,403348.2,317.03
2009-06-24,15/9-F-14,24.0,219.03,67.59,2811.94,403666.1,278.82
2009-06-25,15/9-F-14,24.0,223.26,71.39,2454.11,351874.9,236.93
2009-06-26,15/9-F-14,24.0,228.58,76.24,1854.16,268924.1,171.03
2009-06-27,15/9-F-14,24.0,228.74,76.43,1774.82,256988.7,284.01
2009-06-28,15/9-F-14,24.0,228.92,76.54,1755.46,253941.5,256.61
2009-06-29,15/9-F-14,24.0,228.99,76.63,1786.06,256678.7,242.23
2009-06-30,15/9-F-14,24.0,229.2,76.79,1781.53,255723.7,332.96
2009-07-01,15/9-F-14,24.0,229.31,76.82,1787.32,257149.6,342.64
2009-07-02,15/9-F-14,24.0,229.52,76.98,1770.55,254537.6,340.75
2009-07-03,15/9-F-14,24.0,229.59,77.08,1756.69,252233.0,338.38
2009-07-04,15/9-F-14,24.0,229.5,77.02,1756.3,251549.5,341.62
2009-07-05,15/9-F-14,24.0,229.58,77.06,1750.5,251352.3,336.16
2009-07-06,15/9-F-14,24.0,229.6,77.07,2178.86,316747.3,124.86
2009-07-07,15/9-F-14,24.0,229.55,77.01,2189.44,317360.9,156.82
2009-07-08,15/9-F-14,24.0,229.71,77.05,1982.23,277388.5,104.12
2009-07-09,15/9-F-14,24.0,229.78,77.06,1983.9,277770.5,100.16
2009-07-10,15/9-F-14,24.0,229.85,77.08,1971.71,276018.3,104.17
2009-07-11,15/9-F-14,24.0,229.88,77.08,1973.72,275823.1,103.48
2009-07-12,15/9-F-14,24.0,229.6,76.91,1990.32,278744.0,105.87
2009-07-13,15/9-F-14,24.0,228.48,75.92,2068.62,287801.9,110.54
2009-07-14,15/9-F-14,24.0,228.39,75.75,2058.71,286738.4,110.06
2009-07-15,15/9-F-14,24.0,228.53,75.81,2031.15,282734.8,108.66
2009-07-16,15/9-F-14,24.0,228.45,75.8,2021.41,280486.4,100.82
2009-07-17,15/9-F-14,24.0,228.4,75.62,2032.92,285473.3,85.5
2009-07-18,15/9-F-14,24.0,228.99,75.78,1998.43,229295.8,113.47
2009-07-19,15/9-F-14,22.17,229.91,76.08,1725.31,237547.5,140.25
2009-07-20,15/9-F-14,24.0,228.34,74.58,2225.2,310831.8,331.44
2009-07-21,15/9-F-14,24.0,228.65,74.49,2373.34,334257.8,319.12
2009-07-22,15/9-F-14,24.0,229.74,75.0,2374.05,335557.7,268.02
2009-07-23,15/9-F-14,24.0,231.2,75.95,2332.24,330319.5,305.09
2009-07-24,15/9-F-14,24.0,233.23,77.37,2243.58,318234.7,332.63
2009-07-25,15/9-F-14,24.0,233.2,77.06,2334.32,330839.2,335.32
2009-07-26,15/9-F-14,24.0,234.57,77.87,2322.56,330488.8,336.99
2009-07-27,15/9-F-14,24.0,235.85,78.61,2292.32,325504.8,339.9
2009-07-28,15/9-F-14,24.0,236.39,78.71,2345.61,334205.3,238.1
2009-07-29,15/9-F-14,24.0,237.64,79.4,2337.6,333966.8,240.4
2009-07-30,15/9-F-14,24.0,238.73,80.04,2338.0,334189.4,228.51
2009-07-31,15/9-F-14,24.0,239.57,80.44,2324.91,332712.0,228.88
2009-08-01,15/9-F-14,24.0,240.3,80.79,2326.08,333956.3,231.08
2009-08-02,15/9-F-14,10.07,240.99,81.14,945.06,138806.9,91.77
2009-08-04,15/9-F-14,0.0,264.3,104.41,0.0,0.0,0.0
2009-08-05,15/9-F-14,21.51,236.25,73.7,3027.64,423443.8,353.62
2009-08-06,15/9-F-14,24.0,230.15,68.09,4270.99,593001.2,603.94
2009-08-07,15/9-F-14,22.91,228.83,67.04,4265.29,591157.5,893.23
2009-08-08,15/9-F-14,18.84,239.11,77.18,2058.02,300776.5,349.44
2009-08-09,15/9-F-14,24.0,222.92,60.67,4894.2,676198.5,759.55
2009-08-10,15/9-F-14,24.0,220.57,58.29,4998.82,689481.0,820.88
2009-08-11,15/9-F-14,24.0,224.26,62.91,4615.69,637879.3,750.85
2009-08-12,15/9-F-14,24.0,226.49,65.91,4301.84,595600.3,1296.3
2009-08-13,15/9-F-14,24.0,225.19,64.64,4369.42,603883.7,824.8
2009-08-14,15/9-F-14,24.0,224.55,64.19,4325.95,596886.7,822.84
2009-08-15,15/9-F-14,24.0,223.84,63.69,4260.78,590097.9,790.51
2009-08-16,15/9-F-14,24.0,223.95,63.56,4224.45,586837.7,817.1
2009-08-17,15/9-F-14,24.0,224.4,63.65,4232.84,587997.7,804.53
2009-08-18,15/9-F-14,24.0,224.82,63.71,4225.4,587934.4,786.5
2009-08-19,15/9-F-14,24.0,225.27,63.72,4225.22,588083.0,741.09
2009-08-20,15/9-F-14,24.0,225.51,63.66,4232.66,589375.1,785.26
2009-08-21,15/9-F-14,24.0,225.88,63.79,4231.89,588651.7,719.36
2009-08-22,15/9-F-14,24.0,226.18,63.87,4230.53,588015.7,780.1
2009-08-23,15/9-F-14,24.0,226.36,63.77,4227.74,588195.9,762.39
2009-08-24,15/9-F-14,24.0,226.39,63.5,4243.95,590541.2,787.57
2009-08-25,15/9-F-14,24.0,225.2,61.85,4321.88,600625.8,799.17
2009-08-26,15/9-F-14,14.67,234.19,62.4,1466.67,204838.2,658.03
2009-08-27,15/9-F-14,24.0,232.99,70.02,3276.91,463759.1,906.67
2009-08-28,15/9-F-14,24.0,226.91,63.47,4305.76,599142.0,692.06
2009-08-29,15/9-F-14,24.0,220.03,54.06,4495.44,632803.8,879.68
2009-08-30,15/9-F-14,24.0,218.48,49.72,4848.34,682081.5,760.43
2009-08-31,15/9-F-14,16.82,225.29,56.5,3044.04,414569.6,525.03
2009-09-02,15/9-F-14,0.0,132.34,97.59,0.0,0.0,0.0
2009-09-03,15/9-F-14,0.0,263.42,100.47,0.0,0.0,0.0
2009-09-04,15/9-F-14,3.01,254.74,0.0,293.98,39398.0,17.2
2009-09-05,15/9-F-14,24.0,244.99,0.0,2247.25,269448.7,8.39
2009-09-06,15/9-F-14,19.74,247.91,0.49,1802.88,257772.9,9.06
2009-09-07,15/9-F-14,19.5,240.81,76.92,2262.5,316811.7,13.9
2009-09-08,15/9-F-14,24.0,239.74,74.64,3644.19,508699.0,860.8
2009-09-09,15/9-F-14,24.0,232.99,66.58,4647.72,644186.8,1176.8
2009-09-10,15/9-F-14,24.0,233.26,66.79,4624.18,641206.1,855.75
2009-09-11,15/9-F-14,24.0,233.71,67.03,4595.16,635934.9,823.42
2009-09-12,15/9-F-14,24.0,234.52,67.94,4525.5,627128.5,912.78
2009-09-13,15/9-F-14,24.0,234.86,67.89,4514.24,627285.3,997.63
2009-09-14,15/9-F-14,24.0,235.23,67.87,4478.74,625909.6,929.36
2009-09-15,15/9-F-14,24.0,236.35,68.33,4377.97,615092.3,795.75
2009-09-16,15/9-F-14,24.0,234.69,66.21,4534.04,635173.3,659.0
2009-09-17,15/9-F-14,24.0,234.92,66.22,4521.12,633199.4,784.64
2009-09-18,15/9-F-14,24.0,235.18,66.18,4504.72,631462.0,759.29
2009-09-19,15/9-F-14,24.0,232.34,61.84,4804.4,672234.5,871.11
2009-09-20,15/9-F-14,24.0,223.81,50.08,5644.37,786328.4,783.9
2009-09-21,15/9-F-14,24.0,223.84,49.79,4867.01,678028.0,799.53
2009-09-22,15/9-F-14,24.0,224.08,49.83,4847.95,675426.4,854.26
2009-09-23,15/9-F-14,24.0,224.3,49.85,4690.49,654195.9,553.31
2009-09-24,15/9-F-14,24.0,230.59,57.78,4270.77,597667.0,693.42
2009-09-25,15/9-F-14,24.0,236.63,65.22,3899.79,546135.9,733.34
2009-09-26,15/9-F-14,10.82,236.74,65.09,1750.83,245908.8,382.2
2009-09-27,15/9-F-14,0.0,269.98,98.77,0.0,0.0,0.0
2009-09-28,15/9-F-14,0.0,270.54,102.42,0.0,0.0,0.0
2009-09-29,15/9-F-14,0.0,270.53,102.36,0.0,0.0,0.0
2009-09-30,15/9-F-14,0.0,270.41,101.41,0.0,0.0,0.0
2009-10-01,15/9-F-14,6.17,256.95,87.21,429.76,63849.7,137.52
2009-10-02,15/9-F-14,24.0,241.24,72.34,3567.82,502467.6,284.71
2009-10-03,15/9-F-14,24.0,236.78,66.85,3894.67,543524.3,415.53
2009-10-04,15/9-F-14,24.0,236.62,66.74,3894.95,546666.0,406.62
2009-10-05,15/9-F-14,23.16,237.04,66.89,3740.04,522982.7,82.33
2009-10-06,15/9-F-14,17.93,241.43,70.72,2449.2,345958.5,715.61
2009-10-07,15/9-F-14,24.0,237.36,66.76,3802.88,532991.2,333.33
2009-10-08,15/9-F-14,24.0,238.65,67.96,3715.57,520270.3,419.58
2009-10-09,15/9-F-14,24.0,240.94,70.37,3536.73,496636.7,506.43
2009-10-10,15/9-F-14,24.0,236.19,67.81,3599.73,504695.3,538.91
2009-10-11,15/9-F-14,24.0,239.87,68.57,3580.92,501628.2,575.5
2009-10-12,15/9-F-14,24.0,239.76,68.25,3585.75,501596.0,626.31
2009-10-13,15/9-F-14,21.5,241.86,69.88,2731.31,381468.8,1790.49
2009-10-14,15/9-F-14,24.0,239.35,67.83,3477.84,489328.6,792.97
2009-10-15,15/9-F-14,23.17,244.3,72.3,2601.89,378527.1,2326.19
2009-10-16,15/9-F-14,24.0,235.64,63.81,3837.87,532674.9,693.95
2009-10-17,15/9-F-14,6.64,235.72,59.66,1120.11,147799.5,6.6
2009-10-18,15/9-F-14,19.02,242.33,56.84,2434.52,345845.0,811.65
2009-10-19,15/9-F-14,24.0,234.78,63.48,3684.3,517428.0,686.29
2009-10-20,15/9-F-14,24.0,234.9,63.52,3675.56,514401.5,1315.69
2009-10-21,15/9-F-14,24.0,234.78,63.36,3675.29,513897.8,1373.07
2009-10-22,15/9-F-14,24.0,234.9,63.34,3664.12,513063.7,1258.67
2009-10-23,15/9-F-14,7.49,233.76,61.68,1238.04,170503.6,418.15
2009-10-24,15/9-F-14,4.51,261.59,81.15,208.75,41061.9,85.34
2009-10-25,15/9-F-14,24.5,241.83,68.43,3384.02,472845.5,1072.62
2009-10-26,15/9-F-14,24.0,236.38,62.85,3776.04,528571.4,1485.75
2009-10-27,15/9-F-14,24.0,236.12,62.48,3782.51,528860.0,1488.92
2009-10-28,15/9-F-14,24.0,237.3,63.65,3742.33,519616.5,1468.51
2009-10-29,15/9-F-14,22.33,239.58,65.25,3256.19,452126.2,1283.23
2009-10-30,15/9-F-14,23.0,240.34,66.35,3459.66,483519.1,1355.79
2009-10-31,15/9-F-14,24.0,245.37,72.3,3158.95,441779.0,1342.8
2009-11-01,15/9-F-14,24.0,244.81,71.48,3226.08,451119.0,1307.44
2009-11-02,15/9-F-14,24.0,244.84,71.33,3213.55,449539.8,1268.58
2009-11-03,15/9-F-14,24.0,244.5,70.67,3259.61,456930.7,1222.71
2009-11-04,15/9-F-14,21.5,247.64,72.9,2602.28,367442.1,920.88
2009-11-05,15/9-F-14,24.0,239.1,64.02,3628.84,507952.2,1339.3
2009-11-06,15/9-F-14,24.0,239.01,63.79,3609.06,505792.9,1317.79
2009-11-07,15/9-F-14,24.0,238.88,63.62,3620.38,507089.3,1404.45
2009-11-08,15/9-F-14,24.0,238.62,63.24,3634.4,508578.6,1425.14
2009-11-09,15/9-F-14,21.35,239.19,63.65,3121.08,436648.9,1269.34
2009-11-10,15/9-F-14,23.99,241.24,64.88,3409.72,477859.2,1482.53
2009-11-11,15/9-F-14,24.0,238.58,62.62,3640.41,511021.7,1557.87
2009-11-12,15/9-F-14,24.0,238.57,62.43,3635.05,510312.0,1630.01
2009-11-13,15/9-F-14,24.0,238.58,62.27,3614.06,514697.4,1618.1
2009-11-14,15/9-F-14,24.0,238.61,62.05,3624.81,509567.8,1601.68
2009-11-15,15/9-F-14,24.0,239.33,62.76,3580.46,504210.3,1662.57
2009-11-16,15/9-F-14,24.0,240.68,64.15,3506.48,493979.2,1454.21
2009-11-17,15/9-F-14,24.0,243.56,67.46,3296.12,465313.6,873.8
2009-11-18,15/9-F-14,24.0,244.17,68.11,3200.9,451518.6,1134.02
2009-11-19,15/9-F-14,24.0,244.0,67.65,3199.94,452524.4,1101.83
2009-11-20,15/9-F-14,22.67,247.0,69.26,2699.05,380362.8,966.47
2009-11-21,15/9-F-14,24.0,243.58,67.08,3222.51,455765.1,1155.71
2009-11-22,15/9-F-14,24.0,243.76,67.13,3197.72,451777.9,1086.47
2009-11-23,15/9-F-14,21.5,246.74,69.98,2570.89,364109.4,891.57
2009-11-24,15/9-F-14,22.25,246.32,69.35,2699.83,383391.4,1568.17
2009-11-25,15/9-F-14,24.0,244.7,68.13,3147.31,442953.4,605.37
2009-11-26,15/9-F-14,24.0,245.69,69.27,3085.33,437979.7,1430.76
2009-11-27,15/9-F-14,24.0,246.25,69.56,3099.79,439791.8,1324.12
2009-11-28,15/9-F-14,24.0,246.95,70.0,3091.19,438508.2,1324.91
2009-11-29,15/9-F-14,24.0,243.88,66.42,3281.29,475553.3,1474.73
2009-11-30,15/9-F-14,24.0,242.97,65.33,3325.36,469593.4,1595.92
2009-12-01,15/9-F-14,24.0,243.13,65.18,3305.28,467211.2,1463.65
2009-12-02,15/9-F-14,24.0,243.14,64.88,3319.05,469784.8,1620.14
2009-12-03,15/9-F-14,24.0,243.22,64.81,3300.4,467067.5,1595.67
2009-12-04,15/9-F-14,24.0,243.15,64.61,2913.03,411044.5,1476.4
2009-12-05,15/9-F-14,24.0,244.42,65.52,2797.51,394717.7,1399.1
2009-12-06,15/9-F-14,24.0,241.8,62.63,3031.7,425640.6,1564.79
2009-12-07,15/9-F-14,24.0,243.18,64.1,2895.94,406574.0,1484.8
2009-12-08,15/9-F-14,24.0,243.1,63.94,2763.86,387412.0,1595.82
2009-12-09,15/9-F-14,24.0,242.27,62.97,2821.19,393678.6,1665.62
2009-12-10,15/9-F-14,24.0,241.13,61.71,2900.0,404484.8,1326.08
2009-12-11,15/9-F-14,24.0,240.7,61.15,2919.38,408679.0,1118.89
2009-12-12,15/9-F-14,24.0,240.6,60.9,2919.95,408027.4,1804.23
2009-12-13,15/9-F-14,24.0,240.4,60.47,2920.02,408533.4,2079.2
2009-12-14,15/9-F-14,24.0,240.32,60.23,2910.86,408316.7,1921.74
2009-12-15,15/9-F-14,24.0,240.25,60.09,2874.91,415935.2,1868.78
2009-12-16,15/9-F-14,24.0,240.25,59.99,2894.13,404955.2,1165.29
2009-12-17,15/9-F-14,22.86,240.2,59.52,2753.06,387138.8,1817.45
2009-12-18,15/9-F-14,23.48,247.31,66.28,2129.71,294892.7,1575.24
2009-12-19,15/9-F-14,15.03,237.22,57.44,1770.13,246139.5,1404.76
2009-12-20,15/9-F-14,22.48,236.75,55.88,2753.3,380166.8,2296.83
2009-12-21,15/9-F-14,24.0,232.7,53.21,3061.28,423081.7,2407.76
2009-12-22,15/9-F-14,24.0,232.48,52.82,3042.09,422437.4,1795.87
2009-12-23,15/9-F-14,24.0,231.28,51.26,3221.53,447369.7,2270.41
2009-12-24,15/9-F-14,24.0,230.62,50.38,3305.48,459026.6,2589.36
2009-12-25,15/9-F-14,18.83,236.33,54.91,2205.81,308848.3,1594.68
2009-12-26,15/9-F-14,24.0,234.64,54.43,2991.82,417845.5,2372.37
2009-12-27,15/9-F-14,24.0,231.96,51.41,3205.5,447403.6,1758.79
2009-12-28,15/9-F-14,24.0,233.45,53.04,2912.11,405892.8,2311.77
2009-12-29,15/9-F-14,24.0,233.69,53.03,2892.66,405099.2,2202.17
2009-12-30,15/9-F-14,24.0,233.8,52.94,2891.58,404603.8,2349.65
2009-12-31,15/9-F-14,24.0,233.68,52.71,2891.08,420898.8,2276.11
2010-01-01,15/9-F-14,24.0,232.95,51.68,2956.17,414039.2,2433.18
2010-01-02,15/9-F-14,24.0,232.89,51.34,2973.26,416049.7,2626.33
2010-01-03,15/9-F-14,24.0,235.01,53.42,2829.96,396691.8,2352.4
2010-01-04,15/9-F-14,24.0,237.13,55.58,2703.2,379733.2,2134.98
2010-01-05,15/9-F-14,24.0,236.43,54.66,2745.86,385609.9,1564.42
2010-01-06,15/9-F-14,24.0,236.25,54.32,2755.53,386478.0,1598.47
2010-01-07,15/9-F-14,24.0,236.65,54.56,2724.82,382552.5,2041.07
2010-01-08,15/9-F-14,24.0,236.64,54.39,2723.08,382201.6,1667.54
2010-01-09,15/9-F-14,22.83,240.82,58.0,2301.79,337751.4,1609.05
2010-01-10,15/9-F-14,24.0,236.3,54.09,2726.55,382361.1,1760.21
2010-01-11,15/9-F-14,24.0,236.35,53.97,2714.43,380459.9,1998.23
2010-01-12,15/9-F-14,24.0,236.46,53.88,2711.82,379376.0,1800.96
2010-01-13,15/9-F-14,24.0,236.38,53.59,2713.46,379315.5,2008.99
2010-01-14,15/9-F-14,24.0,236.18,53.19,2710.24,379239.9,2593.38
2010-01-15,15/9-F-14,24.0,235.08,51.75,2762.75,386570.0,2596.49
2010-01-16,15/9-F-14,24.0,235.37,51.78,2734.35,381586.5,2788.24
2010-01-17,15/9-F-14,24.0,235.61,51.77,2695.51,376652.4,2791.5
2010-01-18,15/9-F-14,24.0,236.04,51.86,2840.81,396262.0,2533.96
2010-01-19,15/9-F-14,24.0,236.47,51.94,2813.38,392758.5,2477.03
2010-01-20,15/9-F-14,24.0,194.36,52.01,2789.61,389180.9,2595.68
2010-01-21,15/9-F-14,24.0,237.16,52.26,2758.51,386979.3,2599.22
2010-01-22,15/9-F-14,24.0,237.35,52.19,2746.74,386243.7,2595.55
2010-01-23,15/9-F-14,24.0,252.98,66.23,1935.58,282455.8,1786.53
2010-01-24,15/9-F-14,24.0,244.03,58.09,2512.9,360984.9,2321.35
2010-01-25,15/9-F-14,24.0,240.36,54.34,2689.44,375908.9,2571.56
2010-01-26,15/9-F-14,23.33,242.98,56.49,2447.28,351147.7,2300.59
2010-01-27,15/9-F-14,24.0,243.43,57.39,2549.27,357687.2,2415.21
2010-01-28,15/9-F-14,24.0,246.26,60.23,2392.82,335620.8,2351.71
2010-01-29,15/9-F-14,24.0,245.08,58.88,2431.33,341029.4,2286.59
2010-01-30,15/9-F-14,24.0,245.01,58.63,2421.01,339827.7,2351.1
2010-01-31,15/9-F-14,24.0,245.32,58.74,2409.79,338546.5,2452.64
2010-02-01,15/9-F-14,24.0,245.58,58.79,2415.98,338847.6,2464.31
2010-02-02,15/9-F-14,24.0,246.17,59.09,2390.72,336402.7,2524.31
2010-02-03,15/9-F-14,24.0,248.22,60.88,2475.53,361124.2,2383.69
2010-02-04,15/9-F-14,24.0,247.97,60.35,2511.6,356665.0,2970.89
2010-02-05,15/9-F-14,24.0,247.05,59.18,2595.29,364435.9,2443.85
2010-02-06,15/9-F-14,24.0,247.64,59.67,2573.4,361845.8,1801.47
2010-02-07,15/9-F-14,24.0,247.81,59.6,2547.01,361152.4,2569.97
2010-02-08,15/9-F-14,24.0,246.7,58.3,2608.51,367110.2,2750.3
2010-02-09,15/9-F-14,24.0,247.39,58.8,2579.15,362761.8,2724.61
2010-02-10,15/9-F-14,24.0,188.63,60.04,2521.73,355402.6,2616.02
2010-02-11,15/9-F-14,24.0,250.19,61.24,2500.81,350905.8,2280.37
2010-02-12,15/9-F-14,24.0,252.76,63.44,2368.79,330996.2,2247.6
2010-02-13,15/9-F-14,24.0,252.44,63.77,2426.54,333708.8,2359.86
2010-02-14,15/9-F-14,15.33,222.27,61.43,1436.9,201411.2,1288.17
2010-02-15,15/9-F-14,13.7,0.0,69.26,1006.27,137507.8,672.68
2010-02-16,15/9-F-14,24.0,0.0,59.77,2652.06,372253.3,2368.23
2010-02-17,15/9-F-14,24.0,0.0,59.81,2606.4,366025.9,2295.59
2010-02-18,15/9-F-14,21.6,0.0,61.8,2141.69,300735.4,1978.55
2010-02-19,15/9-F-14,24.0,0.0,60.53,2560.92,359808.7,2446.05
2010-02-20,15/9-F-14,24.0,0.0,61.04,2519.31,353951.9,2469.47
2010-02-21,15/9-F-14,24.0,0.0,61.2,2492.65,350037.9,2467.4
2010-02-22,15/9-F-14,24.0,0.0,61.64,2485.03,350027.0,2478.53
2010-02-23,15/9-F-14,23.08,71.15,63.94,2144.8,307980.3,2126.16
2010-02-24,15/9-F-14,24.0,250.83,60.58,2532.28,360704.4,2650.72
2010-02-25,15/9-F-14,18.5,49.45,60.12,1709.58,243034.5,1755.05
2010-02-26,15/9-F-14,20.36,255.38,63.97,1660.01,239149.2,2391.98
2010-02-27,15/9-F-14,17.6,251.29,59.41,1630.02,227261.6,2474.42
2010-03-02,15/9-F-14,1.52,279.68,101.51,51.61,3684.9,31.04
2010-03-03,15/9-F-14,23.5,252.14,63.55,2114.14,291748.8,2110.01
2010-03-04,15/9-F-14,23.67,247.41,60.44,2332.95,322809.7,1966.81
2010-03-05,15/9-F-14,24.0,244.45,58.54,2475.08,341962.9,2141.58
2010-03-06,15/9-F-14,20.99,244.46,59.27,2079.02,286933.5,1840.75
2010-03-08,15/9-F-14,12.01,248.94,64.17,1151.8,159842.1,746.82
2010-03-09,15/9-F-14,24.0,244.02,59.58,2406.83,331941.1,2575.17
2010-03-10,15/9-F-14,24.0,242.91,59.43,2353.48,324892.6,2029.42
2010-03-11,15/9-F-14,23.67,243.74,60.34,2412.87,334738.4,2137.27
2010-03-12,15/9-F-14,21.75,251.87,66.35,2035.34,288250.8,1671.35
2010-03-13,15/9-F-14,24.0,239.67,56.37,2651.61,382979.2,2403.79
2010-03-14,15/9-F-14,24.0,239.4,55.25,2682.95,383733.7,2516.72
2010-03-15,15/9-F-14,24.0,241.31,56.69,2551.43,360311.8,2929.68
2010-03-16,15/9-F-14,24.0,243.61,58.52,2443.69,346536.7,2514.63
2010-03-17,15/9-F-14,24.0,244.47,58.96,2363.55,330494.6,2707.64
2010-03-18,15/9-F-14,24.0,243.13,57.9,2302.63,336306.5,2355.55
2010-03-19,15/9-F-14,24.0,242.34,57.49,2275.39,318025.9,2039.45
2010-03-20,15/9-F-14,24.0,241.64,57.26,2251.88,314261.5,2036.45
2010-03-21,15/9-F-14,24.0,240.82,56.85,2220.6,309661.4,2031.36
2010-03-22,15/9-F-14,24.0,238.62,54.88,2650.03,370156.1,2364.9
2010-03-23,15/9-F-14,24.0,235.97,52.34,2763.87,391352.4,2744.65
2010-03-24,15/9-F-14,24.0,236.84,52.75,2723.29,384920.1,2563.73
2010-03-25,15/9-F-14,24.0,237.29,52.78,2710.55,382931.9,2632.92
2010-03-26,15/9-F-14,24.0,238.5,53.55,2607.98,368334.4,2647.59
2010-03-27,15/9-F-14,24.0,239.17,53.89,2538.52,359368.8,2546.04
2010-03-28,15/9-F-14,23.0,239.77,54.09,2372.26,334871.4,2456.03
2010-03-29,15/9-F-14,24.0,240.44,54.39,2380.49,336591.4,2496.2
2010-03-30,15/9-F-14,24.0,242.18,55.75,2555.35,363966.9,2556.96
2010-03-31,15/9-F-14,24.0,242.63,55.79,2530.06,360196.1,2766.34
2010-04-01,15/9-F-14,0.0,270.8,55.52,0.0,0.0,0.0
2010-04-02,15/9-F-14,9.14,249.67,54.15,805.18,116946.9,817.6
2010-04-03,15/9-F-14,23.33,245.92,57.89,2329.4,327884.1,2458.74
2010-04-04,15/9-F-14,24.0,243.65,55.52,2649.88,372779.1,2812.37
2010-04-05,15/9-F-14,24.0,244.66,56.18,2592.21,366142.2,2694.23
2010-04-06,15/9-F-14,24.0,245.69,56.93,2569.99,364122.6,2625.16
2010-04-07,15/9-F-14,24.0,246.05,57.06,2567.23,364373.1,2832.17
2010-04-08,15/9-F-14,24.0,247.14,57.84,2639.66,375786.3,2659.4
2010-04-09,15/9-F-14,24.0,248.22,58.89,2594.12,364622.3,2459.18
2010-04-10,15/9-F-14,24.0,247.49,58.75,2574.89,359872.0,2477.55
2010-04-11,15/9-F-14,24.0,246.81,58.42,2548.68,356322.0,2401.55
2010-04-12,15/9-F-14,24.0,244.75,56.85,2589.88,362544.0,2447.96
2010-04-13,15/9-F-14,24.0,243.24,56.22,2581.96,362655.2,2477.63
2010-04-14,15/9-F-14,24.0,242.26,55.92,2471.34,343955.5,2054.28
2010-04-15,15/9-F-14,24.0,241.52,55.83,2438.81,340726.5,2585.23
2010-04-16,15/9-F-14,24.0,240.28,55.21,2428.33,339139.2,2556.13
2010-04-17,15/9-F-14,23.33,241.28,56.59,2276.94,318135.0,2570.24
2010-04-18,15/9-F-14,24.0,238.07,54.27,2521.84,351073.1,2564.96
2010-04-19,15/9-F-14,24.0,236.86,53.72,2487.4,353647.0,2693.93
2010-04-20,15/9-F-14,24.0,235.29,52.8,2345.28,325928.1,1823.37
2010-04-21,15/9-F-14,24.0,234.26,52.45,2727.02,378875.4,2430.84
2010-04-22,15/9-F-14,24.0,233.99,52.81,2674.99,372845.5,2282.69
2010-04-23,15/9-F-14,24.0,233.62,52.53,2632.77,377052.7,2252.02
2010-04-24,15/9-F-14,24.0,232.12,49.81,2656.07,379250.2,2359.74
2010-04-25,15/9-F-14,24.0,231.34,47.93,2788.46,384677.3,2608.4
2010-04-26,15/9-F-14,24.0,238.47,54.39,2235.18,319314.6,2082.29
2010-04-27,15/9-F-14,24.0,232.12,46.89,3115.25,442143.4,2796.42
2010-04-28,15/9-F-14,24.0,240.67,54.79,2329.56,333190.6,1941.66
2010-04-29,15/9-F-14,24.0,238.1,51.51,2704.27,385619.3,2370.42
2010-04-30,15/9-F-14,24.0,234.78,47.62,3159.22,448847.2,2729.15
2010-05-01,15/9-F-14,24.0,235.37,47.74,3149.16,447855.2,2713.11
2010-05-02,15/9-F-14,24.0,236.37,48.36,3120.6,442383.6,2652.35
2010-05-03,15/9-F-14,24.0,236.42,48.41,3126.64,441909.6,2651.94
2010-05-04,15/9-F-14,24.0,236.68,48.49,2999.43,425496.5,2431.99
2010-05-05,15/9-F-14,24.0,237.13,48.57,3069.97,432818.1,2783.13
2010-05-06,15/9-F-14,24.0,236.95,47.9,3135.62,444230.8,2614.74
2010-05-07,15/9-F-14,24.0,236.97,47.44,3180.69,451352.6,2885.57
2010-05-08,15/9-F-14,24.0,237.45,47.5,3165.64,449545.6,2939.23
2010-05-09,15/9-F-14,24.0,237.93,47.56,3153.14,447430.6,2927.32
2010-05-10,15/9-F-14,24.0,238.39,47.57,2832.32,402525.8,2779.43
2010-05-11,15/9-F-14,24.0,238.56,47.29,2840.84,403412.8,2783.22
2010-05-12,15/9-F-14,24.0,238.94,47.19,2819.18,388631.0,2785.05
2010-05-13,15/9-F-14,20.17,242.16,49.12,2233.43,321080.8,2119.03
2010-05-14,15/9-F-14,24.0,240.03,46.97,2805.15,402508.7,2648.69
2010-05-15,15/9-F-14,24.0,240.28,46.82,2824.14,403614.6,2778.74
2010-05-16,15/9-F-14,24.0,240.65,46.77,2817.07,402721.5,2633.91
2010-05-17,15/9-F-14,24.0,240.93,46.53,2831.56,404825.4,2945.57
2010-05-18,15/9-F-14,24.0,241.33,46.45,2834.19,404854.1,3202.2
2010-05-19,15/9-F-14,24.0,241.96,46.67,2849.42,407374.4,3049.57
2010-05-20,15/9-F-14,24.0,242.49,46.81,2825.13,403710.8,2976.1
2010-05-21,15/9-F-14,24.0,242.93,46.83,2812.28,403047.4,2857.42
2010-05-22,15/9-F-14,24.0,243.45,46.85,2800.58,404666.5,2855.22
2010-05-23,15/9-F-14,24.0,243.87,46.8,2808.39,401629.8,2798.98
2010-05-24,15/9-F-14,24.0,244.29,46.76,2814.61,402992.1,2804.14
2010-05-25,15/9-F-14,24.0,244.66,46.65,2821.87,404143.0,2933.93
2010-05-26,15/9-F-14,24.0,245.1,46.69,2817.92,402764.2,3112.21
2010-05-27,15/9-F-14,24.0,245.4,46.66,2755.1,394519.1,2702.56
2010-05-28,15/9-F-14,24.0,247.98,49.07,2534.63,361765.6,2162.27
2010-05-29,15/9-F-14,24.0,245.74,46.72,2778.79,394752.4,3125.92
2010-05-30,15/9-F-14,24.0,246.83,47.95,2649.13,371374.1,2993.44
2010-05-31,15/9-F-14,24.0,259.13,61.26,1602.66,220359.5,1668.46
2010-06-01,15/9-F-14,24.0,257.86,58.94,1858.55,260175.1,1298.1
2010-06-02,15/9-F-14,24.0,248.97,48.77,2696.52,380985.0,2991.67
2010-06-03,15/9-F-14,24.0,247.9,47.71,2735.25,388901.4,2971.34
2010-06-04,15/9-F-14,24.0,247.78,46.99,2773.45,394726.7,2948.37
2010-06-05,15/9-F-14,24.0,247.81,46.48,2810.65,401083.6,3466.63
2010-06-06,15/9-F-14,24.0,248.16,46.51,2800.79,399978.9,3351.18
2010-06-07,15/9-F-14,24.0,249.36,47.68,2696.27,386090.8,3162.89
2010-06-08,15/9-F-14,24.0,249.64,47.86,2676.08,382028.2,3139.95
2010-06-09,15/9-F-14,24.0,249.52,47.7,2678.05,382530.3,2962.48
2010-06-10,15/9-F-14,24.0,249.54,47.62,2676.31,374324.7,3077.46
2010-06-11,15/9-F-14,24.0,249.54,47.83,2625.55,374541.5,3194.64
2010-06-12,15/9-F-14,24.0,249.58,47.89,2612.81,373944.1,3311.37
2010-06-13,15/9-F-14,24.0,249.6,47.91,2623.48,374702.8,2951.56
2010-06-14,15/9-F-14,23.17,250.0,48.17,2597.55,371658.0,3446.49
2010-06-15,15/9-F-14,24.0,250.38,49.05,2534.0,362746.4,3521.41
2010-06-16,15/9-F-14,24.0,250.97,50.0,2486.32,356111.9,3385.78
2010-06-17,15/9-F-14,24.0,251.06,50.45,2495.41,357432.1,3428.13
2010-06-18,15/9-F-14,24.0,251.19,49.84,2489.74,357146.7,3365.68
2010-06-19,15/9-F-14,22.58,255.8,54.7,1957.44,283897.0,2711.91
2010-06-20,15/9-F-14,24.0,250.71,49.48,2452.14,350053.6,3554.23
2010-06-21,15/9-F-14,24.0,250.93,49.56,2444.37,348878.7,3525.34
2010-06-22,15/9-F-14,24.0,251.02,49.48,2427.99,347999.5,3489.24
2010-06-23,15/9-F-14,24.0,251.08,49.38,2422.22,347806.8,3496.94
2010-06-24,15/9-F-14,24.0,250.91,49.61,2423.79,343279.6,3496.33
2010-06-25,15/9-F-14,24.0,250.77,49.35,2396.54,344715.4,3386.38
2010-06-26,15/9-F-14,24.0,250.9,49.86,2395.14,342561.5,3395.83
2010-06-27,15/9-F-14,24.0,250.91,49.9,2387.86,343058.4,3390.72
2010-06-28,15/9-F-14,24.0,251.07,50.67,2380.72,342371.3,3396.15
2010-06-29,15/9-F-14,24.0,251.2,50.3,2379.63,342137.7,3366.91
2010-06-30,15/9-F-14,24.0,251.29,50.43,2375.2,340709.3,3395.81
2010-07-01,15/9-F-14,24.0,251.28,50.46,2370.07,340847.5,3414.0
2010-07-02,15/9-F-14,24.0,252.57,51.63,2298.14,331205.2,3334.67
2010-07-03,15/9-F-14,24.0,262.27,63.79,1907.63,279405.3,2916.15
2010-07-04,15/9-F-14,24.0,263.06,63.95,1834.07,266509.4,2736.46
2010-07-05,15/9-F-14,24.0,263.65,66.38,1800.02,261444.2,2673.75
2010-07-06,15/9-F-14,24.0,263.41,65.2,1793.18,263113.5,2707.0
2010-07-07,15/9-F-14,24.0,263.73,63.65,1841.44,268895.2,2815.01
2010-07-08,15/9-F-14,24.0,263.71,62.84,1818.54,265260.4,2814.92
2010-07-09,15/9-F-14,24.0,263.62,62.76,1805.19,263330.1,2834.24
2010-07-10,15/9-F-14,22.42,269.39,67.78,1393.69,206141.5,2237.75
2010-07-11,15/9-F-14,24.0,263.78,62.73,1729.9,252875.0,2873.24
2010-07-12,15/9-F-14,24.0,258.76,57.18,2033.15,295470.6,3296.94
2010-07-13,15/9-F-14,24.0,250.82,47.95,2582.65,372301.4,4061.44
2010-07-14,15/9-F-14,24.0,251.05,48.05,2582.08,371452.5,4099.67
2010-07-15,15/9-F-14,24.0,251.23,48.03,2574.44,371282.3,3722.6
2010-07-16,15/9-F-14,24.0,251.32,47.99,2572.81,371287.4,3905.65
2010-07-17,15/9-F-14,24.0,251.39,47.92,2562.15,369933.7,3907.52
2010-07-18,15/9-F-14,24.0,251.39,47.84,2551.65,368216.3,3037.37
2010-07-19,15/9-F-14,24.0,251.29,47.76,2545.39,366496.3,3180.92
2010-07-20,15/9-F-14,24.0,251.04,47.46,2546.15,366948.7,3450.01
2010-07-21,15/9-F-14,24.0,250.87,47.31,2541.25,366305.8,3472.4
2010-07-22,15/9-F-14,24.0,250.9,47.36,2530.04,365410.6,3504.94
2010-07-23,15/9-F-14,24.0,251.6,48.05,2413.44,348507.2,3373.7
2010-07-24,15/9-F-14,24.0,252.1,48.47,2384.28,344604.7,3344.9
2010-07-25,15/9-F-14,24.0,252.1,48.38,2382.55,343975.6,3351.67
2010-07-26,15/9-F-14,24.0,252.1,48.44,2370.34,342144.4,3351.14
2010-07-27,15/9-F-14,24.0,252.06,48.31,2377.02,343677.9,3362.83
2010-07-28,15/9-F-14,24.0,252.15,48.41,2370.99,342499.1,3360.01
2010-07-29,15/9-F-14,24.0,252.2,48.45,2363.13,341715.3,3357.51
2010-07-30,15/9-F-14,24.0,252.21,48.4,2363.81,341180.3,3356.34
2010-07-31,15/9-F-14,24.0,252.14,48.34,2361.06,341096.9,3361.6
2010-08-01,15/9-F-14,24.0,252.15,48.36,2354.69,340158.7,3366.45
2010-08-02,15/9-F-14,24.0,252.17,48.35,2360.15,340870.1,3367.57
2010-08-03,15/9-F-14,24.0,252.15,48.27,2359.78,340677.7,3389.72
2010-08-04,15/9-F-14,24.0,252.14,48.27,2357.53,340689.9,3385.17
2010-08-05,15/9-F-14,22.67,254.15,49.79,2065.25,300998.0,3198.8
2010-08-06,15/9-F-14,24.0,251.72,47.79,2307.31,334404.0,3568.92
2010-08-07,15/9-F-14,22.67,254.97,49.86,1976.83,288792.5,3071.36
2010-08-08,15/9-F-14,24.0,251.67,47.84,2314.34,335464.2,3584.64
2010-08-09,15/9-F-14,24.0,251.64,47.88,2323.85,336483.9,3578.61
2010-08-10,15/9-F-14,24.0,251.64,47.88,2328.43,336442.8,3475.14
2010-08-11,15/9-F-14,24.0,251.59,47.91,2331.82,336346.6,3489.98
2010-08-12,15/9-F-14,24.0,251.57,47.93,2326.48,336776.4,3494.39
2010-08-13,15/9-F-14,24.0,251.52,47.89,2325.93,336865.5,3502.06
2010-08-14,15/9-F-14,24.0,251.49,47.87,2326.15,335954.4,3498.32
2010-08-15,15/9-F-14,23.76,252.44,48.83,2278.69,327273.0,3399.59
2010-08-17,15/9-F-14,0.0,293.35,3.06,0.0,0.0,0.0
2010-08-20,15/9-F-14,0.0,297.54,3.82,0.0,0.0,0.0
2010-08-21,15/9-F-14,0.0,301.93,3.13,0.0,0.0,0.0
2010-08-22,15/9-F-14,0.0,301.87,2.28,0.0,0.0,0.0
2010-08-23,15/9-F-14,0.0,301.82,3.47,0.0,0.0,0.0
2010-08-25,15/9-F-14,0.0,301.73,3.2,0.0,0.0,0.0
2010-08-26,15/9-F-14,0.0,301.69,3.15,0.0,0.0,0.0
2010-08-27,15/9-F-14,0.0,301.65,3.12,0.0,0.0,0.0
2010-08-28,15/9-F-14,0.0,301.61,17.05,0.0,0.0,0.0
2010-08-29,15/9-F-14,20.01,269.17,70.13,1114.31,162282.3,1747.37
2010-08-30,15/9-F-14,24.0,266.63,69.32,1536.1,215332.1,1688.11
2010-08-31,15/9-F-14,24.0,269.23,72.31,1426.09,197440.3,1646.7
2010-09-01,15/9-F-14,21.33,263.7,65.92,1529.07,217223.4,2653.57
2010-09-02,15/9-F-14,24.0,251.65,53.02,2454.88,453753.4,2718.56
2010-09-03,15/9-F-14,24.0,255.42,57.11,2247.64,332337.5,2550.57
2010-09-04,15/9-F-14,24.0,254.58,56.46,2285.77,338531.3,2669.62
2010-09-05,15/9-F-14,24.0,255.26,56.92,2229.82,331444.7,2835.67
2010-09-06,15/9-F-14,24.0,254.94,56.32,2205.88,316423.2,2782.46
2010-09-07,15/9-F-14,24.0,254.26,55.54,2233.58,333180.7,3073.98
2010-09-08,15/9-F-14,24.0,253.83,54.81,2235.48,334409.2,2977.05
2010-09-09,15/9-F-14,24.0,252.62,53.22,2287.35,342163.7,3235.39
2010-09-10,15/9-F-14,24.0,252.03,52.32,2392.5,357523.7,3148.64
2010-09-11,15/9-F-14,20.59,252.66,52.59,2040.53,299748.6,2730.4
2010-09-12,15/9-F-14,0.0,291.95,19.59,0.0,0.0,0.0
2010-09-13,15/9-F-14,19.41,272.57,68.78,1132.83,171566.3,1679.93
2010-09-14,15/9-F-14,4.76,285.46,83.81,141.84,22134.2,197.8
2010-09-15,15/9-F-14,0.0,292.65,102.17,0.0,0.0,0.0
2010-09-16,15/9-F-14,8.22,268.52,62.27,511.55,78544.4,750.64
2010-09-17,15/9-F-14,24.0,261.41,62.47,1935.39,288903.9,2792.69
2010-09-18,15/9-F-14,17.49,270.68,68.83,1071.23,159450.3,1717.64
2010-09-19,15/9-F-14,0.0,291.69,67.7,0.0,0.0,0.0
2010-09-20,15/9-F-14,9.51,261.36,66.5,863.11,131405.4,940.24
2010-09-21,15/9-F-14,24.0,251.37,60.4,2517.2,360332.2,2657.9
2010-09-22,15/9-F-14,24.0,250.55,59.38,2501.74,367969.9,2631.83
2010-09-23,15/9-F-14,24.0,246.9,56.03,2758.98,399923.7,2759.09
2010-09-24,15/9-F-14,24.0,245.18,54.28,2718.36,393505.1,2422.97
2010-09-25,15/9-F-14,24.0,243.45,53.09,2793.71,408499.1,2463.09
2010-09-26,15/9-F-14,23.33,243.62,52.8,2678.29,392563.6,2350.2
2010-09-27,15/9-F-14,24.0,240.59,49.78,2845.14,423344.2,2793.89
2010-09-28,15/9-F-14,24.0,240.72,49.18,2824.83,420324.4,2526.53
2010-09-29,15/9-F-14,24.0,240.21,48.04,2846.78,424316.3,2916.99
2010-09-30,15/9-F-14,9.5,248.14,51.36,1121.73,161030.1,3529.48
2010-10-01,15/9-F-14,24.0,242.42,49.31,2653.1,398467.6,2996.01
2010-10-02,15/9-F-14,24.0,239.21,46.29,2856.51,429064.2,2860.4
2010-10-03,15/9-F-14,24.0,240.44,46.88,2803.63,422302.2,2807.43
2010-10-04,15/9-F-14,24.0,243.12,48.76,2863.05,427329.9,3032.61
2010-10-05,15/9-F-14,24.0,241.66,47.13,2896.5,438253.4,3503.11
2010-10-06,15/9-F-14,24.0,241.87,46.88,2729.25,410479.8,2978.2
2010-10-07,15/9-F-14,24.0,244.12,48.78,2605.46,391037.2,3257.21
2010-10-08,15/9-F-14,22.17,255.12,57.73,2262.19,339622.0,3045.89
2010-10-09,15/9-F-14,24.0,243.7,48.1,2562.51,383490.0,3337.24
2010-10-10,15/9-F-14,24.0,243.16,47.43,2581.0,387678.0,3196.7
2010-10-11,15/9-F-14,24.0,243.3,47.34,2562.55,385578.4,3384.29
2010-10-12,15/9-F-14,24.0,243.05,47.26,2547.28,383805.6,3268.86
2010-10-13,15/9-F-14,24.0,243.52,47.12,2523.03,380442.8,3136.46
2010-10-14,15/9-F-14,24.0,243.39,46.77,2536.66,382744.2,3150.93
2010-10-15,15/9-F-14,24.0,243.39,46.62,2530.04,381962.8,3197.43
2010-10-16,15/9-F-14,24.0,243.25,46.36,2528.62,381460.9,3191.02
2010-10-17,15/9-F-14,24.0,243.12,46.02,2526.93,381440.8,3245.26
2010-10-18,15/9-F-14,24.0,243.02,45.88,2514.25,375750.5,3263.7
2010-10-19,15/9-F-14,24.0,242.38,45.66,2493.55,374954.8,3342.92
2010-10-20,15/9-F-14,24.0,241.97,45.56,2471.3,371281.0,3345.0
2010-10-21,15/9-F-14,24.0,242.27,45.61,2459.14,373620.5,3373.89
2010-10-22,15/9-F-14,24.0,242.63,45.6,2430.54,362375.0,3339.02
2010-10-23,15/9-F-14,24.0,243.05,45.69,2434.43,369650.0,3396.25
2010-10-24,15/9-F-14,24.0,243.24,45.64,2433.69,366367.4,3389.02
2010-10-25,15/9-F-14,24.0,243.25,45.54,2417.35,365751.2,3369.45
2010-10-26,15/9-F-14,24.0,243.26,45.39,2402.66,364573.8,3367.66
2010-10-27,15/9-F-14,24.0,243.23,45.27,2398.73,363680.2,3377.76
2010-10-28,15/9-F-14,24.0,243.13,45.06,2416.68,364233.2,3404.05
2010-10-29,15/9-F-14,24.0,243.21,44.87,2410.66,364898.8,3409.53
2010-10-30,15/9-F-14,24.0,243.28,44.88,2406.95,361270.2,3426.16
2010-10-31,15/9-F-14,25.0,242.75,44.77,2497.07,370280.3,3555.68
2010-11-01,15/9-F-14,24.0,241.87,44.41,2376.82,352826.6,3377.06
2010-11-02,15/9-F-14,24.0,241.46,44.19,2350.74,356989.3,3314.07
2010-11-03,15/9-F-14,24.0,241.74,44.14,2353.34,357220.4,3349.57
2010-11-04,15/9-F-14,24.0,241.44,43.81,2363.63,351068.3,3424.84
2010-11-05,15/9-F-14,24.0,240.36,43.24,2363.88,355117.8,3409.45
2010-11-06,15/9-F-14,24.0,240.58,43.26,2352.44,357303.7,3410.37
2010-11-07,15/9-F-14,24.0,240.86,43.11,2364.51,359941.5,3479.16
2010-11-08,15/9-F-14,20.58,243.57,44.66,1872.93,287077.8,2838.26
2010-11-09,15/9-F-14,24.0,241.65,43.03,2170.11,329076.1,3352.86
2010-11-10,15/9-F-14,17.08,246.24,46.24,1434.87,222538.7,2245.58
2010-11-11,15/9-F-14,24.0,242.25,42.89,2221.0,339402.9,3430.31
2010-11-12,15/9-F-14,24.0,242.1,42.83,2227.41,337341.6,3579.99
2010-11-13,15/9-F-14,24.0,241.57,42.71,2219.72,334479.4,3525.59
2010-11-14,15/9-F-14,24.0,241.09,42.74,2190.85,319958.8,3642.49
2010-11-15,15/9-F-14,3.33,244.37,46.21,299.3,45071.9,546.47
2010-11-16,15/9-F-14,20.34,246.64,47.02,1630.2,247818.4,2797.82
2010-11-17,15/9-F-14,22.08,244.14,45.69,1926.25,291134.0,2496.74
2010-11-18,15/9-F-14,24.0,239.55,42.05,2258.75,339051.0,3449.44
2010-11-19,15/9-F-14,24.0,238.68,41.48,2193.09,330510.2,3447.98
2010-11-20,15/9-F-14,24.0,238.0,41.4,2175.14,328843.2,3506.57
2010-11-21,15/9-F-14,24.0,237.48,41.3,2186.73,329660.7,3445.17
2010-11-22,15/9-F-14,24.0,237.04,41.22,2132.86,322707.7,3511.73
2010-11-23,15/9-F-14,24.0,237.27,41.22,2113.08,323606.6,3263.19
2010-11-24,15/9-F-14,24.0,238.21,41.35,2112.61,324078.3,3306.89
2010-11-25,15/9-F-14,24.0,239.0,41.46,2107.9,324208.7,3359.39
2010-11-26,15/9-F-14,24.0,239.71,41.5,2112.98,324931.9,3402.25
2010-11-27,15/9-F-14,24.0,240.38,41.6,2114.8,325010.3,3445.56
2010-11-28,15/9-F-14,24.0,241.01,41.65,2120.65,325651.1,3481.47
2010-11-29,15/9-F-14,24.0,241.57,41.71,2125.95,326204.5,3526.29
2010-11-30,15/9-F-14,24.0,242.05,41.79,2082.94,316517.2,3603.42
2010-12-01,15/9-F-14,24.0,242.1,41.72,2080.84,317185.3,3593.82
2010-12-02,15/9-F-14,24.0,242.2,41.72,2070.32,316502.2,3603.27
2010-12-03,15/9-F-14,24.0,242.39,41.6,2066.32,314761.0,3620.92
2010-12-04,15/9-F-14,24.0,242.49,41.6,2054.18,315797.0,3620.42
2010-12-05,15/9-F-14,24.0,242.54,41.62,2051.02,315399.3,3623.2
2010-12-06,15/9-F-14,24.0,242.53,41.6,2096.44,322143.8,3475.86
2010-12-07,15/9-F-14,24.0,242.53,41.57,2101.22,323285.2,3669.98
2010-12-08,15/9-F-14,24.0,242.5,41.5,2099.09,322256.9,3677.97
2010-12-09,15/9-F-14,22.5,246.42,44.73,1772.0,270337.3,3426.0
2010-12-10,15/9-F-14,24.0,241.72,41.12,2055.08,315985.4,3694.9
2010-12-11,15/9-F-14,24.0,241.61,41.05,2056.45,316553.8,3617.23
2010-12-12,15/9-F-14,24.0,241.8,41.12,2064.02,308529.7,3627.53
2010-12-13,15/9-F-14,24.0,241.9,41.12,2080.16,316435.9,3572.94
2010-12-14,15/9-F-14,24.0,242.09,41.06,2068.29,316660.2,3551.96
2010-12-15,15/9-F-14,24.0,242.36,41.07,2065.08,318124.4,3563.79
2010-12-16,15/9-F-14,24.0,242.43,41.11,2078.31,319391.6,3570.2
2010-12-17,15/9-F-14,24.0,242.48,41.07,2074.01,317548.3,3578.9
2010-12-18,15/9-F-14,24.0,242.68,40.88,2073.42,315903.5,3635.02
2010-12-19,15/9-F-14,24.0,242.8,40.82,2061.98,315069.1,3550.94
2010-12-20,15/9-F-14,24.0,242.51,40.75,2068.3,316676.7,3562.9
2010-12-21,15/9-F-14,24.0,241.98,40.49,2079.2,318232.8,3595.4
2010-12-22,15/9-F-14,24.0,241.79,40.39,2086.32,318295.0,3603.24
2010-12-23,15/9-F-14,24.0,241.51,40.08,2109.87,319502.7,3617.55
2010-12-24,15/9-F-14,24.0,241.26,39.76,2106.6,320301.5,3636.07
2010-12-25,15/9-F-14,24.0,241.3,39.74,2097.91,319735.8,3655.74
2010-12-26,15/9-F-14,24.0,241.38,39.7,2091.69,319699.3,3645.39
2010-12-27,15/9-F-14,24.0,241.38,39.47,2083.39,319246.1,3647.23
2010-12-28,15/9-F-14,23.0,244.94,42.46,1941.4,293372.4,3534.92
2010-12-29,15/9-F-14,24.0,242.11,40.38,2028.0,309309.3,3714.23
2010-12-30,15/9-F-14,24.0,240.98,39.51,2060.71,314737.2,3491.47
2010-12-31,15/9-F-14,24.0,241.39,39.53,2064.61,316180.9,3661.47
2011-01-01,15/9-F-14,24.0,241.61,39.56,2074.2,316503.4,3563.26
2011-01-02,15/9-F-14,24.0,241.64,39.5,2026.85,309006.2,3580.97
2011-01-03,15/9-F-14,24.0,241.77,39.4,1995.72,305154.7,3519.1
2011-01-04,15/9-F-14,24.0,241.78,39.48,1965.31,300492.5,3455.94
2011-01-05,15/9-F-14,24.0,241.9,39.51,1976.97,302177.0,3460.17
2011-01-06,15/9-F-14,24.0,241.9,39.56,1974.18,301577.4,3462.84
2011-01-07,15/9-F-14,24.0,241.89,39.51,1982.03,301247.1,3469.73
2011-01-08,15/9-F-14,24.0,241.88,39.44,1980.51,301427.1,3467.74
2011-01-09,15/9-F-14,24.0,241.88,39.51,1976.99,301169.4,3647.24
2011-01-10,15/9-F-14,24.0,242.14,39.34,1965.28,298805.7,3689.36
2011-01-11,15/9-F-14,24.0,241.87,39.48,1961.37,298579.8,3724.29
2011-01-12,15/9-F-14,24.0,241.85,39.48,1997.75,299612.0,3528.61
2011-01-13,15/9-F-14,24.0,227.37,39.34,1956.24,297927.7,3491.86
2011-01-14,15/9-F-14,24.0,241.96,39.29,1971.12,300906.3,3512.19
2011-01-15,15/9-F-14,24.0,242.1,39.28,1966.71,299681.4,3533.48
2011-01-16,15/9-F-14,24.0,242.0,39.23,1961.4,298286.9,3513.04
2011-01-17,15/9-F-14,24.0,242.07,39.31,2013.49,307107.3,3650.52
2011-01-18,15/9-F-14,24.0,242.22,39.27,2005.16,306026.3,3654.31
2011-01-19,15/9-F-14,24.0,242.58,39.11,1989.6,303342.7,3639.68
2011-01-20,15/9-F-14,24.0,243.11,38.86,1972.24,300740.8,3625.43
2011-01-21,15/9-F-14,24.0,242.18,39.28,1998.81,304641.9,3669.41
2011-01-22,15/9-F-14,24.0,242.2,39.25,2005.83,306451.9,3636.45
2011-01-23,15/9-F-14,24.0,242.93,38.78,1963.73,299814.2,3621.81
2011-01-24,15/9-F-14,24.0,242.81,38.83,1965.35,300070.1,3626.84
2011-01-25,15/9-F-14,24.0,243.39,38.57,1945.09,297726.2,3616.85
2011-01-26,15/9-F-14,24.0,243.43,38.54,1949.07,297693.2,3613.56
2011-01-27,15/9-F-14,24.0,243.46,38.54,1941.73,296841.7,3612.15
2011-01-28,15/9-F-14,24.0,243.23,38.61,1947.38,297417.1,3624.0
2011-01-29,15/9-F-14,24.0,242.08,39.13,1976.34,302448.1,3672.83
2011-01-30,15/9-F-14,24.0,242.09,39.05,1974.71,301472.0,3665.11
2011-01-31,15/9-F-14,24.0,242.54,38.68,1947.29,298856.7,3619.25
2011-02-01,15/9-F-14,14.78,243.62,39.22,1178.94,186744.4,2366.93
2011-02-05,15/9-F-14,15.47,255.55,51.1,792.96,125619.5,1788.71
2011-02-06,15/9-F-14,22.5,245.82,43.67,1581.39,236216.9,3395.58
2011-02-07,15/9-F-14,24.0,240.86,38.65,1864.62,283733.2,3550.9
2011-02-08,15/9-F-14,24.0,240.16,38.57,1856.36,284391.6,3463.97
2011-02-09,15/9-F-14,24.0,238.97,38.69,1851.68,286525.6,3569.43
2011-02-10,15/9-F-14,24.0,237.68,38.66,1898.77,290264.1,3512.74
2011-02-11,15/9-F-14,24.0,237.33,38.52,1891.82,289292.5,3664.11
2011-02-12,15/9-F-14,24.0,237.14,38.3,1865.5,285857.1,3430.84
2011-02-13,15/9-F-14,22.0,243.62,43.41,1427.65,224793.5,2699.22
2011-02-14,15/9-F-14,8.33,242.54,41.28,638.36,133446.0,1213.5
2011-02-15,15/9-F-14,22.42,247.01,47.62,1498.32,223129.1,2002.69
2011-02-16,15/9-F-14,24.0,236.02,38.86,1875.21,286475.1,3640.71
2011-02-17,15/9-F-14,24.0,236.24,38.61,1978.55,307246.6,3347.98
2011-02-18,15/9-F-14,24.0,236.87,38.34,1965.19,306978.7,3187.92
2011-02-19,15/9-F-14,24.0,237.68,38.41,1971.63,307053.2,3237.67
2011-02-20,15/9-F-14,24.0,238.28,38.52,1972.83,306746.5,3429.24
2011-02-21,15/9-F-14,24.0,238.86,38.58,1973.07,306796.7,3301.83
2011-02-22,15/9-F-14,24.0,239.77,38.84,2021.33,315362.4,3469.93
2011-02-23,15/9-F-14,24.0,240.33,38.72,2022.07,315484.5,3517.13
2011-02-24,15/9-F-14,24.0,241.2,38.7,2007.92,312588.7,3547.69
2011-02-25,15/9-F-14,24.0,241.51,38.69,2002.21,308300.0,3554.31
2011-02-26,15/9-F-14,24.0,242.42,38.38,1984.99,303632.3,3523.09
2011-02-27,15/9-F-14,24.0,242.98,38.2,1975.89,302037.3,3531.89
2011-02-28,15/9-F-14,24.0,243.14,38.23,1969.05,301394.0,3544.12
2011-03-01,15/9-F-14,24.0,243.27,38.19,1977.11,302408.8,3576.97
2011-03-02,15/9-F-14,24.0,243.39,38.1,1960.05,300075.9,3567.72
2011-03-03,15/9-F-14,24.0,243.5,38.19,1946.72,298967.4,3551.98
2011-03-04,15/9-F-14,24.0,243.54,38.15,1958.95,299614.7,3592.84
2011-03-05,15/9-F-14,24.0,243.59,38.12,1943.11,298037.7,3579.45
2011-03-06,15/9-F-14,24.0,243.5,38.04,1943.13,295061.3,3595.1
2011-03-07,15/9-F-14,24.0,243.3,37.93,1933.78,296266.3,3553.07
2011-03-08,15/9-F-14,24.0,243.37,37.91,1920.03,300193.5,3595.97
2011-03-09,15/9-F-14,24.0,243.3,37.94,1919.2,296592.6,3574.25
2011-03-10,15/9-F-14,24.0,243.39,37.94,1932.01,298150.4,3578.11
2011-03-11,15/9-F-14,24.0,243.45,37.95,1897.76,291333.8,3938.67
2011-03-12,15/9-F-14,24.0,243.44,37.95,1907.26,292083.7,3931.2
2011-03-13,15/9-F-14,24.0,242.9,38.25,1905.52,293816.2,3938.26
2011-03-14,15/9-F-14,24.0,242.86,38.28,1902.3,292527.2,4109.12
2011-03-15,15/9-F-14,24.0,242.92,38.95,1876.25,289165.1,4056.38
2011-03-16,15/9-F-14,24.0,243.36,38.83,1856.21,287358.1,4027.2
2011-03-17,15/9-F-14,13.5,252.91,46.11,807.59,125626.2,1987.91
2011-03-18,15/9-F-14,24.0,243.26,39.56,1718.61,263950.7,3951.57
2011-03-19,15/9-F-14,24.0,243.08,39.5,1762.74,270927.8,3983.27
2011-03-20,15/9-F-14,24.0,243.09,39.45,1751.68,269857.2,3989.61
2011-03-21,15/9-F-14,24.0,243.48,39.82,1728.13,267251.1,3854.96
2011-03-22,15/9-F-14,24.0,243.9,40.28,1818.1,279686.8,3986.83
2011-03-23,15/9-F-14,24.0,244.27,40.53,1845.76,284751.1,3969.61
2011-03-24,15/9-F-14,24.0,244.44,40.66,1841.65,285172.4,4085.22
2011-03-25,15/9-F-14,24.0,244.6,40.91,1837.95,284627.2,4047.08
2011-03-26,15/9-F-14,24.0,244.77,40.93,1837.78,283683.2,3991.32
2011-03-27,15/9-F-14,23.0,244.91,40.94,1752.62,270325.0,3909.81
2011-03-28,15/9-F-14,24.0,244.85,40.9,1821.72,281525.2,4038.89
2011-03-29,15/9-F-14,24.0,244.91,40.86,1813.41,278860.5,4018.23
2011-03-30,15/9-F-14,24.0,244.85,40.71,1801.04,279023.2,4026.97
2011-03-31,15/9-F-14,24.0,233.74,38.79,1791.79,276834.7,3890.66
2011-04-01,15/9-F-14,24.0,244.74,40.65,1801.41,278001.8,4027.03
2011-04-02,15/9-F-14,24.0,244.77,40.61,1793.12,277767.4,4021.95
2011-04-03,15/9-F-14,24.0,244.82,40.59,1787.31,277093.0,4028.76
2011-04-04,15/9-F-14,24.0,244.84,40.59,1782.23,276537.5,4028.26
2011-04-05,15/9-F-14,23.17,247.34,42.64,1554.73,243316.2,4156.58
2011-04-06,15/9-F-14,24.0,244.8,40.51,1769.38,273190.0,4158.67
2011-04-07,15/9-F-14,24.0,244.69,40.47,1775.88,275633.8,3950.36
2011-04-08,15/9-F-14,24.0,244.88,40.46,1772.75,279171.5,4071.11
2011-04-09,15/9-F-14,24.0,245.01,40.51,1787.35,277157.6,4085.75
2011-04-10,15/9-F-14,24.0,244.82,40.45,1784.0,278647.4,4198.55
2011-04-11,15/9-F-14,24.0,245.15,40.65,1789.31,279350.8,4229.38
2011-04-12,15/9-F-14,24.0,245.14,40.65,1790.3,278959.9,4125.88
2011-04-13,15/9-F-14,22.5,247.89,42.4,1532.81,239902.2,4053.23
2011-04-14,15/9-F-14,24.0,245.16,40.46,1760.51,269990.8,4113.86
2011-04-15,15/9-F-14,24.0,245.5,40.74,1746.44,269282.3,4078.42
2011-04-16,15/9-F-14,24.0,245.88,41.07,1732.67,267457.3,4043.11
2011-04-17,15/9-F-14,24.0,246.14,41.29,1724.09,266253.9,4027.54
2011-04-18,15/9-F-14,24.0,246.1,41.3,1714.29,266383.4,4094.08
2011-04-19,15/9-F-14,24.0,246.1,41.3,1710.14,266087.2,3983.86
2011-04-20,15/9-F-14,24.0,246.2,41.4,1708.4,265226.9,3973.96
2011-04-21,15/9-F-14,24.0,246.2,41.4,1705.61,263081.8,4047.4
2011-04-22,15/9-F-14,24.0,246.1,41.1,1702.66,265462.6,4023.17
2011-04-23,15/9-F-14,24.0,246.1,41.1,1699.76,266005.3,4023.87
2011-04-24,15/9-F-14,24.0,246.2,41.4,1699.93,264833.5,4031.98
2011-04-25,15/9-F-14,24.0,246.2,41.4,1696.2,264062.1,4038.71
2011-04-26,15/9-F-14,24.0,246.21,41.11,1689.96,263580.2,4046.2
2011-04-27,15/9-F-14,24.0,246.22,41.08,1690.96,263461.1,4048.91
2011-04-28,15/9-F-14,24.0,246.51,41.29,1707.75,265879.5,4121.04
2011-04-29,15/9-F-14,24.0,246.62,41.37,1704.12,265403.2,4110.05
2011-04-30,15/9-F-14,24.0,246.64,41.37,1700.17,265062.5,4111.93
2011-05-01,15/9-F-14,24.0,246.62,41.32,1698.76,264664.5,4110.74
2011-05-02,15/9-F-14,24.0,246.6,41.2,1697.94,264431.3,4111.29
2011-05-03,15/9-F-14,24.0,246.69,41.29,1691.62,263837.8,4033.35
2011-05-04,15/9-F-14,24.0,246.51,41.08,1701.61,264620.5,4126.61
2011-05-05,15/9-F-14,24.0,246.5,40.98,1699.07,264523.5,4141.63
2011-05-06,15/9-F-14,24.0,246.45,40.85,1695.61,266274.3,4142.27
2011-05-07,15/9-F-14,24.0,246.44,40.8,1694.58,264902.1,4136.89
2011-05-08,15/9-F-14,24.0,246.43,40.74,1695.53,263880.5,4132.17
2011-05-09,15/9-F-14,24.0,246.43,40.7,1689.13,264022.2,4139.95
2011-05-10,15/9-F-14,24.0,246.47,40.7,1686.76,264022.3,4139.85
2011-05-11,15/9-F-14,23.33,248.52,42.34,1670.64,262635.6,4301.28
2011-05-12,15/9-F-14,24.0,246.53,40.62,1712.79,266995.2,4343.52
2011-05-13,15/9-F-14,24.0,246.58,40.73,1650.96,257624.3,4176.51
2011-05-14,15/9-F-14,24.0,246.8,40.97,1650.79,257259.2,4179.27
2011-05-15,15/9-F-14,24.0,246.98,41.15,1649.09,256717.4,4161.33
2011-05-16,15/9-F-14,24.0,246.93,41.02,1650.33,258980.0,4157.13
2011-05-17,15/9-F-14,24.0,246.94,40.98,1648.37,258568.2,4159.7
2011-05-18,15/9-F-14,24.0,247.31,40.76,1647.74,258670.1,4259.34
2011-05-19,15/9-F-14,21.92,252.48,44.88,1312.11,208411.8,4326.77
2011-05-20,15/9-F-14,24.0,246.26,39.78,1604.94,254783.8,4330.65
2011-05-21,15/9-F-14,24.0,246.01,38.57,1680.39,259555.0,4355.12
2011-05-22,15/9-F-14,24.0,246.17,38.94,1662.47,259143.0,4309.07
2011-05-23,15/9-F-14,24.0,246.9,39.49,1630.07,255213.1,4114.77
2011-05-24,15/9-F-14,24.0,247.36,39.81,1630.7,251314.4,4101.37
2011-05-25,15/9-F-14,24.0,247.38,39.84,1632.56,251643.7,4113.33
2011-05-26,15/9-F-14,24.0,247.37,39.77,1623.82,252976.9,4116.22
2011-05-27,15/9-F-14,24.0,247.45,39.87,1620.58,252540.1,4111.36
2011-05-28,15/9-F-14,24.0,247.53,39.86,1619.0,252523.9,4115.27
2011-05-29,15/9-F-14,24.0,247.56,39.85,1624.05,250917.3,4123.77
2011-05-30,15/9-F-14,24.0,247.56,39.83,1626.74,250931.6,4128.71
2011-05-31,15/9-F-14,24.0,247.54,39.88,1622.87,250343.9,4132.62
2011-06-01,15/9-F-14,24.0,247.34,39.6,1631.52,251862.4,4150.83
2011-06-02,15/9-F-14,21.5,248.81,40.47,1359.53,209110.5,2771.94
2011-06-03,15/9-F-14,24.0,246.45,38.72,1547.21,242896.8,4277.82
2011-06-04,15/9-F-14,24.0,246.44,38.76,1577.17,247544.6,4285.88
2011-06-05,15/9-F-14,24.0,246.49,38.77,1588.29,248624.4,4294.51
2011-06-06,15/9-F-14,24.0,246.52,38.75,1617.42,253098.3,4292.59
2011-06-07,15/9-F-14,24.0,246.62,38.8,1615.64,252550.2,4285.43
2011-06-08,15/9-F-14,24.0,246.71,38.76,1608.44,252044.4,4257.0
2011-06-09,15/9-F-14,24.0,246.74,38.78,1614.41,252281.3,4257.83
2011-06-10,15/9-F-14,24.0,246.74,38.85,1615.37,252053.8,4268.05
2011-06-11,15/9-F-14,24.0,246.74,38.87,1616.16,252651.4,4269.21
2011-06-12,15/9-F-14,24.0,246.7,38.82,1625.51,252531.9,4259.8
2011-06-13,15/9-F-14,24.0,246.67,38.71,1630.18,252764.3,4260.12
2011-06-14,15/9-F-14,24.0,246.92,39.03,1621.78,252235.9,4239.79
2011-06-15,15/9-F-14,24.0,247.02,39.07,1616.63,251188.4,4232.4
2011-06-16,15/9-F-14,24.0,248.25,40.24,1564.69,240681.2,4164.44
2011-06-17,15/9-F-14,24.0,247.93,40.03,1582.42,245234.0,4269.39
2011-06-18,15/9-F-14,24.0,247.06,39.1,1617.29,252795.4,4238.67
2011-06-19,15/9-F-14,24.0,247.09,39.14,1616.68,252440.4,4247.26
2011-06-20,15/9-F-14,11.68,248.5,40.58,928.17,121322.7,1935.81
2011-06-24,15/9-F-14,0.0,291.48,108.85,0.0,0.0,0.0
2011-06-28,15/9-F-14,0.0,291.48,108.95,0.0,0.0,0.0
2011-07-01,15/9-F-14,24.0,247.45,44.52,1344.49,208900.3,3658.72
2011-07-02,15/9-F-14,7.67,245.54,42.69,545.72,75539.2,1205.15
2011-07-03,15/9-F-14,8.49,250.39,45.19,400.99,79342.7,1145.41
2011-07-04,15/9-F-14,8.84,244.93,42.52,645.93,93788.5,1416.16
2011-07-05,15/9-F-14,0.0,291.37,100.88,0.0,0.0,0.0
2011-07-07,15/9-F-14,8.16,251.6,48.69,513.96,89700.6,1337.89
2011-07-08,15/9-F-14,16.18,242.65,41.26,1263.32,188460.6,2654.79
2011-07-09,15/9-F-14,1.57,283.18,71.34,19.48,6610.7,163.65
2011-07-10,15/9-F-14,23.0,247.67,44.84,1831.94,286417.4,4417.06
2011-07-11,15/9-F-14,18.01,242.7,41.44,1508.01,218369.7,3115.07
2011-07-13,15/9-F-14,0.0,291.26,106.63,0.0,0.0,0.0
2011-07-14,15/9-F-14,0.0,291.69,115.33,0.0,0.0,0.0
2011-07-15,15/9-F-14,2.99,272.78,70.85,141.26,13405.7,177.76
2011-07-16,15/9-F-14,11.18,244.12,44.16,815.04,129292.1,1824.77
2011-07-17,15/9-F-14,0.0,291.18,105.15,0.0,0.0,0.0
2011-07-18,15/9-F-14,0.0,292.41,115.23,0.0,0.0,0.0
2011-07-20,15/9-F-14,21.49,244.75,46.56,1791.46,273791.5,3423.35
2011-07-21,15/9-F-14,24.0,240.89,42.27,2197.54,336051.8,4215.31
2011-07-22,15/9-F-14,7.01,243.14,43.8,697.53,96200.7,1163.16
2011-07-23,15/9-F-14,0.0,291.46,104.42,0.0,0.0,0.0
2011-07-24,15/9-F-14,0.0,291.56,111.83,0.0,0.0,0.0
2011-07-25,15/9-F-14,17.74,245.31,46.9,1417.3,217027.6,2827.39
2011-07-26,15/9-F-14,20.84,241.42,43.58,1989.87,290164.2,3539.19
2011-07-27,15/9-F-14,0.0,290.93,101.88,0.0,0.0,0.0
2011-07-28,15/9-F-14,6.99,250.46,49.95,580.82,88657.8,1224.2
2011-07-29,15/9-F-14,24.0,240.33,42.72,2240.52,341849.8,4126.53
2011-07-30,15/9-F-14,2.34,249.81,50.43,266.13,30995.0,376.57
2011-07-31,15/9-F-14,0.0,291.43,105.25,0.0,0.0,0.0
2011-08-01,15/9-F-14,0.0,291.79,115.02,0.0,0.0,0.0
2011-08-02,15/9-F-14,0.0,298.72,124.08,0.0,0.0,0.0
2011-08-03,15/9-F-14,0.0,300.26,125.72,0.0,0.0,0.0
2011-08-04,15/9-F-14,7.83,245.49,48.72,707.98,106399.4,1258.1
2011-08-05,15/9-F-14,24.0,238.62,43.04,2390.38,361028.1,4100.15
2011-08-06,15/9-F-14,22.33,241.97,44.09,2082.57,317415.7,4804.77
2011-08-07,15/9-F-14,24.0,241.52,43.99,2241.05,344364.6,3978.72
2011-08-08,15/9-F-14,24.0,242.95,44.74,2159.35,331705.5,3953.93
2011-08-09,15/9-F-14,24.0,243.61,45.18,2110.26,324079.5,3969.66
2011-08-10,15/9-F-14,24.0,244.56,45.8,1993.98,306287.0,3826.54
2011-08-11,15/9-F-14,24.0,245.21,46.05,1934.1,298095.8,3812.52
2011-08-12,15/9-F-14,24.0,245.41,45.85,1906.75,293605.9,3842.46
2011-08-13,15/9-F-14,24.0,245.85,45.77,1876.97,289899.0,3860.49
2011-08-14,15/9-F-14,24.0,246.11,45.67,1850.03,285818.7,3875.98
2011-08-15,15/9-F-14,24.0,246.35,45.59,1822.57,283878.3,3887.44
2011-08-16,15/9-F-14,24.0,247.36,46.15,1779.02,275441.0,3861.97
2011-08-17,15/9-F-14,24.0,247.8,46.38,1749.34,271770.5,3858.85
2011-08-18,15/9-F-14,24.0,247.91,46.23,1736.79,270589.9,3876.81
2011-08-19,15/9-F-14,24.0,248.02,46.04,1725.81,266529.9,3899.15
2011-08-20,15/9-F-14,24.0,248.07,45.76,1709.91,264776.7,3907.67
2011-08-21,15/9-F-14,24.0,248.22,45.65,1693.9,262725.9,3918.84
2011-08-22,15/9-F-14,24.0,248.37,45.62,1681.07,260328.3,3931.83
2011-08-23,15/9-F-14,24.0,248.04,45.09,1677.95,260476.0,3957.31
2011-08-24,15/9-F-14,24.0,248.31,45.01,1657.25,257809.2,3971.18
2011-08-25,15/9-F-14,23.16,248.75,45.18,1573.4,244735.8,3926.72
2011-08-26,15/9-F-14,23.01,253.06,48.0,1352.49,211795.0,3614.51
2011-08-27,15/9-F-14,24.0,248.23,44.21,1619.61,251644.9,4113.89
2011-08-28,15/9-F-14,24.0,248.13,44.05,1626.86,253629.8,4128.25
2011-08-29,15/9-F-14,24.0,247.36,43.32,1660.56,258456.0,4202.78
2011-08-30,15/9-F-14,24.0,246.19,42.23,1708.86,264699.8,4302.93
2011-08-31,15/9-F-14,24.0,246.3,42.34,1701.47,263621.8,4291.32
2011-09-01,15/9-F-14,24.0,246.09,42.13,1698.77,263925.4,4305.67
2011-09-02,15/9-F-14,24.0,245.58,41.51,1715.43,267729.6,4361.99
2011-09-03,15/9-F-14,24.0,245.66,41.55,1712.95,267232.5,4363.97
2011-09-04,15/9-F-14,24.0,245.72,41.64,1710.99,265997.3,4360.84
2011-09-05,15/9-F-14,24.0,245.42,41.27,1714.87,268194.3,4384.14
2011-09-06,15/9-F-14,24.0,245.43,41.17,1712.36,271403.0,4392.31
2011-09-07,15/9-F-14,24.0,245.11,40.85,1708.36,270532.0,4272.1
2011-09-08,15/9-F-14,24.0,244.79,40.48,1714.58,272010.1,4318.7
2011-09-09,15/9-F-14,24.0,244.88,40.45,1718.27,271462.0,4321.94
2011-09-10,15/9-F-14,24.0,244.95,40.35,1706.64,268694.8,4333.7
2011-09-11,15/9-F-14,24.0,245.0,40.27,1700.34,266849.9,4336.75
2011-09-12,15/9-F-14,24.0,244.77,39.98,1709.93,267697.9,4360.64
2011-09-13,15/9-F-14,12.0,252.27,45.78,944.17,145355.3,5691.77
2011-09-14,15/9-F-14,24.0,244.75,39.36,1567.69,246953.0,5267.37
2011-09-15,15/9-F-14,24.0,243.69,39.29,1611.04,253206.1,4727.77
2011-09-16,15/9-F-14,24.0,243.39,39.05,1731.83,272150.9,4400.19
2011-09-17,15/9-F-14,24.0,242.74,38.68,1748.28,275021.1,4346.26
2011-09-18,15/9-F-14,24.0,242.71,38.67,1754.97,278475.4,4528.11
2011-09-19,15/9-F-14,24.0,242.71,38.67,1765.28,278686.8,4268.94
2011-09-20,15/9-F-14,24.0,243.3,38.8,1776.07,280186.0,4339.97
2011-09-21,15/9-F-14,24.0,244.66,38.14,1758.96,278028.0,4359.76
2011-09-22,15/9-F-14,24.0,244.42,37.36,1789.52,281530.2,4478.37
2011-09-23,15/9-F-14,24.0,244.17,37.01,1808.7,283237.9,4530.02
2011-09-24,15/9-F-14,24.0,244.19,36.93,1804.22,283201.7,4525.49
2011-09-25,15/9-F-14,24.0,244.26,36.9,1804.12,283162.9,4535.28
2011-09-26,15/9-F-14,24.0,244.24,36.85,1803.45,282765.6,4545.82
2011-09-27,15/9-F-14,24.0,244.29,36.8,1797.79,281959.4,4550.59
2011-09-28,15/9-F-14,24.0,244.35,36.78,1685.26,264624.0,4197.74
2011-09-29,15/9-F-14,24.0,244.42,35.92,1700.15,267135.2,4298.01
2011-09-30,15/9-F-14,24.0,244.38,36.68,1678.14,263976.0,4253.4
2011-10-01,15/9-F-14,24.0,244.23,36.67,1672.21,262906.8,4229.11
2011-10-02,15/9-F-14,24.0,244.38,36.72,1661.5,262094.2,4211.79
2011-10-03,15/9-F-14,24.0,244.52,36.65,1656.96,261354.4,4223.13
2011-10-04,15/9-F-14,24.0,244.64,36.63,1650.25,260480.9,4229.6
2011-10-05,15/9-F-14,24.0,244.71,36.62,1646.68,260039.7,4237.76
2011-10-06,15/9-F-14,24.0,244.77,36.62,1644.21,259681.3,4235.14
2011-10-07,15/9-F-14,12.99,246.76,38.5,1127.72,152242.4,2464.9
2011-10-08,15/9-F-14,13.51,252.83,43.13,680.02,111801.9,2340.56
2011-10-09,15/9-F-14,24.0,246.21,38.28,1500.57,238555.0,4159.24
2011-10-10,15/9-F-14,24.0,246.92,38.83,1480.37,235543.1,3943.73
2011-10-11,15/9-F-14,24.0,244.79,36.52,1538.0,243720.9,4044.32
2011-10-12,15/9-F-14,24.0,244.87,36.53,1551.83,244870.3,4048.74
2011-10-13,15/9-F-14,24.0,244.89,36.55,1566.75,244864.1,4049.79
2011-10-14,15/9-F-14,20.42,249.94,40.14,1218.73,194540.9,3260.74
2011-10-15,15/9-F-14,16.16,246.27,37.48,1211.43,173642.6,2809.32
2011-10-19,15/9-F-14,0.0,291.88,109.56,0.0,0.0,0.0
2011-10-20,15/9-F-14,0.0,293.93,116.76,0.0,0.0,0.0
2011-10-21,15/9-F-14,0.0,300.01,122.9,0.0,0.0,0.0
2011-10-22,15/9-F-14,0.0,300.65,123.83,0.0,0.0,0.0
2011-10-23,15/9-F-14,0.0,300.63,123.09,0.0,0.0,0.0
2011-10-24,15/9-F-14,0.0,292.02,119.23,0.0,0.0,0.0
2011-10-26,15/9-F-14,0.0,300.57,122.16,0.0,0.0,0.0
2011-10-27,15/9-F-14,0.0,300.57,122.22,0.0,0.0,0.0
2011-10-28,15/9-F-14,0.0,300.57,122.22,0.0,0.0,0.0
2011-10-29,15/9-F-14,0.0,300.57,122.22,0.0,0.0,0.0
2011-10-30,15/9-F-14,0.0,300.55,122.15,0.0,0.0,0.0
2011-10-31,15/9-F-14,0.0,300.5,121.64,0.0,0.0,0.0
2011-11-01,15/9-F-14,0.0,300.5,48.57,0.0,0.0,0.0
2011-11-02,15/9-F-14,0.0,300.43,110.13,0.0,0.0,0.0
2011-11-03,15/9-F-14,0.0,300.51,107.6,0.0,0.0,0.0
2011-11-04,15/9-F-14,0.0,300.49,107.61,0.0,0.0,0.0
2011-11-05,15/9-F-14,6.5,268.14,74.22,502.21,74294.3,955.75
2011-11-06,15/9-F-14,24.0,242.16,43.36,1734.07,262627.1,3637.71
2011-11-07,15/9-F-14,24.0,241.71,41.73,1806.74,277814.2,3727.31
2011-11-08,15/9-F-14,24.0,241.26,41.13,1864.94,287161.1,3793.42
2011-11-09,15/9-F-14,24.0,240.48,40.4,1893.19,291761.5,3817.42
2011-11-10,15/9-F-14,24.0,239.9,40.33,1931.64,297132.7,3805.19
2011-11-11,15/9-F-14,11.81,240.86,41.06,1093.95,151082.7,1821.2
2011-11-12,15/9-F-14,15.36,249.86,46.86,960.37,153287.5,2179.84
2011-11-13,15/9-F-14,24.0,240.22,40.52,1895.6,288083.4,3758.98
2011-11-14,15/9-F-14,24.0,240.42,40.38,1893.6,289159.7,3780.24
2011-11-15,15/9-F-14,24.0,240.59,40.05,1880.97,288997.0,3800.54
2011-11-16,15/9-F-14,24.0,240.89,39.84,1873.21,288459.1,3840.08
2011-11-17,15/9-F-14,24.0,241.1,39.77,1861.88,287046.5,3851.64
2011-11-18,15/9-F-14,24.0,241.28,39.62,1847.31,285690.6,3874.2
2011-11-19,15/9-F-14,24.0,241.52,39.5,1829.94,283047.9,3887.07
2011-11-20,15/9-F-14,24.0,241.75,39.36,1810.86,279575.6,3896.25
2011-11-21,15/9-F-14,24.0,241.98,39.23,1792.95,277465.7,3900.77
2011-11-22,15/9-F-14,24.0,242.26,39.14,1774.76,275091.7,3916.08
2011-11-23,15/9-F-14,24.0,242.34,39.04,1754.19,272090.2,3926.09
2011-11-24,15/9-F-14,23.48,242.96,39.1,1690.63,262323.7,3868.31
2011-11-28,15/9-F-14,23.17,249.64,44.18,1350.88,209045.2,3548.3
2011-12-02,15/9-F-14,20.52,245.1,41.88,1348.69,208439.8,3221.06
2011-12-05,15/9-F-14,18.03,247.31,44.15,1358.54,207924.2,3187.57
2011-12-06,15/9-F-14,4.81,245.14,42.24,568.33,72624.4,1225.23
2011-12-07,15/9-F-14,19.0,244.09,40.81,1374.58,213538.8,3120.71
2011-12-08,15/9-F-14,14.64,242.33,39.71,1270.0,183147.2,2587.9
2011-12-10,15/9-F-14,6.19,248.87,44.6,566.61,87868.2,1766.0
2011-12-11,15/9-F-14,24.0,240.89,39.38,1859.52,278392.8,3944.16
2011-12-12,15/9-F-14,24.0,240.58,39.14,1939.64,294987.9,4059.46
2011-12-13,15/9-F-14,4.31,243.77,41.84,571.4,74695.8,1221.23
2011-12-15,15/9-F-14,24.0,241.05,39.81,1814.39,276549.7,3862.12
2011-12-16,15/9-F-14,24.0,240.51,39.57,1944.21,295511.9,3982.97
2011-12-17,15/9-F-14,21.14,241.08,39.72,1826.72,262323.1,3468.38
2011-12-18,15/9-F-14,15.19,244.16,41.56,1157.44,180738.4,2662.65
2011-12-19,15/9-F-14,24.0,240.83,39.27,1904.27,290172.4,3998.82
2011-12-20,15/9-F-14,24.0,241.02,39.2,1898.2,290035.8,4017.8
2011-12-21,15/9-F-14,24.0,241.24,39.09,1893.13,289912.2,4072.33
2011-12-22,15/9-F-14,24.0,241.48,39.02,1866.93,285753.5,4053.57
2011-12-23,15/9-F-14,24.0,241.75,38.97,1854.96,283645.6,4051.35
2011-12-24,15/9-F-14,17.98,242.28,39.27,1550.39,219806.1,3144.9
2011-12-26,15/9-F-14,0.0,291.46,92.4,0.0,56.4,45.12
2011-12-27,15/9-F-14,17.5,249.36,44.91,1035.84,162228.6,2634.7
2011-12-28,15/9-F-14,10.47,244.04,41.07,897.82,117223.5,1675.5
2011-12-29,15/9-F-14,2.86,265.32,56.08,159.07,24066.3,549.13
2011-12-30,15/9-F-14,24.0,242.34,39.74,1727.34,269703.1,3932.46
2011-12-31,15/9-F-14,24.0,241.92,38.96,1778.38,273624.1,3957.78
2012-01-01,15/9-F-14,24.0,242.18,38.83,1771.69,272014.8,3983.87
2012-01-02,15/9-F-14,23.81,242.73,39.34,1777.21,271077.8,3954.25
2012-01-14,15/9-F-14,2.5,287.8,96.51,108.08,16656.1,223.52
2012-01-15,15/9-F-14,24.0,238.79,40.26,1931.14,291203.5,3794.98
2012-01-16,15/9-F-14,24.0,238.76,39.47,1983.54,300765.0,3898.98
2012-01-17,15/9-F-14,24.0,239.45,38.99,1984.97,301995.3,4060.36
2012-01-18,15/9-F-14,24.0,239.28,38.98,2004.73,304736.4,4339.41
2012-01-19,15/9-F-14,24.0,238.96,39.2,2024.63,307154.8,4205.6
2012-01-20,15/9-F-14,24.0,239.16,39.32,1999.83,305097.0,3981.25
2012-01-21,15/9-F-14,13.18,240.27,39.94,1246.64,180904.2,2565.18
2012-01-22,15/9-F-14,19.49,246.62,43.95,1478.51,231355.4,3523.55
2012-01-23,15/9-F-14,24.0,239.85,38.98,1865.29,285954.1,3954.26
2012-01-24,15/9-F-14,24.0,240.26,38.73,1851.56,286235.8,3941.27
2012-01-25,15/9-F-14,16.34,241.0,38.52,1456.87,208452.4,2887.31
2012-01-27,15/9-F-14,14.0,264.59,49.15,996.09,155501.0,2532.5
2012-01-28,15/9-F-14,24.0,244.86,42.19,1721.18,262935.4,3806.83
2012-01-29,15/9-F-14,5.51,257.01,53.02,94.96,15813.5,230.31
2012-01-30,15/9-F-14,4.99,271.58,81.07,20.0,3330.1,47.28
2012-01-31,15/9-F-14,24.0,239.26,67.43,992.31,154976.1,1587.67
2012-02-01,15/9-F-14,24.0,221.25,48.2,1298.84,202811.8,2540.5
2012-02-02,15/9-F-14,24.0,222.7,47.37,1360.83,207543.8,1530.36
2012-02-03,15/9-F-14,24.0,223.38,47.14,1342.41,205900.6,1539.83
2012-02-04,15/9-F-14,24.0,224.64,47.02,1311.87,201907.2,1553.22
2012-02-05,15/9-F-14,24.0,225.06,46.72,1283.47,197268.3,1561.57
2012-02-06,15/9-F-14,24.0,222.81,44.96,1301.74,198119.2,1583.76
2012-02-07,15/9-F-14,24.0,220.13,42.89,1269.47,193285.9,1645.3
2012-02-08,15/9-F-14,24.0,220.22,42.7,1271.31,194159.7,1669.16
2012-02-09,15/9-F-14,20.67,226.55,45.71,1053.2,160477.1,1504.72
2012-02-10,15/9-F-14,24.0,218.86,41.25,1247.14,196069.5,2790.23
2012-02-11,15/9-F-14,24.0,219.71,41.47,1276.12,159326.2,2292.73
2012-02-12,15/9-F-14,24.0,219.6,41.24,1301.47,197783.1,1768.24
2012-02-13,15/9-F-14,24.0,219.19,40.6,1283.33,195938.3,1955.34
2012-02-14,15/9-F-14,24.0,219.09,40.24,1299.87,199084.1,1863.68
2012-02-15,15/9-F-14,24.0,219.16,39.95,1294.81,198512.9,1871.52
2012-02-16,15/9-F-14,24.0,219.17,39.66,1295.53,197998.6,1877.07
2012-02-17,15/9-F-14,24.0,219.39,39.54,1285.7,197060.3,1884.1
2012-02-18,15/9-F-14,24.0,219.29,39.29,1275.18,195169.8,1885.61
2012-02-19,15/9-F-14,24.0,219.13,39.1,1263.41,194967.0,1886.41
2012-02-20,15/9-F-14,24.0,218.95,38.9,1252.54,192011.2,1986.95
2012-02-21,15/9-F-14,24.0,219.02,38.85,1247.26,191105.8,1990.65
2012-02-22,15/9-F-14,24.0,219.23,38.84,1246.47,190019.3,1983.52
2012-02-23,15/9-F-14,24.0,219.09,38.6,1249.37,190518.2,2001.82
2012-02-24,15/9-F-14,24.0,219.14,38.55,1248.61,190288.1,2005.38
2012-02-25,15/9-F-14,24.0,219.18,38.46,1250.39,190598.6,2019.02
2012-02-26,15/9-F-14,24.0,219.29,38.37,1248.86,190356.4,1991.16
2012-02-27,15/9-F-14,24.0,219.32,38.3,1247.61,190389.7,2028.99
2012-02-28,15/9-F-14,24.0,219.28,38.16,1247.75,190194.0,2031.9
2012-02-29,15/9-F-14,24.0,219.49,38.16,1243.1,189694.1,2033.1
2012-03-01,15/9-F-14,24.0,219.47,38.04,1237.67,188913.0,2031.39
2012-03-02,15/9-F-14,24.0,219.13,37.69,1244.07,190954.1,2051.97
2012-03-03,15/9-F-14,24.0,219.36,37.59,1237.0,191193.3,2050.51
2012-03-04,15/9-F-14,24.0,219.19,37.35,1246.93,192475.0,2078.8
2012-03-05,15/9-F-14,24.0,219.32,37.31,1248.95,192592.5,2094.19
2012-03-06,15/9-F-14,24.0,219.31,37.0,1249.25,193223.9,2106.58
2012-03-07,15/9-F-14,24.0,219.3,36.85,1251.91,193143.6,2119.1
2012-03-08,15/9-F-14,24.0,219.45,36.86,1246.71,192369.2,2123.5
2012-03-09,15/9-F-14,24.0,219.58,36.85,1244.24,191982.6,2121.62
2012-03-10,15/9-F-14,24.0,218.97,36.56,1244.19,191913.9,2125.23
2012-03-11,15/9-F-14,24.0,219.33,36.47,1236.49,191588.4,2129.62
2012-03-12,15/9-F-14,24.0,219.5,36.47,1237.53,191156.6,2131.52
2012-03-13,15/9-F-14,22.58,222.22,37.27,1081.88,175173.0,1963.92
2012-03-14,15/9-F-14,24.0,219.44,36.12,1221.75,184731.1,2145.77
2012-03-15,15/9-F-14,23.25,222.64,37.74,1076.12,168689.9,1964.58
2012-03-16,15/9-F-14,24.0,219.76,36.17,1202.91,184793.6,2096.17
2012-03-17,15/9-F-14,24.0,219.52,36.01,1215.32,187128.3,2111.5
2012-03-18,15/9-F-14,24.0,219.56,35.96,1220.05,188434.5,2118.55
2012-03-19,15/9-F-14,24.0,219.58,35.82,1224.73,189710.6,2123.16
2012-03-20,15/9-F-14,24.0,219.48,35.66,1234.65,190598.9,2211.1
2012-03-21,15/9-F-14,24.0,219.71,35.68,1241.7,191392.5,2229.63
2012-03-22,15/9-F-14,24.0,219.75,35.58,1246.38,192055.6,2241.79
2012-03-23,15/9-F-14,24.0,233.43,42.82,1031.18,161138.9,1933.84
2012-03-24,15/9-F-14,24.0,272.54,68.08,239.26,38069.5,406.03
2012-03-25,15/9-F-14,23.0,273.43,70.46,370.83,59035.6,681.41
2012-03-26,15/9-F-14,24.0,272.83,70.6,391.64,62379.5,711.88
2012-03-27,15/9-F-14,24.0,253.88,58.87,690.78,107297.0,1102.25
2012-03-28,15/9-F-14,24.0,220.64,36.13,1268.24,195976.8,2201.4
2012-03-29,15/9-F-14,24.0,219.53,35.6,1272.0,197476.5,2202.21
2012-03-30,15/9-F-14,24.0,219.23,35.13,1293.04,200875.3,2295.58
2012-03-31,15/9-F-14,24.0,219.05,34.81,1298.19,201725.6,2321.11
2012-04-01,15/9-F-14,24.0,218.95,34.63,1301.05,202263.4,2337.51
2012-04-02,15/9-F-14,24.0,218.99,34.63,1309.04,202883.5,2352.09
2012-04-03,15/9-F-14,24.0,219.05,34.6,1305.86,201340.9,2336.55
2012-04-04,15/9-F-14,24.0,219.21,34.62,1301.89,199037.6,2355.08
2012-04-05,15/9-F-14,24.0,219.47,34.58,1299.73,199347.2,2378.33
2012-04-06,15/9-F-14,24.0,219.72,34.61,1294.63,198638.5,2380.01
2012-04-07,15/9-F-14,24.0,220.04,34.56,1289.54,197622.4,2384.49
2012-04-08,15/9-F-14,24.0,220.41,34.46,1279.75,196898.6,2391.24
2012-04-09,15/9-F-14,24.0,220.73,34.49,1276.84,196019.1,2390.96
2012-04-10,15/9-F-14,24.0,220.98,34.5,1251.35,192483.8,2403.91
2012-04-11,15/9-F-14,24.0,221.35,34.51,1241.47,190706.8,2395.7
2012-04-12,15/9-F-14,24.0,221.56,34.47,1234.71,189845.3,2393.94
2012-04-13,15/9-F-14,24.0,221.68,34.44,1214.18,186862.5,2420.62
2012-04-14,15/9-F-14,24.0,221.82,34.43,1208.85,186045.5,2419.68
2012-04-15,15/9-F-14,24.0,222.11,34.4,1200.95,185252.4,2421.24
2012-04-16,15/9-F-14,24.0,222.42,34.4,1198.34,184550.4,2425.89
2012-04-17,15/9-F-14,24.0,222.64,34.28,1193.74,183868.9,2423.97
2012-04-18,15/9-F-14,24.0,222.86,34.31,1179.1,185333.4,2431.06
2012-04-19,15/9-F-14,24.0,222.99,34.25,1177.26,184910.9,2455.1
2012-04-20,15/9-F-14,24.0,223.14,34.24,1175.13,184934.1,2432.8
2012-04-21,15/9-F-14,24.0,221.62,33.26,1191.85,186409.0,2472.62
2012-04-22,15/9-F-14,24.0,220.68,32.68,1192.68,186444.1,2449.19
2012-04-23,15/9-F-14,24.0,220.88,32.67,1185.21,185384.9,2457.57
2012-04-24,15/9-F-14,24.0,221.06,32.66,1182.72,184934.8,2459.37
2012-04-25,15/9-F-14,24.0,221.07,32.64,1181.92,184670.1,2484.43
2012-04-26,15/9-F-14,24.0,221.08,32.6,1178.22,184594.0,2453.49
2012-04-27,15/9-F-14,24.0,221.33,32.65,1170.75,183924.1,2461.74
2012-04-28,15/9-F-14,24.0,221.57,32.67,1187.91,192213.8,2798.15
2012-04-29,15/9-F-14,24.0,221.73,32.64,1030.3,163885.6,2416.39
2012-04-30,15/9-F-14,24.0,221.77,32.64,1074.82,171924.3,2428.12
2012-05-01,15/9-F-14,24.0,222.01,32.66,1092.16,171038.3,2441.25
2012-05-02,15/9-F-14,24.0,222.36,32.69,1096.64,172412.1,2468.34
2012-05-03,15/9-F-14,24.0,222.48,32.68,1116.23,174939.0,2607.86
2012-05-04,15/9-F-14,24.0,222.45,32.66,1123.24,175857.7,2599.27
2012-05-05,15/9-F-14,24.0,223.9,32.7,1126.07,177869.1,2599.03
2012-05-06,15/9-F-14,24.0,224.32,32.73,1129.0,176252.1,2592.81
2012-05-07,15/9-F-14,24.0,224.84,32.76,1179.46,184287.4,2702.55
2012-05-08,15/9-F-14,24.0,226.4,32.83,1189.93,186150.6,2733.53
2012-05-09,15/9-F-14,24.0,226.42,32.87,1189.84,185580.6,2752.12
2012-05-10,15/9-F-14,24.0,226.66,32.89,1185.93,185502.9,2739.1
2012-05-11,15/9-F-14,24.0,226.65,32.86,1184.22,185266.4,2699.35
2012-05-12,15/9-F-14,24.0,226.93,32.9,1166.43,182547.6,2669.79
2012-05-13,15/9-F-14,24.0,226.81,32.78,1166.5,182281.8,2665.14
2012-05-14,15/9-F-14,24.0,226.97,32.8,1166.23,182208.6,2655.3
2012-05-15,15/9-F-14,24.0,227.02,32.83,1163.17,181791.3,2638.67
2012-05-16,15/9-F-14,24.0,227.08,32.81,1160.68,182066.0,2645.71
2012-05-17,15/9-F-14,24.0,227.07,32.8,1162.85,182066.0,2649.32
2012-05-18,15/9-F-14,24.0,227.14,32.82,1162.85,182168.7,2852.11
2012-05-19,15/9-F-14,24.0,226.99,32.77,1164.67,182519.5,3030.3
2012-05-20,15/9-F-14,24.0,226.82,32.75,1141.37,178759.5,2658.85
2012-05-21,15/9-F-14,24.0,227.0,32.74,1141.93,178180.9,2719.57
2012-05-22,15/9-F-14,21.08,236.5,37.96,868.7,141286.3,2407.19
2012-05-23,15/9-F-14,24.0,227.67,32.82,1059.44,167945.5,2704.32
2012-05-24,15/9-F-14,24.0,228.0,32.89,1087.94,172529.9,2668.21
2012-05-25,15/9-F-14,24.0,228.64,33.4,1095.56,172033.2,2624.72
2012-05-26,15/9-F-14,24.0,228.23,33.24,1105.91,173349.9,2706.47
2012-05-27,15/9-F-14,24.0,227.5,32.71,1116.86,174678.3,2729.33
2012-05-28,15/9-F-14,24.0,227.62,32.72,1126.57,175582.7,2733.19
2012-05-29,15/9-F-14,24.0,227.59,32.71,1131.35,176146.5,2724.11
2012-05-30,15/9-F-14,24.0,227.5,32.7,1124.79,176022.5,2726.49
2012-05-31,15/9-F-14,24.0,227.61,32.69,1125.44,176067.2,2733.31
2012-06-01,15/9-F-14,24.0,227.67,32.68,1124.75,176408.1,2740.54
2012-06-02,15/9-F-14,24.0,227.5,32.64,1122.99,176394.3,2723.09
2012-06-03,15/9-F-14,24.0,227.58,32.64,1117.51,175581.9,2725.8
2012-06-04,15/9-F-14,24.0,227.69,32.63,1115.89,175567.4,2734.25
2012-06-05,15/9-F-14,24.0,228.08,32.83,1111.91,174756.4,2743.99
2012-06-06,15/9-F-14,24.0,227.76,32.61,1117.1,175553.9,2745.06
2012-06-07,15/9-F-14,24.0,227.68,32.55,1101.77,172735.1,2666.07
2012-06-08,15/9-F-14,24.0,227.81,32.53,1097.85,172165.7,2670.29
2012-06-09,15/9-F-14,24.0,227.96,32.62,1097.36,172667.7,2678.65
2012-06-10,15/9-F-14,24.0,228.06,32.65,1102.01,172657.9,2706.74
2012-06-11,15/9-F-14,24.0,228.3,32.84,1086.48,170859.4,2696.1
2012-06-12,15/9-F-14,24.0,227.99,32.58,1095.9,172278.0,2707.1
2012-06-13,15/9-F-14,23.17,231.28,34.41,935.42,149159.8,2447.88
2012-06-14,15/9-F-14,24.0,228.28,32.63,1055.05,165692.6,2696.75
2012-06-15,15/9-F-14,24.0,228.37,32.64,1068.47,167934.3,2717.16
2012-06-16,15/9-F-14,24.0,228.23,32.61,1077.27,169539.5,2710.55
2012-06-17,15/9-F-14,24.0,228.19,32.59,1081.03,169387.3,2695.54
2012-06-18,15/9-F-14,24.0,228.26,32.57,1079.28,169100.6,2704.61
2012-06-19,15/9-F-14,24.0,228.5,32.54,1081.43,169659.4,2711.83
2012-06-20,15/9-F-14,16.0,254.15,50.23,633.92,100150.6,1945.82
2012-06-21,15/9-F-14,24.0,229.67,32.87,946.09,149789.3,2848.81
2012-06-22,15/9-F-14,24.0,229.71,32.79,991.71,155826.8,2681.11
2012-06-23,15/9-F-14,24.0,229.43,32.56,1011.5,159373.6,2679.36
2012-06-24,15/9-F-14,24.0,229.46,32.55,1019.08,160337.4,2643.49
2012-06-25,15/9-F-14,24.0,229.22,32.54,1023.48,161151.8,2573.05
2012-06-26,15/9-F-14,24.0,229.17,32.55,1023.48,161526.5,2637.21
2012-06-27,15/9-F-14,24.0,229.38,32.62,1080.53,170336.1,2642.7
2012-06-28,15/9-F-14,24.0,229.53,32.59,1085.6,170651.5,2649.72
2012-06-29,15/9-F-14,24.0,229.71,32.54,1090.18,171276.3,2819.53
2012-06-30,15/9-F-14,24.0,229.82,32.52,1090.51,171892.1,2841.4
2012-07-01,15/9-F-14,24.0,229.77,32.54,1099.01,172098.7,2624.54
2012-07-02,15/9-F-14,24.0,229.63,32.52,1081.79,169592.6,2846.53
2012-07-03,15/9-F-14,24.0,229.88,32.57,1080.99,169387.4,2764.58
2012-07-04,15/9-F-14,24.0,230.02,32.53,1080.38,169834.6,2772.21
2012-07-05,15/9-F-14,24.0,230.13,32.57,1080.86,170605.5,2774.14
2012-07-06,15/9-F-14,24.0,229.79,32.58,1080.38,170708.5,2747.11
2012-07-07,15/9-F-14,24.0,229.61,32.56,1083.62,170635.0,2726.8
2012-07-08,15/9-F-14,24.0,229.58,32.51,1081.46,170148.3,2716.99
2012-07-09,15/9-F-14,24.0,229.71,32.54,1056.84,166572.5,2674.47
2012-07-10,15/9-F-14,24.0,229.85,32.54,1053.77,166024.9,2679.82
2012-07-11,15/9-F-14,24.0,229.92,32.54,1053.63,166312.1,2699.87
2012-07-12,15/9-F-14,24.0,229.85,32.52,1056.68,166920.1,2685.0
2012-07-13,15/9-F-14,24.0,229.8,32.5,1060.81,167338.2,2667.04
2012-07-14,15/9-F-14,24.0,229.9,32.52,1059.33,166374.5,2680.85
2012-07-15,15/9-F-14,24.0,230.09,32.49,1059.12,165819.5,2690.48
2012-07-16,15/9-F-14,24.0,230.26,32.52,1059.44,165790.5,2694.0
2012-07-17,15/9-F-14,24.0,230.36,32.51,1060.07,166065.9,2690.67
2012-07-18,15/9-F-14,24.0,230.31,32.51,1059.38,166864.3,2687.08
2012-07-19,15/9-F-14,24.0,229.97,32.48,1060.1,167131.6,2680.27
2012-07-20,15/9-F-14,24.0,230.19,32.47,1058.66,166622.9,2695.5
2012-07-21,15/9-F-14,24.0,230.29,32.47,1058.52,165281.7,2691.62
2012-07-22,15/9-F-14,24.0,230.47,32.39,1057.06,165624.5,2701.03
2012-07-23,15/9-F-14,24.0,230.56,32.4,1059.17,165953.2,2702.69
2012-07-24,15/9-F-14,24.0,230.5,32.41,1059.56,165978.8,2716.64
2012-07-25,15/9-F-14,24.0,230.39,32.47,1056.78,165679.9,2714.8
2012-07-26,15/9-F-14,24.0,230.27,32.46,1056.14,165248.0,2708.04
2012-07-27,15/9-F-14,24.0,230.18,32.36,1052.55,165339.8,2693.4
2012-07-28,15/9-F-14,24.0,230.27,32.36,1049.12,165200.0,2670.87
2012-07-29,15/9-F-14,24.0,230.27,32.39,1052.96,166101.2,2680.92
2012-07-30,15/9-F-14,24.0,230.45,32.49,1043.58,164565.5,2743.55
2012-07-31,15/9-F-14,24.0,230.18,32.57,1048.94,165442.4,2748.05
2012-08-01,15/9-F-14,24.0,230.35,32.45,1045.63,161893.6,2751.15
2012-08-02,15/9-F-14,24.0,230.25,32.42,1043.62,163625.9,2744.62
2012-08-03,15/9-F-14,24.0,230.17,32.39,1042.26,163484.5,2726.49
2012-08-04,15/9-F-14,24.0,230.51,32.48,1035.79,164001.7,2718.41
2012-08-05,15/9-F-14,24.0,230.86,32.5,1030.97,164001.7,2741.78
2012-08-06,15/9-F-14,24.0,230.84,32.55,1038.32,163614.3,2788.23
2012-08-07,15/9-F-14,24.0,230.84,32.54,1041.04,163534.7,2802.18
2012-08-08,15/9-F-14,24.0,230.75,32.5,1041.04,168966.7,2800.36
2012-08-09,15/9-F-14,24.0,230.66,32.46,1036.49,162600.0,2792.59
2012-08-10,15/9-F-14,24.0,230.41,32.33,1042.49,163591.2,2806.2
2012-08-11,15/9-F-14,24.0,230.29,32.21,1047.3,166423.3,2804.14
2012-08-12,15/9-F-14,24.0,230.83,32.34,1042.36,164741.8,2840.36
2012-08-13,15/9-F-14,0.62,252.89,46.15,202.53,3754.1,-59.19
2012-08-15,15/9-F-14,0.0,294.17,3.77,0.0,0.0,0.0
2012-08-16,15/9-F-14,0.0,294.14,3.37,0.0,0.0,0.0
2012-08-17,15/9-F-14,0.0,294.11,3.14,0.0,0.0,0.0
2012-08-19,15/9-F-14,0.0,294.05,2.97,0.0,0.0,0.0
2012-08-20,15/9-F-14,0.0,294.02,2.92,0.0,0.0,0.0
2012-08-21,15/9-F-14,0.0,293.99,2.9,0.0,0.0,0.0
2012-08-22,15/9-F-14,0.0,293.96,2.87,0.0,0.0,0.0
2012-08-23,15/9-F-14,0.0,293.93,2.85,0.0,0.0,0.0
2012-08-24,15/9-F-14,0.0,293.91,2.85,0.0,0.0,0.0
2012-08-25,15/9-F-14,0.0,293.88,2.84,0.0,0.0,0.0
2012-08-26,15/9-F-14,0.0,293.86,2.83,0.0,0.0,0.0
2012-08-27,15/9-F-14,0.0,293.84,2.77,0.0,0.0,0.0
2012-08-28,15/9-F-14,0.0,293.82,2.82,0.0,0.0,0.0
2012-08-29,15/9-F-14,0.0,293.8,2.83,0.0,0.0,0.0
2012-08-30,15/9-F-14,0.0,294.0,2.75,0.0,0.0,0.0
2012-08-31,15/9-F-14,0.0,294.91,2.72,0.0,0.0,0.0
2012-09-01,15/9-F-14,0.0,295.85,2.73,0.0,0.0,0.0
2012-09-02,15/9-F-14,0.0,123.52,2.72,0.0,0.0,0.0
2012-09-03,15/9-F-14,0.0,0.0,2.75,0.0,0.0,0.0
2012-09-07,15/9-F-14,0.0,302.42,1.5,0.0,0.0,0.0
2012-09-11,15/9-F-14,0.0,302.19,7.91,0.0,0.0,0.0
2012-09-15,15/9-F-14,0.96,292.54,96.87,0.0,0.0,0.0
2012-09-16,15/9-F-14,0.0,294.04,103.52,0.0,0.0,0.0
2012-09-17,15/9-F-14,0.0,293.89,105.93,0.0,0.0,0.0
2012-09-19,15/9-F-14,0.0,297.45,110.73,0.0,0.0,0.0
2012-09-21,15/9-F-14,0.0,301.76,115.47,0.0,0.0,0.0
2012-09-23,15/9-F-14,0.0,298.58,110.88,0.0,0.0,0.0
2012-09-25,15/9-F-14,0.0,301.48,117.46,0.0,0.0,0.0
2012-09-26,15/9-F-14,0.0,303.0,119.0,0.0,0.0,0.0
2012-09-27,15/9-F-14,0.0,303.08,119.16,0.0,0.0,0.0
2012-09-29,15/9-F-14,5.83,234.56,58.09,416.68,56054.1,555.45
2012-09-30,15/9-F-14,24.0,215.33,35.48,1238.4,189926.9,2362.74
2012-10-01,15/9-F-14,24.0,217.53,33.98,1200.19,183977.4,2587.12
2012-10-02,15/9-F-14,24.0,216.94,34.26,1409.91,213712.9,2378.38
2012-10-03,15/9-F-14,24.0,217.83,33.91,1405.2,211887.2,2444.91
2012-10-04,15/9-F-14,24.0,217.56,34.06,1458.2,218131.4,2451.03
2012-10-05,15/9-F-14,24.0,217.51,34.08,1604.2,240499.5,2466.56
2012-10-06,15/9-F-14,24.0,218.2,34.04,1599.06,241134.6,2475.57
2012-10-07,15/9-F-14,24.0,218.8,33.94,1584.57,240174.1,2484.21
2012-10-08,15/9-F-14,24.0,219.21,33.88,1577.9,238842.8,2478.45
2012-10-09,15/9-F-14,24.0,219.84,33.79,1556.2,236657.8,2474.08
2012-10-10,15/9-F-14,24.0,220.76,33.83,1510.57,230969.5,2521.61
2012-10-11,15/9-F-14,24.0,223.39,34.16,1534.8,232416.9,2588.48
2012-10-12,15/9-F-14,24.0,232.19,37.72,1324.73,201006.8,2018.64
2012-10-13,15/9-F-14,22.0,255.21,52.69,549.57,86497.4,864.0
2012-10-14,15/9-F-14,5.17,240.9,43.53,205.63,22184.2,146.47
2012-10-19,15/9-F-14,7.0,264.89,68.17,187.55,31348.1,374.42
2012-10-20,15/9-F-14,24.0,239.37,44.13,891.56,134483.5,1309.26
2012-10-21,15/9-F-14,24.0,238.99,42.42,943.69,143054.2,1394.95
2012-10-22,15/9-F-14,24.0,239.11,42.73,1370.22,208314.8,2786.25
2012-10-23,15/9-F-14,24.0,240.67,43.4,1368.18,208974.1,2674.42
2012-10-24,15/9-F-14,24.0,240.7,43.39,1374.62,208463.2,2676.02
2012-10-25,15/9-F-14,24.0,240.58,43.19,1360.57,207551.2,2677.31
2012-10-26,15/9-F-14,24.0,239.07,42.2,1344.8,206033.1,2636.77
2012-10-27,15/9-F-14,24.0,237.37,40.92,1345.2,205168.4,2606.06
2012-10-28,15/9-F-14,24.0,235.82,39.66,1384.85,212121.0,2652.04
2012-10-29,15/9-F-14,24.0,234.88,38.93,1315.01,201153.1,2552.49
2012-10-30,15/9-F-14,24.0,234.6,38.42,1274.53,195614.4,2668.47
2012-10-31,15/9-F-14,24.0,234.36,37.82,1262.51,194686.4,2673.41
2012-11-01,15/9-F-14,24.0,234.48,37.5,1254.44,193423.5,2679.33
2012-11-02,15/9-F-14,24.0,234.29,37.25,1237.46,191191.7,2829.04
2012-11-03,15/9-F-14,24.0,233.94,36.9,1230.31,189772.6,2827.69
2012-11-04,15/9-F-14,24.0,234.45,36.91,1221.89,188770.0,2838.8
2012-11-05,15/9-F-14,24.0,235.75,37.45,1204.86,190634.3,2792.14
2012-11-06,15/9-F-14,24.0,237.19,38.0,1182.33,187678.5,2803.86
2012-11-07,15/9-F-14,24.0,237.52,37.82,1186.89,188217.7,2846.56
2012-11-08,15/9-F-14,24.0,237.91,37.83,1191.54,188764.4,2875.47
2012-11-09,15/9-F-14,24.0,239.89,38.71,1176.47,188933.8,2890.39
2012-11-10,15/9-F-14,24.0,242.28,40.13,1166.55,184401.1,2909.03
2012-11-11,15/9-F-14,24.0,242.98,40.6,1163.63,182116.8,2936.11
2012-11-12,15/9-F-14,24.0,242.97,40.58,1167.89,182830.2,2938.97
2012-11-13,15/9-F-14,24.0,243.11,40.58,1168.8,183292.2,2934.08
2012-11-14,15/9-F-14,24.0,243.1,40.63,1169.13,182577.3,2929.33
2012-11-15,15/9-F-14,24.0,243.29,40.66,1170.96,183157.3,2941.85
2012-11-16,15/9-F-14,24.0,243.45,40.61,1180.1,184773.8,2975.42
2012-11-17,15/9-F-14,24.0,243.46,40.67,1167.93,182807.1,2874.11
2012-11-18,15/9-F-14,24.0,243.63,40.72,1163.83,182112.3,2929.46
2012-11-19,15/9-F-14,24.0,243.66,40.51,1159.98,182752.6,2942.66
2012-11-20,15/9-F-14,24.0,243.76,40.47,1157.19,182015.8,2943.55
2012-11-21,15/9-F-14,24.0,244.0,40.51,1157.2,181277.3,2914.28
2012-11-22,15/9-F-14,24.0,244.02,40.38,1147.42,180752.6,2911.82
2012-11-23,15/9-F-14,24.0,243.92,40.31,1143.52,180055.4,2905.42
2012-11-24,15/9-F-14,24.0,243.94,40.27,1144.66,179114.4,2923.33
2012-11-25,15/9-F-14,24.0,243.15,39.59,1134.68,178773.0,2907.47
2012-11-26,15/9-F-14,24.0,243.45,39.48,1135.03,179806.7,2917.74
2012-11-27,15/9-F-14,24.0,243.66,39.48,1102.77,174307.7,3011.14
2012-11-28,15/9-F-14,24.0,244.5,39.59,1090.23,172320.1,3044.27
2012-11-29,15/9-F-14,24.0,244.75,39.58,1081.38,170148.2,3041.64
2012-11-30,15/9-F-14,24.0,244.86,39.47,1072.59,168906.7,3011.68
2012-12-01,15/9-F-14,24.0,244.53,39.1,1066.9,169702.5,3052.22
2012-12-02,15/9-F-14,24.0,244.02,38.58,1061.33,169619.3,3033.3
2012-12-03,15/9-F-14,24.0,243.36,37.86,1054.37,169304.5,3004.62
2012-12-04,15/9-F-14,24.0,243.52,37.78,1056.65,168469.8,3013.33
2012-12-05,15/9-F-14,24.0,243.22,37.39,1084.08,172523.4,3247.61
2012-12-06,15/9-F-14,24.0,242.94,36.93,1054.22,167849.0,3110.13
2012-12-07,15/9-F-14,24.0,242.66,36.54,1056.74,166730.1,3133.73
2012-12-08,15/9-F-14,24.0,242.82,36.45,1053.23,167185.5,3157.13
2012-12-09,15/9-F-14,24.0,243.03,36.52,1051.23,166834.1,3186.3
2012-12-10,15/9-F-14,24.0,242.51,36.22,1052.29,166767.3,3174.31
2012-12-11,15/9-F-14,23.33,247.28,39.27,902.0,147278.1,2881.04
2012-12-12,15/9-F-14,11.29,243.96,37.13,425.98,70994.1,1261.47
2012-12-13,15/9-F-14,15.21,255.02,41.79,420.57,69463.4,1810.63
2012-12-14,15/9-F-14,23.46,242.19,35.41,891.26,143308.6,3022.63
2012-12-15,15/9-F-14,13.71,250.89,39.95,478.05,77281.6,1732.08
2012-12-16,15/9-F-14,24.0,240.95,34.51,972.11,157318.6,3169.76
2012-12-17,15/9-F-14,24.0,240.36,34.31,987.77,159979.3,3171.92
2012-12-18,15/9-F-14,24.0,240.37,34.32,992.03,160916.2,3147.65
2012-12-19,15/9-F-14,24.0,240.1,34.27,999.01,162253.6,3140.34
2012-12-20,15/9-F-14,24.0,240.09,34.28,1036.59,167953.0,3090.15
2012-12-21,15/9-F-14,24.0,240.6,34.4,1037.92,168678.0,3097.35
2012-12-22,15/9-F-14,24.0,241.02,34.44,1041.77,168798.1,3127.95
2012-12-23,15/9-F-14,24.0,241.72,34.73,1040.31,168482.8,3056.35
2012-12-24,15/9-F-14,24.0,242.12,35.15,1039.18,168092.1,3371.1
2012-12-25,15/9-F-14,24.0,241.85,35.05,1043.8,168340.6,3347.81
2012-12-26,15/9-F-14,24.0,241.65,35.01,1040.77,167861.6,3328.25
2012-12-27,15/9-F-14,24.0,241.64,34.97,1039.24,167658.3,3322.35
2012-12-28,15/9-F-14,24.0,241.74,34.79,1034.83,168293.3,3325.92
2012-12-29,15/9-F-14,24.0,241.91,34.8,1038.65,169380.0,3290.56
2012-12-30,15/9-F-14,24.0,242.0,34.7,1034.91,168974.7,3334.86
2012-12-31,15/9-F-14,24.0,242.23,34.64,1035.1,168597.5,3380.61
2013-01-01,15/9-F-14,24.0,242.4,34.72,1030.1,166914.8,3386.83
2013-01-02,15/9-F-14,24.0,242.78,34.91,1005.13,164073.6,3350.08
2013-01-03,15/9-F-14,24.0,242.16,34.54,1038.14,167757.3,3337.35
2013-01-04,15/9-F-14,24.0,241.91,34.4,985.25,159033.8,3201.46
2013-01-05,15/9-F-14,24.0,241.37,33.94,988.97,160442.0,3189.42
2013-01-06,15/9-F-14,24.0,241.23,33.69,984.48,161396.2,3210.04
2013-01-07,15/9-F-14,24.0,234.61,33.55,987.23,160843.0,3225.76
2013-01-08,15/9-F-14,24.0,241.64,33.59,990.4,160154.0,3315.08
2013-01-09,15/9-F-14,24.0,241.8,33.64,991.65,160039.1,3299.18
2013-01-10,15/9-F-14,24.0,241.84,33.58,987.96,160249.2,3280.56
2013-01-11,15/9-F-14,24.0,242.33,33.91,964.48,156952.5,3250.93
2013-01-12,15/9-F-14,24.0,241.79,33.52,977.72,159380.6,3259.46
2013-01-13,15/9-F-14,24.0,241.54,33.4,973.7,159458.0,3281.21
2013-01-14,15/9-F-14,24.0,241.33,33.33,975.98,158237.8,3180.38
2013-01-15,15/9-F-14,24.0,241.71,33.54,958.45,156113.2,3189.62
2013-01-16,15/9-F-14,24.0,241.87,33.48,965.56,167491.2,3206.36
2013-01-17,15/9-F-14,24.0,242.01,33.35,959.84,152150.4,3291.77
2013-01-18,15/9-F-14,24.0,242.15,33.32,963.72,151121.0,3297.43
2013-01-19,15/9-F-14,24.0,242.12,33.24,954.5,149673.5,3210.3
2013-01-20,15/9-F-14,24.0,242.21,33.24,951.88,149278.3,3233.54
2013-01-21,15/9-F-14,24.0,242.47,33.35,950.38,149287.1,3231.19
2013-01-22,15/9-F-14,24.0,242.15,33.14,956.77,150295.2,3058.99
2013-01-23,15/9-F-14,24.0,242.36,33.22,959.48,151841.3,3088.43
2013-01-24,15/9-F-14,24.0,242.37,33.23,960.51,150485.5,3131.02
2013-01-25,15/9-F-14,24.0,242.34,33.08,960.39,150245.3,3086.98
2013-01-26,15/9-F-14,24.0,242.4,33.12,956.42,149822.1,3514.4
2013-01-27,15/9-F-14,24.0,242.46,33.11,954.53,148848.2,3077.59
2013-01-28,15/9-F-14,24.0,242.52,33.11,956.26,149034.6,3069.1
2013-01-29,15/9-F-14,24.0,242.32,32.95,956.87,150964.3,3069.77
2013-01-30,15/9-F-14,24.0,242.05,32.7,965.22,152504.4,3126.27
2013-01-31,15/9-F-14,24.0,242.01,32.69,972.83,150629.6,3133.93
2013-02-01,15/9-F-14,24.0,241.87,32.61,971.79,152749.6,3128.76
2013-02-02,15/9-F-14,24.0,241.82,32.54,961.4,151088.1,3165.73
2013-02-03,15/9-F-14,24.0,241.74,32.49,962.89,149201.0,3151.75
2013-02-04,15/9-F-14,24.0,241.78,32.46,963.19,148030.4,3149.62
2013-02-05,15/9-F-14,24.0,241.76,32.44,960.92,147975.1,3146.83
2013-02-06,15/9-F-14,24.0,241.55,32.31,962.06,149137.4,3287.06
2013-02-07,15/9-F-14,24.0,241.62,32.28,1004.48,147593.5,3348.1
2013-02-08,15/9-F-14,24.0,241.82,32.32,978.09,151361.3,3362.48
2013-02-09,15/9-F-14,24.0,241.97,32.25,979.91,154021.0,3390.37
2013-02-10,15/9-F-14,24.0,241.87,32.18,966.22,151560.5,3372.78
2013-02-11,15/9-F-14,24.0,241.79,32.13,964.43,145350.1,3363.42
2013-02-12,15/9-F-14,24.0,241.8,32.16,961.13,148446.0,3344.21
2013-02-13,15/9-F-14,24.0,241.92,32.13,952.07,151376.5,3347.27
2013-02-14,15/9-F-14,24.0,242.16,32.13,953.14,151676.1,3375.27
2013-02-15,15/9-F-14,24.0,242.32,32.2,958.71,154866.5,3382.98
2013-02-16,15/9-F-14,24.0,242.21,32.15,964.49,154609.8,3386.16
2013-02-17,15/9-F-14,24.0,242.09,32.13,964.23,154694.2,3310.27
2013-02-18,15/9-F-14,24.0,242.07,32.18,967.26,153914.1,3359.58
2013-02-19,15/9-F-14,24.0,242.4,32.25,956.38,152840.5,3350.44
2013-02-20,15/9-F-14,24.0,244.24,33.39,912.6,146305.3,3283.43
2013-02-21,15/9-F-14,24.0,242.73,32.35,958.55,152534.5,3383.45
2013-02-22,15/9-F-14,19.92,248.29,35.74,710.96,121900.7,2611.77
2013-02-23,15/9-F-14,24.0,244.2,33.23,922.73,148240.5,3312.59
2013-02-24,15/9-F-14,24.0,242.66,32.29,944.09,151901.7,3358.31
2013-02-25,15/9-F-14,24.0,242.27,32.1,951.34,151700.1,3360.29
2013-02-26,15/9-F-14,24.0,242.29,32.11,952.21,151415.1,3350.67
2013-02-27,15/9-F-14,24.0,242.3,32.13,945.98,150920.3,3365.36
2013-02-28,15/9-F-14,24.0,242.27,32.12,944.28,150922.0,3371.64
2013-03-01,15/9-F-14,24.0,242.45,32.16,936.31,151345.5,3411.78
2013-03-02,15/9-F-14,24.0,242.26,32.11,940.32,151580.4,3374.27
2013-03-03,15/9-F-14,24.0,242.47,32.13,936.86,151079.1,3386.29
2013-03-04,15/9-F-14,24.0,242.57,32.09,939.95,151102.0,3383.41
2013-03-05,15/9-F-14,24.0,242.83,32.12,940.99,151794.6,3292.25
2013-03-06,15/9-F-14,24.0,242.96,32.23,925.75,151062.2,3241.13
2013-03-07,15/9-F-14,2.19,249.73,37.96,43.38,7643.4,146.14
2013-03-10,15/9-F-14,10.97,259.16,41.23,186.67,32261.5,1046.26
2013-03-11,15/9-F-14,15.19,243.2,33.0,511.7,86098.9,2666.46
2013-03-13,15/9-F-14,19.98,251.08,37.21,539.62,92381.0,1924.73
2013-03-14,15/9-F-14,15.69,243.69,33.29,536.71,72956.2,2084.61
2013-03-15,15/9-F-14,16.81,250.76,37.3,504.17,87861.9,2185.31
2013-03-16,15/9-F-14,12.03,242.8,33.74,446.39,69150.1,1768.08
2013-03-17,15/9-F-14,10.47,255.39,40.28,294.09,49992.2,1249.36
2013-03-18,15/9-F-14,24.0,241.86,32.89,923.35,92377.4,3572.19
2013-03-19,15/9-F-14,24.0,241.14,32.4,927.57,85093.3,3381.57
2013-03-20,15/9-F-14,2.16,245.56,33.73,89.54,10542.9,202.41
2013-03-21,15/9-F-14,0.0,293.91,89.99,0.0,0.0,0.0
2013-03-22,15/9-F-14,17.98,249.48,38.98,613.22,82587.5,2198.72
2013-03-23,15/9-F-14,24.0,240.05,32.61,991.44,104641.8,3390.58
2013-03-24,15/9-F-14,24.0,241.05,32.55,953.7,97662.7,3415.58
2013-03-25,15/9-F-14,11.0,248.65,37.72,437.64,68256.6,1670.33
2013-03-26,15/9-F-14,24.0,240.12,33.05,885.36,142455.1,3429.24
2013-03-27,15/9-F-14,24.0,240.51,32.96,918.69,148242.3,3467.78
2013-03-28,15/9-F-14,14.83,244.18,35.01,593.67,95880.4,2323.05
2013-03-29,15/9-F-14,24.0,243.02,34.48,908.78,147354.5,3574.02
2013-03-30,15/9-F-14,24.0,240.42,33.04,970.86,155500.7,3542.81
2013-03-31,15/9-F-14,23.0,241.71,33.71,919.79,146888.5,3290.36
2013-04-01,15/9-F-14,21.69,242.67,34.12,878.51,140622.0,3124.96
2013-04-03,15/9-F-14,14.47,253.09,40.6,473.81,75415.0,1760.02
2013-04-04,15/9-F-14,24.0,241.9,33.97,982.1,150745.8,3299.39
2013-04-05,15/9-F-14,12.53,242.86,34.31,463.05,76681.7,2125.54
2013-04-09,15/9-F-14,0.0,298.42,96.9,0.0,0.0,0.0
2013-04-10,15/9-F-14,6.31,261.57,44.99,93.54,17513.5,393.39
2013-04-11,15/9-F-14,24.0,243.23,36.48,934.08,148427.1,3333.68
2013-04-12,15/9-F-14,24.0,242.8,29.12,963.01,153882.8,3405.74
2013-04-13,15/9-F-14,24.0,242.41,34.36,999.28,158799.9,3454.13
2013-04-14,15/9-F-14,24.0,242.5,34.49,1023.15,162631.1,3470.11
2013-04-15,15/9-F-14,24.0,242.57,34.25,1028.77,163352.6,3478.38
2013-04-16,15/9-F-14,22.33,247.82,37.82,897.68,185569.2,3135.06
2013-04-17,15/9-F-14,24.0,237.36,34.4,1043.24,165552.0,3413.39
2013-04-18,15/9-F-14,24.0,242.47,34.33,1039.9,164156.9,3391.98
2013-04-19,15/9-F-14,24.0,242.65,34.38,1029.29,163366.5,3408.46
2013-04-20,15/9-F-14,24.0,242.65,34.07,1035.27,163267.9,3431.25
2013-04-21,15/9-F-14,24.0,242.26,33.52,1031.17,163156.2,3456.23
2013-04-22,15/9-F-14,24.0,242.45,33.36,1025.28,162084.1,3471.84
2013-04-23,15/9-F-14,24.0,242.64,33.24,1021.59,161047.2,3501.49
2013-04-24,15/9-F-14,24.0,242.86,33.06,1010.54,160707.0,3533.05
2013-04-25,15/9-F-14,24.0,242.37,32.72,1011.17,160744.9,3541.41
2013-04-26,15/9-F-14,24.0,242.2,32.58,1013.13,159708.4,3553.3
2013-04-27,15/9-F-14,24.0,242.26,32.51,1003.84,160084.9,3530.95
2013-04-28,15/9-F-14,24.0,242.59,32.49,1014.92,159576.9,3504.81
2013-04-29,15/9-F-14,24.0,242.61,32.57,977.42,155870.3,3508.74
2013-04-30,15/9-F-14,24.0,247.07,35.73,881.68,143293.2,3222.96
2013-05-01,15/9-F-14,24.0,242.72,32.33,944.52,153530.4,3513.02
2013-05-02,15/9-F-14,24.0,243.16,32.4,945.7,152444.9,3545.95
2013-05-03,15/9-F-14,24.0,243.31,32.36,944.53,151248.0,3571.48
2013-05-04,15/9-F-14,24.0,243.46,32.35,942.56,152919.3,3501.77
2013-05-05,15/9-F-14,24.0,243.83,32.38,948.91,153774.5,3456.58
2013-05-06,15/9-F-14,24.0,243.94,32.33,945.75,153536.2,3496.59
2013-05-07,15/9-F-14,24.0,244.09,32.35,941.46,153076.5,3538.95
2013-05-08,15/9-F-14,24.0,244.44,32.38,936.59,153541.7,3588.76
2013-05-09,15/9-F-14,24.0,244.5,32.37,938.7,153411.0,3575.45
2013-05-10,15/9-F-14,24.0,244.53,32.36,934.27,152935.7,3571.66
2013-05-11,15/9-F-14,24.0,244.6,32.33,934.81,153248.7,3581.93
2013-05-12,15/9-F-14,24.0,244.68,32.37,937.7,152982.2,3620.38
2013-05-13,15/9-F-14,24.0,244.73,32.35,935.6,153135.2,3646.27
2013-05-14,15/9-F-14,16.33,223.56,34.49,642.94,106938.2,2844.91
2013-05-15,15/9-F-14,24.0,96.61,34.03,844.52,138409.0,3877.13
2013-05-16,15/9-F-14,24.0,245.03,32.2,866.05,141334.0,3427.06
2013-05-17,15/9-F-14,21.17,249.86,35.28,706.38,117755.1,3049.43
2013-05-18,15/9-F-14,24.0,244.79,32.57,871.1,144221.6,3531.46
2013-05-19,15/9-F-14,24.0,244.15,32.26,885.74,146643.0,3545.33
2013-05-20,15/9-F-14,24.0,244.17,32.35,898.84,147529.5,4083.25
2013-05-21,15/9-F-14,24.0,244.24,32.3,897.07,148011.7,4280.07
2013-05-22,15/9-F-14,24.0,243.67,32.22,903.88,148294.5,3509.06
2013-05-23,15/9-F-14,24.0,243.11,32.42,888.78,146571.5,3443.02
2013-05-24,15/9-F-14,24.0,241.72,31.95,886.33,145966.0,3358.32
2013-05-25,15/9-F-14,24.0,242.42,32.16,874.98,143285.4,3381.37
2013-05-26,15/9-F-14,24.0,242.62,32.07,876.79,143215.6,3416.71
2013-05-27,15/9-F-14,24.0,242.97,32.03,875.26,144123.1,3452.48
2013-05-28,15/9-F-14,24.0,243.26,32.06,876.37,143892.7,3494.43
2013-05-29,15/9-F-14,24.0,244.8,32.99,851.08,141276.6,3484.4
2013-05-30,15/9-F-14,24.0,243.83,32.24,891.66,144015.8,3578.88
2013-05-31,15/9-F-14,24.0,244.0,32.24,892.66,144664.4,3587.1
2013-06-01,15/9-F-14,24.0,244.19,32.24,894.15,145512.3,3604.8
2013-06-02,15/9-F-14,24.0,244.34,32.29,895.88,145879.9,3623.08
2013-06-03,15/9-F-14,24.0,244.34,32.29,898.65,146014.9,3547.57
2013-06-04,15/9-F-14,24.0,244.56,32.48,879.89,145685.6,3585.78
2013-06-05,15/9-F-14,24.0,245.36,32.96,885.75,155463.5,3678.67
2013-06-06,15/9-F-14,24.0,244.73,32.98,889.37,156726.4,3643.36
2013-06-07,15/9-F-14,24.0,243.8,32.24,873.88,147616.6,3482.14
2013-06-08,15/9-F-14,24.0,243.58,32.1,863.37,146148.8,3501.99
2013-06-09,15/9-F-14,24.0,244.36,32.21,882.71,151051.6,3712.75
2013-06-10,15/9-F-14,24.0,244.35,32.21,795.81,134589.2,3589.14
2013-06-11,15/9-F-14,24.0,244.44,32.22,825.65,138454.8,3541.83
2013-06-12,15/9-F-14,24.0,244.6,32.2,833.77,139442.8,3444.83
2013-06-13,15/9-F-14,24.0,244.56,32.21,847.02,141326.8,3440.01
2013-06-14,15/9-F-14,24.0,244.59,32.16,852.28,142270.7,3446.21
2013-06-15,15/9-F-14,24.0,244.76,32.22,851.68,141694.0,3489.16
2013-06-16,15/9-F-14,24.0,244.66,32.17,860.87,143783.2,3466.72
2013-06-17,15/9-F-14,24.0,244.81,32.23,877.01,143556.9,3499.67
2013-06-18,15/9-F-14,24.0,244.7,32.1,878.21,143962.0,3537.21
2013-06-19,15/9-F-14,24.0,244.6,32.1,879.48,145073.8,3524.26
2013-06-20,15/9-F-14,24.0,244.73,32.1,876.42,139008.8,3555.19
2013-06-21,15/9-F-14,21.76,245.4,32.04,787.8,125101.7,3191.62
2013-06-22,15/9-F-14,15.16,251.89,35.55,421.26,60352.3,1114.58
2013-06-23,15/9-F-14,2.51,248.8,31.09,75.58,11552.9,384.81
2013-06-26,15/9-F-14,22.49,249.59,35.77,696.24,108966.6,3743.67
2013-06-27,15/9-F-14,17.51,246.37,32.09,566.52,64362.4,2477.78
2013-06-28,15/9-F-14,22.66,250.01,35.05,762.49,124734.2,4439.41
2013-06-29,15/9-F-14,24.0,244.79,32.55,821.87,128994.9,3593.49
2013-06-30,15/9-F-14,24.0,245.24,32.75,824.65,135415.5,3553.51
2013-07-01,15/9-F-14,24.0,245.37,32.75,842.56,135091.9,3541.49
2013-07-02,15/9-F-14,24.0,244.67,32.43,863.9,135140.5,3556.35
2013-07-03,15/9-F-14,24.0,244.96,32.54,865.77,140501.8,3619.11
2013-07-04,15/9-F-14,24.0,245.03,32.49,875.54,140279.4,3775.85
2013-07-05,15/9-F-14,24.0,244.33,32.47,891.6,137045.8,3941.12
2013-07-06,15/9-F-14,17.17,250.1,36.04,583.75,99453.1,2964.15
2013-07-07,15/9-F-14,24.0,244.46,32.48,948.8,154693.7,4858.07
2013-07-08,15/9-F-14,24.0,211.49,32.54,852.38,132900.0,3609.61
2013-07-09,15/9-F-14,24.0,245.38,32.68,857.61,135787.0,3659.24
2013-07-10,15/9-F-14,24.0,245.33,32.5,867.73,137900.1,3709.38
2013-07-11,15/9-F-14,24.0,245.71,32.65,850.37,140230.4,3714.36
2013-07-12,15/9-F-14,24.0,245.44,32.49,872.74,137325.8,3501.91
2013-07-13,15/9-F-14,24.0,245.66,32.52,860.38,137652.0,3442.97
2013-07-14,15/9-F-14,24.0,245.67,32.5,863.13,137505.9,3372.91
2013-07-15,15/9-F-14,24.0,245.65,32.38,837.4,129858.6,2999.08
2013-07-16,15/9-F-14,24.0,245.72,32.39,827.69,130458.8,2932.17
2013-07-17,15/9-F-14,24.0,245.73,32.36,824.01,129581.1,2866.97
2013-07-18,15/9-F-14,24.0,245.81,32.37,822.86,129191.6,2946.25
2013-07-19,15/9-F-14,24.0,245.9,32.35,818.02,128257.8,3019.33
2013-07-20,15/9-F-14,24.0,245.87,32.34,818.74,128639.5,3140.9
2013-07-21,15/9-F-14,24.0,245.82,32.31,816.6,127690.8,3175.16
2013-07-22,15/9-F-14,4.5,262.98,42.18,105.65,20320.6,566.09
2013-07-23,15/9-F-14,24.0,248.25,33.12,745.71,128866.5,3304.09
2013-07-24,15/9-F-14,24.0,246.42,32.56,770.67,115815.5,3589.0
2013-07-25,15/9-F-14,24.0,246.84,32.38,695.39,101120.5,3691.7
2013-07-26,15/9-F-14,24.0,246.45,32.2,776.09,110690.6,3263.55
2013-07-27,15/9-F-14,24.0,246.0,32.27,779.72,114593.2,3292.87
2013-07-28,15/9-F-14,0.84,260.62,31.07,7.18,1118.5,43.54
2013-07-29,15/9-F-14,5.99,268.55,44.76,65.68,9664.8,329.19
2013-07-30,15/9-F-14,24.0,246.95,33.66,670.4,97949.9,2818.95
2013-07-31,15/9-F-14,8.34,248.48,32.22,324.71,48071.2,1344.09
2013-08-01,15/9-F-14,0.0,298.17,0.58,0.0,0.0,0.0
2013-08-02,15/9-F-14,0.0,298.16,0.48,0.0,0.0,0.0
2013-08-03,15/9-F-14,15.82,255.75,38.8,318.64,46367.8,1400.63
2013-08-04,15/9-F-14,24.0,245.31,32.72,736.95,107818.4,3138.05
2013-08-05,15/9-F-14,24.0,244.93,32.33,769.73,112669.2,3222.37
2013-08-06,15/9-F-14,24.0,244.83,32.47,777.23,113092.0,3224.77
2013-08-07,15/9-F-14,24.0,244.72,32.54,788.24,114235.8,3232.51
2013-08-08,15/9-F-14,24.0,245.21,32.48,783.12,113784.9,3255.62
2013-08-09,15/9-F-14,24.0,245.34,32.39,775.86,113390.9,3247.76
2013-08-10,15/9-F-14,24.0,245.27,32.47,777.26,113851.2,3250.6
2013-08-11,15/9-F-14,24.0,245.59,32.78,764.87,112420.0,3219.76
2013-08-12,15/9-F-14,24.0,245.76,32.94,758.25,112361.2,3229.29
2013-08-13,15/9-F-14,24.0,245.19,32.45,765.06,112807.4,3215.25
2013-08-14,15/9-F-14,24.0,245.26,32.31,768.65,112878.8,3197.42
2013-08-15,15/9-F-14,24.0,245.87,32.23,763.75,112481.1,3207.78
2013-08-16,15/9-F-14,24.0,246.13,32.28,777.62,113615.8,3211.9
2013-08-17,15/9-F-14,24.0,246.33,32.19,765.66,112524.3,3229.74
2013-08-18,15/9-F-14,24.0,246.51,32.23,767.88,112972.3,3221.76
2013-08-19,15/9-F-14,24.0,246.7,32.24,795.06,116512.4,3205.5
2013-08-20,15/9-F-14,24.0,246.8,32.22,783.49,115550.9,3209.42
2013-08-21,15/9-F-14,24.0,246.94,32.12,768.84,113402.9,3112.63
2013-08-22,15/9-F-14,24.0,246.97,32.15,775.82,113949.3,3301.53
2013-08-23,15/9-F-14,24.0,247.07,32.04,762.29,112954.8,3108.34
2013-08-24,15/9-F-14,24.0,247.21,32.0,759.95,112801.2,3199.8
2013-08-25,15/9-F-14,24.0,247.28,32.0,756.32,111831.0,3195.62
2013-08-26,15/9-F-14,24.0,247.43,32.01,750.96,111023.4,3196.3
2013-08-27,15/9-F-14,24.0,247.27,32.13,813.18,122663.6,3195.11
2013-08-28,15/9-F-14,24.0,247.08,32.12,701.65,121222.4,3345.07
2013-08-29,15/9-F-14,24.0,247.6,31.97,705.38,122578.4,3206.38
2013-08-30,15/9-F-14,24.0,247.65,31.98,714.74,123518.4,3248.69
2013-08-31,15/9-F-14,24.0,247.46,31.86,720.45,124283.8,3223.57
2013-09-01,15/9-F-14,24.0,247.56,31.89,720.93,124783.6,3168.17
2013-09-02,15/9-F-14,24.0,248.04,32.19,748.74,127464.5,3146.36
2013-09-03,15/9-F-14,24.0,247.88,32.03,754.75,113767.9,3098.7
2013-09-04,15/9-F-14,24.0,248.01,31.98,759.66,114563.5,3236.23
2013-09-05,15/9-F-14,24.0,248.05,31.91,773.9,115981.6,3456.27
2013-09-06,15/9-F-14,24.0,248.07,32.02,767.82,113533.6,3877.39
2013-09-07,15/9-F-14,24.0,247.96,31.87,764.48,113007.2,3900.99
2013-09-08,15/9-F-14,24.0,247.97,31.9,760.03,111888.6,3889.88
2013-09-09,15/9-F-14,24.0,247.95,31.92,764.55,112897.7,3883.33
2013-09-10,15/9-F-14,24.0,247.93,31.85,749.17,110518.6,3875.74
2013-09-11,15/9-F-14,24.0,247.88,31.83,737.77,109107.9,3856.98
2013-09-12,15/9-F-14,18.64,248.28,31.73,586.5,88642.1,2948.2
2013-09-13,15/9-F-14,10.66,260.19,37.79,218.49,34720.6,1249.32
2013-09-14,15/9-F-14,6.86,268.89,43.71,27.93,3874.3,309.12
2013-09-15,15/9-F-14,24.0,249.59,33.32,545.87,80990.8,2768.34
2013-09-16,15/9-F-14,22.33,254.88,36.0,479.48,71612.4,2741.6
2013-09-17,15/9-F-14,24.0,248.32,32.49,628.31,94025.2,3412.96
2013-09-18,15/9-F-14,10.64,250.02,32.91,284.01,43390.5,1583.22
2013-09-20,15/9-F-14,17.02,256.75,36.68,326.59,47449.1,2440.95
2013-09-21,15/9-F-14,19.83,250.64,33.61,655.17,100328.2,3502.51
2013-09-22,15/9-F-14,24.0,250.52,33.71,574.57,85308.7,3630.33
2013-09-23,15/9-F-14,24.0,248.05,32.42,625.99,92983.7,3438.74
2013-09-24,15/9-F-14,24.0,247.72,32.48,656.48,97891.3,3682.4
2013-09-25,15/9-F-14,24.0,247.64,32.49,659.55,98515.9,3681.47
2013-09-26,15/9-F-14,24.0,247.79,32.46,661.93,98839.1,3691.26
2013-09-27,15/9-F-14,16.83,186.94,36.1,491.73,78722.1,2729.0
2013-09-28,15/9-F-14,24.0,0.0,32.24,799.2,121313.6,4035.42
2013-09-29,15/9-F-14,24.0,135.63,32.49,665.7,99793.6,3783.79
2013-09-30,15/9-F-14,24.0,247.96,32.48,681.42,101940.3,3658.38
2013-10-01,15/9-F-14,24.0,248.58,32.44,681.02,101738.9,4416.94
2013-10-02,15/9-F-14,24.0,248.57,32.44,711.35,106402.5,3896.04
2013-10-03,15/9-F-14,24.0,248.77,32.43,707.63,106276.0,3623.19
2013-10-04,15/9-F-14,24.0,248.96,32.42,705.9,105906.8,3531.96
2013-10-05,15/9-F-14,24.0,248.93,32.47,714.35,106241.0,3571.88
2013-10-06,15/9-F-14,24.0,248.91,32.4,718.46,106719.5,3499.55
2013-10-07,15/9-F-14,24.0,249.03,32.4,714.08,106585.7,3627.85
2013-10-08,15/9-F-14,24.0,249.16,32.38,709.59,105852.3,3628.73
2013-10-09,15/9-F-14,24.0,249.32,32.39,702.19,105030.9,3519.17
2013-10-10,15/9-F-14,24.0,249.47,32.36,703.99,104879.9,3560.33
2013-10-11,15/9-F-14,12.14,250.39,32.33,311.95,46636.0,1511.82
2013-10-12,15/9-F-14,9.36,272.77,45.85,44.93,7028.9,276.15
2013-10-13,15/9-F-14,24.0,250.8,33.04,615.54,92194.0,3345.97
2013-10-14,15/9-F-14,24.0,249.92,32.21,671.85,100989.6,3554.36
2013-10-15,15/9-F-14,24.0,249.58,32.29,683.09,102203.6,3592.57
2013-10-16,15/9-F-14,24.0,249.86,32.27,680.85,101911.2,3585.66
2013-10-17,15/9-F-14,24.0,249.69,32.31,692.36,103933.3,3618.61
2013-10-18,15/9-F-14,24.0,249.75,32.34,685.23,102487.9,3632.46
2013-10-19,15/9-F-14,24.0,249.93,32.23,679.92,101650.6,3613.25
2013-10-20,15/9-F-14,24.0,249.8,32.16,691.96,104476.2,3600.3
2013-10-21,15/9-F-14,24.0,249.52,32.08,678.86,102674.6,3601.71
2013-10-22,15/9-F-14,24.0,249.57,32.14,686.85,102817.7,3607.8
2013-10-23,15/9-F-14,24.0,249.61,32.14,687.36,102605.1,3614.06
2013-10-24,15/9-F-14,24.0,249.63,32.19,686.11,102293.6,3594.31
2013-10-25,15/9-F-14,24.0,249.59,32.15,687.65,102619.4,3580.24
2013-10-26,15/9-F-14,24.0,249.71,32.17,685.92,102078.3,3596.09
2013-10-27,15/9-F-14,24.31,250.21,32.07,675.02,100863.3,3592.56
2013-10-28,15/9-F-14,0.0,297.37,2.39,0.0,0.0,0.0
2013-10-29,15/9-F-14,0.0,296.29,1.62,0.0,0.0,0.0
2013-10-30,15/9-F-14,12.86,262.41,39.41,193.53,28018.4,950.62
2013-10-31,15/9-F-14,24.0,249.53,32.31,633.57,94019.7,3409.39
2013-11-01,15/9-F-14,24.0,249.73,32.04,677.68,100622.1,3542.29
2013-11-02,15/9-F-14,3.23,251.69,34.22,11.09,1587.1,62.89
2013-11-03,15/9-F-14,6.03,270.48,44.45,5.75,856.0,31.69
2013-11-04,15/9-F-14,24.0,249.56,32.73,565.18,81180.4,3662.27
2013-11-05,15/9-F-14,24.0,248.6,31.66,678.85,93705.3,3637.89
2013-11-06,15/9-F-14,24.0,257.22,38.28,647.62,90581.5,3684.22
2013-11-07,15/9-F-14,24.0,249.77,32.59,623.9,91689.1,4449.92
2013-11-08,15/9-F-14,24.0,249.22,32.28,670.56,99144.9,3661.0
2013-11-09,15/9-F-14,24.0,249.25,32.33,661.81,98047.6,3630.1
2013-11-10,15/9-F-14,24.0,249.36,32.32,659.87,98394.0,3685.49
2013-11-11,15/9-F-14,24.0,249.3,32.19,673.1,98851.0,3804.54
2013-11-12,15/9-F-14,24.0,249.58,32.47,707.48,104182.0,3701.39
2013-11-13,15/9-F-14,24.0,249.27,32.32,699.29,103417.8,3672.5
2013-11-14,15/9-F-14,24.0,248.99,32.3,707.27,105510.9,3623.51
2013-11-15,15/9-F-14,24.0,249.34,32.3,714.35,106211.7,3557.83
2013-11-16,15/9-F-14,24.0,249.48,32.28,721.6,106473.2,3556.08
2013-11-17,15/9-F-14,24.0,249.63,32.28,701.5,104176.1,3541.04
2013-11-18,15/9-F-14,24.0,249.77,32.24,701.07,104686.2,3522.21
2013-11-19,15/9-F-14,24.0,249.93,32.23,688.24,103139.2,3563.01
2013-11-20,15/9-F-14,24.0,250.36,32.2,705.48,105803.8,3522.39
2013-11-21,15/9-F-14,24.0,250.57,32.24,706.16,105308.0,3627.07
2013-11-22,15/9-F-14,24.0,250.72,32.3,715.3,106522.1,3740.28
2013-11-23,15/9-F-14,24.0,250.91,32.28,705.39,104714.5,3748.14
2013-11-24,15/9-F-14,24.0,250.98,32.24,699.92,105358.9,3769.21
2013-11-25,15/9-F-14,24.0,251.08,32.23,700.29,105549.4,3772.51
2013-11-26,15/9-F-14,24.0,251.13,32.19,702.39,105967.9,3769.38
2013-11-27,15/9-F-14,24.0,250.22,32.19,701.55,105482.4,3885.61
2013-11-28,15/9-F-14,24.0,251.23,32.17,700.53,105637.1,3753.93
2013-11-29,15/9-F-14,24.0,251.38,32.17,696.45,105346.8,3769.31
2013-11-30,15/9-F-14,24.0,251.49,32.16,698.99,105432.8,3790.17
2013-12-01,15/9-F-14,24.0,251.46,32.15,700.13,105229.6,3759.65
2013-12-02,15/9-F-14,24.0,251.5,32.14,644.52,96702.6,4057.69
2013-12-03,15/9-F-14,24.0,251.4,32.1,642.92,95817.7,3776.6
2013-12-04,15/9-F-14,24.0,251.43,32.07,623.26,92088.6,3784.08
2013-12-05,15/9-F-14,23.56,251.94,32.53,609.47,91440.0,3598.97
2013-12-06,15/9-F-14,15.78,257.08,34.54,321.16,49921.4,2533.67
2013-12-07,15/9-F-14,24.0,252.04,31.98,577.46,87739.2,3693.45
2013-12-08,15/9-F-14,24.0,252.07,31.98,605.97,91773.1,3696.27
2013-12-09,15/9-F-14,13.5,258.3,34.95,308.67,47086.2,1880.09
2013-12-10,15/9-F-14,6.06,257.17,34.13,37.17,5352.4,341.39
2013-12-11,15/9-F-14,0.0,298.55,1.65,0.0,0.0,0.0
2013-12-12,15/9-F-14,9.94,263.68,38.52,56.35,8686.8,454.73
2013-12-13,15/9-F-14,7.81,255.55,34.13,111.55,18119.6,869.24
2013-12-14,15/9-F-14,22.27,256.82,34.67,460.84,69337.1,3250.65
2013-12-15,15/9-F-14,22.83,255.87,34.28,552.54,83611.9,3932.97
2013-12-16,15/9-F-14,24.0,252.11,32.68,627.43,93754.0,4192.45
2013-12-17,15/9-F-14,24.0,251.9,32.25,649.17,96419.4,3788.63
2013-12-18,15/9-F-14,24.0,251.59,32.18,629.0,94082.1,3815.13
2013-12-19,15/9-F-14,24.0,251.8,32.25,628.24,93880.7,3820.52
2013-12-20,15/9-F-14,17.33,257.21,35.16,388.08,54982.6,2817.86
2013-12-21,15/9-F-14,24.0,252.79,32.49,589.05,89470.9,3800.57
2013-12-22,15/9-F-14,24.0,252.08,32.22,632.5,94748.6,3845.31
2013-12-23,15/9-F-14,24.0,252.11,32.19,628.71,94181.6,3874.47
2013-12-24,15/9-F-14,24.0,252.06,32.18,628.16,94070.8,3968.18
2013-12-25,15/9-F-14,24.0,252.1,32.2,646.65,96719.4,3862.56
2013-12-26,15/9-F-14,20.98,252.74,32.71,534.96,81128.1,3245.91
2013-12-27,15/9-F-14,15.53,260.52,37.19,262.78,41596.9,1859.18
2013-12-28,15/9-F-14,24.0,252.88,32.45,615.33,92927.2,3824.65
2013-12-29,15/9-F-14,24.0,252.76,32.24,627.72,94025.5,3867.43
2013-12-30,15/9-F-14,24.0,252.66,32.15,626.64,94000.9,3853.45
2013-12-31,15/9-F-14,22.5,257.35,35.0,529.54,81629.2,3241.57
2014-01-01,15/9-F-14,24.0,253.12,32.55,604.44,91618.1,3844.67
2014-01-02,15/9-F-14,24.0,252.69,32.14,631.61,94681.5,3943.13
2014-01-03,15/9-F-14,24.0,252.51,32.0,619.46,93415.0,3940.4
2014-01-04,15/9-F-14,14.14,253.69,32.58,358.71,53976.0,2044.94
2014-01-05,15/9-F-14,6.36,268.1,39.99,32.57,5066.4,322.78
2014-01-06,15/9-F-14,24.0,254.45,33.05,523.11,78815.3,3495.99
2014-01-07,15/9-F-14,24.0,252.58,32.13,620.74,93904.7,3754.33
2014-01-08,15/9-F-14,24.0,252.47,32.18,647.63,96731.3,3872.19
2014-01-09,15/9-F-14,24.0,252.13,32.15,632.21,94759.6,3815.77
2014-01-10,15/9-F-14,24.0,252.12,32.16,633.44,94515.5,3812.78
2014-01-11,15/9-F-14,24.0,252.08,32.19,630.81,94043.5,3748.41
2014-01-12,15/9-F-14,24.0,252.02,32.14,628.08,93976.6,3654.9
2014-01-13,15/9-F-14,24.0,252.09,32.06,633.9,95208.5,3771.95
2014-01-14,15/9-F-14,24.0,252.14,32.05,618.13,92634.9,3887.39
2014-01-15,15/9-F-14,24.0,251.97,31.88,600.53,90464.5,3816.14
2014-01-16,15/9-F-14,24.0,252.18,31.93,604.43,87303.1,3631.86
2014-01-17,15/9-F-14,24.0,252.48,32.22,619.14,88958.2,3753.18
2014-01-18,15/9-F-14,24.0,252.25,31.98,593.68,86887.0,4154.28
2014-01-19,15/9-F-14,24.0,252.43,31.86,568.99,80709.6,3588.0
2014-01-20,15/9-F-14,24.0,252.63,31.92,580.12,80339.0,3641.23
2014-01-21,15/9-F-14,24.0,252.75,31.96,570.78,78543.4,4108.54
2014-01-22,15/9-F-14,24.0,252.92,31.98,597.45,80910.2,3948.04
2014-01-23,15/9-F-14,24.0,253.1,32.02,623.72,85314.3,3957.72
2014-01-24,15/9-F-14,24.0,253.21,32.02,594.99,82866.6,4316.53
2014-01-25,15/9-F-14,24.0,253.35,32.07,651.77,93104.6,4176.89
2014-01-26,15/9-F-14,24.0,253.45,32.05,527.7,73055.5,4106.52
2014-01-27,15/9-F-14,24.0,253.65,32.06,526.02,70252.8,3779.71
2014-01-28,15/9-F-14,24.0,253.66,32.01,555.86,77747.9,3922.25
2014-01-29,15/9-F-14,7.97,254.37,32.7,241.01,34306.3,1207.68
2014-01-31,15/9-F-14,20.77,261.37,36.56,415.55,62643.3,2707.54
2014-02-01,15/9-F-14,24.0,254.33,32.42,563.55,83086.6,4073.9
2014-02-02,15/9-F-14,24.0,254.37,32.4,578.73,83535.8,4112.64
2014-02-03,15/9-F-14,24.0,253.95,32.37,581.16,83408.8,4044.06
2014-02-04,15/9-F-14,24.0,253.7,32.3,578.4,83062.1,4044.66
2014-02-05,15/9-F-14,24.0,253.35,32.37,580.14,83171.2,4014.64
2014-02-06,15/9-F-14,8.0,256.16,33.41,195.27,28935.7,1005.36
2014-02-08,15/9-F-14,20.94,260.07,36.68,506.83,71856.6,2026.11
2014-02-09,15/9-F-14,24.0,252.36,32.16,562.95,81684.8,3778.27
2014-02-10,15/9-F-14,12.0,258.66,35.7,299.48,46472.5,2355.36
2014-02-11,15/9-F-14,15.39,254.44,33.47,308.34,47953.3,2533.37
2014-02-12,15/9-F-14,21.94,258.23,36.35,433.55,63979.5,3055.39
2014-02-13,15/9-F-14,24.0,252.85,32.66,597.34,87583.6,3887.9
2014-02-14,15/9-F-14,24.0,252.77,32.63,607.85,88910.8,3962.09
2014-02-15,15/9-F-14,24.0,252.73,32.39,600.91,87445.8,3956.09
2014-02-16,15/9-F-14,24.0,253.25,32.65,609.6,88776.1,3965.12
2014-02-17,15/9-F-14,24.0,253.37,32.67,616.6,91075.2,3986.73
2014-02-18,15/9-F-14,16.33,259.43,35.75,332.49,50938.6,2197.02
2014-02-19,15/9-F-14,24.0,253.68,32.83,597.13,87791.9,4009.05
2014-02-20,15/9-F-14,24.0,253.67,32.57,624.9,91560.7,3949.62
2014-02-21,15/9-F-14,24.0,253.76,32.57,631.46,92681.2,4042.4
2014-02-22,15/9-F-14,24.0,253.51,32.53,640.73,93454.3,4136.37
2014-02-23,15/9-F-14,24.0,253.21,32.38,629.14,92621.7,4060.2
2014-02-24,15/9-F-14,24.0,253.08,32.35,631.65,92193.4,3848.47
2014-02-25,15/9-F-14,24.0,252.35,32.34,615.86,90149.0,3834.62
2014-02-26,15/9-F-14,24.0,253.45,32.32,615.02,89678.3,3863.8
2014-02-27,15/9-F-14,24.0,253.61,32.28,609.92,89335.9,3846.09
2014-02-28,15/9-F-14,24.0,253.84,32.31,617.13,89928.4,3840.95
2014-03-01,15/9-F-14,24.0,253.98,32.3,600.87,87857.6,3856.48
2014-03-02,15/9-F-14,24.0,254.08,32.36,600.82,88857.1,3864.11
2014-03-03,15/9-F-14,24.0,253.79,32.14,616.36,90479.8,3835.29
2014-03-04,15/9-F-14,24.0,253.71,32.12,604.97,89042.8,3989.39
2014-03-05,15/9-F-14,24.0,253.86,32.17,609.49,89290.9,3757.12
2014-03-06,15/9-F-14,24.0,254.07,32.16,613.41,89163.0,3758.3
2014-03-07,15/9-F-14,24.0,254.22,32.19,595.48,87807.9,3781.92
2014-03-08,15/9-F-14,24.0,254.33,32.11,591.15,85603.1,3777.77
2014-03-09,15/9-F-14,24.0,254.48,32.18,594.86,86389.5,3782.9
2014-03-10,15/9-F-14,24.0,254.6,32.25,534.84,77918.3,3756.39
2014-03-11,15/9-F-14,24.0,254.73,32.18,529.99,77112.0,3758.02
2014-03-12,15/9-F-14,24.0,255.23,32.46,526.6,76409.6,3726.18
2014-03-13,15/9-F-14,24.0,254.87,32.2,543.99,79129.1,4033.79
2014-03-14,15/9-F-14,24.0,254.77,32.14,542.98,79386.1,3680.28
2014-03-15,15/9-F-14,24.0,254.76,32.14,543.6,78710.7,3737.65
2014-03-16,15/9-F-14,24.0,254.81,32.11,538.68,78763.5,3809.79
2014-03-17,15/9-F-14,24.0,255.08,32.29,541.75,78661.2,3814.56
2014-03-18,15/9-F-14,24.0,255.14,32.32,535.24,78783.1,3742.52
2014-03-19,15/9-F-14,24.0,254.68,31.84,539.1,78104.9,3573.17
2014-03-20,15/9-F-14,24.0,255.37,32.2,547.51,79880.6,3618.06
2014-03-21,15/9-F-14,24.0,255.33,32.25,540.7,79307.7,3594.24
2014-03-22,15/9-F-14,14.17,259.88,34.87,302.51,44815.8,1822.18
2014-03-23,15/9-F-14,24.0,258.31,33.5,432.1,65172.8,3226.24
2014-03-24,15/9-F-14,6.22,257.3,31.47,106.91,17772.8,696.14
2014-03-25,15/9-F-14,6.61,276.32,44.79,9.81,1368.4,122.3
2014-03-26,15/9-F-14,24.0,258.18,33.72,486.84,71112.8,3122.64
2014-03-27,15/9-F-14,12.5,261.34,35.3,164.78,24635.5,1509.83
2014-03-28,15/9-F-14,24.0,260.62,35.51,401.02,64425.4,3475.35
2014-03-29,15/9-F-14,14.67,268.29,40.15,140.74,21942.4,1170.58
2014-03-30,15/9-F-14,23.0,255.8,32.49,487.12,70640.8,3430.13
2014-03-31,15/9-F-14,24.0,255.8,32.39,530.62,77837.9,3677.86
2014-04-01,15/9-F-14,24.0,255.78,32.43,528.32,77254.4,3694.08
2014-04-02,15/9-F-14,24.0,255.7,32.38,529.68,77203.2,3708.42
2014-04-03,15/9-F-14,24.0,255.81,32.36,531.58,77501.9,3725.35
2014-04-04,15/9-F-14,24.0,255.9,32.31,539.14,79469.4,3280.28
2014-04-05,15/9-F-14,24.0,255.93,32.35,539.2,79101.7,3249.45
2014-04-06,15/9-F-14,18.23,256.7,32.5,401.1,60024.4,2293.01
2014-04-07,15/9-F-14,18.94,260.68,35.11,428.03,64858.1,3101.81
2014-04-08,15/9-F-14,24.0,255.67,32.24,543.96,80802.2,3614.91
2014-04-09,15/9-F-14,24.0,255.93,32.39,573.63,84290.0,3612.1
2014-04-10,15/9-F-14,16.29,261.78,35.78,294.4,46395.2,1824.07
2014-04-11,15/9-F-14,24.0,255.92,32.52,585.5,85785.4,3624.79
2014-04-12,15/9-F-14,24.0,256.13,32.46,584.55,85746.6,3619.35
2014-04-13,15/9-F-14,24.0,256.17,32.49,577.19,85016.7,3649.33
2014-04-14,15/9-F-14,24.0,256.28,32.49,584.55,85832.4,3632.11
2014-04-15,15/9-F-14,24.0,256.42,32.49,577.68,84864.5,3667.07
2014-04-16,15/9-F-14,24.0,255.87,32.4,576.69,85259.9,3668.25
2014-04-17,15/9-F-14,24.0,256.68,32.47,583.62,85487.8,3663.09
2014-04-18,15/9-F-14,24.0,256.75,32.47,578.0,85145.7,3668.67
2014-04-19,15/9-F-14,24.0,256.84,32.41,578.95,84773.7,3679.37
2014-04-20,15/9-F-14,24.0,256.91,32.43,574.74,84198.6,3676.4
2014-04-21,15/9-F-14,24.0,256.31,31.99,575.45,86417.9,3397.91
2014-04-22,15/9-F-14,24.0,256.04,31.61,555.35,76972.1,3080.94
2014-04-23,15/9-F-14,24.0,256.26,31.57,581.4,79936.0,3427.95
2014-04-24,15/9-F-14,24.0,256.39,31.58,714.49,98914.1,3955.91
2014-04-25,15/9-F-14,24.0,256.34,31.64,589.96,81414.3,3829.02
2014-04-26,15/9-F-14,24.0,256.49,31.59,583.71,80844.4,3805.51
2014-04-27,15/9-F-14,24.0,256.62,31.67,584.82,81564.7,3690.76
2014-04-28,15/9-F-14,24.0,256.71,31.69,582.58,80823.4,3671.32
2014-04-29,15/9-F-14,24.0,256.81,31.65,554.65,77569.2,3675.44
2014-04-30,15/9-F-14,24.0,256.97,31.66,539.32,75420.0,3675.62
2014-05-01,15/9-F-14,24.0,257.11,31.64,532.62,74202.5,3669.33
2014-05-02,15/9-F-14,24.0,257.4,31.76,530.32,74002.1,3651.3
2014-05-03,15/9-F-14,24.0,257.39,31.62,529.07,72536.1,3678.1
2014-05-04,15/9-F-14,24.0,257.54,31.52,523.92,72838.7,3681.09
2014-05-05,15/9-F-14,24.0,257.71,31.49,544.38,78815.7,3551.18
2014-05-06,15/9-F-14,24.0,257.93,31.52,535.8,77444.9,3556.1
2014-05-07,15/9-F-14,24.0,258.96,32.18,533.97,77904.4,3532.36
2014-05-08,15/9-F-14,15.49,260.7,33.57,262.96,36706.4,2018.08
2014-05-09,15/9-F-14,0.0,302.27,71.82,0.0,0.0,0.0
2014-05-10,15/9-F-14,14.01,272.11,39.73,107.31,5928.5,1485.53
2014-05-11,15/9-F-14,24.0,258.48,31.83,469.42,67117.2,3232.52
2014-05-12,15/9-F-14,24.0,257.48,31.49,479.16,69310.2,3133.21
2014-05-13,15/9-F-14,24.0,256.34,31.21,481.15,69589.9,3038.39
2014-05-14,15/9-F-14,24.0,254.71,30.77,487.45,70311.9,2951.34
2014-05-15,15/9-F-14,24.0,254.79,30.64,456.34,65489.3,3159.15
2014-05-16,15/9-F-14,24.0,255.72,31.02,450.38,64160.9,3055.21
2014-05-17,15/9-F-14,24.0,255.77,31.0,455.79,64087.6,3087.1
2014-05-18,15/9-F-14,24.0,255.49,30.57,455.57,64071.2,3177.82
2014-05-19,15/9-F-14,24.0,255.66,30.63,450.86,62598.5,3194.7
2014-05-20,15/9-F-14,24.0,255.82,30.67,454.02,63408.6,3213.03
2014-05-21,15/9-F-14,24.0,255.95,30.68,454.45,64151.7,3212.34
2014-05-22,15/9-F-14,24.0,256.51,30.87,459.04,66861.5,3321.19
2014-05-23,15/9-F-14,24.0,257.26,31.01,463.91,67492.3,3509.66
2014-05-24,15/9-F-14,24.0,257.94,31.22,468.0,67946.6,3791.49
2014-05-25,15/9-F-14,24.0,258.22,31.33,469.68,66212.0,3807.02
2014-05-26,15/9-F-14,24.0,258.41,31.42,448.28,65655.4,3215.74
2014-05-27,15/9-F-14,24.0,258.5,31.52,449.19,66421.7,3443.92
2014-05-28,15/9-F-14,24.0,257.57,31.52,416.03,61206.4,3584.5
2014-05-29,15/9-F-14,24.0,258.73,31.55,418.28,61549.7,3592.57
2014-05-30,15/9-F-14,24.0,258.89,31.59,420.8,62143.0,3625.55
2014-05-31,15/9-F-14,24.0,259.01,31.6,428.87,63354.4,3681.69
2014-06-01,15/9-F-14,24.0,259.13,31.59,431.47,63769.1,3712.49
2014-06-02,15/9-F-14,22.0,265.38,35.8,325.75,48357.9,2547.44
2014-06-03,15/9-F-14,24.0,259.45,31.74,411.55,60352.0,3614.06
2014-06-04,15/9-F-14,24.0,259.47,31.6,421.75,62196.8,3702.08
2014-06-05,15/9-F-14,24.0,259.6,31.66,445.16,65409.3,3706.65
2014-06-06,15/9-F-14,24.0,259.67,31.64,445.36,64412.7,3702.68
2014-06-07,15/9-F-14,24.0,259.74,31.61,448.72,64827.1,3705.14
2014-06-08,15/9-F-14,24.0,259.8,31.53,452.13,65433.6,3719.26
2014-06-09,15/9-F-14,24.0,259.92,31.5,509.65,74629.2,3746.07
2014-06-10,15/9-F-14,24.0,260.0,31.48,451.41,66453.1,3686.59
2014-06-11,15/9-F-14,24.0,260.03,31.5,452.56,66006.5,3559.6
2014-06-12,15/9-F-14,24.0,260.04,31.55,451.89,65441.3,3561.53
2014-06-13,15/9-F-14,24.0,260.09,31.51,503.1,73914.0,3655.3
2014-06-14,15/9-F-14,24.0,260.12,31.48,495.05,73111.3,3608.91
2014-06-15,15/9-F-14,24.0,260.13,31.46,496.1,73237.6,3609.22
2014-06-16,15/9-F-14,24.0,260.14,31.44,500.94,73512.9,3595.03
2014-06-17,15/9-F-14,24.0,260.16,31.44,489.91,72189.4,3582.77
2014-06-18,15/9-F-14,24.0,260.19,31.43,486.9,71596.9,3617.52
2014-06-19,15/9-F-14,24.0,260.26,31.41,483.72,71567.3,3754.86
2014-06-20,15/9-F-14,24.0,260.33,31.41,482.36,71178.2,3620.34
2014-06-21,15/9-F-14,24.0,260.37,31.4,478.49,70388.8,3576.71
2014-06-22,15/9-F-14,24.0,260.46,31.41,474.22,69113.5,3658.1
2014-06-23,15/9-F-14,24.0,260.92,31.71,466.36,68562.0,3632.75
2014-06-24,15/9-F-14,24.0,260.6,31.42,440.96,64744.1,3432.94
2014-06-25,15/9-F-14,24.0,260.69,31.42,462.73,68309.5,3449.48
2014-06-26,15/9-F-14,16.5,174.79,36.35,183.67,27523.8,1383.83
2014-06-27,15/9-F-14,23.5,147.2,35.44,296.83,44840.6,2273.92
2014-06-28,15/9-F-14,24.0,260.67,31.61,394.59,59087.2,3325.23
2014-06-29,15/9-F-14,24.0,260.59,31.29,432.02,64677.4,3343.15
2014-06-30,15/9-F-14,24.0,260.66,31.28,442.64,66483.2,3337.32
2014-07-01,15/9-F-14,24.0,260.62,31.31,439.06,65717.1,3321.27
2014-07-02,15/9-F-14,24.0,260.68,31.29,439.09,65650.5,3317.03
2014-07-03,15/9-F-14,24.0,260.74,31.3,439.5,65605.4,3322.06
2014-07-04,15/9-F-14,24.0,260.79,31.22,435.95,65101.4,3330.96
2014-07-05,15/9-F-14,24.0,260.82,31.25,435.23,64782.3,3343.67
2014-07-06,15/9-F-14,24.0,260.88,31.32,434.67,64695.9,3354.79
2014-07-07,15/9-F-14,24.0,260.9,31.31,442.68,66018.1,3298.06
2014-07-08,15/9-F-14,24.0,260.93,31.35,445.32,66275.1,3283.38
2014-07-09,15/9-F-14,24.0,260.92,31.37,443.92,66216.2,3281.42
2014-07-10,15/9-F-14,24.0,260.69,31.31,450.92,67331.7,3206.69
2014-07-11,15/9-F-14,24.0,260.55,31.28,452.35,67059.6,3816.24
2014-07-12,15/9-F-14,24.0,260.25,31.19,443.73,65989.4,3034.57
2014-07-13,15/9-F-14,24.0,260.0,31.1,442.05,65643.4,3004.77
2014-07-14,15/9-F-14,24.0,259.85,31.11,436.1,64788.4,3127.01
2014-07-15,15/9-F-14,24.0,259.94,31.07,444.23,65730.8,3129.02
2014-07-16,15/9-F-14,24.0,259.86,31.03,441.15,65583.2,3133.49
2014-07-17,15/9-F-14,24.0,259.91,31.08,440.9,65441.0,3125.26
2014-07-18,15/9-F-14,24.0,260.02,31.13,437.73,65141.0,3119.81
2014-07-19,15/9-F-14,24.0,260.23,31.1,436.95,65306.1,3119.11
2014-07-20,15/9-F-14,23.08,263.87,33.75,380.77,58802.0,2477.87
2014-07-21,15/9-F-14,24.0,260.73,31.41,414.84,62112.3,2957.42
2014-07-22,15/9-F-14,24.0,260.52,31.24,446.27,65968.6,3134.42
2014-07-23,15/9-F-14,24.0,260.54,31.25,442.19,66426.8,3097.7
2014-07-24,15/9-F-14,24.0,260.61,31.26,447.69,66918.8,3030.52
2014-07-25,15/9-F-14,24.0,260.71,31.28,444.29,66265.5,3035.0
2014-07-26,15/9-F-14,24.0,261.19,31.63,441.5,66220.3,3287.65
2014-07-27,15/9-F-14,24.0,261.49,31.83,444.28,66172.9,3407.49
2014-07-28,15/9-F-14,24.0,261.52,31.9,440.93,65792.1,3516.02
2014-07-29,15/9-F-14,24.0,261.52,31.87,437.53,65319.8,3500.69
2014-07-30,15/9-F-14,24.0,261.0,31.41,418.68,61830.2,3097.22
2014-07-31,15/9-F-14,24.0,260.8,31.27,355.48,53006.6,3554.51
2014-08-01,15/9-F-14,24.0,260.84,31.24,357.69,53315.2,3552.23
2014-08-02,15/9-F-14,24.0,260.86,31.24,359.24,53296.1,3552.42
2014-08-03,15/9-F-14,24.0,260.66,31.15,357.55,53590.7,3472.74
2014-08-04,15/9-F-14,24.0,260.64,31.13,363.53,53847.1,3417.87
2014-08-05,15/9-F-14,24.0,260.69,31.22,350.83,51874.6,3402.11
2014-08-06,15/9-F-14,24.0,260.75,31.14,350.44,52008.4,3390.29
2014-08-07,15/9-F-14,24.0,260.76,31.18,334.33,49637.5,3385.63
2014-08-08,15/9-F-14,24.0,260.79,31.19,332.25,49355.0,3424.48
2014-08-09,15/9-F-14,24.0,260.85,31.13,330.84,49392.1,3495.13
2014-08-10,15/9-F-14,24.0,260.93,31.12,326.08,48668.7,3489.8
2014-08-11,15/9-F-14,24.0,261.07,31.11,336.92,50734.2,3493.33
2014-08-12,15/9-F-14,24.0,260.95,31.13,340.72,53215.9,3525.54
2014-08-13,15/9-F-14,24.0,260.91,31.12,339.33,53959.7,3538.01
2014-08-14,15/9-F-14,24.0,260.93,31.19,341.09,54025.4,3531.55
2014-08-15,15/9-F-14,24.0,260.8,31.14,342.15,53465.5,3524.99
2014-08-16,15/9-F-14,24.0,260.76,31.13,340.59,50847.2,3503.42
2014-08-17,15/9-F-14,24.0,260.75,31.07,340.72,50907.1,3514.42
2014-08-18,15/9-F-14,24.0,260.7,31.02,338.4,50853.0,3519.96
2014-08-19,15/9-F-14,1.66,265.72,31.41,4.3,1030.1,55.7
2014-08-20,15/9-F-14,0.0,302.1,0.34,0.0,0.0,0.0
2014-08-21,15/9-F-14,0.0,302.46,0.35,0.0,0.0,0.0
2014-08-22,15/9-F-14,0.0,302.46,0.35,0.0,0.0,0.0
2014-08-23,15/9-F-14,0.0,302.46,0.35,0.0,0.0,0.0
2014-08-24,15/9-F-14,0.0,302.46,0.35,0.0,0.0,0.0
2014-08-25,15/9-F-14,22.62,267.62,35.09,155.58,26303.2,2117.23
2014-08-26,15/9-F-14,24.0,260.41,31.4,332.73,58014.1,3031.48
2014-08-27,15/9-F-14,24.0,260.28,30.92,358.23,63995.1,3080.71
2014-08-28,15/9-F-14,23.5,164.07,33.82,290.24,50596.2,2400.19
2014-08-29,15/9-F-14,24.0,177.67,30.81,374.02,67084.4,3095.61
2014-08-30,15/9-F-14,24.0,260.13,30.9,368.61,66086.0,3081.58
2014-08-31,15/9-F-14,24.0,259.81,30.88,377.32,67664.2,3219.42
2014-09-01,15/9-F-14,24.0,259.73,31.03,369.58,66720.8,3454.72
2014-09-02,15/9-F-14,24.0,259.92,31.16,419.29,71816.7,3462.16
2014-09-03,15/9-F-14,22.17,263.53,33.18,305.75,49870.8,2706.89
2014-09-04,15/9-F-14,24.0,260.83,31.45,327.3,52285.7,3299.04
2014-09-05,15/9-F-14,24.0,260.56,31.09,335.43,54505.4,3329.98
2014-09-06,15/9-F-14,24.0,260.56,31.16,333.78,54343.6,3336.8
2014-09-07,15/9-F-14,24.0,260.47,31.14,333.5,54398.2,3366.52
2014-09-08,15/9-F-14,24.0,260.33,31.16,333.06,54175.2,3375.11
2014-09-09,15/9-F-14,24.0,260.26,31.17,331.54,53774.2,3343.73
2014-09-10,15/9-F-14,24.0,260.24,31.2,332.39,53987.8,3323.01
2014-09-11,15/9-F-14,24.0,260.26,31.2,326.65,52391.2,3471.84
2014-09-12,15/9-F-14,24.0,260.32,31.21,338.03,49320.8,3467.35
2014-09-13,15/9-F-14,24.0,260.39,31.2,336.76,49117.7,3491.79
2014-09-14,15/9-F-14,24.0,260.47,31.21,331.91,48875.1,3440.92
2014-09-15,15/9-F-14,24.0,260.53,31.17,339.41,50554.1,3429.7
2014-09-16,15/9-F-14,24.0,260.72,31.19,335.78,50481.1,3426.75
2014-09-17,15/9-F-14,24.0,260.68,31.09,333.27,50234.4,3414.67
2014-09-18,15/9-F-14,24.0,260.75,31.09,333.09,49690.2,3469.47
2014-09-19,15/9-F-14,24.0,260.85,31.11,331.24,49848.5,3463.8
2014-09-20,15/9-F-14,24.0,260.92,31.19,340.08,50906.9,3468.02
2014-09-21,15/9-F-14,24.0,261.04,31.16,333.29,50107.0,3485.0
2014-09-22,15/9-F-14,24.0,261.12,31.2,333.16,50057.9,3535.71
2014-09-23,15/9-F-14,24.0,261.18,31.2,338.89,50994.2,3576.59
2014-09-24,15/9-F-14,24.0,261.19,31.2,337.74,51265.5,3621.29
2014-09-25,15/9-F-14,24.0,261.2,31.16,338.79,51462.6,3621.75
2014-09-26,15/9-F-14,24.0,261.21,31.12,338.8,51493.3,3604.31
2014-09-27,15/9-F-14,24.0,261.26,31.14,335.82,51349.3,3614.08
2014-09-28,15/9-F-14,24.0,261.29,31.14,334.71,51080.5,3587.47
2014-09-29,15/9-F-14,1.26,269.57,32.91,5.42,1236.4,66.17
2014-09-30,15/9-F-14,18.24,267.47,34.76,157.75,40359.1,1686.73
2014-10-01,15/9-F-14,24.0,261.34,31.04,323.17,52469.3,3603.32
2014-10-02,15/9-F-14,24.0,261.68,31.06,341.36,54409.0,3562.52
2014-10-03,15/9-F-14,24.0,262.32,31.45,311.3,48637.5,3466.39
2014-10-04,15/9-F-14,24.0,261.48,31.07,325.86,49961.3,3511.2
2014-10-05,15/9-F-14,24.0,261.66,31.16,322.32,49369.9,3555.91
2014-10-06,15/9-F-14,24.0,261.72,31.06,320.67,49050.4,3540.85
2014-10-07,15/9-F-14,24.0,261.43,31.03,323.6,48374.0,3403.56
2014-10-08,15/9-F-14,24.0,261.53,31.1,320.46,49994.7,3492.76
2014-10-09,15/9-F-14,24.0,261.36,31.08,326.8,50614.7,3485.83
2014-10-10,15/9-F-14,24.0,261.26,31.07,330.91,51158.0,3326.32
2014-10-11,15/9-F-14,24.0,261.35,31.04,326.95,50457.8,3319.74
2014-10-12,15/9-F-14,24.0,261.39,31.08,325.64,50216.1,3318.18
2014-10-13,15/9-F-14,24.0,261.27,31.08,323.25,50001.5,3423.77
2014-10-14,15/9-F-14,24.0,261.33,31.08,322.94,49963.0,3442.81
2014-10-15,15/9-F-14,24.0,261.42,31.09,323.28,49843.8,3400.14
2014-10-16,15/9-F-14,24.0,261.39,31.03,321.24,49473.7,3342.45
2014-10-17,15/9-F-14,24.0,261.41,31.01,320.17,49469.2,3330.6
2014-10-18,15/9-F-14,24.0,261.42,30.97,321.63,49812.0,3327.51
2014-10-19,15/9-F-14,24.0,261.45,31.0,323.0,50014.1,3321.01
2014-10-20,15/9-F-14,24.0,261.45,31.05,319.88,49667.4,3315.85
2014-10-21,15/9-F-14,24.0,261.47,31.02,326.36,50120.6,3307.73
2014-10-22,15/9-F-14,24.0,261.49,31.05,324.91,50143.9,3368.49
2014-10-23,15/9-F-14,24.0,261.54,31.03,324.89,50321.4,3313.79
2014-10-24,15/9-F-14,24.0,261.57,31.08,325.66,50374.5,3342.4
2014-10-25,15/9-F-14,24.0,261.57,31.0,328.9,50980.8,3359.03
2014-10-26,15/9-F-14,25.0,261.6,31.0,344.97,53208.2,3380.43
2014-10-27,15/9-F-14,24.0,261.93,31.27,329.71,50969.3,3348.38
2014-10-28,15/9-F-14,24.0,262.41,31.64,329.27,50778.0,3302.37
2014-10-29,15/9-F-14,24.0,262.07,30.79,318.0,48823.4,3249.99
2014-10-30,15/9-F-14,24.0,261.29,30.96,327.23,50153.8,3303.55
2014-10-31,15/9-F-14,24.0,261.22,30.92,321.89,49962.9,3196.52
2014-11-01,15/9-F-14,24.0,261.2,30.92,326.63,50612.2,3244.49
2014-11-02,15/9-F-14,24.0,261.2,30.91,324.42,50256.2,3234.51
2014-11-03,15/9-F-14,24.0,261.24,30.91,340.8,52747.2,3400.27
2014-11-04,15/9-F-14,24.0,261.27,30.99,335.94,52115.4,3420.74
2014-11-05,15/9-F-14,24.0,261.29,30.98,331.12,51497.8,3420.5
2014-11-06,15/9-F-14,24.0,261.32,30.88,331.3,51498.8,3418.52
2014-11-07,15/9-F-14,24.0,261.13,30.7,339.2,52351.0,3410.55
2014-11-08,15/9-F-14,24.0,259.12,29.1,338.53,52879.1,3619.14
2014-11-09,15/9-F-14,24.0,258.69,28.67,335.86,52868.4,3664.15
2014-11-10,15/9-F-14,24.0,258.91,28.85,349.09,56794.2,3879.21
2014-11-11,15/9-F-14,24.0,258.75,28.65,363.01,57466.1,3968.82
2014-11-12,15/9-F-14,24.0,258.82,28.64,364.46,57045.8,3811.93
2014-11-13,15/9-F-14,24.0,258.99,28.69,359.37,56408.2,3742.45
2014-11-14,15/9-F-14,24.0,258.94,28.66,358.97,56225.2,3742.95
2014-11-15,15/9-F-14,24.0,258.96,28.66,362.59,56635.5,3729.43
2014-11-16,15/9-F-14,24.0,258.95,28.68,357.73,55908.4,3787.26
2014-11-17,15/9-F-14,24.0,258.78,28.67,353.08,54254.6,3862.75
2014-11-18,15/9-F-14,24.0,258.51,28.58,363.03,55449.1,3820.54
2014-11-19,15/9-F-14,24.0,260.27,30.09,353.98,54160.0,3732.56
2014-11-20,15/9-F-14,24.0,260.3,30.28,358.38,54958.8,3691.12
2014-11-21,15/9-F-14,24.0,259.32,29.52,356.36,54880.1,3670.12
2014-11-22,15/9-F-14,24.0,259.36,29.46,355.82,54631.5,3668.0
2014-11-23,15/9-F-14,24.0,259.21,29.56,343.6,53719.2,3662.96
2014-11-24,15/9-F-14,24.0,260.32,30.25,357.14,54391.3,3859.6
2014-11-25,15/9-F-14,24.0,260.96,30.75,340.37,50269.6,3331.48
2014-11-26,15/9-F-14,24.0,261.06,31.49,305.37,56252.4,3253.47
2014-11-27,15/9-F-14,24.0,261.9,31.47,321.38,54039.7,3256.73
2014-11-28,15/9-F-14,22.06,266.18,35.04,400.77,62459.4,2280.2
2014-11-29,15/9-F-14,14.94,273.24,38.55,336.44,56293.5,762.02
2014-11-30,15/9-F-14,23.5,266.43,34.99,321.67,64024.1,3038.4
2014-12-01,15/9-F-14,24.0,263.72,33.17,198.35,42635.4,2938.33
2014-12-02,15/9-F-14,24.0,262.05,31.69,253.04,49673.2,3187.59
2014-12-03,15/9-F-14,24.0,261.98,31.72,262.77,51377.6,3188.74
2014-12-04,15/9-F-14,23.33,267.56,36.42,282.43,47107.6,2937.05
2014-12-05,15/9-F-14,24.0,265.19,34.83,483.94,76809.9,3202.93
2014-12-06,15/9-F-14,24.0,261.7,31.75,339.06,55289.6,3270.06
2014-12-07,15/9-F-14,24.0,261.79,31.77,310.03,50567.0,3196.87
2014-12-08,15/9-F-14,24.0,261.78,31.79,295.37,48160.8,3200.63
2014-12-09,15/9-F-14,24.0,261.74,31.75,302.9,49353.4,3219.62
2014-12-10,15/9-F-14,24.0,261.69,31.77,313.84,51178.5,3237.35
2014-12-11,15/9-F-14,24.0,261.68,31.79,281.74,45920.6,3198.84
2014-12-12,15/9-F-14,24.0,261.51,31.79,331.51,54061.3,2910.74
2014-12-13,15/9-F-14,24.0,261.51,31.79,277.88,45252.9,2816.12
2014-12-14,15/9-F-14,24.0,261.47,31.73,328.13,53522.5,3276.46
2014-12-15,15/9-F-14,24.0,261.47,31.81,306.76,49979.7,3368.41
2014-12-16,15/9-F-14,24.0,261.49,31.81,324.63,52885.0,3340.56
2014-12-17,15/9-F-14,24.0,261.52,31.8,333.97,54459.6,3318.03
2014-12-18,15/9-F-14,22.33,264.65,34.07,278.73,45423.7,2952.45
2014-12-19,15/9-F-14,23.67,264.44,34.14,278.82,45469.6,3071.21
2014-12-20,15/9-F-14,24.0,261.62,31.89,329.27,53685.5,3334.15
2014-12-21,15/9-F-14,24.0,261.67,31.9,319.65,52118.2,3315.76
2014-12-22,15/9-F-14,24.0,261.73,31.88,305.35,49814.8,3300.42
2014-12-23,15/9-F-14,24.0,261.73,31.9,312.7,51012.6,3314.53
2014-12-24,15/9-F-14,24.0,261.76,31.97,312.55,50966.5,3326.06
2014-12-25,15/9-F-14,24.0,261.79,32.0,318.56,51915.2,3342.88
2014-12-26,15/9-F-14,24.0,261.84,31.99,326.73,53256.9,3331.61
2014-12-27,15/9-F-14,24.0,261.91,31.91,314.02,51228.2,3380.34
2014-12-28,15/9-F-14,24.0,262.02,32.0,319.75,52094.6,3423.04
2014-12-29,15/9-F-14,23.5,265.05,34.09,292.71,47696.3,3322.86
2014-12-30,15/9-F-14,24.0,262.77,32.11,376.06,61315.7,3548.79
2014-12-31,15/9-F-14,24.0,262.47,32.02,353.86,57717.9,3482.51
2015-01-01,15/9-F-14,24.0,262.29,31.79,488.21,87150.6,3288.66
2015-01-02,15/9-F-14,24.0,261.93,31.31,324.9,48848.5,3365.41
2015-01-03,15/9-F-14,24.0,262.43,31.57,343.85,55748.2,3367.16
2015-01-04,15/9-F-14,24.0,262.33,31.37,337.58,49464.9,3367.25
2015-01-05,15/9-F-14,24.0,262.63,31.51,331.43,48419.3,3339.13
2015-01-06,15/9-F-14,24.0,262.44,31.2,324.45,47160.3,3346.23
2015-01-07,15/9-F-14,24.0,262.63,31.26,333.91,48860.1,3315.57
2015-01-08,15/9-F-14,24.0,262.84,31.38,322.41,46760.5,3262.31
2015-01-09,15/9-F-14,18.0,267.46,34.43,189.48,27487.8,2284.57
2015-01-10,15/9-F-14,20.75,268.06,35.9,231.0,33496.8,2582.68
2015-01-11,15/9-F-14,24.0,264.86,32.97,282.48,40767.5,3227.89
2015-01-12,15/9-F-14,24.0,264.01,31.94,312.71,45323.4,3324.36
2015-01-13,15/9-F-14,24.0,263.74,31.7,315.5,45929.3,3337.39
2015-01-14,15/9-F-14,24.0,263.92,31.86,282.1,41372.8,3227.44
2015-01-15,15/9-F-14,24.0,263.91,31.76,301.02,43716.6,3267.21
2015-01-16,15/9-F-14,24.0,263.87,31.79,305.23,43379.9,3139.86
2015-01-17,15/9-F-14,24.0,263.86,31.79,282.31,41462.7,2991.1
2015-01-18,15/9-F-14,24.0,263.86,31.79,297.94,43574.9,2991.96
2015-01-19,15/9-F-14,24.0,263.86,31.79,301.42,43941.9,3020.07
2015-01-20,15/9-F-14,22.0,268.37,34.98,215.18,31472.9,2601.26
2015-01-21,15/9-F-14,24.0,263.14,31.12,298.54,43829.3,3328.0
2015-01-22,15/9-F-14,24.0,262.88,30.79,314.32,46464.3,3335.21
2015-01-23,15/9-F-14,24.0,262.87,30.78,309.83,45952.4,3246.39
2015-01-24,15/9-F-14,24.0,262.79,30.81,308.19,45481.2,3210.5
2015-01-25,15/9-F-14,24.0,262.71,30.78,303.93,45263.1,3208.45
2015-01-26,15/9-F-14,22.0,263.72,31.21,277.44,41260.5,2913.04
2015-01-27,15/9-F-14,16.44,266.67,33.4,118.82,17461.7,1575.16
2015-01-28,15/9-F-14,24.0,263.12,31.32,309.9,45589.7,3117.16
2015-01-29,15/9-F-14,24.0,263.26,31.32,308.96,45810.1,3099.82
2015-01-30,15/9-F-14,24.0,263.21,31.28,277.58,40899.0,3120.11
2015-01-31,15/9-F-14,18.94,265.06,32.06,170.36,24782.2,2223.5
2015-02-01,15/9-F-14,21.06,264.84,32.3,183.95,27129.2,2391.1
2015-02-02,15/9-F-14,24.0,262.53,31.1,270.25,39885.3,3093.28
2015-02-03,15/9-F-14,15.94,262.96,31.1,139.66,20705.9,2729.82
2015-02-04,15/9-F-14,18.06,265.61,32.58,106.75,17013.5,2064.14
2015-02-05,15/9-F-14,24.0,261.75,30.88,338.0,55893.0,3071.02
2015-02-06,15/9-F-14,24.0,261.07,30.39,206.71,31370.4,2964.45
2015-02-07,15/9-F-14,24.0,261.63,30.42,249.26,38556.5,3096.49
2015-02-08,15/9-F-14,24.0,262.09,30.61,255.65,41048.5,3156.67
2015-02-09,15/9-F-14,24.0,261.79,30.56,293.78,47989.1,3179.1
2015-02-10,15/9-F-14,24.0,262.2,30.65,250.89,38569.4,3173.08
2015-02-11,15/9-F-14,24.0,262.62,30.73,272.56,41698.1,3265.93
2015-02-12,15/9-F-14,24.0,262.99,30.81,268.0,40884.4,3227.01
2015-02-13,15/9-F-14,24.0,261.05,30.59,271.96,41431.5,3232.17
2015-02-14,15/9-F-14,24.0,263.46,30.85,270.78,41177.9,3290.36
2015-02-15,15/9-F-14,24.0,261.68,30.65,269.97,40943.3,3267.13
2015-02-16,15/9-F-14,24.0,264.08,30.97,269.67,40964.8,3546.17
2015-02-17,15/9-F-14,24.0,264.4,31.14,260.65,40026.1,3553.39
2015-02-18,15/9-F-14,24.0,264.5,31.13,274.9,41093.7,3434.84
2015-02-19,15/9-F-14,24.0,264.42,31.1,278.07,41359.6,3501.67
2015-02-20,15/9-F-14,24.0,264.5,31.3,271.56,40594.2,3971.37
2015-02-21,15/9-F-14,24.0,264.16,31.07,265.58,39656.3,3797.58
2015-02-22,15/9-F-14,24.0,264.24,30.99,276.0,41180.2,3723.79
2015-02-23,15/9-F-14,24.0,264.31,30.97,275.59,41454.6,3502.56
2015-02-24,15/9-F-14,24.0,264.61,31.17,269.61,40049.2,3587.67
2015-02-25,15/9-F-14,24.0,264.52,31.06,272.17,39869.7,3620.46
2015-02-26,15/9-F-14,24.0,264.48,30.95,271.87,39911.4,3298.67
2015-02-27,15/9-F-14,24.0,264.45,30.96,273.25,40631.4,3557.33
2015-02-28,15/9-F-14,24.0,264.5,30.85,271.71,41483.9,3547.21
2015-03-01,15/9-F-14,24.0,264.84,31.1,271.85,41265.1,3512.7
2015-03-02,15/9-F-14,24.0,265.35,31.56,270.42,40978.9,3495.2
2015-03-03,15/9-F-14,24.0,265.3,31.55,271.12,40881.5,3458.92
2015-03-04,15/9-F-14,24.0,263.49,31.31,282.91,42711.7,3514.27
2015-03-05,15/9-F-14,24.0,264.99,31.18,270.27,40908.9,3476.18
2015-03-06,15/9-F-14,24.0,264.73,30.82,261.96,39442.8,3472.88
2015-03-07,15/9-F-14,24.0,264.8,30.79,259.79,39391.0,3475.14
2015-03-08,15/9-F-14,24.0,264.84,30.86,258.51,39158.4,3462.89
2015-03-09,15/9-F-14,24.0,264.89,30.79,263.44,39567.1,3489.09
2015-03-10,15/9-F-14,24.0,264.93,30.82,261.71,38863.7,3474.29
2015-03-11,15/9-F-14,24.0,264.98,30.75,261.22,38705.7,3486.14
2015-03-12,15/9-F-14,24.0,264.93,30.77,260.65,38671.3,3589.14
2015-03-13,15/9-F-14,24.0,264.94,30.71,257.26,38618.5,3475.69
2015-03-14,15/9-F-14,24.0,265.0,30.72,258.79,38583.8,3477.86
2015-03-15,15/9-F-14,24.0,265.07,30.74,256.56,37868.2,3485.97
2015-03-16,15/9-F-14,24.0,265.1,30.7,259.2,38085.6,3540.45
2015-03-17,15/9-F-14,24.0,265.18,30.68,262.19,38190.6,3461.46
2015-03-18,15/9-F-14,24.0,265.28,30.85,263.83,38355.2,3454.06
2015-03-19,15/9-F-14,24.0,265.24,30.81,264.35,38692.8,3462.68
2015-03-20,15/9-F-14,24.0,265.22,30.77,271.47,39567.4,3749.96
2015-03-21,15/9-F-14,24.0,265.19,30.75,274.32,39882.4,3525.19
2015-03-22,15/9-F-14,24.0,265.24,30.75,257.66,39059.3,3476.03
2015-03-23,15/9-F-14,24.0,265.14,30.72,229.5,35767.3,3196.62
2015-03-24,15/9-F-14,24.0,265.87,31.44,195.3,30082.7,2999.25
2015-03-25,15/9-F-14,24.0,265.98,31.57,250.48,37831.8,3438.37
2015-03-26,15/9-F-14,24.0,266.73,32.13,269.7,39629.5,3566.24
2015-03-27,15/9-F-14,24.0,265.56,31.1,273.87,39429.1,3493.55
2015-03-28,15/9-F-14,24.0,265.45,30.81,261.25,34983.6,3476.32
2015-03-29,15/9-F-14,24.0,265.45,30.88,250.31,35983.0,3310.68
2015-03-30,15/9-F-14,24.0,265.69,31.07,257.61,37200.4,3494.89
2015-03-31,15/9-F-14,24.0,265.44,30.82,261.54,37167.3,3462.22
2015-04-01,15/9-F-14,24.0,265.44,30.79,251.24,36784.4,3426.24
2015-04-02,15/9-F-14,24.0,265.51,30.76,256.09,37323.4,3426.19
2015-04-03,15/9-F-14,24.0,265.56,30.79,254.14,36480.1,3405.12
2015-04-04,15/9-F-14,24.0,265.5,30.71,253.43,36856.8,3397.62
2015-04-05,15/9-F-14,24.0,265.45,30.68,252.16,36772.1,3373.03
2015-04-06,15/9-F-14,24.0,265.32,30.66,252.07,36654.2,3418.69
2015-04-07,15/9-F-14,24.0,265.1,30.58,250.49,36391.8,3176.07
2015-04-08,15/9-F-14,24.0,265.08,30.53,251.63,36481.1,3186.56
2015-04-09,15/9-F-14,24.0,265.09,30.48,250.8,36394.7,3177.18
2015-04-10,15/9-F-14,24.0,265.07,30.45,248.18,36319.3,3189.91
2015-04-11,15/9-F-14,24.0,265.05,30.45,249.16,36177.0,3176.45
2015-04-12,15/9-F-14,24.0,265.09,30.5,249.64,36522.1,3173.63
2015-04-13,15/9-F-14,24.0,265.54,30.55,249.2,37369.4,3217.63
2015-04-14,15/9-F-14,24.0,265.97,30.67,250.23,37532.0,3333.89
2015-04-15,15/9-F-14,24.0,266.36,30.78,249.89,37039.7,3375.2
2015-04-16,15/9-F-14,24.0,266.54,30.85,252.44,37472.6,3460.38
2015-04-17,15/9-F-14,24.0,266.76,30.91,254.67,37879.7,3484.44
2015-04-18,15/9-F-14,24.0,267.13,30.97,252.32,37571.9,3550.23
2015-04-19,15/9-F-14,24.0,267.19,30.98,254.68,36786.2,3584.51
2015-04-20,15/9-F-14,24.0,267.03,30.98,255.71,37126.9,3592.75
2015-04-21,15/9-F-14,24.0,266.94,30.97,257.81,37945.2,3413.32
2015-04-22,15/9-F-14,24.0,266.84,30.93,257.92,37733.6,3488.72
2015-04-23,15/9-F-14,24.0,266.74,30.88,269.39,38970.1,3450.88
2015-04-24,15/9-F-14,24.0,266.62,30.81,268.14,38810.7,3442.74
2015-04-25,15/9-F-14,24.0,266.57,30.81,265.67,38446.5,3483.44
2015-04-26,15/9-F-14,24.0,266.54,30.78,265.19,38336.0,3424.63
2015-04-27,15/9-F-14,24.0,266.51,30.74,266.54,38420.6,3438.38
2015-04-28,15/9-F-14,24.0,266.48,30.66,265.58,38221.5,3406.96
2015-04-29,15/9-F-14,24.0,266.48,30.69,265.86,38133.0,3334.59
2015-04-30,15/9-F-14,24.0,266.59,30.86,266.93,38283.9,3293.68
2015-05-01,15/9-F-14,24.0,266.43,30.73,266.77,38060.0,3291.32
2015-05-02,15/9-F-14,24.0,266.39,30.69,264.65,37706.6,3278.55
2015-05-03,15/9-F-14,24.0,266.32,30.58,261.21,37646.8,3268.61
2015-05-04,15/9-F-14,24.0,266.29,30.55,256.3,37262.0,3292.79
2015-05-05,15/9-F-14,24.0,266.28,30.56,256.05,37457.9,3284.53
2015-05-06,15/9-F-14,24.0,266.27,30.5,251.22,36700.2,3284.73
2015-05-07,15/9-F-14,24.0,266.24,30.58,251.83,36547.2,3272.78
2015-05-08,15/9-F-14,24.0,266.23,30.57,248.81,37109.8,3270.46
2015-05-09,15/9-F-14,24.0,266.21,30.51,249.54,36304.5,3277.83
2015-05-10,15/9-F-14,24.0,266.19,30.5,249.52,36396.7,3270.31
2015-05-11,15/9-F-14,24.0,266.16,30.45,249.57,36359.1,3255.98
2015-05-12,15/9-F-14,24.0,266.14,30.44,249.17,36248.9,3250.77
2015-05-13,15/9-F-14,24.0,266.43,30.77,247.01,35872.7,3230.43
2015-05-14,15/9-F-14,24.0,266.66,31.04,218.91,31744.3,3241.86
2015-05-15,15/9-F-14,24.0,266.66,31.04,218.85,31669.4,3229.75
2015-05-16,15/9-F-14,24.0,266.65,31.03,220.18,31763.2,3226.07
2015-05-17,15/9-F-14,24.0,266.66,31.03,219.57,31790.6,3221.22
2015-05-18,15/9-F-14,24.0,266.65,30.9,218.22,31783.8,3217.35
2015-05-19,15/9-F-14,24.0,266.6,31.01,219.36,31727.6,3210.16
2015-05-20,15/9-F-14,24.0,266.57,31.02,219.12,31640.0,3202.96
2015-05-21,15/9-F-14,24.0,266.55,30.96,216.11,31601.0,3245.34
2015-05-22,15/9-F-14,24.0,266.32,30.81,213.4,31156.5,3553.58
2015-05-23,15/9-F-14,24.0,265.9,30.45,202.34,30665.6,3230.27
2015-05-24,15/9-F-14,24.0,266.18,30.68,216.49,31777.8,3638.85
2015-05-25,15/9-F-14,24.0,265.82,30.46,204.02,30027.0,3391.07
2015-05-26,15/9-F-14,24.0,265.74,30.41,210.6,30953.5,3350.03
2015-05-27,15/9-F-14,24.0,265.66,30.33,205.59,30105.9,3334.37
2015-05-28,15/9-F-14,24.0,265.6,30.32,209.54,30888.3,3695.19
2015-05-29,15/9-F-14,24.0,265.56,30.32,212.97,31325.3,3495.86
2015-05-30,15/9-F-14,24.0,265.53,30.34,211.21,31172.2,3626.25
2015-05-31,15/9-F-14,24.0,265.5,30.25,209.66,31042.3,3288.2
2015-06-01,15/9-F-14,24.0,265.5,30.26,212.13,31604.9,3575.05
2015-06-02,15/9-F-14,24.0,265.52,30.24,211.86,31656.1,3575.71
2015-06-03,15/9-F-14,24.0,265.47,30.29,210.38,31240.3,3522.27
2015-06-04,15/9-F-14,24.0,265.45,30.27,209.98,31051.2,3407.31
2015-06-05,15/9-F-14,24.0,265.45,30.17,209.93,30587.6,3275.37
2015-06-06,15/9-F-14,24.0,265.49,30.19,209.42,30498.6,3276.71
2015-06-07,15/9-F-14,22.82,268.39,32.26,158.34,23689.6,2934.01
2015-06-08,15/9-F-14,24.0,265.59,30.41,207.56,30190.2,3289.01
2015-06-09,15/9-F-14,24.0,265.7,30.39,208.95,30361.4,3241.03
2015-06-10,15/9-F-14,24.0,265.73,30.36,207.44,30120.0,3171.39
2015-06-11,15/9-F-14,24.0,265.74,30.36,205.45,29899.7,3447.26
2015-06-12,15/9-F-14,24.0,265.77,30.34,205.93,30045.4,3176.58
2015-06-13,15/9-F-14,24.0,265.64,30.37,203.36,29321.7,3151.83
2015-06-14,15/9-F-14,24.0,265.59,30.32,199.6,29051.2,3311.59
2015-06-15,15/9-F-14,24.0,265.56,30.33,200.25,29019.8,3228.86
2015-06-16,15/9-F-14,24.0,265.54,30.29,198.29,28719.8,3276.15
2015-06-17,15/9-F-14,24.0,265.5,30.29,197.29,28851.1,3293.2
2015-06-18,15/9-F-14,24.0,265.88,30.62,197.15,28681.1,3229.55
2015-06-19,15/9-F-14,24.0,266.29,30.8,194.1,28806.6,3147.1
2015-06-20,15/9-F-14,24.0,266.15,30.45,199.56,29526.8,3243.68
2015-06-21,15/9-F-14,24.0,266.45,30.43,197.87,29476.1,3315.39
2015-06-22,15/9-F-14,24.0,266.72,30.57,202.06,29887.0,3358.87
2015-06-23,15/9-F-14,24.0,267.01,30.64,199.63,29530.8,3402.25
2015-06-24,15/9-F-14,24.0,267.26,30.7,200.27,29484.4,3439.04
2015-06-25,15/9-F-14,24.0,267.51,30.78,199.69,29406.1,3512.97
2015-06-26,15/9-F-14,24.0,267.74,30.72,195.5,28608.4,3499.55
2015-06-27,15/9-F-14,24.0,268.11,31.0,198.1,28936.5,3549.18
2015-06-28,15/9-F-14,24.0,267.75,30.75,209.52,30633.4,3638.32
2015-06-29,15/9-F-14,24.0,267.86,31.03,209.13,30058.5,3490.05
2015-06-30,15/9-F-14,24.0,267.5,30.72,211.19,30111.4,3387.79
2015-07-01,15/9-F-14,24.0,267.35,30.58,195.17,28873.6,3608.08
2015-07-02,15/9-F-14,24.0,267.28,30.55,238.65,35232.9,3357.76
2015-07-03,15/9-F-14,24.0,267.16,30.68,237.7,35008.0,3357.83
2015-07-04,15/9-F-14,24.0,267.0,30.6,233.92,34378.9,3309.16
2015-07-05,15/9-F-14,24.0,266.96,30.55,232.49,34232.0,3209.77
2015-07-06,15/9-F-14,24.0,266.95,30.59,230.42,33895.5,3210.42
2015-07-07,15/9-F-14,24.0,266.92,30.5,229.25,33579.4,3292.79
2015-07-08,15/9-F-14,24.0,266.91,30.52,226.43,33360.6,3071.6
2015-07-09,15/9-F-14,24.0,266.9,30.5,224.74,32997.3,2958.66
2015-07-10,15/9-F-14,24.0,266.89,30.48,217.63,31908.5,2934.34
2015-07-11,15/9-F-14,24.0,266.87,30.41,214.0,31738.7,2895.52
2015-07-12,15/9-F-14,24.0,266.85,30.43,217.93,32053.2,2913.97
2015-07-13,15/9-F-14,24.0,266.82,30.47,230.04,33920.5,3030.43
2015-07-14,15/9-F-14,24.0,266.83,30.46,226.32,33375.6,2997.06
2015-07-15,15/9-F-14,24.0,266.83,30.48,223.37,32999.9,2939.28
2015-07-16,15/9-F-14,24.0,266.82,30.47,220.64,32595.5,2927.52
2015-07-17,15/9-F-14,24.0,266.79,30.38,218.99,32368.0,2925.9
2015-07-18,15/9-F-14,24.0,266.8,30.39,218.66,32686.9,3122.75
2015-07-19,15/9-F-14,24.0,266.83,30.42,215.45,32332.3,3157.19
2015-07-20,15/9-F-14,24.0,266.87,30.4,213.78,31982.7,3133.24
2015-07-21,15/9-F-14,24.0,266.88,30.39,215.67,32366.7,3152.34
2015-07-22,15/9-F-14,24.0,266.91,30.45,217.6,33091.8,3155.3
2015-07-23,15/9-F-14,24.0,266.92,30.42,217.68,32893.2,3150.12
2015-07-24,15/9-F-14,24.0,266.9,30.44,215.49,32454.3,3165.9
2015-07-25,15/9-F-14,24.0,266.91,30.45,213.27,32133.1,3151.35
2015-07-26,15/9-F-14,24.0,266.9,30.43,210.61,31633.5,3141.38
2015-07-27,15/9-F-14,24.0,266.89,30.43,208.91,31383.4,3143.59
2015-07-28,15/9-F-14,24.0,266.89,30.43,205.32,31034.5,3109.92
2015-07-29,15/9-F-14,21.04,268.37,31.25,143.98,21709.0,2432.79
2015-07-30,15/9-F-14,24.0,267.07,30.43,205.34,30788.8,3134.32
2015-07-31,15/9-F-14,24.0,267.14,30.42,201.29,30134.0,3134.26
2015-08-01,15/9-F-14,24.0,267.12,30.37,200.38,29941.2,3129.41
2015-08-02,15/9-F-14,24.0,267.11,30.43,200.32,29808.9,3134.87
2015-08-03,15/9-F-14,24.0,267.1,30.3,198.27,29771.9,3131.77
2015-08-04,15/9-F-14,24.0,267.07,30.29,199.08,29974.9,3133.92
2015-08-05,15/9-F-14,24.0,267.12,30.35,199.66,29381.6,3123.12
2015-08-06,15/9-F-14,24.0,267.04,30.34,196.53,29227.3,3137.67
2015-08-07,15/9-F-14,24.0,267.01,30.42,194.38,29681.5,3136.96
2015-08-08,15/9-F-14,24.0,266.98,30.37,190.88,29603.2,3140.54
2015-08-09,15/9-F-14,24.0,266.95,30.31,192.44,29487.5,3135.61
2015-08-10,15/9-F-14,24.0,266.92,30.29,191.28,29325.5,3135.28
2015-08-11,15/9-F-14,24.0,266.87,30.33,188.45,29222.1,2981.01
2015-08-12,15/9-F-14,24.0,266.87,30.35,190.09,29090.0,3099.93
2015-08-13,15/9-F-14,24.0,266.89,30.32,188.64,29071.2,3091.4
2015-08-14,15/9-F-14,24.0,266.86,30.27,189.0,29056.7,3091.56
2015-08-15,15/9-F-14,24.0,266.87,30.29,188.94,28736.8,3095.8
2015-08-16,15/9-F-14,24.0,266.9,30.39,188.47,28325.8,3036.11
2015-08-17,15/9-F-14,24.0,266.88,30.37,186.14,28198.9,3032.23
2015-08-18,15/9-F-14,24.0,266.82,30.27,187.29,28190.4,2926.29
2015-08-19,15/9-F-14,24.0,266.81,30.24,184.81,27827.6,3181.17
2015-08-20,15/9-F-14,24.0,266.81,30.25,188.93,28367.4,3148.36
2015-08-21,15/9-F-14,24.0,266.81,30.25,187.31,28213.8,3070.07
2015-08-22,15/9-F-14,24.0,266.81,30.23,187.04,27948.0,3030.9
2015-08-23,15/9-F-14,24.0,266.58,30.22,182.72,27160.3,3091.95
2015-08-24,15/9-F-14,24.0,266.36,30.19,182.3,27276.6,3061.3
2015-08-25,15/9-F-14,24.0,266.45,30.24,181.85,27121.2,3045.59
2015-08-26,15/9-F-14,15.15,267.04,30.21,83.33,12685.2,1565.89
2015-08-27,15/9-F-14,0.0,294.85,0.33,0.0,0.0,0.0
2015-08-28,15/9-F-14,0.0,294.12,0.23,0.0,0.0,0.0
2015-08-29,15/9-F-14,0.0,218.19,0.17,0.0,0.0,0.0
2015-08-30,15/9-F-14,0.0,0.0,0.15,0.0,0.0,0.0
2015-08-31,15/9-F-14,14.24,273.72,34.46,27.78,4808.9,707.93
2015-09-01,15/9-F-14,24.0,267.21,30.47,157.03,25270.5,2900.8
2015-09-02,15/9-F-14,24.0,266.86,30.45,167.01,25630.8,3004.8
2015-09-03,15/9-F-14,24.0,269.27,32.46,149.36,23607.1,2802.46
2015-09-04,15/9-F-14,24.0,271.57,33.93,116.5,18074.9,2356.83
2015-09-05,15/9-F-14,24.0,266.97,30.28,194.21,29378.5,2983.41
2015-09-06,15/9-F-14,24.0,267.04,30.29,189.75,28482.9,2748.15
2015-09-07,15/9-F-14,24.0,267.02,30.3,188.42,28214.4,2876.86
2015-09-08,15/9-F-14,24.0,266.98,30.33,186.89,28018.8,2924.27
2015-09-09,15/9-F-14,24.0,266.95,30.33,187.0,27949.6,2931.08
2015-09-10,15/9-F-14,24.0,266.83,30.28,186.39,27862.4,2995.11
2015-09-11,15/9-F-14,24.0,266.7,30.23,187.0,28136.2,2994.49
2015-09-12,15/9-F-14,24.0,266.54,30.21,189.52,28104.7,2966.98
2015-09-13,15/9-F-14,24.0,266.43,30.26,187.91,27812.0,2970.3
2015-09-14,15/9-F-14,24.0,266.32,30.28,182.96,27446.5,2957.7
2015-09-15,15/9-F-14,24.0,266.25,30.27,189.43,28069.5,2944.75
2015-09-16,15/9-F-14,24.0,266.2,30.26,191.27,28213.5,2932.14
2015-09-17,15/9-F-14,24.0,266.18,30.34,189.42,28135.6,2954.5
2015-09-18,15/9-F-14,24.0,266.17,30.33,197.04,28827.0,2753.0
2015-09-19,15/9-F-14,24.0,266.23,30.41,191.34,27920.0,2700.5
2015-09-20,15/9-F-14,24.0,266.3,30.46,183.18,27523.6,2557.29
2015-09-21,15/9-F-14,24.0,266.17,30.26,193.91,29224.3,2650.47
2015-09-22,15/9-F-14,23.07,257.28,35.41,99.34,15525.1,1370.18
2015-09-23,15/9-F-14,24.0,266.43,30.8,190.37,28705.6,2789.04
2015-09-24,15/9-F-14,24.0,266.56,30.74,194.61,29333.5,2901.84
2015-09-25,15/9-F-14,24.0,266.66,30.8,169.33,25840.7,3001.96
2015-09-26,15/9-F-14,24.0,266.72,30.83,169.8,25650.4,2991.38
2015-09-27,15/9-F-14,24.0,266.75,30.8,167.65,25650.1,2987.55
2015-09-28,15/9-F-14,24.0,266.74,30.73,167.02,25399.6,2972.61
2015-09-29,15/9-F-14,24.0,266.74,30.69,165.39,25209.3,2819.84
2015-09-30,15/9-F-14,24.0,266.74,30.74,171.36,26017.7,2771.02
2015-10-01,15/9-F-14,24.0,265.37,29.58,175.34,26671.0,2884.15
2015-10-02,15/9-F-14,24.0,263.07,27.52,191.42,29069.9,3111.74
2015-10-03,15/9-F-14,24.0,263.15,27.53,189.77,28901.4,3203.79
2015-10-04,15/9-F-14,24.0,263.13,27.53,187.11,28320.5,3136.55
2015-10-05,15/9-F-14,24.0,263.12,27.43,187.63,28600.2,3186.81
2015-10-06,15/9-F-14,24.0,263.12,27.39,186.65,28510.1,3181.96
2015-10-07,15/9-F-14,24.0,263.14,27.39,187.21,28401.5,3162.96
2015-10-08,15/9-F-14,24.0,263.19,27.47,184.47,28204.4,3158.0
2015-10-09,15/9-F-14,24.0,263.34,27.66,192.53,29098.5,3108.05
2015-10-10,15/9-F-14,24.0,263.29,27.55,191.96,29066.6,3128.61
2015-10-11,15/9-F-14,24.0,263.35,27.52,192.56,29141.0,3124.55
2015-10-12,15/9-F-14,24.0,263.41,27.56,190.38,29018.3,3129.87
2015-10-13,15/9-F-14,23.17,265.92,29.35,151.5,23326.1,2759.36
2015-10-14,15/9-F-14,24.0,264.15,28.33,186.2,27998.0,3167.01
2015-10-15,15/9-F-14,24.0,265.56,29.53,185.5,28358.1,3120.42
2015-10-16,15/9-F-14,24.0,263.57,27.85,190.93,28814.0,3282.1
2015-10-17,15/9-F-14,24.0,263.5,27.81,188.91,28359.7,3205.76
2015-10-18,15/9-F-14,24.0,263.26,27.66,189.64,28222.4,3185.18
2015-10-19,15/9-F-14,24.0,263.48,27.84,183.8,27593.2,3136.26
2015-10-20,15/9-F-14,24.0,263.56,27.87,184.12,27609.3,3041.93
2015-10-21,15/9-F-14,24.0,263.42,27.69,182.83,27417.3,3104.92
2015-10-22,15/9-F-14,24.0,263.43,27.67,182.73,27338.3,2952.42
2015-10-23,15/9-F-14,24.0,263.43,27.6,180.53,27168.1,3035.7
2015-10-24,15/9-F-14,24.0,263.7,27.82,178.36,27020.7,3255.37
2015-10-25,15/9-F-14,24.0,263.62,27.79,188.52,28177.7,3271.54
2015-10-26,15/9-F-14,24.0,263.38,27.51,164.94,27046.0,3243.67
2015-10-27,15/9-F-14,24.0,263.54,27.63,164.86,26963.8,3278.68
2015-10-28,15/9-F-14,24.0,263.77,27.83,179.02,28765.2,3452.06
2015-10-29,15/9-F-14,22.75,270.89,32.8,151.69,23371.7,3023.88
2015-10-30,15/9-F-14,24.0,268.62,31.4,156.28,24487.9,3026.46
2015-10-31,15/9-F-14,24.0,263.89,27.88,187.47,32189.5,3805.21
2015-11-01,15/9-F-14,24.0,264.21,28.01,189.24,32003.6,3652.15
2015-11-02,15/9-F-14,23.5,266.09,29.55,166.89,28104.1,2815.36
2015-11-03,15/9-F-14,24.0,264.5,28.53,181.25,28100.1,3078.31
2015-11-04,15/9-F-14,24.0,265.01,28.8,187.6,28448.9,3101.53
2015-11-05,15/9-F-14,24.0,266.47,29.97,167.76,25171.4,2809.16
2015-11-06,15/9-F-14,24.0,264.71,28.41,174.96,26748.1,3216.41
2015-11-07,15/9-F-14,24.0,264.97,28.42,172.15,26457.6,3203.88
2015-11-08,15/9-F-14,24.0,265.39,28.44,167.46,25750.0,3246.04
2015-11-09,15/9-F-14,24.0,265.72,28.51,154.9,23794.7,3223.86
2015-11-10,15/9-F-14,24.0,265.8,28.44,153.47,23708.7,3259.65
2015-11-11,15/9-F-14,24.0,265.3,27.8,161.54,24524.1,3353.74
2015-11-12,15/9-F-14,24.0,265.56,27.82,189.39,28885.9,3395.49
2015-11-13,15/9-F-14,24.0,266.07,28.15,188.06,28745.7,3361.0
2015-11-14,15/9-F-14,24.0,265.98,27.93,192.09,29406.1,3405.98
2015-11-15,15/9-F-14,24.0,266.25,28.2,193.1,29099.4,3607.47
2015-11-16,15/9-F-14,24.0,266.3,28.32,191.32,28880.4,3378.43
2015-11-17,15/9-F-14,24.0,266.12,28.27,191.78,28942.8,3283.06
2015-11-18,15/9-F-14,24.0,265.63,27.97,189.75,29390.6,3289.67
2015-11-19,15/9-F-14,24.0,265.18,27.77,195.58,30212.2,3299.0
2015-11-20,15/9-F-14,24.0,265.85,28.39,187.25,28888.6,3228.62
2015-11-21,15/9-F-14,24.0,266.65,29.14,192.44,29590.6,3161.57
2015-11-22,15/9-F-14,24.0,266.72,29.28,187.21,28674.0,3210.34
2015-11-23,15/9-F-14,24.0,266.45,29.05,187.69,28558.7,3222.81
2015-11-24,15/9-F-14,24.0,266.47,29.12,186.03,28186.8,3087.85
2015-11-25,15/9-F-14,24.0,266.46,29.11,184.01,27960.8,3049.59
2015-11-26,15/9-F-14,24.0,266.28,28.98,182.78,27848.5,3082.44
2015-11-27,15/9-F-14,24.0,266.46,29.13,181.38,27420.7,3035.12
2015-11-28,15/9-F-14,24.0,266.36,29.06,179.87,27588.5,3017.63
2015-11-29,15/9-F-14,24.0,266.3,29.02,178.02,27140.4,3012.18
2015-11-30,15/9-F-14,24.0,266.17,28.94,176.59,26876.6,2972.74
2015-12-01,15/9-F-14,24.0,266.17,28.9,174.05,26636.3,2940.46
2015-12-02,15/9-F-14,24.0,266.37,29.07,173.3,26322.8,2935.18
2015-12-03,15/9-F-14,24.0,266.42,29.1,173.84,26509.3,2950.26
2015-12-04,15/9-F-14,24.0,266.03,28.53,170.82,27216.8,3045.06
2015-12-05,15/9-F-14,24.0,266.45,28.63,178.49,27523.1,3115.76
2015-12-06,15/9-F-14,24.0,266.71,28.72,175.99,27069.1,3180.42
2015-12-07,15/9-F-14,24.0,267.19,28.92,177.61,27393.3,3227.37
2015-12-08,15/9-F-14,24.0,267.69,29.12,176.95,27260.8,3241.17
2015-12-09,15/9-F-14,20.5,273.23,33.12,96.23,15003.3,2249.76
2015-12-10,15/9-F-14,24.0,268.27,29.84,138.11,20790.2,2692.57
2015-12-11,15/9-F-14,24.0,267.35,29.12,163.14,24844.6,2997.32
2015-12-12,15/9-F-14,24.0,266.49,28.43,181.72,27559.4,3185.18
2015-12-13,15/9-F-14,24.0,266.33,28.32,178.83,27064.7,3119.97
2015-12-14,15/9-F-14,24.0,266.2,28.18,177.31,26908.1,3123.6
2015-12-15,15/9-F-14,24.0,266.02,28.03,176.31,26691.9,3221.92
2015-12-16,15/9-F-14,24.0,265.91,27.95,173.96,26495.5,3195.15
2015-12-17,15/9-F-14,24.0,265.8,27.94,175.4,26554.7,3194.1
2015-12-18,15/9-F-14,24.0,265.7,27.92,172.75,26280.0,3197.19
2015-12-19,15/9-F-14,24.0,265.58,27.81,171.45,26038.8,3146.26
2015-12-20,15/9-F-14,24.0,265.42,27.76,168.92,25787.9,3127.93
2015-12-21,15/9-F-14,24.0,265.35,27.74,168.06,25565.1,3108.17
2015-12-22,15/9-F-14,24.0,265.33,27.74,166.23,25329.2,3093.37
2015-12-23,15/9-F-14,24.0,264.97,27.47,164.49,25186.1,3096.18
2015-12-24,15/9-F-14,24.0,264.85,27.35,164.4,25272.6,3086.15
2015-12-25,15/9-F-14,24.0,264.81,27.4,163.95,25025.8,3059.08
2015-12-26,15/9-F-14,24.0,264.75,27.38,162.36,24957.6,3065.18
2015-12-27,15/9-F-14,24.0,264.85,27.46,158.71,24816.0,3002.45
2015-12-28,15/9-F-14,24.0,264.7,27.26,158.77,24475.3,3007.79
2015-12-29,15/9-F-14,24.0,264.67,27.24,159.12,24611.0,3008.7
2015-12-30,15/9-F-14,24.0,264.66,27.24,159.04,24539.5,2988.94
2015-12-31,15/9-F-14,24.0,264.63,27.26,157.78,24402.4,2991.11
2016-01-01,15/9-F-14,24.0,264.62,27.31,157.2,24192.7,2980.12
2016-01-02,15/9-F-14,24.0,264.81,27.4,153.88,23889.1,2949.44
2016-01-03,15/9-F-14,21.5,271.91,37.11,96.03,14848.2,1919.42
2016-01-04,15/9-F-14,24.0,269.27,32.15,104.68,16983.0,2470.15
2016-01-05,15/9-F-14,24.0,264.53,27.33,155.56,25128.0,3224.39
2016-01-06,15/9-F-14,24.0,265.19,27.52,153.43,24978.0,3470.8
2016-01-07,15/9-F-14,24.0,265.56,27.5,154.18,24949.4,3227.0
2016-01-08,15/9-F-14,24.0,266.05,27.81,155.28,24855.8,3280.51
2016-01-09,15/9-F-14,24.0,266.33,27.87,155.81,24954.0,3283.17
2016-01-10,15/9-F-14,24.0,266.56,27.94,156.29,25059.7,3309.67
2016-01-11,15/9-F-14,24.0,266.94,28.15,157.86,25218.3,3326.32
2016-01-12,15/9-F-14,24.0,267.21,28.36,158.65,25290.2,3394.47
2016-01-13,15/9-F-14,23.33,268.93,29.74,132.99,21208.2,3115.61
2016-01-14,15/9-F-14,24.0,267.07,28.54,160.15,24701.7,3476.98
2016-01-15,15/9-F-14,24.0,266.63,28.23,160.07,24923.2,3658.21
2016-01-16,15/9-F-14,24.0,266.32,28.04,159.17,24705.0,3486.62
2016-01-17,15/9-F-14,24.0,266.09,27.9,157.52,24443.7,3372.08
2016-01-18,15/9-F-14,24.0,266.07,27.91,156.34,24340.2,3497.91
2016-01-19,15/9-F-14,24.0,266.22,28.14,151.67,23541.0,3517.22
2016-01-20,15/9-F-14,20.83,268.71,29.85,110.37,17902.9,2766.79
2016-01-21,15/9-F-14,24.0,267.7,29.48,141.28,21943.4,3346.26
2016-01-22,15/9-F-14,24.0,267.1,28.87,149.94,23637.2,3012.48
2016-01-23,15/9-F-14,24.0,266.29,28.22,154.65,24044.1,3106.77
2016-01-24,15/9-F-14,24.0,265.57,27.55,156.47,24216.0,3098.97
2016-01-25,15/9-F-14,22.67,268.91,30.27,153.24,20360.9,2648.3
2016-01-26,15/9-F-14,24.0,268.82,30.35,138.82,22037.1,2831.31
2016-01-27,15/9-F-14,24.0,265.31,27.56,159.12,24555.3,3106.7
2016-01-28,15/9-F-14,24.0,265.37,27.48,151.83,23738.9,3085.85
2016-01-29,15/9-F-14,24.0,265.34,27.43,152.55,23702.6,3083.14
2016-01-30,15/9-F-14,24.0,265.35,27.46,151.74,23548.8,3068.34
2016-01-31,15/9-F-14,24.0,265.32,27.49,149.53,23227.3,3032.72
2016-02-01,15/9-F-14,24.0,265.35,27.45,148.07,23135.5,3035.09
2016-02-02,15/9-F-14,24.0,265.4,27.52,148.14,23002.0,3016.28
2016-02-03,15/9-F-14,24.0,265.45,27.61,145.61,22835.6,2978.86
2016-02-04,15/9-F-14,23.58,269.15,30.68,123.99,19531.1,2614.91
2016-02-05,15/9-F-14,24.0,265.97,28.02,143.41,22613.6,2984.92
2016-02-06,15/9-F-14,24.0,265.23,27.46,146.6,22720.0,3029.48
2016-02-07,15/9-F-14,24.0,265.39,27.5,143.3,22728.8,3006.18
2016-02-08,15/9-F-14,24.0,265.55,27.71,143.01,22720.8,2985.33
2016-02-09,15/9-F-14,24.0,265.73,27.88,143.71,22949.7,3004.35
2016-02-10,15/9-F-14,24.0,266.09,28.24,141.92,22010.0,2951.97
2016-02-11,15/9-F-14,24.0,266.7,28.77,143.84,22398.7,2893.9
2016-02-12,15/9-F-14,24.0,266.74,28.81,135.93,21069.7,2904.42
2016-02-13,15/9-F-14,24.0,266.79,28.9,131.98,20527.7,2899.81
2016-02-14,15/9-F-14,24.0,266.97,29.07,134.47,21085.8,2839.66
2016-02-15,15/9-F-14,24.0,266.9,29.0,134.02,20916.4,2829.45
2016-02-16,15/9-F-14,24.0,266.89,28.87,132.57,20786.5,2818.56
2016-02-17,15/9-F-14,24.0,266.99,28.96,132.18,20619.4,2788.25
2016-02-18,15/9-F-14,24.0,267.0,29.07,129.78,20406.2,2774.16
2016-02-19,15/9-F-14,24.0,266.76,28.75,125.46,19728.5,2828.69
2016-02-20,15/9-F-14,24.0,266.68,28.63,129.68,20150.4,2881.94
2016-02-21,15/9-F-14,24.0,267.03,28.72,123.46,19625.3,2902.28
2016-02-22,15/9-F-14,24.0,266.76,28.35,125.82,20186.7,2988.26
2016-02-23,15/9-F-14,24.0,267.14,28.48,125.71,20106.1,3017.27
2016-02-24,15/9-F-14,24.0,267.47,28.61,125.29,19949.1,3066.1
2016-02-25,15/9-F-14,24.0,268.15,29.05,127.94,20265.2,3128.27
2016-02-26,15/9-F-14,24.0,267.22,28.14,139.07,22471.1,3226.23
2016-02-27,15/9-F-14,24.0,267.77,28.36,138.2,22382.5,3233.13
2016-02-28,15/9-F-14,24.0,268.22,28.62,139.83,22436.5,3242.16
2016-02-29,15/9-F-14,24.0,268.42,28.59,138.78,22299.9,3487.94
2016-03-01,15/9-F-14,24.0,268.25,28.58,140.97,22203.3,3339.96
2016-03-02,15/9-F-14,24.0,268.08,28.64,138.93,21922.6,3333.07
2016-03-03,15/9-F-14,24.0,267.94,28.59,137.47,21836.4,3316.57
2016-03-04,15/9-F-14,24.0,267.81,28.48,136.45,21640.7,3288.94
2016-03-05,15/9-F-14,24.0,267.65,28.42,134.55,21418.9,3294.06
2016-03-06,15/9-F-14,24.0,267.57,28.4,134.34,21301.5,3286.86
2016-03-07,15/9-F-14,24.0,267.51,28.39,132.94,21157.0,3264.44
2016-03-08,15/9-F-14,24.0,267.52,28.35,131.43,21006.3,3241.29
2016-03-09,15/9-F-14,24.0,267.5,28.32,129.73,20772.8,3222.79
2016-03-10,15/9-F-14,24.0,267.47,28.29,129.67,20565.1,3210.51
2016-03-11,15/9-F-14,24.0,267.47,28.28,128.01,20437.5,3190.68
2016-03-12,15/9-F-14,18.67,270.28,30.19,78.86,12597.5,2086.84
2016-03-13,15/9-F-14,24.0,267.9,28.58,123.15,20011.2,3185.74
2016-03-14,15/9-F-14,24.0,266.96,27.8,126.68,20262.9,3254.58
2016-03-15,15/9-F-14,24.0,266.98,27.79,125.61,20144.3,3243.8
2016-03-16,15/9-F-14,24.0,266.97,27.77,127.05,20528.0,3230.29
2016-03-17,15/9-F-14,24.0,266.96,27.75,120.66,19397.8,3029.64
2016-03-18,15/9-F-14,24.0,267.13,27.89,118.92,19424.4,3203.3
2016-03-19,15/9-F-14,24.0,266.97,27.76,117.8,19356.7,3237.39
2016-03-20,15/9-F-14,24.0,267.08,27.87,118.58,19257.7,3228.33
2016-03-21,15/9-F-14,24.0,267.27,28.07,117.29,19166.0,3190.88
2016-03-22,15/9-F-14,24.0,267.21,28.04,113.59,18353.4,3166.42
2016-03-23,15/9-F-14,24.0,267.32,28.13,112.78,18106.6,3172.83
2016-03-24,15/9-F-14,24.0,267.33,28.13,113.55,18413.8,3178.21
2016-03-25,15/9-F-14,24.0,267.19,28.06,114.13,18607.6,3181.15
2016-03-26,15/9-F-14,24.0,267.39,28.16,111.92,18399.3,3137.07
2016-03-27,15/9-F-14,23.0,267.6,28.37,106.43,17694.0,2982.27
2016-03-28,15/9-F-14,24.0,267.63,28.43,109.31,18094.5,3100.02
2016-03-29,15/9-F-14,24.0,267.67,28.49,110.06,18032.0,3118.92
2016-03-30,15/9-F-14,24.0,267.69,28.47,107.52,17612.4,3121.41
2016-03-31,15/9-F-14,24.0,267.94,28.71,105.42,17189.0,3080.98
2016-04-01,15/9-F-14,24.0,268.0,28.66,103.59,16844.9,3065.33
2016-04-02,15/9-F-14,24.0,267.93,28.73,102.03,16799.8,3064.01
2016-04-03,15/9-F-14,24.0,267.8,28.56,102.69,16803.4,3060.46
2016-04-04,15/9-F-14,24.0,267.49,28.31,102.82,16703.2,3244.61
2016-04-05,15/9-F-14,24.0,267.32,28.12,102.44,16780.9,3108.26
2016-04-06,15/9-F-14,22.83,275.79,35.33,76.6,12888.9,2426.4
2016-04-07,15/9-F-14,24.0,269.38,29.97,94.06,15158.2,2972.23
2016-04-08,15/9-F-14,24.0,266.61,27.66,118.84,19607.4,3282.46
2016-04-09,15/9-F-14,24.0,266.66,27.51,115.85,19096.4,3246.69
2016-04-10,15/9-F-14,24.0,266.6,27.52,115.19,18799.0,3212.89
2016-04-11,15/9-F-14,24.0,266.56,27.55,112.58,18754.2,3203.7
2016-04-12,15/9-F-14,24.0,266.52,27.54,109.13,18147.3,3195.0
2016-04-13,15/9-F-14,24.0,266.47,27.54,108.94,18047.0,3167.13
2016-04-14,15/9-F-14,24.0,266.42,27.56,109.65,17906.0,3165.48
2016-04-15,15/9-F-14,24.0,266.37,27.55,106.58,17732.9,3158.98
2016-04-16,15/9-F-14,24.0,266.34,27.54,112.71,21902.2,3259.33
2016-04-17,15/9-F-14,24.0,265.89,27.19,116.79,21844.8,3284.31
2016-04-18,15/9-F-14,24.0,266.84,28.08,98.36,17562.0,3331.3
2016-04-19,15/9-F-14,24.0,268.53,29.73,112.19,18437.9,3025.78
2016-04-20,15/9-F-14,24.0,266.05,27.52,115.51,19842.0,3187.32
2016-04-21,15/9-F-14,24.0,266.02,27.52,111.87,17549.9,3173.77
2016-04-22,15/9-F-14,21.0,272.79,33.2,77.77,11703.5,2400.14
2016-04-23,15/9-F-14,24.0,265.75,27.55,110.55,17782.0,3284.21
2016-04-24,15/9-F-14,24.0,267.77,29.24,99.04,15991.9,3051.28
2016-04-25,15/9-F-14,24.0,269.73,30.89,96.43,15474.1,3037.19
2016-04-26,15/9-F-14,24.0,270.5,31.53,93.76,15009.6,2864.74
2016-04-27,15/9-F-14,24.0,270.54,31.55,92.3,14880.0,2814.12
2016-04-28,15/9-F-14,24.0,270.48,31.37,93.42,14692.9,2788.75
2016-04-29,15/9-F-14,24.0,270.53,31.38,100.39,15863.5,2941.33
2016-04-30,15/9-F-14,24.0,270.58,31.41,100.33,15808.5,2917.75
2016-05-01,15/9-F-14,24.0,270.69,31.39,97.69,15756.7,2886.76
2016-05-02,15/9-F-14,24.0,270.91,31.56,101.32,16340.1,2895.34
2016-05-03,15/9-F-14,24.0,271.09,31.78,111.05,17787.1,2917.56
2016-05-04,15/9-F-14,24.0,270.84,31.46,110.1,17547.9,2933.41
2016-05-05,15/9-F-14,24.0,270.7,31.32,110.78,17489.5,2946.91
2016-05-06,15/9-F-14,24.0,270.69,31.31,111.23,17468.2,2926.54
2016-05-07,15/9-F-14,24.0,270.68,31.39,110.71,17535.7,2920.69
2016-05-08,15/9-F-14,24.0,270.68,31.31,110.4,17405.2,2910.37
2016-05-09,15/9-F-14,24.0,270.63,31.26,108.96,17226.4,2930.57
2016-05-10,15/9-F-14,24.0,270.63,31.35,107.66,17029.7,3883.25
2016-05-11,15/9-F-14,24.0,270.71,31.45,107.36,17023.4,2860.2
2016-05-12,15/9-F-14,24.0,270.75,31.51,106.46,16917.6,2859.72
2016-05-13,15/9-F-14,24.0,270.79,31.54,105.69,16787.0,2860.3
2016-05-14,15/9-F-14,24.0,270.79,31.53,104.75,16664.9,2845.05
2016-05-15,15/9-F-14,18.0,274.24,34.02,71.02,11456.2,1943.51
2016-05-16,15/9-F-14,24.0,270.14,30.67,106.52,12281.2,2908.18
2016-05-17,15/9-F-14,24.0,270.75,31.52,103.84,16629.9,2832.53
2016-05-18,15/9-F-14,24.0,270.75,31.46,103.26,16593.1,2820.25
2016-05-19,15/9-F-14,24.0,270.67,31.43,102.32,16485.6,2811.24
2016-05-20,15/9-F-14,24.0,270.77,31.5,102.15,16243.1,2806.22
2016-05-21,15/9-F-14,24.0,270.64,31.38,100.7,15979.3,2840.15
2016-05-22,15/9-F-14,24.0,270.55,31.41,101.14,16108.1,2891.32
2016-05-23,15/9-F-14,24.0,270.51,31.41,101.57,16190.4,2897.94
2016-05-24,15/9-F-14,24.0,270.62,31.48,102.31,16300.5,2893.01
2016-05-25,15/9-F-14,24.0,270.6,31.49,102.71,16301.6,2877.82
2016-05-26,15/9-F-14,24.0,270.57,31.49,102.73,16309.0,2881.48
2016-05-27,15/9-F-14,24.0,270.5,31.44,101.76,16199.0,2877.57
2016-05-28,15/9-F-14,24.0,270.57,31.49,102.13,16268.2,2897.44
2016-05-29,15/9-F-14,24.0,270.6,31.5,101.12,16205.6,2901.88
2016-05-30,15/9-F-14,24.0,270.61,31.55,100.78,15984.1,2882.54
2016-05-31,15/9-F-14,24.0,270.52,31.47,102.74,16342.7,2875.8
2016-06-01,15/9-F-14,24.0,270.46,31.42,102.65,16128.5,2859.57
2016-06-02,15/9-F-14,24.0,270.42,31.38,101.83,16245.7,2882.58
2016-06-03,15/9-F-14,24.0,270.38,31.39,97.14,15591.8,2839.02
2016-06-04,15/9-F-14,24.0,270.32,31.34,102.59,16857.0,2885.87
2016-06-05,15/9-F-14,24.0,270.27,31.3,103.15,16827.7,2894.82
2016-06-06,15/9-F-14,24.0,270.24,31.26,103.3,16775.0,2904.85
2016-06-07,15/9-F-14,24.0,270.51,31.51,103.68,16887.0,2921.12
2016-06-08,15/9-F-14,22.42,273.16,33.36,91.57,14945.8,2554.32
2016-06-09,15/9-F-14,24.0,268.02,29.32,102.38,16629.2,3106.49
2016-06-10,15/9-F-14,24.0,267.92,29.25,105.78,17387.3,3063.59
2016-06-11,15/9-F-14,23.99,266.8,28.25,109.05,17640.8,3093.81
2016-06-12,15/9-F-14,21.68,274.11,34.18,91.46,14732.2,2574.89
2016-06-13,15/9-F-14,24.0,267.82,29.16,107.23,17395.7,3057.6
2016-06-14,15/9-F-14,24.0,269.68,30.82,104.48,16824.1,2968.09
2016-06-15,15/9-F-14,24.0,269.71,30.88,103.8,16746.0,2984.87
2016-06-16,15/9-F-14,24.0,269.71,30.88,104.63,16836.0,3004.53
2016-06-17,15/9-F-14,24.0,269.73,30.89,103.29,16456.7,2979.58
2016-06-18,15/9-F-14,24.0,269.68,30.82,103.44,16551.0,2972.75
2016-06-19,15/9-F-14,24.0,269.65,30.78,103.55,16524.5,2984.83
2016-06-20,15/9-F-14,24.0,269.6,30.73,103.75,16525.4,2978.42
2016-06-21,15/9-F-14,24.0,269.61,30.73,103.44,16508.1,2992.62
2016-06-22,15/9-F-14,24.0,269.58,30.63,103.21,16511.0,2993.41
2016-06-23,15/9-F-14,24.0,269.55,30.61,103.27,16566.2,3022.9
2016-06-24,15/9-F-14,24.0,269.57,30.72,103.37,16499.9,2980.02
2016-06-25,15/9-F-14,24.0,269.52,30.67,102.57,16434.7,2981.04
2016-06-26,15/9-F-14,24.0,269.48,30.65,102.85,16501.9,2983.48
2016-06-27,15/9-F-14,24.0,269.76,30.86,101.46,16274.3,2976.42
2016-06-28,15/9-F-14,24.0,269.88,30.97,102.26,16444.4,2973.66
2016-06-29,15/9-F-14,24.0,269.83,30.89,102.38,16458.6,2980.12
2016-06-30,15/9-F-14,24.0,269.83,30.93,101.47,16397.2,2985.45
2016-07-01,15/9-F-14,24.0,269.89,30.98,102.89,16369.9,2979.13
2016-07-02,15/9-F-14,24.0,269.79,30.93,101.58,16365.9,2992.0
2016-07-03,15/9-F-14,24.0,269.79,30.96,102.43,16269.7,2976.87
2016-07-04,15/9-F-14,24.0,269.78,30.96,100.67,16263.0,2990.1
2016-07-05,15/9-F-14,24.0,269.77,30.97,101.88,16284.5,2974.3
2016-07-06,15/9-F-14,24.0,269.6,30.81,98.3,16217.4,2994.84
2016-07-07,15/9-F-14,24.0,266.2,27.76,106.19,17427.8,3172.96
2016-07-08,15/9-F-14,24.0,266.04,27.56,106.3,17541.2,3187.95
2016-07-09,15/9-F-14,22.67,268.81,29.73,102.09,16681.3,2326.24
2016-07-10,15/9-F-14,24.0,265.92,27.52,113.38,18753.1,3185.47
2016-07-11,15/9-F-14,23.67,267.77,29.13,108.84,17979.3,3056.29
2016-07-12,15/9-F-14,24.0,266.0,27.73,113.84,18543.8,3148.91
2016-07-13,15/9-F-14,14.89,266.39,28.13,68.47,10591.6,1907.46
2016-07-14,15/9-F-14,0.0,298.78,63.2,0.0,0.0,0.0
2016-07-15,15/9-F-14,0.0,297.7,61.71,0.0,0.0,0.0
2016-07-16,15/9-F-14,0.0,296.61,60.53,0.0,0.0,0.0
2016-07-17,15/9-F-14,0.0,297.7,61.15,0.0,0.0,0.0
2016-07-18,15/9-F-14,0.0,296.7,60.19,0.0,0.0,0.0
2016-07-19,15/9-F-14,0.0,297.37,58.16,0.0,0.0,0.0
2016-07-20,15/9-F-14,0.0,298.66,9.07,0.0,0.0,0.0
2016-07-21,15/9-F-14,0.0,299.73,0.03,0.0,0.0,0.0
2016-07-22,15/9-F-14,0.0,298.78,0.0,0.0,0.0,0.0
2016-07-23,15/9-F-14,0.0,296.92,0.0,0.0,0.0,0.0
2016-07-24,15/9-F-14,0.0,297.19,0.0,0.0,0.0,0.0
2016-07-25,15/9-F-14,0.0,298.46,0.0,0.0,0.0,0.0
2016-07-26,15/9-F-14,0.0,299.43,0.05,0.0,0.0,0.0
2016-07-27,15/9-F-14,0.0,298.61,0.07,0.0,0.0,0.0
2016-07-28,15/9-F-14,0.0,298.93,0.07,0.0,0.0,0.0
2016-07-29,15/9-F-14,0.0,299.55,0.6,0.0,0.0,0.0
2016-07-30,15/9-F-14,0.0,302.88,16.28,0.0,0.0,0.0
2016-07-31,15/9-F-14,0.0,334.66,72.14,0.0,0.0,0.0
2016-08-01,15/9-F-14,0.0,140.07,7.21,0.0,0.0,0.0
2016-08-02,15/9-F-14,0.0,0.0,10.88,0.0,0.0,0.0
2016-08-03,15/9-F-14,0.0,0.0,10.88,0.0,0.0,0.0
2016-08-04,15/9-F-14,0.0,0.0,10.88,0.0,0.0,0.0
2016-08-05,15/9-F-14,0.0,0.0,10.88,0.0,0.0,0.0
2016-08-06,15/9-F-14,0.0,0.0,10.88,0.0,0.0,0.0
2016-08-07,15/9-F-14,0.0,0.0,10.88,0.0,0.0,0.0
2016-08-08,15/9-F-14,0.0,0.0,10.88,0.0,0.0,0.0
2016-08-09,15/9-F-14,0.0,0.0,10.88,0.0,0.0,0.0
2016-08-10,15/9-F-14,0.0,0.0,10.88,0.0,0.0,0.0
2016-08-11,15/9-F-14,0.0,0.0,10.88,0.0,0.0,0.0
2016-08-12,15/9-F-14,0.0,0.0,10.88,0.0,0.0,0.0
2016-08-13,15/9-F-14,0.0,0.0,10.87,0.0,0.0,0.0
2016-08-14,15/9-F-14,0.0,0.0,10.87,0.0,0.0,0.0
2016-08-15,15/9-F-14,0.0,0.0,10.88,0.0,0.0,0.0
2016-08-16,15/9-F-14,0.0,0.0,10.88,0.0,0.0,0.0
2016-08-17,15/9-F-14,0.0,0.0,10.88,0.0,0.0,0.0
2016-08-18,15/9-F-14,0.0,0.0,10.88,0.0,0.0,0.0
2016-08-19,15/9-F-14,0.0,0.0,10.88,0.0,0.0,0.0
2016-08-20,15/9-F-14,0.0,0.0,10.88,0.0,0.0,0.0
2016-08-21,15/9-F-14,0.0,0.0,10.88,0.0,0.0,0.0
2016-08-22,15/9-F-14,0.0,0.0,10.88,0.0,0.0,0.0
2016-08-23,15/9-F-14,0.0,0.0,10.88,0.0,0.0,0.0
2016-08-24,15/9-F-14,0.0,0.0,10.88,0.0,0.0,0.0
2016-08-25,15/9-F-14,0.0,0.0,10.88,0.0,0.0,0.0
2016-08-26,15/9-F-14,0.0,0.0,10.87,0.0,0.0,0.0
2016-08-27,15/9-F-14,0.0,0.0,10.87,0.0,0.0,0.0
2016-08-28,15/9-F-14,0.0,0.0,10.87,0.0,0.0,0.0
2016-08-29,15/9-F-14,0.0,0.0,10.88,0.0,0.0,0.0
2016-08-30,15/9-F-14,0.0,0.0,10.88,0.0,0.0,0.0
2016-08-31,15/9-F-14,0.0,0.0,10.88,0.0,0.0,0.0
2016-09-01,15/9-F-14,0.0,0.0,10.88,0.0,0.0,0.0
2016-09-02,15/9-F-14,0.0,0.0,10.88,0.0,0.0,0.0
2016-09-03,15/9-F-14,0.0,0.0,10.88,0.0,0.0,0.0
2016-09-04,15/9-F-14,0.0,0.0,10.88,0.0,0.0,0.0
2016-09-05,15/9-F-14,0.0,0.0,10.88,0.0,0.0,0.0
2016-09-06,15/9-F-14,0.0,0.0,10.88,0.0,0.0,0.0
2016-09-07,15/9-F-14,0.0,0.0,10.88,0.0,0.0,0.0
2016-09-08,15/9-F-14,0.0,0.0,10.88,0.0,0.0,0.0
2016-09-09,15/9-F-14,0.0,0.0,10.88,0.0,0.0,0.0
2016-09-10,15/9-F-14,0.0,0.0,10.88,0.0,0.0,0.0
2016-09-11,15/9-F-14,0.0,0.0,10.88,0.0,0.0,0.0
2016-09-12,15/9-F-14,0.0,0.0,10.88,0.0,0.0,0.0
2016-09-13,15/9-F-14,0.0,0.0,10.87,0.0,0.0,0.0
2016-09-14,15/9-F-14,0.0,0.0,10.88,0.0,0.0,0.0
2016-09-15,15/9-F-14,0.0,0.0,10.88,0.0,0.0,0.0
2016-09-16,15/9-F-14,0.0,0.0,10.88,0.0,0.0,0.0
2016-09-17,15/9-F-14,0.0,0.0,10.88,0.0,0.0,0.0
